   1.0000000000000000                1           4
               (1.0000000000000000,0.0000000000000000)
  -1.5707963267948966        0.0000000000000000     
        (0.18338141526916985,1.20709583519806561E-016)
   0.0000000000000000        0.0000000000000000     
               (4.0425466137544630,0.0000000000000000)
   1.5707963267948966        0.0000000000000000     
       (0.18338141526916985,-1.20709583519806561E-016)
   3.1415926535897931        0.0000000000000000     
        (0.26689041815685266,2.41419167039613122E-016)
   1.0000000000000000                1           4
              (0.99999999999999922,0.0000000000000000)
  -1.5707963267948966        0.0000000000000000     
        (0.18806284387166738,1.20729176512762164E-016)
   0.0000000000000000        0.0000000000000000     
               (4.0474902548149281,0.0000000000000000)
   1.5707963267948966        0.0000000000000000     
       (0.18806284387166738,-1.20729176512762164E-016)
   3.1415926535897931        0.0000000000000000     
        (0.27194959001658958,2.41458353025524328E-016)
   1.0000000000000000                1           4
               (1.0000000000000033,0.0000000000000000)
  -1.5707963267948966        0.0000000000000000     
        (0.18629777475821685,9.69114527223955340E-018)
   0.0000000000000000        0.0000000000000000     
               (4.0477487127206473,0.0000000000000000)
   1.5707963267948966        0.0000000000000000     
       (0.18629777475821685,-9.69114527223955340E-018)
   3.1415926535897931        0.0000000000000000     
        (0.26764725300723879,2.41426895469510415E-016)
   1.0000000000000000                1           4
              (0.99999999999999256,0.0000000000000000)
  -1.5707963267948966        0.0000000000000000     
        (0.18402504585951374,1.20760369801980009E-016)
   0.0000000000000000        0.0000000000000000     
               (4.0451819470855712,0.0000000000000000)
   1.5707963267948966        0.0000000000000000     
       (0.18402504585951374,-1.20760369801980009E-016)
   3.1415926535897931        0.0000000000000000     
        (0.26720115186649973,2.41520739603960018E-016)
   1.0000000000000000                1           4
               (1.0000000000000007,0.0000000000000000)
  -1.5707963267948966        0.0000000000000000     
        (0.18281709855868089,1.20787400718994785E-016)
   0.0000000000000000        0.0000000000000000     
               (4.0442843659375285,0.0000000000000000)
   1.5707963267948966        0.0000000000000000     
       (0.18281709855868089,-1.20787400718994785E-016)
   3.1415926535897931        0.0000000000000000     
        (0.26656573516428483,2.41574801437989569E-016)
   1.0000000000000000                1           4
               (1.0000000000000031,0.0000000000000000)
  -1.5707963267948966        0.0000000000000000     
        (0.18722160853438929,9.70717092510702530E-018)
   0.0000000000000000        0.0000000000000000     
               (4.0466349149476128,0.0000000000000000)
   1.5707963267948966        0.0000000000000000     
       (0.18722160853438929,-9.70717092510702530E-018)
   3.1415926535897931        0.0000000000000000     
        (0.27113215587815920,2.41458946775245359E-016)
   1.0000000000000000                1           4
               (1.0000000000000038,0.0000000000000000)
  -1.5707963267948966        0.0000000000000000     
       (0.18452679901305946,-1.01361645663001090E-016)
   0.0000000000000000        0.0000000000000000     
               (4.0450003418972242,0.0000000000000000)
   1.5707963267948966        0.0000000000000000     
        (0.18452679901305946,1.01361645663001090E-016)
   3.1415926535897931        0.0000000000000000     
        (0.26585784324917783,2.41365918524060436E-016)
   1.0000000000000000                1           4
               (1.0000000000000038,0.0000000000000000)
  -1.5707963267948966        0.0000000000000000     
        (0.18569881482688744,1.20742104425459691E-016)
   0.0000000000000000        0.0000000000000000     
               (4.0469358589347335,0.0000000000000000)
   1.5707963267948966        0.0000000000000000     
       (0.18569881482688744,-1.20742104425459691E-016)
   3.1415926535897931        0.0000000000000000     
        (0.26819818548042518,2.41484208850919383E-016)
   1.0000000000000000                1           4
               (1.0000000000000009,0.0000000000000000)
  -1.5707963267948966        0.0000000000000000     
        (0.18896220133229980,3.42703292247158322E-016)
   0.0000000000000000        0.0000000000000000     
               (4.0474199867605529,0.0000000000000000)
   1.5707963267948966        0.0000000000000000     
       (0.18896220133229980,-3.42703292247158322E-016)
   3.1415926535897931        0.0000000000000000     
        (0.27151622130407804,2.41317374644254028E-016)
   1.0000000000000000                1           4
               (1.0000000000000062,0.0000000000000000)
  -1.5707963267948966        0.0000000000000000     
        (0.18234210488523750,1.20815762214998096E-016)
   0.0000000000000000        0.0000000000000000     
               (4.0466243760870713,0.0000000000000000)
   1.5707963267948966        0.0000000000000000     
       (0.18234210488523750,-1.20815762214998096E-016)
   3.1415926535897931        0.0000000000000000     
        (0.26420209442714560,2.41631524429996193E-016)
   1.0000000000000000                1           4
               (1.0000000000000027,0.0000000000000000)
  -1.5707963267948966        0.0000000000000000     
        (0.18789600884559832,1.20693206185672051E-016)
   0.0000000000000000        0.0000000000000000     
               (4.0459758389449121,0.0000000000000000)
   1.5707963267948966        0.0000000000000000     
       (0.18789600884559832,-1.20693206185672051E-016)
   3.1415926535897931        0.0000000000000000     
        (0.27195545579182534,2.41386412371344102E-016)
   1.0000000000000000                1           4
               (1.0000000000000027,0.0000000000000000)
  -1.5707963267948966        0.0000000000000000     
        (0.18117340022121387,3.42886819488839400E-016)
   0.0000000000000000        0.0000000000000000     
               (4.0458480549268385,0.0000000000000000)
   1.5707963267948966        0.0000000000000000     
       (0.18117340022121387,-3.42886819488839400E-016)
   3.1415926535897931        0.0000000000000000     
        (0.26350500553907141,2.41684429127616184E-016)
   1.0000000000000000                1           4
              (0.99999999999999811,0.0000000000000000)
  -1.5707963267948966        0.0000000000000000     
        (0.18414188452055802,1.20786315082934361E-016)
   0.0000000000000000        0.0000000000000000     
               (4.0464220208799340,0.0000000000000000)
   1.5707963267948966        0.0000000000000000     
       (0.18414188452055802,-1.20786315082934361E-016)
   3.1415926535897931        0.0000000000000000     
        (0.26704219258092721,2.41572630165868723E-016)
   1.0000000000000000                1           4
               (1.0000000000000147,0.0000000000000000)
  -1.5707963267948966        0.0000000000000000     
        (0.17910664124410947,1.20836100370636405E-016)
   0.0000000000000000        0.0000000000000000     
               (4.0434805102220119,0.0000000000000000)
   1.5707963267948966        0.0000000000000000     
       (0.17910664124410947,-1.20836100370636405E-016)
   3.1415926535897931        0.0000000000000000     
        (0.26153932758541287,2.41672200741272811E-016)
   1.0000000000000000                1           4
               (1.0000000000000087,0.0000000000000000)
  -1.5707963267948966        0.0000000000000000     
        (0.18838713924609218,1.20753491302876831E-016)
   0.0000000000000000        0.0000000000000000     
               (4.0508547335574150,0.0000000000000000)
   1.5707963267948966        0.0000000000000000     
       (0.18838713924609218,-1.20753491302876831E-016)
   3.1415926535897931        0.0000000000000000     
        (0.27002788333732231,2.41506982605753662E-016)
   1.0000000000000000                1           4
              (0.99999999999999944,0.0000000000000000)
  -1.5707963267948966        0.0000000000000000     
        (0.18261133746152070,2.31806860390080562E-016)
   0.0000000000000000        0.0000000000000000     
               (4.0439863420089024,0.0000000000000000)
   1.5707963267948966        0.0000000000000000     
       (0.18261133746152070,-2.31806860390080562E-016)
   3.1415926535897931        0.0000000000000000     
        (0.26635938428404637,2.41569115855129817E-016)
   1.0000000000000000                1           4
              (0.99999999999999456,0.0000000000000000)
  -1.5707963267948966        0.0000000000000000     
        (0.19053638373359649,1.20638816600318623E-016)
   0.0000000000000000        0.0000000000000000     
               (4.0489439013882249,0.0000000000000000)
   1.5707963267948966        0.0000000000000000     
       (0.19053638373359649,-1.20638816600318623E-016)
   3.1415926535897931        0.0000000000000000     
        (0.27249164445105278,2.41277633200637246E-016)
   1.0000000000000000                1           4
               (1.0000000000000007,0.0000000000000000)
  -1.5707963267948966        0.0000000000000000     
        (0.18664000946940851,1.20724230046466935E-016)
   0.0000000000000000        0.0000000000000000     
               (4.0464519680094044,0.0000000000000000)
   1.5707963267948966        0.0000000000000000     
       (0.18664000946940851,-1.20724230046466935E-016)
   3.1415926535897931        0.0000000000000000     
        (0.26998064416755607,2.41448460092933869E-016)
   1.0000000000000000                1           4
              (0.99999999999999967,0.0000000000000000)
  -1.5707963267948966        0.0000000000000000     
       (0.18367906716929283,-1.01247661113961376E-016)
   0.0000000000000000        0.0000000000000000     
               (4.0460617772651002,0.0000000000000000)
   1.5707963267948966        0.0000000000000000     
        (0.18367906716929283,1.01247661113961376E-016)
   3.1415926535897931        0.0000000000000000     
        (0.26682396209963566,2.41593887622139864E-016)
   1.0000000000000000                1           4
               (1.0000000000000011,0.0000000000000000)
  -1.5707963267948966        0.0000000000000000     
        (0.18064848340395789,1.20835780081683246E-016)
   0.0000000000000000        0.0000000000000000     
               (4.0453026075482512,0.0000000000000000)
   1.5707963267948966        0.0000000000000000     
       (0.18064848340395789,-1.20835780081683246E-016)
   3.1415926535897931        0.0000000000000000     
        (0.26279045314775806,2.41671560163366492E-016)
   1.0000000000000000                1           4
               (1.0000000000000004,0.0000000000000000)
  -1.5707963267948966        0.0000000000000000     
        (0.18574273461776591,1.20724064507075777E-016)
   0.0000000000000000        0.0000000000000000     
               (4.0457207679747844,0.0000000000000000)
   1.5707963267948966        0.0000000000000000     
       (0.18574273461776591,-1.20724064507075777E-016)
   3.1415926535897931        0.0000000000000000     
        (0.26891188757205209,2.41448129014151554E-016)
   1.0000000000000000                1           4
               (1.0000000000000044,0.0000000000000000)
  -1.5707963267948966        0.0000000000000000     
        (0.18550777354572312,1.20766016307596180E-016)
   0.0000000000000000        0.0000000000000000     
               (4.0467627621216575,0.0000000000000000)
   1.5707963267948966        0.0000000000000000     
       (0.18550777354572312,-1.20766016307596180E-016)
   3.1415926535897931        0.0000000000000000     
        (0.26877022107228576,2.41532032615192360E-016)
   1.0000000000000000                1           4
               (1.0000000000000098,0.0000000000000000)
  -1.5707963267948966        0.0000000000000000     
        (0.18617168157340558,2.31749556824856944E-016)
   0.0000000000000000        0.0000000000000000     
               (4.0459485210188921,0.0000000000000000)
   1.5707963267948966        0.0000000000000000     
       (0.18617168157340558,-2.31749556824856944E-016)
   3.1415926535897931        0.0000000000000000     
        (0.26964621701891012,2.41454508724682580E-016)
   1.0000000000000000                1           4
               (1.0000000000000047,0.0000000000000000)
  -1.5707963267948966        0.0000000000000000     
        (0.18580299933469457,1.20795827468311061E-016)
   0.0000000000000000        0.0000000000000000     
               (4.0457772614924181,0.0000000000000000)
   1.5707963267948966        0.0000000000000000     
       (0.18580299933469457,-1.20795827468311061E-016)
   3.1415926535897931        0.0000000000000000     
        (0.27131987968153060,2.41591654936622121E-016)
   1.0000000000000000                1           4
               (1.0000000000000029,0.0000000000000000)
  -1.5707963267948966        0.0000000000000000     
        (0.18193267593714346,1.20801823487856248E-016)
   0.0000000000000000        0.0000000000000000     
               (4.0451937660632433,0.0000000000000000)
   1.5707963267948966        0.0000000000000000     
       (0.18193267593714346,-1.20801823487856248E-016)
   3.1415926535897931        0.0000000000000000     
        (0.26435857317632150,2.41603646975712497E-016)
   1.0000000000000000                1           4
               (1.0000000000000018,0.0000000000000000)
  -1.5707963267948966        0.0000000000000000     
        (0.18711917908776277,1.20740532608169439E-016)
   0.0000000000000000        0.0000000000000000     
               (4.0470450255277166,0.0000000000000000)
   1.5707963267948966        0.0000000000000000     
       (0.18711917908776277,-1.20740532608169439E-016)
   3.1415926535897931        0.0000000000000000     
        (0.27087840796042040,2.41481065216338878E-016)
   1.0000000000000000                1           4
               (1.0000000000000029,0.0000000000000000)
  -1.5707963267948966        0.0000000000000000     
        (0.18472063471582389,1.20758530263606384E-016)
   0.0000000000000000        0.0000000000000000     
               (4.0452869785797034,0.0000000000000000)
   1.5707963267948966        0.0000000000000000     
       (0.18472063471582389,-1.20758530263606384E-016)
   3.1415926535897931        0.0000000000000000     
        (0.26842721420202920,2.41517060527212767E-016)
   1.0000000000000000                1           4
              (0.99999999999999922,0.0000000000000000)
  -1.5707963267948966        0.0000000000000000     
        (0.19059702499032471,1.20651072253145580E-016)
   0.0000000000000000        0.0000000000000000     
               (4.0476821004799168,0.0000000000000000)
   1.5707963267948966        0.0000000000000000     
       (0.19059702499032471,-1.20651072253145580E-016)
   3.1415926535897931        0.0000000000000000     
        (0.27427502787231017,2.41302144506291161E-016)
   1.0000000000000000                1           4
               (1.0000000000000022,0.0000000000000000)
  -1.5707963267948966        0.0000000000000000     
        (0.18739654215514201,3.42712760378142247E-016)
   0.0000000000000000        0.0000000000000000     
               (4.0446153452552469,0.0000000000000000)
   1.5707963267948966        0.0000000000000000     
       (0.18739654215514201,-3.42712760378142247E-016)
   3.1415926535897931        0.0000000000000000     
        (0.27149879708172175,2.41336310906221879E-016)
   1.0000000000000000                1           4
              (0.99999999999999922,0.0000000000000000)
  -1.5707963267948966        0.0000000000000000     
        (0.18630830102109097,9.66788271098129675E-018)
   0.0000000000000000        0.0000000000000000     
               (4.0451505825283469,0.0000000000000000)
   1.5707963267948966        0.0000000000000000     
       (0.18630830102109097,-9.66788271098129675E-018)
   3.1415926535897931        0.0000000000000000     
        (0.26950662281353410,2.41380370346993902E-016)
   1.0000000000000000                1           4
              (0.99999999999999234,0.0000000000000000)
  -1.5707963267948966        0.0000000000000000     
        (0.18079618267467001,1.20796974349735041E-016)
   0.0000000000000000        0.0000000000000000     
               (4.0438812585862438,0.0000000000000000)
   1.5707963267948966        0.0000000000000000     
       (0.18079618267467001,-1.20796974349735041E-016)
   3.1415926535897931        0.0000000000000000     
        (0.26323970925774565,2.41593948699470083E-016)
   1.0000000000000000                1           4
               (1.0000000000000047,0.0000000000000000)
  -1.5707963267948966        0.0000000000000000     
        (0.19140318933021849,1.20655004851351917E-016)
   0.0000000000000000        0.0000000000000000     
               (4.0507685885602145,0.0000000000000000)
   1.5707963267948966        0.0000000000000000     
       (0.19140318933021849,-1.20655004851351917E-016)
   3.1415926535897931        0.0000000000000000     
        (0.27292931687697541,2.41310009702703833E-016)
   1.0000000000000000                1           4
               (1.0000000000000067,0.0000000000000000)
  -1.5707963267948966        0.0000000000000000     
        (0.18944233701608970,1.20670711204537617E-016)
   0.0000000000000000        0.0000000000000000     
               (4.0462106069768629,0.0000000000000000)
   1.5707963267948966        0.0000000000000000     
       (0.18944233701608970,-1.20670711204537617E-016)
   3.1415926535897931        0.0000000000000000     
        (0.27407860225855274,2.41341422409075235E-016)
   1.0000000000000000                1           4
               (1.0000000000000111,0.0000000000000000)
  -1.5707963267948966        0.0000000000000000     
        (0.18342850357017815,1.20781810775539467E-016)
   0.0000000000000000        0.0000000000000000     
               (4.0442464476622284,0.0000000000000000)
   1.5707963267948966        0.0000000000000000     
       (0.18342850357017815,-1.20781810775539467E-016)
   3.1415926535897931        0.0000000000000000     
        (0.26764388205350165,2.41563621551078934E-016)
   1.0000000000000000                1           4
              (0.99999999999999700,0.0000000000000000)
  -1.5707963267948966        0.0000000000000000     
       (0.19500622185289440,-1.01441345320565641E-016)
   0.0000000000000000        0.0000000000000000     
               (4.0495825877166922,0.0000000000000000)
   1.5707963267948966        0.0000000000000000     
        (0.19500622185289440,1.01441345320565641E-016)
   3.1415926535897931        0.0000000000000000     
        (0.27963125474127082,2.41206519208931334E-016)
   1.0000000000000000                1           4
               (1.0000000000000102,0.0000000000000000)
  -1.5707963267948966        0.0000000000000000     
        (0.18737358112784896,3.42699710998188578E-016)
   0.0000000000000000        0.0000000000000000     
               (4.0451226192370484,0.0000000000000000)
   1.5707963267948966        0.0000000000000000     
       (0.18737358112784896,-3.42699710998188578E-016)
   3.1415926535897931        0.0000000000000000     
        (0.27051937595046427,2.41310212146314442E-016)
   1.0000000000000000                1           4
               (1.0000000000000007,0.0000000000000000)
  -1.5707963267948966        0.0000000000000000     
        (0.18304339542076753,2.31760484918978270E-016)
   0.0000000000000000        0.0000000000000000     
               (4.0453604672179742,0.0000000000000000)
   1.5707963267948966        0.0000000000000000     
       (0.18304339542076753,-2.31760484918978270E-016)
   3.1415926535897931        0.0000000000000000     
        (0.26433463715609073,2.41476364912925233E-016)
   1.0000000000000000                1           4
               (1.0000000000000018,0.0000000000000000)
  -1.5707963267948966        0.0000000000000000     
        (0.18298362654072020,1.20720174873174448E-016)
   0.0000000000000000        0.0000000000000000     
               (4.0455885412359800,0.0000000000000000)
   1.5707963267948966        0.0000000000000000     
       (0.18298362654072020,-1.20720174873174448E-016)
   3.1415926535897931        0.0000000000000000     
        (0.26339885307228739,2.41440349746348896E-016)
   1.0000000000000000                1           4
               (1.0000000000000056,0.0000000000000000)
  -1.5707963267948966        0.0000000000000000     
        (0.18476887620439142,3.42846334784524921E-016)
   0.0000000000000000        0.0000000000000000     
               (4.0467342217551687,0.0000000000000000)
   1.5707963267948966        0.0000000000000000     
       (0.18476887620439142,-3.42846334784524921E-016)
   3.1415926535897931        0.0000000000000000     
        (0.26848745988449141,2.41603459718987225E-016)
   1.0000000000000000                1           4
               (1.0000000000000049,0.0000000000000000)
  -1.5707963267948966        0.0000000000000000     
        (0.18565952070655933,1.20700448610703372E-016)
   0.0000000000000000        0.0000000000000000     
               (4.0461736286926193,0.0000000000000000)
   1.5707963267948966        0.0000000000000000     
       (0.18565952070655933,-1.20700448610703372E-016)
   3.1415926535897931        0.0000000000000000     
        (0.26752124531940835,2.41400897221406745E-016)
   1.0000000000000000                1           4
              (0.99999999999998845,0.0000000000000000)
  -1.5707963267948966        0.0000000000000000     
        (0.17924791350504499,2.31829712557906941E-016)
   0.0000000000000000        0.0000000000000000     
               (4.0422441211320912,0.0000000000000000)
   1.5707963267948966        0.0000000000000000     
       (0.17924791350504499,-2.31829712557906941E-016)
   3.1415926535897931        0.0000000000000000     
        (0.26212116569293098,2.41614820190782623E-016)
   1.0000000000000000                1           4
               (1.0000000000000011,0.0000000000000000)
  -1.5707963267948966        0.0000000000000000     
        (0.18570028918501069,1.20742146606201660E-016)
   0.0000000000000000        0.0000000000000000     
               (4.0446109006715449,0.0000000000000000)
   1.5707963267948966        0.0000000000000000     
       (0.18570028918501069,-1.20742146606201660E-016)
   3.1415926535897931        0.0000000000000000     
        (0.27052747018744661,2.41484293212403321E-016)
   1.0000000000000000                1           4
              (0.99999999999999944,0.0000000000000000)
  -1.5707963267948966        0.0000000000000000     
       (0.18957843459662083,-3.23400469488967626E-016)
   0.0000000000000000        0.0000000000000000     
               (4.0486913412094978,0.0000000000000000)
   1.5707963267948966        0.0000000000000000     
        (0.18957843459662083,3.23400469488967626E-016)
   3.1415926535897931        0.0000000000000000     
        (0.27245894012912963,2.41377480722190079E-016)
   1.0000000000000000                1           4
               (1.0000000000000044,0.0000000000000000)
  -1.5707963267948966        0.0000000000000000     
        (0.18676615043431999,1.20758899986462397E-016)
   0.0000000000000000        0.0000000000000000     
               (4.0481158858642363,0.0000000000000000)
   1.5707963267948966        0.0000000000000000     
       (0.18676615043431999,-1.20758899986462397E-016)
   3.1415926535897931        0.0000000000000000     
        (0.26970141441940065,2.41517799972924795E-016)
   1.0000000000000000                1           4
               (1.0000000000000160,0.0000000000000000)
  -1.5707963267948966        0.0000000000000000     
       (0.18286924593573584,-1.01283546365032800E-016)
   0.0000000000000000        0.0000000000000000     
               (4.0454897609336111,0.0000000000000000)
   1.5707963267948966        0.0000000000000000     
        (0.18286924593573584,1.01283546365032800E-016)
   3.1415926535897931        0.0000000000000000     
        (0.26460423471501671,2.41522117119997065E-016)
   1.0000000000000000                1           4
              (0.99999999999997635,0.0000000000000000)
  -1.5707963267948966        0.0000000000000000     
        (0.18765046823861198,1.20728284076941583E-016)
   0.0000000000000000        0.0000000000000000     
               (4.0459873416541399,0.0000000000000000)
   1.5707963267948966        0.0000000000000000     
       (0.18765046823861198,-1.20728284076941583E-016)
   3.1415926535897931        0.0000000000000000     
        (0.27259860274528047,2.41456568153883165E-016)
   1.0000000000000000                1           4
               (1.0000000000000062,0.0000000000000000)
  -1.5707963267948966        0.0000000000000000     
        (0.18943653646787229,1.20695506755041905E-016)
   0.0000000000000000        0.0000000000000000     
               (4.0489502855597710,0.0000000000000000)
   1.5707963267948966        0.0000000000000000     
       (0.18943653646787229,-1.20695506755041905E-016)
   3.1415926535897931        0.0000000000000000     
        (0.27213720671956931,2.41391013510083811E-016)
   1.0000000000000000                1           4
               (1.0000000000000047,0.0000000000000000)
  -1.5707963267948966        0.0000000000000000     
       (0.17989624365371848,-1.01234166031839860E-016)
   0.0000000000000000        0.0000000000000000     
               (4.0439629995403763,0.0000000000000000)
   1.5707963267948966        0.0000000000000000     
        (0.17989624365371848,1.01234166031839860E-016)
   3.1415926535897931        0.0000000000000000     
        (0.26179787562564549,2.41620877786382945E-016)
   1.0000000000000000                1           4
               (1.0000000000000013,0.0000000000000000)
  -1.5707963267948966        0.0000000000000000     
        (0.18608217505505975,1.20680038096489274E-016)
   0.0000000000000000        0.0000000000000000     
               (4.0450074352572329,0.0000000000000000)
   1.5707963267948966        0.0000000000000000     
       (0.18608217505505975,-1.20680038096489274E-016)
   3.1415926535897931        0.0000000000000000     
        (0.26886608946589041,2.41360076192978548E-016)
   1.0000000000000000                1           4
               (1.0000000000000022,0.0000000000000000)
  -1.5707963267948966        0.0000000000000000     
        (0.18540225418067613,1.20704093204989063E-016)
   0.0000000000000000        0.0000000000000000     
               (4.0453513659034313,0.0000000000000000)
   1.5707963267948966        0.0000000000000000     
       (0.18540225418067613,-1.20704093204989063E-016)
   3.1415926535897931        0.0000000000000000     
        (0.26794801654007916,2.41408186409978125E-016)
   1.0000000000000000                1           4
               (1.0000000000000002,0.0000000000000000)
  -1.5707963267948966        0.0000000000000000     
        (0.18511334993786899,1.20815527509336884E-016)
   0.0000000000000000        0.0000000000000000     
               (4.0484745868703982,0.0000000000000000)
   1.5707963267948966        0.0000000000000000     
       (0.18511334993786899,-1.20815527509336884E-016)
   3.1415926535897931        0.0000000000000000     
        (0.26788670768041989,2.41631055018673769E-016)
   1.0000000000000000                1           4
               (1.0000000000000075,0.0000000000000000)
  -1.5707963267948966        0.0000000000000000     
        (0.18131614217412395,1.20837293904686873E-016)
   0.0000000000000000        0.0000000000000000     
               (4.0449770998364887,0.0000000000000000)
   1.5707963267948966        0.0000000000000000     
       (0.18131614217412395,-1.20837293904686873E-016)
   3.1415926535897931        0.0000000000000000     
        (0.26450072361147325,2.41674587809373747E-016)
   1.0000000000000000                1           4
               (1.0000000000000104,0.0000000000000000)
  -1.5707963267948966        0.0000000000000000     
       (0.18694414496766276,-1.01340821416525565E-016)
   0.0000000000000000        0.0000000000000000     
               (4.0470416408021759,0.0000000000000000)
   1.5707963267948966        0.0000000000000000     
        (0.18694414496766276,1.01340821416525565E-016)
   3.1415926535897931        0.0000000000000000     
        (0.26933140776051556,2.41407567017011486E-016)
   1.0000000000000000                1           4
               (1.0000000000000073,0.0000000000000000)
  -1.5707963267948966        0.0000000000000000     
        (0.18160475089550643,2.31818055057536254E-016)
   0.0000000000000000        0.0000000000000000     
               (4.0453641806017320,0.0000000000000000)
   1.5707963267948966        0.0000000000000000     
       (0.18160475089550643,-2.31818055057536254E-016)
   3.1415926535897931        0.0000000000000000     
        (0.26333401814658552,2.41591505190041199E-016)
   1.0000000000000000                1           4
               (1.0000000000000093,0.0000000000000000)
  -1.5707963267948966        0.0000000000000000     
       (0.18565288961963888,-1.01323320789935661E-016)
   0.0000000000000000        0.0000000000000000     
               (4.0474096499186309,0.0000000000000000)
   1.5707963267948966        0.0000000000000000     
        (0.18565288961963888,1.01323320789935661E-016)
   3.1415926535897931        0.0000000000000000     
        (0.26695250179135421,2.41442568270191295E-016)
   1.0000000000000000                1           4
               (1.0000000000000007,0.0000000000000000)
  -1.5707963267948966        0.0000000000000000     
        (0.19019614027962917,3.42665444411456454E-016)
   0.0000000000000000        0.0000000000000000     
               (4.0475553246234455,0.0000000000000000)
   1.5707963267948966        0.0000000000000000     
       (0.19019614027962917,-3.42665444411456454E-016)
   3.1415926535897931        0.0000000000000000     
        (0.27261255720814848,2.41241678972850193E-016)
   1.0000000000000000                1           4
               (1.0000000000000027,0.0000000000000000)
  -1.5707963267948966        0.0000000000000000     
        (0.18492403297686022,2.31779596020987334E-016)
   0.0000000000000000        0.0000000000000000     
               (4.0441770237814021,0.0000000000000000)
   1.5707963267948966        0.0000000000000000     
       (0.18492403297686022,-2.31779596020987334E-016)
   3.1415926535897931        0.0000000000000000     
        (0.26990357166727630,2.41514587116943409E-016)
   1.0000000000000000                1           4
               (1.0000000000000007,0.0000000000000000)
  -1.5707963267948966        0.0000000000000000     
        (0.18017495446136389,3.42915427167330596E-016)
   0.0000000000000000        0.0000000000000000     
               (4.0450622884849681,0.0000000000000000)
   1.5707963267948966        0.0000000000000000     
       (0.18017495446136389,-3.42915427167330596E-016)
   3.1415926535897931        0.0000000000000000     
        (0.26322827815080074,2.41741644484598575E-016)
   1.0000000000000000                1           4
               (1.0000000000000027,0.0000000000000000)
  -1.5707963267948966        0.0000000000000000     
       (0.18203495824038662,-1.01240495383503574E-016)
   0.0000000000000000        0.0000000000000000     
               (4.0443980663424721,0.0000000000000000)
   1.5707963267948966        0.0000000000000000     
        (0.18203495824038662,1.01240495383503574E-016)
   3.1415926535897931        0.0000000000000000     
        (0.26543350568294444,2.41608219083055517E-016)
   1.0000000000000000                1           4
              (0.99999999999999512,0.0000000000000000)
  -1.5707963267948966        0.0000000000000000     
        (0.18452285488262632,1.20775381941424929E-016)
   0.0000000000000000        0.0000000000000000     
               (4.0455820671103115,0.0000000000000000)
   1.5707963267948966        0.0000000000000000     
       (0.18452285488262632,-1.20775381941424929E-016)
   3.1415926535897931        0.0000000000000000     
        (0.26828698357294156,2.41550763882849857E-016)
   1.0000000000000000                1           4
              (0.99999999999999811,0.0000000000000000)
  -1.5707963267948966        0.0000000000000000     
        (0.18645499343366290,1.20699661949976526E-016)
   0.0000000000000000        0.0000000000000000     
               (4.0449920848177419,0.0000000000000000)
   1.5707963267948966        0.0000000000000000     
       (0.18645499343366290,-1.20699661949976526E-016)
   3.1415926535897931        0.0000000000000000     
        (0.27026804035925223,2.41399323899953052E-016)
   1.0000000000000000                1           4
              (0.99999999999997946,0.0000000000000000)
  -1.5707963267948966        0.0000000000000000     
        (0.18710948198639143,1.20722157047677780E-016)
   0.0000000000000000        0.0000000000000000     
               (4.0471632779718760,0.0000000000000000)
   1.5707963267948966        0.0000000000000000     
       (0.18710948198639143,-1.20722157047677780E-016)
   3.1415926535897931        0.0000000000000000     
        (0.27014056996024083,2.41444314095355561E-016)
   1.0000000000000000                1           4
               (1.0000000000000060,0.0000000000000000)
  -1.5707963267948966        0.0000000000000000     
        (0.18337032849157175,3.42828373732871550E-016)
   0.0000000000000000        0.0000000000000000     
               (4.0450416585696631,0.0000000000000000)
   1.5707963267948966        0.0000000000000000     
       (0.18337032849157175,-3.42828373732871550E-016)
   3.1415926535897931        0.0000000000000000     
        (0.26679627517718441,2.41567537615680484E-016)
   1.0000000000000000                1           4
               (1.0000000000000056,0.0000000000000000)
  -1.5707963267948966        0.0000000000000000     
       (0.18412143681298299,-1.01291708982976242E-016)
   0.0000000000000000        0.0000000000000000     
               (4.0451002803163423,0.0000000000000000)
   1.5707963267948966        0.0000000000000000     
        (0.18412143681298299,1.01291708982976242E-016)
   3.1415926535897931        0.0000000000000000     
        (0.26723148575201405,2.41505791884110182E-016)
   1.0000000000000000                1           4
               (1.0000000000000020,0.0000000000000000)
  -1.5707963267948966        0.0000000000000000     
       (0.19262225601370020,-1.01424475502665657E-016)
   0.0000000000000000        0.0000000000000000     
               (4.0499058281118447,0.0000000000000000)
   1.5707963267948966        0.0000000000000000     
        (0.19262225601370020,1.01424475502665657E-016)
   3.1415926535897931        0.0000000000000000     
        (0.27509109273566879,2.41240258844731352E-016)
   1.0000000000000000                1           4
               (1.0000000000000004,0.0000000000000000)
  -1.5707963267948966        0.0000000000000000     
       (0.18856914413824655,-1.01356025978067256E-016)
   0.0000000000000000        0.0000000000000000     
               (4.0473169785898087,0.0000000000000000)
   1.5707963267948966        0.0000000000000000     
        (0.18856914413824655,1.01356025978067256E-016)
   3.1415926535897931        0.0000000000000000     
        (0.27180944964645526,2.41377157893928154E-016)
   1.0000000000000000                1           4
               (1.0000000000000027,0.0000000000000000)
  -1.5707963267948966        0.0000000000000000     
        (0.18807375039886498,1.20706096144940028E-016)
   0.0000000000000000        0.0000000000000000     
               (4.0464378927946711,0.0000000000000000)
   1.5707963267948966        0.0000000000000000     
       (0.18807375039886498,-1.20706096144940028E-016)
   3.1415926535897931        0.0000000000000000     
        (0.27226990306871568,2.41412192289880056E-016)
   1.0000000000000000                1           4
               (1.0000000000000095,0.0000000000000000)
  -1.5707963267948966        0.0000000000000000     
       (0.18351004375915581,-1.01270118376245686E-016)
   0.0000000000000000        0.0000000000000000     
               (4.0457518127836396,0.0000000000000000)
   1.5707963267948966        0.0000000000000000     
        (0.18351004375915581,1.01270118376245686E-016)
   3.1415926535897931        0.0000000000000000     
        (0.26606236990965637,2.41548973097571245E-016)
   1.0000000000000000                1           4
               (1.0000000000000004,0.0000000000000000)
  -1.5707963267948966        0.0000000000000000     
        (0.18616760092927453,2.31794577114993704E-016)
   0.0000000000000000        0.0000000000000000     
               (4.0474893943571173,0.0000000000000000)
   1.5707963267948966        0.0000000000000000     
       (0.18616760092927453,-2.31794577114993704E-016)
   3.1415926535897931        0.0000000000000000     
        (0.26956765666036986,2.41544549304956099E-016)
   1.0000000000000000                1           4
               (1.0000000000000042,0.0000000000000000)
  -1.5707963267948966        0.0000000000000000     
        (0.18679203893955232,1.20686947038384189E-016)
   0.0000000000000000        0.0000000000000000     
               (4.0464258776943876,0.0000000000000000)
   1.5707963267948966        0.0000000000000000     
       (0.18679203893955232,-1.20686947038384189E-016)
   3.1415926535897931        0.0000000000000000     
        (0.26909303796524742,2.41373894076768378E-016)
   1.0000000000000000                1           4
              (0.99999999999999778,0.0000000000000000)
  -1.5707963267948966        0.0000000000000000     
        (0.18742554404500189,1.20718394342632431E-016)
   0.0000000000000000        0.0000000000000000     
               (4.0472399175423792,0.0000000000000000)
   1.5707963267948966        0.0000000000000000     
       (0.18742554404500189,-1.20718394342632431E-016)
   3.1415926535897931        0.0000000000000000     
        (0.27057315523353598,2.41436788685264862E-016)
   1.0000000000000000                1           4
              (0.99999999999998845,0.0000000000000000)
  -1.5707963267948966        0.0000000000000000     
        (0.18576102465974353,1.20695986595739124E-016)
   0.0000000000000000        0.0000000000000000     
               (4.0448254078754937,0.0000000000000000)
   1.5707963267948966        0.0000000000000000     
       (0.18576102465974353,-1.20695986595739124E-016)
   3.1415926535897931        0.0000000000000000     
        (0.26892673357414465,2.41391973191478249E-016)
   1.0000000000000000                1           4
               (1.0000000000000022,0.0000000000000000)
  -1.5707963267948966        0.0000000000000000     
        (0.18652618592366166,2.31729333233791948E-016)
   0.0000000000000000        0.0000000000000000     
               (4.0462522246914281,0.0000000000000000)
   1.5707963267948966        0.0000000000000000     
       (0.18652618592366166,-2.31729333233791948E-016)
   3.1415926535897931        0.0000000000000000     
        (0.26939096943435925,2.41414061542552588E-016)
   1.0000000000000000                1           4
               (1.0000000000000060,0.0000000000000000)
  -1.5707963267948966        0.0000000000000000     
        (0.18834033527013982,1.20712002149970044E-016)
   0.0000000000000000        0.0000000000000000     
               (4.0486845458474319,0.0000000000000000)
   1.5707963267948966        0.0000000000000000     
       (0.18834033527013982,-1.20712002149970044E-016)
   3.1415926535897931        0.0000000000000000     
        (0.27074932452203715,2.41424004299940087E-016)
   1.0000000000000000                1           4
              (0.99999999999999623,0.0000000000000000)
  -1.5707963267948966        0.0000000000000000     
        (0.18632145297082747,1.20765082364313914E-016)
   0.0000000000000000        0.0000000000000000     
               (4.0466154913955563,0.0000000000000000)
   1.5707963267948966        0.0000000000000000     
       (0.18632145297082747,-1.20765082364313914E-016)
   3.1415926535897931        0.0000000000000000     
        (0.27051434574602551,2.41530164728627827E-016)
   1.0000000000000000                1           4
               (1.0000000000000029,0.0000000000000000)
  -1.5707963267948966        0.0000000000000000     
        (0.18412098493918327,9.76052339816543718E-018)
   0.0000000000000000        0.0000000000000000     
               (4.0438514966120875,0.0000000000000000)
   1.5707963267948966        0.0000000000000000     
       (0.18412098493918327,-9.76052339816543718E-018)
   3.1415926535897931        0.0000000000000000     
        (0.26945695103847633,2.41565651721362182E-016)
   1.0000000000000000                1           4
               (1.0000000000000002,0.0000000000000000)
  -1.5707963267948966        0.0000000000000000     
        (0.18875245942447016,1.20746249769536554E-016)
   0.0000000000000000        0.0000000000000000     
               (4.0482585583841288,0.0000000000000000)
   1.5707963267948966        0.0000000000000000     
       (0.18875245942447016,-1.20746249769536554E-016)
   3.1415926535897931        0.0000000000000000     
        (0.27311817243883640,2.41492499539073108E-016)
   1.0000000000000000                1           4
               (1.0000000000000029,0.0000000000000000)
  -1.5707963267948966        0.0000000000000000     
       (0.18986093690741657,-1.01399628461791738E-016)
   0.0000000000000000        0.0000000000000000     
               (4.0472843036572854,0.0000000000000000)
   1.5707963267948966        0.0000000000000000     
        (0.18986093690741657,1.01399628461791738E-016)
   3.1415926535897931        0.0000000000000000     
        (0.27300154492112216,2.41289952926479141E-016)
   1.0000000000000000                1           4
               (1.0000000000000060,0.0000000000000000)
  -1.5707963267948966        0.0000000000000000     
        (0.18609385830458969,1.20756389792446331E-016)
   0.0000000000000000        0.0000000000000000     
               (4.0468136309401483,0.0000000000000000)
   1.5707963267948966        0.0000000000000000     
       (0.18609385830458969,-1.20756389792446331E-016)
   3.1415926535897931        0.0000000000000000     
        (0.26957709592542889,2.41512779584892661E-016)
   1.0000000000000000                1           4
               (1.0000000000000027,0.0000000000000000)
  -1.5707963267948966        0.0000000000000000     
       (0.18291840895574663,-1.01260469741359855E-016)
   0.0000000000000000        0.0000000000000000     
               (4.0454162912803699,0.0000000000000000)
   1.5707963267948966        0.0000000000000000     
        (0.18291840895574663,1.01260469741359855E-016)
   3.1415926535897931        0.0000000000000000     
        (0.26552977013761325,2.41568270367342956E-016)
   1.0000000000000000                1           4
               (1.0000000000000100,0.0000000000000000)
  -1.5707963267948966        0.0000000000000000     
       (0.18484870909587237,-1.01270471457581505E-016)
   0.0000000000000000        0.0000000000000000     
               (4.0464701684506776,0.0000000000000000)
   1.5707963267948966        0.0000000000000000     
        (0.18484870909587237,1.01270471457581505E-016)
   3.1415926535897931        0.0000000000000000     
        (0.26800981240443900,2.41548266934899655E-016)
   1.0000000000000000                1           4
              (0.99999999999999512,0.0000000000000000)
  -1.5707963267948966        0.0000000000000000     
        (0.18326309785824590,1.20835863453346478E-016)
   0.0000000000000000        0.0000000000000000     
               (4.0468769496618098,0.0000000000000000)
   1.5707963267948966        0.0000000000000000     
       (0.18326309785824590,-1.20835863453346478E-016)
   3.1415926535897931        0.0000000000000000     
        (0.26644806306794999,2.41671726906692955E-016)
   1.0000000000000000                1           4
               (1.0000000000000100,0.0000000000000000)
  -1.5707963267948966        0.0000000000000000     
        (0.18371235456745294,1.20772263548674291E-016)
   0.0000000000000000        0.0000000000000000     
               (4.0456692537462668,0.0000000000000000)
   1.5707963267948966        0.0000000000000000     
       (0.18371235456745294,-1.20772263548674291E-016)
   3.1415926535897931        0.0000000000000000     
        (0.26647694186982307,2.41544527097348581E-016)
   1.0000000000000000                1           4
               (1.0000000000000004,0.0000000000000000)
  -1.5707963267948966        0.0000000000000000     
        (0.19006922531694836,1.20584126782448004E-016)
   0.0000000000000000        0.0000000000000000     
               (4.0473462143384040,0.0000000000000000)
   1.5707963267948966        0.0000000000000000     
       (0.19006922531694836,-1.20584126782448004E-016)
   3.1415926535897931        0.0000000000000000     
        (0.27136870965592175,2.41168253564896008E-016)
   1.0000000000000000                1           4
               (1.0000000000000104,0.0000000000000000)
  -1.5707963267948966        0.0000000000000000     
        (0.18595452423978320,1.20765627895340735E-016)
   0.0000000000000000        0.0000000000000000     
               (4.0483339687994375,0.0000000000000000)
   1.5707963267948966        0.0000000000000000     
       (0.18595452423978320,-1.20765627895340735E-016)
   3.1415926535897931        0.0000000000000000     
        (0.26807982927560381,2.41531255790681471E-016)
   1.0000000000000000                1           4
               (1.0000000000000007,0.0000000000000000)
  -1.5707963267948966        0.0000000000000000     
        (0.17917166578047006,1.20896209722768215E-016)
   0.0000000000000000        0.0000000000000000     
               (4.0435516126864455,0.0000000000000000)
   1.5707963267948966        0.0000000000000000     
       (0.17917166578047006,-1.20896209722768215E-016)
   3.1415926535897931        0.0000000000000000     
        (0.26356159462776030,2.41792419445536430E-016)
   1.0000000000000000                1           4
               (1.0000000000000016,0.0000000000000000)
  -1.5707963267948966        0.0000000000000000     
        (0.18357015637954610,1.20768995736935390E-016)
   0.0000000000000000        0.0000000000000000     
               (4.0452834168055096,0.0000000000000000)
   1.5707963267948966        0.0000000000000000     
       (0.18357015637954610,-1.20768995736935390E-016)
   3.1415926535897931        0.0000000000000000     
        (0.26647164760342890,2.41537991473870780E-016)
   1.0000000000000000                1           4
               (1.0000000000000053,0.0000000000000000)
  -1.5707963267948966        0.0000000000000000     
       (0.18619097645040605,-1.01397649043019904E-016)
   0.0000000000000000        0.0000000000000000     
               (4.0455912432691976,0.0000000000000000)
   1.5707963267948966        0.0000000000000000     
        (0.18619097645040605,1.01397649043019904E-016)
   3.1415926535897931        0.0000000000000000     
        (0.26741933711867494,2.41293911764022858E-016)
   1.0000000000000000                1           4
               (1.0000000000000053,0.0000000000000000)
  -1.5707963267948966        0.0000000000000000     
        (0.18389810957380637,1.20750988004440098E-016)
   0.0000000000000000        0.0000000000000000     
               (4.0442418939514395,0.0000000000000000)
   1.5707963267948966        0.0000000000000000     
       (0.18389810957380637,-1.20750988004440098E-016)
   3.1415926535897931        0.0000000000000000     
        (0.26758089966684140,2.41501976008880196E-016)
   1.0000000000000000                1           4
               (1.0000000000000071,0.0000000000000000)
  -1.5707963267948966        0.0000000000000000     
        (0.18582415780836004,1.20720143790433057E-016)
   0.0000000000000000        0.0000000000000000     
               (4.0458732290315682,0.0000000000000000)
   1.5707963267948966        0.0000000000000000     
       (0.18582415780836004,-1.20720143790433057E-016)
   3.1415926535897931        0.0000000000000000     
        (0.26879421257260028,2.41440287580866114E-016)
   1.0000000000000000                1           4
              (0.99999999999999678,0.0000000000000000)
  -1.5707963267948966        0.0000000000000000     
        (0.18309052531592429,1.20794560617240694E-016)
   0.0000000000000000        0.0000000000000000     
               (4.0445437068759311,0.0000000000000000)
   1.5707963267948966        0.0000000000000000     
       (0.18309052531592429,-1.20794560617240694E-016)
   3.1415926535897931        0.0000000000000000     
        (0.26708710776436728,2.41589121234481388E-016)
   1.0000000000000000                1           4
               (1.0000000000000016,0.0000000000000000)
  -1.5707963267948966        0.0000000000000000     
        (0.18735218782038476,1.20673357543653204E-016)
   0.0000000000000000        0.0000000000000000     
               (4.0451557508071607,0.0000000000000000)
   1.5707963267948966        0.0000000000000000     
       (0.18735218782038476,-1.20673357543653204E-016)
   3.1415926535897931        0.0000000000000000     
        (0.27103959603185790,2.41346715087306409E-016)
   1.0000000000000000                1           4
               (1.0000000000000056,0.0000000000000000)
  -1.5707963267948966        0.0000000000000000     
        (0.19035735685059507,1.20669900455192355E-016)
   0.0000000000000000        0.0000000000000000     
               (4.0469898550173715,0.0000000000000000)
   1.5707963267948966        0.0000000000000000     
       (0.19035735685059507,-1.20669900455192355E-016)
   3.1415926535897931        0.0000000000000000     
        (0.27510291280382926,2.41339800910384710E-016)
   1.0000000000000000                1           4
               (1.0000000000000087,0.0000000000000000)
  -1.5707963267948966        0.0000000000000000     
       (0.18818796707797147,-1.01385537794444178E-016)
   0.0000000000000000        0.0000000000000000     
               (4.0479869037205347,0.0000000000000000)
   1.5707963267948966        0.0000000000000000     
        (0.18818796707797147,1.01385537794444178E-016)
   3.1415926535897931        0.0000000000000000     
        (0.26941324132118083,2.41318134261174259E-016)
   1.0000000000000000                1           4
               (1.0000000000000100,0.0000000000000000)
  -1.5707963267948966        0.0000000000000000     
        (0.18606665672368772,1.20767706448733864E-016)
   0.0000000000000000        0.0000000000000000     
               (4.0466417695751469,0.0000000000000000)
   1.5707963267948966        0.0000000000000000     
       (0.18606665672368772,-1.20767706448733864E-016)
   3.1415926535897931        0.0000000000000000     
        (0.27006418417364553,2.41535412897467729E-016)
   1.0000000000000000                1           4
               (1.0000000000000011,0.0000000000000000)
  -1.5707963267948966        0.0000000000000000     
        (0.18791496036410482,1.20673112561810016E-016)
   0.0000000000000000        0.0000000000000000     
               (4.0460653541893690,0.0000000000000000)
   1.5707963267948966        0.0000000000000000     
       (0.18791496036410482,-1.20673112561810016E-016)
   3.1415926535897931        0.0000000000000000     
        (0.27124753602285301,2.41346225123620032E-016)
   1.0000000000000000                1           4
               (1.0000000000000027,0.0000000000000000)
  -1.5707963267948966        0.0000000000000000     
        (0.18475549441092731,1.20732209275137815E-016)
   0.0000000000000000        0.0000000000000000     
               (4.0458842268473312,0.0000000000000000)
   1.5707963267948966        0.0000000000000000     
       (0.18475549441092731,-1.20732209275137815E-016)
   3.1415926535897931        0.0000000000000000     
        (0.26703997659922263,2.41464418550275630E-016)
   1.0000000000000000                1           4
               (1.0000000000000018,0.0000000000000000)
  -1.5707963267948966        0.0000000000000000     
        (0.18981827517295657,9.63162139120962694E-018)
   0.0000000000000000        0.0000000000000000     
               (4.0482170370902795,0.0000000000000000)
   1.5707963267948966        0.0000000000000000     
       (0.18981827517295657,-9.63162139120962694E-018)
   3.1415926535897931        0.0000000000000000     
        (0.27227573197042565,2.41307847707450562E-016)
   1.0000000000000000                1           4
               (1.0000000000000040,0.0000000000000000)
  -1.5707963267948966        0.0000000000000000     
        (0.18721989719433940,2.31710117452135323E-016)
   0.0000000000000000        0.0000000000000000     
               (4.0462308227132331,0.0000000000000000)
   1.5707963267948966        0.0000000000000000     
       (0.18721989719433940,-2.31710117452135323E-016)
   3.1415926535897931        0.0000000000000000     
        (0.27017215889472412,2.41375629979239387E-016)
   1.0000000000000000                1           4
               (1.0000000000000044,0.0000000000000000)
  -1.5707963267948966        0.0000000000000000     
        (0.18531367596081560,1.20721594648992422E-016)
   0.0000000000000000        0.0000000000000000     
               (4.0450129257157936,0.0000000000000000)
   1.5707963267948966        0.0000000000000000     
       (0.18531367596081560,-1.20721594648992422E-016)
   3.1415926535897931        0.0000000000000000     
        (0.26868094083008587,2.41443189297984843E-016)
   1.0000000000000000                1           4
              (0.99999999999999667,0.0000000000000000)
  -1.5707963267948966        0.0000000000000000     
       (0.18021979107470054,-1.01237248083845838E-016)
   0.0000000000000000        0.0000000000000000     
               (4.0458416533707320,0.0000000000000000)
   1.5707963267948966        0.0000000000000000     
        (0.18021979107470054,1.01237248083845838E-016)
   3.1415926535897931        0.0000000000000000     
        (0.26046564917923720,2.41614713682370989E-016)
   1.0000000000000000                1           4
               (1.0000000000000071,0.0000000000000000)
  -1.5707963267948966        0.0000000000000000     
        (0.18903842746100452,1.20696351873610505E-016)
   0.0000000000000000        0.0000000000000000     
               (4.0469388856948187,0.0000000000000000)
   1.5707963267948966        0.0000000000000000     
       (0.18903842746100452,-1.20696351873610505E-016)
   3.1415926535897931        0.0000000000000000     
        (0.27337999223803744,2.41392703747221011E-016)
   1.0000000000000000                1           4
               (1.0000000000000104,0.0000000000000000)
  -1.5707963267948966        0.0000000000000000     
        (0.19156772389045484,1.20656328506732398E-016)
   0.0000000000000000        0.0000000000000000     
               (4.0495153256697360,0.0000000000000000)
   1.5707963267948966        0.0000000000000000     
       (0.19156772389045484,-1.20656328506732398E-016)
   3.1415926535897931        0.0000000000000000     
        (0.27455488275360562,2.41312657013464796E-016)
   1.0000000000000000                1           4
              (0.99999999999999678,0.0000000000000000)
  -1.5707963267948966        0.0000000000000000     
        (0.18824614230654768,1.20622254621012992E-016)
   0.0000000000000000        0.0000000000000000     
               (4.0448973364898455,0.0000000000000000)
   1.5707963267948966        0.0000000000000000     
       (0.18824614230654768,-1.20622254621012992E-016)
   3.1415926535897931        0.0000000000000000     
        (0.27141677119892826,2.41244509242025985E-016)
   1.0000000000000000                1           4
               (1.0000000000000069,0.0000000000000000)
  -1.5707963267948966        0.0000000000000000     
        (0.18268101616603194,1.20770319842476882E-016)
   0.0000000000000000        0.0000000000000000     
               (4.0461665617548919,0.0000000000000000)
   1.5707963267948966        0.0000000000000000     
       (0.18268101616603194,-1.20770319842476882E-016)
   3.1415926535897931        0.0000000000000000     
        (0.26385347079607202,2.41540639684953764E-016)
   1.0000000000000000                1           4
               (1.0000000000000151,0.0000000000000000)
  -1.5707963267948966        0.0000000000000000     
        (0.18668661606302472,1.20697453383376583E-016)
   0.0000000000000000        0.0000000000000000     
               (4.0453689796385834,0.0000000000000000)
   1.5707963267948966        0.0000000000000000     
       (0.18668661606302472,-1.20697453383376583E-016)
   3.1415926535897931        0.0000000000000000     
        (0.27028225353759217,2.41394906766753165E-016)
   1.0000000000000000                1           4
               (1.0000000000000038,0.0000000000000000)
  -1.5707963267948966        0.0000000000000000     
        (0.18324762000094874,2.31799402563178291E-016)
   0.0000000000000000        0.0000000000000000     
               (4.0447865774814407,0.0000000000000000)
   1.5707963267948966        0.0000000000000000     
       (0.18324762000094874,-2.31799402563178291E-016)
   3.1415926535897931        0.0000000000000000     
        (0.26658812277797261,2.41554200201325274E-016)
   1.0000000000000000                1           4
               (1.0000000000000047,0.0000000000000000)
  -1.5707963267948966        0.0000000000000000     
        (0.18743483331522515,1.20716010879890347E-016)
   0.0000000000000000        0.0000000000000000     
               (4.0473340368815967,0.0000000000000000)
   1.5707963267948966        0.0000000000000000     
       (0.18743483331522515,-1.20716010879890347E-016)
   3.1415926535897931        0.0000000000000000     
        (0.27041976463370498,2.41432021759780693E-016)
   1.0000000000000000                1           4
               (1.0000000000000033,0.0000000000000000)
  -1.5707963267948966        0.0000000000000000     
        (0.18577967156941166,1.20708712255308169E-016)
   0.0000000000000000        0.0000000000000000     
               (4.0461603838244615,0.0000000000000000)
   1.5707963267948966        0.0000000000000000     
       (0.18577967156941166,-1.20708712255308169E-016)
   3.1415926535897931        0.0000000000000000     
        (0.26804470302921179,2.41417424510616339E-016)
   1.0000000000000000                1           4
              (0.99999999999999212,0.0000000000000000)
  -1.5707963267948966        0.0000000000000000     
        (0.18887108576704992,1.20706487344673963E-016)
   0.0000000000000000        0.0000000000000000     
               (4.0477394223044172,0.0000000000000000)
   1.5707963267948966        0.0000000000000000     
       (0.18887108576704992,-1.20706487344673963E-016)
   3.1415926535897931        0.0000000000000000     
        (0.27257582184831897,2.41412974689347925E-016)
   1.0000000000000000                1           4
               (1.0000000000000004,0.0000000000000000)
  -1.5707963267948966        0.0000000000000000     
       (0.19028518756387469,-1.01417397380604353E-016)
   0.0000000000000000        0.0000000000000000     
               (4.0460168098361073,0.0000000000000000)
   1.5707963267948966        0.0000000000000000     
        (0.19028518756387469,1.01417397380604353E-016)
   3.1415926535897931        0.0000000000000000     
        (0.27453716312286414,2.41254415088853959E-016)
   1.0000000000000000                1           4
              (0.99999999999999967,0.0000000000000000)
  -1.5707963267948966        0.0000000000000000     
       (0.18497559688210186,-1.01354935416287159E-016)
   0.0000000000000000        0.0000000000000000     
               (4.0445069465220884,0.0000000000000000)
   1.5707963267948966        0.0000000000000000     
        (0.18497559688210186,1.01354935416287159E-016)
   3.1415926535897931        0.0000000000000000     
        (0.26746800765280687,2.41379339017488346E-016)
   1.0000000000000000                1           4
               (1.0000000000000018,0.0000000000000000)
  -1.5707963267948966        0.0000000000000000     
        (0.18581402512102374,1.20690215982252676E-016)
   0.0000000000000000        0.0000000000000000     
               (4.0459374140148885,0.0000000000000000)
   1.5707963267948966        0.0000000000000000     
       (0.18581402512102374,-1.20690215982252676E-016)
   3.1415926535897931        0.0000000000000000     
        (0.26773224581718658,2.41380431964505352E-016)
   1.0000000000000000                1           4
               (1.0000000000000020,0.0000000000000000)
  -1.5707963267948966        0.0000000000000000     
        (0.18295359366963482,1.20795873202692114E-016)
   0.0000000000000000        0.0000000000000000     
               (4.0463594635693356,0.0000000000000000)
   1.5707963267948966        0.0000000000000000     
       (0.18295359366963482,-1.20795873202692114E-016)
   3.1415926535897931        0.0000000000000000     
        (0.26504036007274101,2.41591746405384228E-016)
   1.0000000000000000                1           4
               (1.0000000000000469,0.0000000000000000)
  -1.5707963267948966        0.0000000000000000     
        (0.18687388120673343,1.20666906486021820E-016)
   0.0000000000000000        0.0000000000000000     
               (4.0460803845355482,0.0000000000000000)
   1.5707963267948966        0.0000000000000000     
       (0.18687388120673343,-1.20666906486021820E-016)
   3.1415926535897931        0.0000000000000000     
        (0.26894764154364870,2.41333812972043640E-016)
   1.0000000000000000                1           4
               (1.0000000000000013,0.0000000000000000)
  -1.5707963267948966        0.0000000000000000     
        (0.18231103119713721,3.42833954963863977E-016)
   0.0000000000000000        0.0000000000000000     
               (4.0447880585489715,0.0000000000000000)
   1.5707963267948966        0.0000000000000000     
       (0.18231103119713721,-3.42833954963863977E-016)
   3.1415926535897931        0.0000000000000000     
        (0.26511357744745201,2.41578700077665338E-016)
   1.0000000000000000                1           4
               (1.0000000000000029,0.0000000000000000)
  -1.5707963267948966        0.0000000000000000     
        (0.19176018061084366,1.20561125108905330E-016)
   0.0000000000000000        0.0000000000000000     
               (4.0463171928406751,0.0000000000000000)
   1.5707963267948966        0.0000000000000000     
       (0.19176018061084366,-1.20561125108905330E-016)
   3.1415926535897931        0.0000000000000000     
        (0.27502835006914228,2.41122250217810659E-016)
   1.0000000000000000                1           4
              (0.99999999999999456,0.0000000000000000)
  -1.5707963267948966        0.0000000000000000     
        (0.18874482699703732,1.20649281918038924E-016)
   0.0000000000000000        0.0000000000000000     
               (4.0455922981349843,0.0000000000000000)
   1.5707963267948966        0.0000000000000000     
       (0.18874482699703732,-1.20649281918038924E-016)
   3.1415926535897931        0.0000000000000000     
        (0.27260195744837090,2.41298563836077848E-016)
   1.0000000000000000                1           4
              (0.99999999999999722,0.0000000000000000)
  -1.5707963267948966        0.0000000000000000     
        (0.17970804191895129,1.20852173518759881E-016)
   0.0000000000000000        0.0000000000000000     
               (4.0438804726593585,0.0000000000000000)
   1.5707963267948966        0.0000000000000000     
       (0.17970804191895129,-1.20852173518759881E-016)
   3.1415926535897931        0.0000000000000000     
        (0.26286715535607674,2.41704347037519762E-016)
   1.0000000000000000                1           4
              (0.99999999999999944,0.0000000000000000)
  -1.5707963267948966        0.0000000000000000     
       (0.18345155548774195,-1.01315647806072073E-016)
   0.0000000000000000        0.0000000000000000     
               (4.0444850979359810,0.0000000000000000)
   1.5707963267948966        0.0000000000000000     
        (0.18345155548774195,1.01315647806072073E-016)
   3.1415926535897931        0.0000000000000000     
        (0.26572500418226974,2.41457914237918520E-016)
   1.0000000000000000                1           4
               (1.0000000000000042,0.0000000000000000)
  -1.5707963267948966        0.0000000000000000     
       (0.18576160964660193,-1.01340052306630373E-016)
   0.0000000000000000        0.0000000000000000     
               (4.0460445621650329,0.0000000000000000)
   1.5707963267948966        0.0000000000000000     
        (0.18576160964660193,1.01340052306630373E-016)
   3.1415926535897931        0.0000000000000000     
        (0.26798853679111212,2.41409105236801919E-016)
   1.0000000000000000                1           4
               (1.0000000000000016,0.0000000000000000)
  -1.5707963267948966        0.0000000000000000     
        (0.18402708429353409,9.72147185350693681E-018)
   0.0000000000000000        0.0000000000000000     
               (4.0457766740485734,0.0000000000000000)
   1.5707963267948966        0.0000000000000000     
       (0.18402708429353409,-9.72147185350693681E-018)
   3.1415926535897931        0.0000000000000000     
        (0.26606845206483143,2.41487548632045231E-016)
   1.0000000000000000                1           4
               (1.0000000000000027,0.0000000000000000)
  -1.5707963267948966        0.0000000000000000     
       (0.18740001810181561,-1.01322645969035138E-016)
   0.0000000000000000        0.0000000000000000     
               (4.0460901566779368,0.0000000000000000)
   1.5707963267948966        0.0000000000000000     
        (0.18740001810181561,1.01322645969035138E-016)
   3.1415926535897931        0.0000000000000000     
        (0.27178829331969601,2.41443917911992389E-016)
   1.0000000000000000                1           4
              (0.99999999999999456,0.0000000000000000)
  -1.5707963267948966        0.0000000000000000     
        (0.18241719078425389,1.20857329004606798E-016)
   0.0000000000000000        0.0000000000000000     
               (4.0460161976602631,0.0000000000000000)
   1.5707963267948966        0.0000000000000000     
       (0.18241719078425389,-1.20857329004606798E-016)
   3.1415926535897931        0.0000000000000000     
        (0.26631811903247493,2.41714658009213596E-016)
   1.0000000000000000                1           4
               (1.0000000000000138,0.0000000000000000)
  -1.5707963267948966        0.0000000000000000     
        (0.18668468254324577,3.42745040764603436E-016)
   0.0000000000000000        0.0000000000000000     
               (4.0458952135259603,0.0000000000000000)
   1.5707963267948966        0.0000000000000000     
       (0.18668468254324577,-3.42745040764603436E-016)
   3.1415926535897931        0.0000000000000000     
        (0.26984956702263818,2.41400871679144256E-016)
   1.0000000000000000                1           4
               (1.0000000000000007,0.0000000000000000)
  -1.5707963267948966        0.0000000000000000     
        (0.18728549494711166,1.20667066883622158E-016)
   0.0000000000000000        0.0000000000000000     
               (4.0459629545352476,0.0000000000000000)
   1.5707963267948966        0.0000000000000000     
       (0.18728549494711166,-1.20667066883622158E-016)
   3.1415926535897931        0.0000000000000000     
        (0.26989353800791127,2.41334133767244316E-016)
   1.0000000000000000                1           4
               (1.0000000000000007,0.0000000000000000)
  -1.5707963267948966        0.0000000000000000     
        (0.18755342867262226,2.31748219932493321E-016)
   0.0000000000000000        0.0000000000000000     
               (4.0468078083035435,0.0000000000000000)
   1.5707963267948966        0.0000000000000000     
       (0.18755342867262226,-2.31748219932493321E-016)
   3.1415926535897931        0.0000000000000000     
        (0.27150675771433308,2.41451834939955333E-016)
   1.0000000000000000                1           4
              (0.99999999999999645,0.0000000000000000)
  -1.5707963267948966        0.0000000000000000     
        (0.18190116841061899,1.20771304863788447E-016)
   0.0000000000000000        0.0000000000000000     
               (4.0467074396486238,0.0000000000000000)
   1.5707963267948966        0.0000000000000000     
       (0.18190116841061899,-1.20771304863788447E-016)
   3.1415926535897931        0.0000000000000000     
        (0.26178507062912815,2.41542609727576895E-016)
   1.0000000000000000                1           4
               (1.0000000000000029,0.0000000000000000)
  -1.5707963267948966        0.0000000000000000     
        (0.18342015465264239,1.20787659586023017E-016)
   0.0000000000000000        0.0000000000000000     
               (4.0458750071855443,0.0000000000000000)
   1.5707963267948966        0.0000000000000000     
       (0.18342015465264239,-1.20787659586023017E-016)
   3.1415926535897931        0.0000000000000000     
        (0.26618966134299016,2.41575319172046035E-016)
   1.0000000000000000                1           4
               (1.0000000000000029,0.0000000000000000)
  -1.5707963267948966        0.0000000000000000     
        (0.18240553473526122,2.31738517494414239E-016)
   0.0000000000000000        0.0000000000000000     
               (4.0436358862541981,0.0000000000000000)
   1.5707963267948966        0.0000000000000000     
       (0.18240553473526122,-2.31738517494414239E-016)
   3.1415926535897931        0.0000000000000000     
        (0.26406598621179866,2.41432430063797219E-016)
   1.0000000000000000                1           4
              (0.99999999999999856,0.0000000000000000)
  -1.5707963267948966        0.0000000000000000     
        (0.17750627762723714,1.20870945227383814E-016)
   0.0000000000000000        0.0000000000000000     
               (4.0433467644682350,0.0000000000000000)
   1.5707963267948966        0.0000000000000000     
       (0.17750627762723714,-1.20870945227383814E-016)
   3.1415926535897931        0.0000000000000000     
        (0.25961046549698397,2.41741890454767627E-016)
   1.0000000000000000                1           4
               (1.0000000000000029,0.0000000000000000)
  -1.5707963267948966        0.0000000000000000     
        (0.18199620574060271,1.20784686268736242E-016)
   0.0000000000000000        0.0000000000000000     
               (4.0434138034258993,0.0000000000000000)
   1.5707963267948966        0.0000000000000000     
       (0.18199620574060271,-1.20784686268736242E-016)
   3.1415926535897931        0.0000000000000000     
        (0.26570585136598945,2.41569372537472484E-016)
   1.0000000000000000                1           4
               (1.0000000000000016,0.0000000000000000)
  -1.5707963267948966        0.0000000000000000     
        (0.18004052170207774,1.20797121696465824E-016)
   0.0000000000000000        0.0000000000000000     
               (4.0444172530511775,0.0000000000000000)
   1.5707963267948966        0.0000000000000000     
       (0.18004052170207774,-1.20797121696465824E-016)
   3.1415926535897931        0.0000000000000000     
        (0.26119720555708348,2.41594243392931649E-016)
   1.0000000000000000                1           4
               (1.0000000000000029,0.0000000000000000)
  -1.5707963267948966        0.0000000000000000     
        (0.18704058956862202,1.20728606544233034E-016)
   0.0000000000000000        0.0000000000000000     
               (4.0474225714799195,0.0000000000000000)
   1.5707963267948966        0.0000000000000000     
       (0.18704058956862202,-1.20728606544233034E-016)
   3.1415926535897931        0.0000000000000000     
        (0.26995414816056096,2.41457213088466068E-016)
   1.0000000000000000                1           4
               (1.0000000000000029,0.0000000000000000)
  -1.5707963267948966        0.0000000000000000     
        (0.18234526202072587,1.20734687703301027E-016)
   0.0000000000000000        0.0000000000000000     
               (4.0438812743581183,0.0000000000000000)
   1.5707963267948966        0.0000000000000000     
       (0.18234526202072587,-1.20734687703301027E-016)
   3.1415926535897931        0.0000000000000000     
        (0.26430341591513906,2.41469375406602055E-016)
   1.0000000000000000                1           4
               (1.0000000000000007,0.0000000000000000)
  -1.5707963267948966        0.0000000000000000     
        (0.17885062044348665,1.20831150197539027E-016)
   0.0000000000000000        0.0000000000000000     
               (4.0429690144888850,0.0000000000000000)
   1.5707963267948966        0.0000000000000000     
       (0.17885062044348665,-1.20831150197539027E-016)
   3.1415926535897931        0.0000000000000000     
        (0.26137709679390808,2.41662300395078054E-016)
   1.0000000000000000                1           4
               (1.0000000000000036,0.0000000000000000)
  -1.5707963267948966        0.0000000000000000     
        (0.18692101757687474,3.42769203153961640E-016)
   0.0000000000000000        0.0000000000000000     
               (4.0456413087136660,0.0000000000000000)
   1.5707963267948966        0.0000000000000000     
       (0.18692101757687474,-3.42769203153961640E-016)
   3.1415926535897931        0.0000000000000000     
        (0.27136534543009727,2.41449196457860565E-016)
   1.0000000000000000                1           4
               (1.0000000000000047,0.0000000000000000)
  -1.5707963267948966        0.0000000000000000     
       (0.18713116231489524,-1.01305772227997910E-016)
   0.0000000000000000        0.0000000000000000     
               (4.0463865232992760,0.0000000000000000)
   1.5707963267948966        0.0000000000000000     
        (0.18713116231489524,1.01305772227997910E-016)
   3.1415926535897931        0.0000000000000000     
        (0.27150535333184123,2.41477665394066845E-016)
   1.0000000000000000                1           4
               (1.0000000000000036,0.0000000000000000)
  -1.5707963267948966        0.0000000000000000     
        (0.18868179279397579,3.42701150561699402E-016)
   0.0000000000000000        0.0000000000000000     
               (4.0463161942131176,0.0000000000000000)
   1.5707963267948966        0.0000000000000000     
       (0.18868179279397579,-3.42701150561699402E-016)
   3.1415926535897931        0.0000000000000000     
        (0.27198924401916724,2.41313091273336188E-016)
   1.0000000000000000                1           4
               (1.0000000000000155,0.0000000000000000)
  -1.5707963267948966        0.0000000000000000     
        (0.18673844173495857,1.20686622313662709E-016)
   0.0000000000000000        0.0000000000000000     
               (4.0450698511270735,0.0000000000000000)
   1.5707963267948966        0.0000000000000000     
       (0.18673844173495857,-1.20686622313662709E-016)
   3.1415926535897931        0.0000000000000000     
        (0.27033126380907346,2.41373244627325417E-016)
   1.0000000000000000                1           4
               (1.0000000000000033,0.0000000000000000)
  -1.5707963267948966        0.0000000000000000     
        (0.18586372450466127,1.20725622806925579E-016)
   0.0000000000000000        0.0000000000000000     
               (4.0464273825299726,0.0000000000000000)
   1.5707963267948966        0.0000000000000000     
       (0.18586372450466127,-1.20725622806925579E-016)
   3.1415926535897931        0.0000000000000000     
        (0.26849815072631622,2.41451245613851158E-016)
   1.0000000000000000                1           4
               (1.0000000000000211,0.0000000000000000)
  -1.5707963267948966        0.0000000000000000     
        (0.17945247274336862,3.42885856357391474E-016)
   0.0000000000000000        0.0000000000000000     
               (4.0442551975191749,0.0000000000000000)
   1.5707963267948966        0.0000000000000000     
       (0.17945247274336862,-3.42885856357391474E-016)
   3.1415926535897931        0.0000000000000000     
        (0.26162454973063576,2.41682502864720331E-016)
   1.0000000000000000                1           4
               (1.0000000000000000,0.0000000000000000)
  -1.5707963267948966        0.0000000000000000     
        (0.18464345178288466,1.20737093736064349E-016)
   0.0000000000000000        0.0000000000000000     
               (4.0461859121858987,0.0000000000000000)
   1.5707963267948966        0.0000000000000000     
       (0.18464345178288466,-1.20737093736064349E-016)
   3.1415926535897931        0.0000000000000000     
        (0.26667374460557525,2.41474187472128699E-016)
   1.0000000000000000                1           4
               (1.0000000000000151,0.0000000000000000)
  -1.5707963267948966        0.0000000000000000     
        (0.18108929038353694,3.42805305110571626E-016)
   0.0000000000000000        0.0000000000000000     
               (4.0438424960030606,0.0000000000000000)
   1.5707963267948966        0.0000000000000000     
       (0.18108929038353694,-3.42805305110571626E-016)
   3.1415926535897931        0.0000000000000000     
        (0.26267988314305979,2.41521400371080636E-016)
   1.0000000000000000                1           4
              (0.99999999999999445,0.0000000000000000)
  -1.5707963267948966        0.0000000000000000     
        (0.18670951451404594,1.20740826757545849E-016)
   0.0000000000000000        0.0000000000000000     
               (4.0459619336506067,0.0000000000000000)
   1.5707963267948966        0.0000000000000000     
       (0.18670951451404594,-1.20740826757545849E-016)
   3.1415926535897931        0.0000000000000000     
        (0.27115177833783954,2.41481653515091697E-016)
   1.0000000000000000                1           4
               (1.0000000000000158,0.0000000000000000)
  -1.5707963267948966        0.0000000000000000     
        (0.18771054111326901,1.20748507142038057E-016)
   0.0000000000000000        0.0000000000000000     
               (4.0472042054928483,0.0000000000000000)
   1.5707963267948966        0.0000000000000000     
       (0.18771054111326901,-1.20748507142038057E-016)
   3.1415926535897931        0.0000000000000000     
        (0.27216242008897773,2.41497014284076114E-016)
   1.0000000000000000                1           4
               (1.0000000000000022,0.0000000000000000)
  -1.5707963267948966        0.0000000000000000     
        (0.18859869516499916,1.20671562208542235E-016)
   0.0000000000000000        0.0000000000000000     
               (4.0471565723135337,0.0000000000000000)
   1.5707963267948966        0.0000000000000000     
       (0.18859869516499916,-1.20671562208542235E-016)
   3.1415926535897931        0.0000000000000000     
        (0.27147314911988096,2.41343124417084470E-016)
   1.0000000000000000                1           4
               (1.0000000000000060,0.0000000000000000)
  -1.5707963267948966        0.0000000000000000     
        (0.18166771186309549,3.42749540042377442E-016)
   0.0000000000000000        0.0000000000000000     
               (4.0423018043329000,0.0000000000000000)
   1.5707963267948966        0.0000000000000000     
       (0.18166771186309549,-3.42749540042377442E-016)
   3.1415926535897931        0.0000000000000000     
        (0.26355599241988437,2.41409870234692268E-016)
   1.0000000000000000                1           4
               (1.0000000000000067,0.0000000000000000)
  -1.5707963267948966        0.0000000000000000     
        (0.18732126921217829,9.71731771063345739E-018)
   0.0000000000000000        0.0000000000000000     
               (4.0460336781287500,0.0000000000000000)
   1.5707963267948966        0.0000000000000000     
       (0.18732126921217829,-9.71731771063345739E-018)
   3.1415926535897931        0.0000000000000000     
        (0.27226413321879495,2.41479240346298223E-016)
   1.0000000000000000                1           4
               (1.0000000000000053,0.0000000000000000)
  -1.5707963267948966        0.0000000000000000     
        (0.19145951987327736,1.20609379929916108E-016)
   0.0000000000000000        0.0000000000000000     
               (4.0464364782738667,0.0000000000000000)
   1.5707963267948966        0.0000000000000000     
       (0.19145951987327736,-1.20609379929916108E-016)
   3.1415926535897931        0.0000000000000000     
        (0.27588386522456276,2.41218759859832216E-016)
   1.0000000000000000                1           4
               (1.0000000000000087,0.0000000000000000)
  -1.5707963267948966        0.0000000000000000     
        (0.18945395296470979,3.42709857874089307E-016)
   0.0000000000000000        0.0000000000000000     
               (4.0481008055406011,0.0000000000000000)
   1.5707963267948966        0.0000000000000000     
       (0.18945395296470979,-3.42709857874089307E-016)
   3.1415926535897931        0.0000000000000000     
        (0.27203335543867857,2.41330505898115997E-016)
   1.0000000000000000                1           4
               (1.0000000000000022,0.0000000000000000)
  -1.5707963267948966        0.0000000000000000     
        (0.18215907731676129,3.42878048797206934E-016)
   0.0000000000000000        0.0000000000000000     
               (4.0452639142087063,0.0000000000000000)
   1.5707963267948966        0.0000000000000000     
       (0.18215907731676129,-3.42878048797206934E-016)
   3.1415926535897931        0.0000000000000000     
        (0.26577402791961180,2.41666887744351153E-016)
   1.0000000000000000                1           4
              (0.99999999999999556,0.0000000000000000)
  -1.5707963267948966        0.0000000000000000     
        (0.19223357020607135,1.20615232007498380E-016)
   0.0000000000000000        0.0000000000000000     
               (4.0482763175068586,0.0000000000000000)
   1.5707963267948966        0.0000000000000000     
       (0.19223357020607135,-1.20615232007498380E-016)
   3.1415926535897931        0.0000000000000000     
        (0.27578327001657876,2.41230464014996761E-016)
   1.0000000000000000                1           4
               (1.0000000000000002,0.0000000000000000)
  -1.5707963267948966        0.0000000000000000     
        (0.18699645768951956,3.42788991192837935E-016)
   0.0000000000000000        0.0000000000000000     
               (4.0472658885557529,0.0000000000000000)
   1.5707963267948966        0.0000000000000000     
       (0.18699645768951956,-3.42788991192837935E-016)
   3.1415926535897931        0.0000000000000000     
        (0.27053797221173737,2.41488772535613155E-016)
   1.0000000000000000                1           4
               (1.0000000000000018,0.0000000000000000)
  -1.5707963267948966        0.0000000000000000     
        (0.18542489070776158,1.20679523082824521E-016)
   0.0000000000000000        0.0000000000000000     
               (4.0455746296925490,0.0000000000000000)
   1.5707963267948966        0.0000000000000000     
       (0.18542489070776158,-1.20679523082824521E-016)
   3.1415926535897931        0.0000000000000000     
        (0.26696750471311925,2.41359046165649042E-016)
   1.0000000000000000                1           4
              (0.99999999999999500,0.0000000000000000)
  -1.5707963267948966        0.0000000000000000     
        (0.18919990613770699,1.20645699786126579E-016)
   0.0000000000000000        0.0000000000000000     
               (4.0483269920041618,0.0000000000000000)
   1.5707963267948966        0.0000000000000000     
       (0.18919990613770699,-1.20645699786126579E-016)
   3.1415926535897931        0.0000000000000000     
        (0.27066042055322082,2.41291399572253157E-016)
   1.0000000000000000                1           4
               (1.0000000000000016,0.0000000000000000)
  -1.5707963267948966        0.0000000000000000     
        (0.17760623931119701,1.20945200427320331E-016)
   0.0000000000000000        0.0000000000000000     
               (4.0446347772676621,0.0000000000000000)
   1.5707963267948966        0.0000000000000000     
       (0.17760623931119701,-1.20945200427320331E-016)
   3.1415926535897931        0.0000000000000000     
        (0.26094773495224177,2.41890400854640662E-016)
   1.0000000000000000                1           4
               (1.0000000000000082,0.0000000000000000)
  -1.5707963267948966        0.0000000000000000     
        (0.18852885280344778,3.42744816660105656E-016)
   0.0000000000000000        0.0000000000000000     
               (4.0472390313511157,0.0000000000000000)
   1.5707963267948966        0.0000000000000000     
       (0.18852885280344778,-3.42744816660105656E-016)
   3.1415926535897931        0.0000000000000000     
        (0.27218676990949875,2.41400423470148597E-016)
   1.0000000000000000                1           4
               (1.0000000000000009,0.0000000000000000)
  -1.5707963267948966        0.0000000000000000     
        (0.18277401755798328,1.20726399346499564E-016)
   0.0000000000000000        0.0000000000000000     
               (4.0425220184724378,0.0000000000000000)
   1.5707963267948966        0.0000000000000000     
       (0.18277401755798328,-1.20726399346499564E-016)
   3.1415926535897931        0.0000000000000000     
        (0.26624946459779575,2.41452798692999127E-016)
   1.0000000000000000                1           4
               (1.0000000000000056,0.0000000000000000)
  -1.5707963267948966        0.0000000000000000     
        (0.19068598689639893,1.20708185626868564E-016)
   0.0000000000000000        0.0000000000000000     
               (4.0486932513366156,0.0000000000000000)
   1.5707963267948966        0.0000000000000000     
       (0.19068598689639893,-1.20708185626868564E-016)
   3.1415926535897931        0.0000000000000000     
        (0.27530726518083737,2.41416371253737129E-016)
   1.0000000000000000                1           4
               (1.0000000000000042,0.0000000000000000)
  -1.5707963267948966        0.0000000000000000     
        (0.18830438358953006,1.20638999785646309E-016)
   0.0000000000000000        0.0000000000000000     
               (4.0483494942667972,0.0000000000000000)
   1.5707963267948966        0.0000000000000000     
       (0.18830438358953006,-1.20638999785646309E-016)
   3.1415926535897931        0.0000000000000000     
        (0.26862803457121165,2.41277999571292617E-016)
   1.0000000000000000                1           4
               (1.0000000000000124,0.0000000000000000)
  -1.5707963267948966        0.0000000000000000     
        (0.18257611453333433,1.20737552989321015E-016)
   0.0000000000000000        0.0000000000000000     
               (4.0459675350110027,0.0000000000000000)
   1.5707963267948966        0.0000000000000000     
       (0.18257611453333433,-1.20737552989321015E-016)
   3.1415926535897931        0.0000000000000000     
        (0.26277244763108720,2.41475105978642030E-016)
   1.0000000000000000                1           4
               (1.0000000000000018,0.0000000000000000)
  -1.5707963267948966        0.0000000000000000     
       (0.18513233228933212,-1.01317126157685044E-016)
   0.0000000000000000        0.0000000000000000     
               (4.0442213172179207,0.0000000000000000)
   1.5707963267948966        0.0000000000000000     
        (0.18513233228933212,1.01317126157685044E-016)
   3.1415926535897931        0.0000000000000000     
        (0.26930205187543121,2.41454957534692528E-016)
   1.0000000000000000                1           4
               (1.0000000000000040,0.0000000000000000)
  -1.5707963267948966        0.0000000000000000     
        (0.18735211491509840,1.20740076360835772E-016)
   0.0000000000000000        0.0000000000000000     
               (4.0472086386506909,0.0000000000000000)
   1.5707963267948966        0.0000000000000000     
       (0.18735211491509840,-1.20740076360835772E-016)
   3.1415926535897931        0.0000000000000000     
        (0.27116576432329598,2.41480152721671545E-016)
   1.0000000000000000                1           4
              (0.99999999999999922,0.0000000000000000)
  -1.5707963267948966        0.0000000000000000     
        (0.18849619706822240,1.20635732835001398E-016)
   0.0000000000000000        0.0000000000000000     
               (4.0464629444721858,0.0000000000000000)
   1.5707963267948966        0.0000000000000000     
       (0.18849619706822240,-1.20635732835001398E-016)
   3.1415926535897931        0.0000000000000000     
        (0.27079150461733525,2.41271465670002795E-016)
   1.0000000000000000                1           4
               (1.0000000000000060,0.0000000000000000)
  -1.5707963267948966        0.0000000000000000     
        (0.18277088559986798,3.42826111658247698E-016)
   0.0000000000000000        0.0000000000000000     
               (4.0433363969073772,0.0000000000000000)
   1.5707963267948966        0.0000000000000000     
       (0.18277088559986798,-3.42826111658247698E-016)
   3.1415926535897931        0.0000000000000000     
        (0.26722876609182844,2.41563013466432780E-016)
   1.0000000000000000                1           4
              (0.99999999999999734,0.0000000000000000)
  -1.5707963267948966        0.0000000000000000     
        (0.18470060789605391,9.71356164961466286E-018)
   0.0000000000000000        0.0000000000000000     
               (4.0459042000078833,0.0000000000000000)
   1.5707963267948966        0.0000000000000000     
       (0.18470060789605391,-9.71356164961466286E-018)
   3.1415926535897931        0.0000000000000000     
        (0.26702960644436602,2.41471728224260634E-016)
   1.0000000000000000                1           4
               (1.0000000000000000,0.0000000000000000)
  -1.5707963267948966        0.0000000000000000     
        (0.18404774024256598,9.75671414827993098E-018)
   0.0000000000000000        0.0000000000000000     
               (4.0442008856757621,0.0000000000000000)
   1.5707963267948966        0.0000000000000000     
       (0.18404774024256598,-9.75671414827993098E-018)
   3.1415926535897931        0.0000000000000000     
        (0.26883665303829385,2.41558033221591170E-016)
   1.0000000000000000                1           4
              (0.99999999999999856,0.0000000000000000)
  -1.5707963267948966        0.0000000000000000     
        (0.18741384756369939,1.20691604336776437E-016)
   0.0000000000000000        0.0000000000000000     
               (4.0479685654609376,0.0000000000000000)
   1.5707963267948966        0.0000000000000000     
       (0.18741384756369939,-1.20691604336776437E-016)
   3.1415926535897931        0.0000000000000000     
        (0.26894608635655703,2.41383208673552874E-016)
   1.0000000000000000                1           4
               (1.0000000000000029,0.0000000000000000)
  -1.5707963267948966        0.0000000000000000     
       (0.18292318579842359,-1.01270388430727970E-016)
   0.0000000000000000        0.0000000000000000     
               (4.0441985273930623,0.0000000000000000)
   1.5707963267948966        0.0000000000000000     
        (0.18292318579842359,1.01270388430727970E-016)
   3.1415926535897931        0.0000000000000000     
        (0.26643311872999342,2.41548432988606676E-016)
   1.0000000000000000                1           4
              (0.99999999999999367,0.0000000000000000)
  -1.5707963267948966        0.0000000000000000     
        (0.18155129269983905,1.20833142260494517E-016)
   0.0000000000000000        0.0000000000000000     
               (4.0466854830849490,0.0000000000000000)
   1.5707963267948966        0.0000000000000000     
       (0.18155129269983905,-1.20833142260494517E-016)
   3.1415926535897931        0.0000000000000000     
        (0.26312703842441354,2.41666284520989034E-016)
   1.0000000000000000                1           4
               (1.0000000000000027,0.0000000000000000)
  -1.5707963267948966        0.0000000000000000     
        (0.18328013797694287,3.42811529596828686E-016)
   0.0000000000000000        0.0000000000000000     
               (4.0460948936406291,0.0000000000000000)
   1.5707963267948966        0.0000000000000000     
       (0.18328013797694287,-3.42811529596828686E-016)
   3.1415926535897931        0.0000000000000000     
        (0.26501248784213272,2.41533849343594756E-016)
   1.0000000000000000                1           4
               (1.0000000000000004,0.0000000000000000)
  -1.5707963267948966        0.0000000000000000     
        (0.18791178229395222,4.53802733163286870E-016)
   0.0000000000000000        0.0000000000000000     
               (4.0488465579901733,0.0000000000000000)
   1.5707963267948966        0.0000000000000000     
       (0.18791178229395222,-4.53802733163286870E-016)
   3.1415926535897931        0.0000000000000000     
        (0.27050834509633714,2.41471651551479717E-016)
   1.0000000000000000                1           4
               (1.0000000000000053,0.0000000000000000)
  -1.5707963267948966        0.0000000000000000     
        (0.18476532559198189,1.20767832378539909E-016)
   0.0000000000000000        0.0000000000000000     
               (4.0462164663985085,0.0000000000000000)
   1.5707963267948966        0.0000000000000000     
       (0.18476532559198189,-1.20767832378539909E-016)
   3.1415926535897931        0.0000000000000000     
        (0.26789093826648092,2.41535664757079817E-016)
   1.0000000000000000                1           4
              (0.99999999999999967,0.0000000000000000)
  -1.5707963267948966        0.0000000000000000     
        (0.18514945257291526,1.20668108056778044E-016)
   0.0000000000000000        0.0000000000000000     
               (4.0457946795436133,0.0000000000000000)
   1.5707963267948966        0.0000000000000000     
       (0.18514945257291526,-1.20668108056778044E-016)
   3.1415926535897931        0.0000000000000000     
        (0.26582373554718652,2.41336216113556087E-016)
   1.0000000000000000                1           4
               (1.0000000000000040,0.0000000000000000)
  -1.5707963267948966        0.0000000000000000     
        (0.18058171112838062,3.42901999221858822E-016)
   0.0000000000000000        0.0000000000000000     
               (4.0452896585495646,0.0000000000000000)
   1.5707963267948966        0.0000000000000000     
       (0.18058171112838062,-3.42901999221858822E-016)
   3.1415926535897931        0.0000000000000000     
        (0.26337583143719490,2.41714788593655029E-016)
   1.0000000000000000                1           4
               (1.0000000000000020,0.0000000000000000)
  -1.5707963267948966        0.0000000000000000     
        (0.18772567558865216,1.20665171181964300E-016)
   0.0000000000000000        0.0000000000000000     
               (4.0460545996707964,0.0000000000000000)
   1.5707963267948966        0.0000000000000000     
       (0.18772567558865216,-1.20665171181964300E-016)
   3.1415926535897931        0.0000000000000000     
        (0.27062033584041079,2.41330342363928600E-016)
   1.0000000000000000                1           4
               (1.0000000000000009,0.0000000000000000)
  -1.5707963267948966        0.0000000000000000     
        (0.18858317817426018,1.20661315001968067E-016)
   0.0000000000000000        0.0000000000000000     
               (4.0460069977333593,0.0000000000000000)
   1.5707963267948966        0.0000000000000000     
       (0.18858317817426018,-1.20661315001968067E-016)
   3.1415926535897931        0.0000000000000000     
        (0.27225699055204888,2.41322630003936134E-016)
   1.0000000000000000                1           4
               (1.0000000000000171,0.0000000000000000)
  -1.5707963267948966        0.0000000000000000     
        (0.17991402395812994,1.20798134020048512E-016)
   0.0000000000000000        0.0000000000000000     
               (4.0439007770271544,0.0000000000000000)
   1.5707963267948966        0.0000000000000000     
       (0.17991402395812994,-1.20798134020048512E-016)
   3.1415926535897931        0.0000000000000000     
        (0.26149375109067485,2.41596268040097023E-016)
   1.0000000000000000                1           4
               (1.0000000000000060,0.0000000000000000)
  -1.5707963267948966        0.0000000000000000     
        (0.18378607434432459,1.20763859719903136E-016)
   0.0000000000000000        0.0000000000000000     
               (4.0461001154770573,0.0000000000000000)
   1.5707963267948966        0.0000000000000000     
       (0.18378607434432459,-1.20763859719903136E-016)
   3.1415926535897931        0.0000000000000000     
        (0.26591902981448590,2.41527719439806273E-016)
   1.0000000000000000                1           4
              (0.99999999999999778,0.0000000000000000)
  -1.5707963267948966        0.0000000000000000     
        (0.18364604691333708,1.20799132861866441E-016)
   0.0000000000000000        0.0000000000000000     
               (4.0472579816035026,0.0000000000000000)
   1.5707963267948966        0.0000000000000000     
       (0.18364604691333708,-1.20799132861866441E-016)
   3.1415926535897931        0.0000000000000000     
        (0.26563321707435017,2.41598265723732882E-016)
   1.0000000000000000                1           4
               (1.0000000000000051,0.0000000000000000)
  -1.5707963267948966        0.0000000000000000     
        (0.18436678000696616,3.42824875587785119E-016)
   0.0000000000000000        0.0000000000000000     
               (4.0453078966955243,0.0000000000000000)
   1.5707963267948966        0.0000000000000000     
       (0.18436678000696616,-3.42824875587785119E-016)
   3.1415926535897931        0.0000000000000000     
        (0.26840868199271539,2.41560541325507622E-016)
   1.0000000000000000                1           4
               (1.0000000000000044,0.0000000000000000)
  -1.5707963267948966        0.0000000000000000     
        (0.18655032244342329,1.20675022463225158E-016)
   0.0000000000000000        0.0000000000000000     
               (4.0468601911971893,0.0000000000000000)
   1.5707963267948966        0.0000000000000000     
       (0.18655032244342329,-1.20675022463225158E-016)
   3.1415926535897931        0.0000000000000000     
        (0.26778580528797225,2.41350044926450316E-016)
   1.0000000000000000                1           4
              (0.99999999999999012,0.0000000000000000)
  -1.5707963267948966        0.0000000000000000     
        (0.18471025392655160,1.20765638076432531E-016)
   0.0000000000000000        0.0000000000000000     
               (4.0470295473416718,0.0000000000000000)
   1.5707963267948966        0.0000000000000000     
       (0.18471025392655160,-1.20765638076432531E-016)
   3.1415926535897931        0.0000000000000000     
        (0.26689604264659905,2.41531276152865061E-016)
   1.0000000000000000                1           4
               (1.0000000000000053,0.0000000000000000)
  -1.5707963267948966        0.0000000000000000     
        (0.18280138607132468,3.42824846148688105E-016)
   0.0000000000000000        0.0000000000000000     
               (4.0438729573459078,0.0000000000000000)
   1.5707963267948966        0.0000000000000000     
       (0.18280138607132468,-3.42824846148688105E-016)
   3.1415926535897931        0.0000000000000000     
        (0.26671187191716861,2.41560482447313594E-016)
   1.0000000000000000                1           4
               (1.0000000000000056,0.0000000000000000)
  -1.5707963267948966        0.0000000000000000     
        (0.18199002532524400,1.20777090981543577E-016)
   0.0000000000000000        0.0000000000000000     
               (4.0423186919609195,0.0000000000000000)
   1.5707963267948966        0.0000000000000000     
       (0.18199002532524400,-1.20777090981543577E-016)
   3.1415926535897931        0.0000000000000000     
        (0.26654052109405235,2.41554181963087154E-016)
   1.0000000000000000                1           4
              (0.99999999999997780,0.0000000000000000)
  -1.5707963267948966        0.0000000000000000     
        (0.18688241694153174,1.20767637172252250E-016)
   0.0000000000000000        0.0000000000000000     
               (4.0475283349266826,0.0000000000000000)
   1.5707963267948966        0.0000000000000000     
       (0.18688241694153174,-1.20767637172252250E-016)
   3.1415926535897931        0.0000000000000000     
        (0.27080687651619262,2.41535274344504500E-016)
   1.0000000000000000                1           4
               (1.0000000000000040,0.0000000000000000)
  -1.5707963267948966        0.0000000000000000     
        (0.18329073054175471,1.20792256731181067E-016)
   0.0000000000000000        0.0000000000000000     
               (4.0469811987624560,0.0000000000000000)
   1.5707963267948966        0.0000000000000000     
       (0.18329073054175471,-1.20792256731181067E-016)
   3.1415926535897931        0.0000000000000000     
        (0.26497477570013850,2.41584513462362134E-016)
   1.0000000000000000                1           4
              (0.99999999999999611,0.0000000000000000)
  -1.5707963267948966        0.0000000000000000     
        (0.18496110174727676,1.20791492937859552E-016)
   0.0000000000000000        0.0000000000000000     
               (4.0467697524795057,0.0000000000000000)
   1.5707963267948966        0.0000000000000000     
       (0.18496110174727676,-1.20791492937859552E-016)
   3.1415926535897931        0.0000000000000000     
        (0.26850201701103216,2.41582985875719104E-016)
   1.0000000000000000                1           4
               (1.0000000000000067,0.0000000000000000)
  -1.5707963267948966        0.0000000000000000     
        (0.18688315104148256,1.20702749072159520E-016)
   0.0000000000000000        0.0000000000000000     
               (4.0467077676558247,0.0000000000000000)
   1.5707963267948966        0.0000000000000000     
       (0.18688315104148256,-1.20702749072159520E-016)
   3.1415926535897931        0.0000000000000000     
        (0.26950950579937594,2.41405498144319040E-016)
   1.0000000000000000                1           4
              (0.99999999999999967,0.0000000000000000)
  -1.5707963267948966        0.0000000000000000     
        (0.19006395618888239,3.42673149203304749E-016)
   0.0000000000000000        0.0000000000000000     
               (4.0476272160820388,0.0000000000000000)
   1.5707963267948966        0.0000000000000000     
       (0.19006395618888239,-3.42673149203304749E-016)
   3.1415926535897931        0.0000000000000000     
        (0.27252795516774420,2.41257088556546882E-016)
   1.0000000000000000                1           4
               (1.0000000000000089,0.0000000000000000)
  -1.5707963267948966        0.0000000000000000     
        (0.18702487464019468,1.20689164816239213E-016)
   0.0000000000000000        0.0000000000000000     
               (4.0454904914985734,0.0000000000000000)
   1.5707963267948966        0.0000000000000000     
       (0.18702487464019468,-1.20689164816239213E-016)
   3.1415926535897931        0.0000000000000000     
        (0.27056653368431138,2.41378329632478426E-016)
   1.0000000000000000                1           4
               (1.0000000000000095,0.0000000000000000)
  -1.5707963267948966        0.0000000000000000     
       (0.18684788992448598,-3.23385098971192713E-016)
   0.0000000000000000        0.0000000000000000     
               (4.0469094013232132,0.0000000000000000)
   1.5707963267948966        0.0000000000000000     
        (0.18684788992448598,3.23385098971192713E-016)
   3.1415926535897931        0.0000000000000000     
        (0.26928182988067351,2.41408221757739856E-016)
   1.0000000000000000                1           4
               (1.0000000000000016,0.0000000000000000)
  -1.5707963267948966        0.0000000000000000     
        (0.18863894907401990,9.63831993797453100E-018)
   0.0000000000000000        0.0000000000000000     
               (4.0475212950016175,0.0000000000000000)
   1.5707963267948966        0.0000000000000000     
       (0.18863894907401990,-9.63831993797453100E-018)
   3.1415926535897931        0.0000000000000000     
        (0.27083161300228642,2.41321244800980370E-016)
   1.0000000000000000                1           4
               (1.0000000000000018,0.0000000000000000)
  -1.5707963267948966        0.0000000000000000     
        (0.18354998432056024,1.20853528366646867E-016)
   0.0000000000000000        0.0000000000000000     
               (4.0470125884654671,0.0000000000000000)
   1.5707963267948966        0.0000000000000000     
       (0.18354998432056024,-1.20853528366646867E-016)
   3.1415926535897931        0.0000000000000000     
        (0.26746317704344647,2.41707056733293735E-016)
   1.0000000000000000                1           4
              (0.99999999999999867,0.0000000000000000)
  -1.5707963267948966        0.0000000000000000     
       (0.18236857573156251,-1.01196648053741637E-016)
   0.0000000000000000        0.0000000000000000     
               (4.0461647960493234,0.0000000000000000)
   1.5707963267948966        0.0000000000000000     
        (0.18236857573156251,1.01196648053741637E-016)
   3.1415926535897931        0.0000000000000000     
        (0.26576617343312758,2.41695913742579392E-016)
   1.0000000000000000                1           4
               (1.0000000000000013,0.0000000000000000)
  -1.5707963267948966        0.0000000000000000     
        (0.18263502957451949,1.20782293977962799E-016)
   0.0000000000000000        0.0000000000000000     
               (4.0452181678364365,0.0000000000000000)
   1.5707963267948966        0.0000000000000000     
       (0.18263502957451949,-1.20782293977962799E-016)
   3.1415926535897931        0.0000000000000000     
        (0.26510099647683860,2.41564587955925599E-016)
   1.0000000000000000                1           4
              (0.99999999999987688,0.0000000000000000)
  -1.5707963267948966        0.0000000000000000     
        (0.18626619791072507,3.42822168471646506E-016)
   0.0000000000000000        0.0000000000000000     
               (4.0487074511663774,0.0000000000000000)
   1.5707963267948966        0.0000000000000000     
       (0.18626619791072507,-3.42822168471646506E-016)
   3.1415926535897931        0.0000000000000000     
        (0.26871954220614647,2.41555127093230396E-016)
   1.0000000000000000                1           4
              (0.99999999999999978,0.0000000000000000)
  -1.5707963267948966        0.0000000000000000     
       (0.18427637797428620,-1.01332956523862453E-016)
   0.0000000000000000        0.0000000000000000     
               (4.0452074027214291,0.0000000000000000)
   1.5707963267948966        0.0000000000000000     
        (0.18427637797428620,1.01332956523862453E-016)
   3.1415926535897931        0.0000000000000000     
        (0.26608699874364672,2.41423296802337711E-016)
   1.0000000000000000                1           4
              (0.99999999999999734,0.0000000000000000)
  -1.5707963267948966        0.0000000000000000     
        (0.19004682492956815,1.20735618601787966E-016)
   0.0000000000000000        0.0000000000000000     
               (4.0492585127397653,0.0000000000000000)
   1.5707963267948966        0.0000000000000000     
       (0.19004682492956815,-1.20735618601787966E-016)
   3.1415926535897931        0.0000000000000000     
        (0.27435970880318417,2.41471237203575931E-016)
   1.0000000000000000                1           4
               (1.0000000000000009,0.0000000000000000)
  -1.5707963267948966        0.0000000000000000     
        (0.18585964464533467,1.20724112372439408E-016)
   0.0000000000000000        0.0000000000000000     
               (4.0462482177277046,0.0000000000000000)
   1.5707963267948966        0.0000000000000000     
       (0.18585964464533467,-1.20724112372439408E-016)
   3.1415926535897931        0.0000000000000000     
        (0.26861982127568940,2.41448224744878817E-016)
   1.0000000000000000                1           4
              (0.99999999999999922,0.0000000000000000)
  -1.5707963267948966        0.0000000000000000     
       (0.18529042127568651,-1.01335111727516910E-016)
   0.0000000000000000        0.0000000000000000     
               (4.0451224681328091,0.0000000000000000)
   1.5707963267948966        0.0000000000000000     
        (0.18529042127568651,1.01335111727516910E-016)
   3.1415926535897931        0.0000000000000000     
        (0.26812962564159548,2.41418986395028844E-016)
   1.0000000000000000                1           4
              (0.99999999999999623,0.0000000000000000)
  -1.5707963267948966        0.0000000000000000     
        (0.18482018452619242,1.20731939392754510E-016)
   0.0000000000000000        0.0000000000000000     
               (4.0463522310440130,0.0000000000000000)
   1.5707963267948966        0.0000000000000000     
       (0.18482018452619242,-1.20731939392754510E-016)
   3.1415926535897931        0.0000000000000000     
        (0.26669253760547351,2.41463878785509020E-016)
   1.0000000000000000                1           4
               (1.0000000000000036,0.0000000000000000)
  -1.5707963267948966        0.0000000000000000     
       (0.18152082911670497,-1.01221008606087426E-016)
   0.0000000000000000        0.0000000000000000     
               (4.0448087738154666,0.0000000000000000)
   1.5707963267948966        0.0000000000000000     
        (0.18152082911670497,1.01221008606087426E-016)
   3.1415926535897931        0.0000000000000000     
        (0.26463102641499847,2.41647192637887813E-016)
   1.0000000000000000                1           4
               (1.0000000000000089,0.0000000000000000)
  -1.5707963267948966        0.0000000000000000     
        (0.18134791462526123,1.20828467532314788E-016)
   0.0000000000000000        0.0000000000000000     
               (4.0434484033604985,0.0000000000000000)
   1.5707963267948966        0.0000000000000000     
       (0.18134791462526123,-1.20828467532314788E-016)
   3.1415926535897931        0.0000000000000000     
        (0.26580467379008010,2.41656935064629575E-016)
   1.0000000000000000                1           4
               (1.0000000000000020,0.0000000000000000)
  -1.5707963267948966        0.0000000000000000     
        (0.18245635126530646,1.20802911348513151E-016)
   0.0000000000000000        0.0000000000000000     
               (4.0462257855027026,0.0000000000000000)
   1.5707963267948966        0.0000000000000000     
       (0.18245635126530646,-1.20802911348513151E-016)
   3.1415926535897931        0.0000000000000000     
        (0.26440943661872962,2.41605822697026302E-016)
   1.0000000000000000                1           4
               (1.0000000000000053,0.0000000000000000)
  -1.5707963267948966        0.0000000000000000     
        (0.18294995152085847,1.20784186580547484E-016)
   0.0000000000000000        0.0000000000000000     
               (4.0451376176122791,0.0000000000000000)
   1.5707963267948966        0.0000000000000000     
       (0.18294995152085847,-1.20784186580547484E-016)
   3.1415926535897931        0.0000000000000000     
        (0.26587320768529599,2.41568373161094968E-016)
   1.0000000000000000                1           4
               (1.0000000000000824,0.0000000000000000)
  -1.5707963267948966        0.0000000000000000     
        (0.18519686910733757,1.20731951603842928E-016)
   0.0000000000000000        0.0000000000000000     
               (4.0467401054891461,0.0000000000000000)
   1.5707963267948966        0.0000000000000000     
       (0.18519686910733757,-1.20731951603842928E-016)
   3.1415926535897931        0.0000000000000000     
        (0.26705843116704586,2.41463903207685856E-016)
   1.0000000000000000                1           4
               (1.0000000000000080,0.0000000000000000)
  -1.5707963267948966        0.0000000000000000     
        (0.18550894558370890,2.31808460288609392E-016)
   0.0000000000000000        0.0000000000000000     
               (4.0475755409478493,0.0000000000000000)
   1.5707963267948966        0.0000000000000000     
       (0.18550894558370890,-2.31808460288609392E-016)
   3.1415926535897931        0.0000000000000000     
        (0.26861765824110606,2.41572315652187377E-016)
   1.0000000000000000                1           4
               (1.0000000000000027,0.0000000000000000)
  -1.5707963267948966        0.0000000000000000     
        (0.18349560599560011,2.31821456120998140E-016)
   0.0000000000000000        0.0000000000000000     
               (4.0461395421930764,0.0000000000000000)
   1.5707963267948966        0.0000000000000000     
       (0.18349560599560011,-2.31821456120998140E-016)
   3.1415926535897931        0.0000000000000000     
        (0.26645145391833147,2.41598307316964973E-016)
   1.0000000000000000                1           4
              (0.99999999999999911,0.0000000000000000)
  -1.5707963267948966        0.0000000000000000     
        (0.18341568623422588,1.20782146498291081E-016)
   0.0000000000000000        0.0000000000000000     
               (4.0458767310071968,0.0000000000000000)
   1.5707963267948966        0.0000000000000000     
       (0.18341568623422588,-1.20782146498291081E-016)
   3.1415926535897931        0.0000000000000000     
        (0.26599892957385418,2.41564292996582162E-016)
   1.0000000000000000                1           4
              (0.99999999999999922,0.0000000000000000)
  -1.5707963267948966        0.0000000000000000     
        (0.18894833665671640,1.20763584288365900E-016)
   0.0000000000000000        0.0000000000000000     
               (4.0493213344932748,0.0000000000000000)
   1.5707963267948966        0.0000000000000000     
       (0.18894833665671640,-1.20763584288365900E-016)
   3.1415926535897931        0.0000000000000000     
        (0.27301333914633186,2.41527168576731799E-016)
   1.0000000000000000                1           4
              (0.99999999999999534,0.0000000000000000)
  -1.5707963267948966        0.0000000000000000     
        (0.18902337990588725,2.31785493892254290E-016)
   0.0000000000000000        0.0000000000000000     
               (4.0483206282585185,0.0000000000000000)
   1.5707963267948966        0.0000000000000000     
       (0.18902337990588725,-2.31785493892254290E-016)
   3.1415926535897931        0.0000000000000000     
        (0.27415130014288347,2.41526382859477271E-016)
   1.0000000000000000                1           4
               (1.0000000000000078,0.0000000000000000)
  -1.5707963267948966        0.0000000000000000     
        (0.18597673130500458,3.42724678633397603E-016)
   0.0000000000000000        0.0000000000000000     
               (4.0451274404368567,0.0000000000000000)
   1.5707963267948966        0.0000000000000000     
       (0.18597673130500458,-3.42724678633397603E-016)
   3.1415926535897931        0.0000000000000000     
        (0.26853635995833136,2.41360147416732492E-016)
   1.0000000000000000                1           4
               (1.0000000000000007,0.0000000000000000)
  -1.5707963267948966        0.0000000000000000     
        (0.18541679946595357,1.20752724225765407E-016)
   0.0000000000000000        0.0000000000000000     
               (4.0476048272451788,0.0000000000000000)
   1.5707963267948966        0.0000000000000000     
       (0.18541679946595357,-1.20752724225765407E-016)
   3.1415926535897931        0.0000000000000000     
        (0.26731205544946379,2.41505448451530813E-016)
   1.0000000000000000                1           4
               (1.0000000000000158,0.0000000000000000)
  -1.5707963267948966        0.0000000000000000     
       (0.18158190200856228,-1.01296164397571396E-016)
   0.0000000000000000        0.0000000000000000     
               (4.0445937276555588,0.0000000000000000)
   1.5707963267948966        0.0000000000000000     
        (0.18158190200856228,1.01296164397571396E-016)
   3.1415926535897931        0.0000000000000000     
        (0.26251344391961418,2.41496881054919874E-016)
   1.0000000000000000                1           4
               (1.0000000000000120,0.0000000000000000)
  -1.5707963267948966        0.0000000000000000     
        (0.18834646914684983,1.20737506618162884E-016)
   0.0000000000000000        0.0000000000000000     
               (4.0488244084239433,0.0000000000000000)
   1.5707963267948966        0.0000000000000000     
       (0.18834646914684983,-1.20737506618162884E-016)
   3.1415926535897931        0.0000000000000000     
        (0.27145476884821240,2.41475013236325769E-016)
   1.0000000000000000                1           4
              (0.99999999999999345,0.0000000000000000)
  -1.5707963267948966        0.0000000000000000     
        (0.18660583179254198,1.20688458983164038E-016)
   0.0000000000000000        0.0000000000000000     
               (4.0440684092857593,0.0000000000000000)
   1.5707963267948966        0.0000000000000000     
       (0.18660583179254198,-1.20688458983164038E-016)
   3.1415926535897931        0.0000000000000000     
        (0.27112747594403130,2.41376917966328076E-016)
   1.0000000000000000                1           4
               (1.0000000000000071,0.0000000000000000)
  -1.5707963267948966        0.0000000000000000     
        (0.18047525888604765,2.31865157167399620E-016)
   0.0000000000000000        0.0000000000000000     
               (4.0454345350954126,0.0000000000000000)
   1.5707963267948966        0.0000000000000000     
       (0.18047525888604765,-2.31865157167399620E-016)
   3.1415926535897931        0.0000000000000000     
        (0.26254315129442396,2.41685709409767883E-016)
   1.0000000000000000                1           4
               (1.0000000000000060,0.0000000000000000)
  -1.5707963267948966        0.0000000000000000     
       (0.18293454342961057,-1.01250884323388191E-016)
   0.0000000000000000        0.0000000000000000     
               (4.0445162571051254,0.0000000000000000)
   1.5707963267948966        0.0000000000000000     
        (0.18293454342961057,1.01250884323388191E-016)
   3.1415926535897931        0.0000000000000000     
        (0.26677515677097641,2.41587441203286235E-016)
   1.0000000000000000                1           4
               (1.0000000000000036,0.0000000000000000)
  -1.5707963267948966        0.0000000000000000     
        (0.19032567298975434,3.42643765768880730E-016)
   0.0000000000000000        0.0000000000000000     
               (4.0481823076242129,0.0000000000000000)
   1.5707963267948966        0.0000000000000000     
       (0.19032567298975434,-3.42643765768880730E-016)
   3.1415926535897931        0.0000000000000000     
        (0.27153656142611748,2.41198321687698745E-016)
   1.0000000000000000                1           4
               (1.0000000000000013,0.0000000000000000)
  -1.5707963267948966        0.0000000000000000     
        (0.18422043912675201,1.20771260121638662E-016)
   0.0000000000000000        0.0000000000000000     
               (4.0464323614930269,0.0000000000000000)
   1.5707963267948966        0.0000000000000000     
       (0.18422043912675201,-1.20771260121638662E-016)
   3.1415926535897931        0.0000000000000000     
        (0.26669722882747682,2.41542520243277324E-016)
   1.0000000000000000                1           4
              (0.99999999999999623,0.0000000000000000)
  -1.5707963267948966        0.0000000000000000     
       (0.18499700972666644,-1.01249165484738062E-016)
   0.0000000000000000        0.0000000000000000     
               (4.0480283445940959,0.0000000000000000)
   1.5707963267948966        0.0000000000000000     
        (0.18499700972666644,1.01249165484738062E-016)
   3.1415926535897931        0.0000000000000000     
        (0.26744414340692657,2.41590878880586542E-016)
   1.0000000000000000                1           4
               (1.0000000000000722,0.0000000000000000)
  -1.5707963267948966        0.0000000000000000     
        (0.18776395596659856,3.42745641846009553E-016)
   0.0000000000000000        0.0000000000000000     
               (4.0461560995766517,0.0000000000000000)
   1.5707963267948966        0.0000000000000000     
       (0.18776395596659856,-3.42745641846009553E-016)
   3.1415926535897931        0.0000000000000000     
        (0.27176686062728062,2.41402073841956490E-016)
   1.0000000000000000                1           4
               (1.0000000000000022,0.0000000000000000)
  -1.5707963267948966        0.0000000000000000     
        (0.18519553732587901,1.20759405842483994E-016)
   0.0000000000000000        0.0000000000000000     
               (4.0460455721273219,0.0000000000000000)
   1.5707963267948966        0.0000000000000000     
       (0.18519553732587901,-1.20759405842483994E-016)
   3.1415926535897931        0.0000000000000000     
        (0.26864702445096700,2.41518811684967988E-016)
   1.0000000000000000                1           4
               (1.0000000000000067,0.0000000000000000)
  -1.5707963267948966        0.0000000000000000     
       (0.18579800471865482,-1.01304190059464433E-016)
   0.0000000000000000        0.0000000000000000     
               (4.0447703447559542,0.0000000000000000)
   1.5707963267948966        0.0000000000000000     
        (0.18579800471865482,1.01304190059464433E-016)
   3.1415926535897931        0.0000000000000000     
        (0.27050689422871710,2.41480829731133800E-016)
   1.0000000000000000                1           4
               (1.0000000000000024,0.0000000000000000)
  -1.5707963267948966        0.0000000000000000     
        (0.18617014730085579,1.20694521922693662E-016)
   0.0000000000000000        0.0000000000000000     
               (4.0455277106811289,0.0000000000000000)
   1.5707963267948966        0.0000000000000000     
       (0.18617014730085579,-1.20694521922693662E-016)
   3.1415926535897931        0.0000000000000000     
        (0.26899483619857423,2.41389043845387324E-016)
   1.0000000000000000                1           4
               (1.0000000000000031,0.0000000000000000)
  -1.5707963267948966        0.0000000000000000     
        (0.18494948278132128,1.20721569793710315E-016)
   0.0000000000000000        0.0000000000000000     
               (4.0445581840934794,0.0000000000000000)
   1.5707963267948966        0.0000000000000000     
       (0.18494948278132128,-1.20721569793710315E-016)
   3.1415926535897931        0.0000000000000000     
        (0.26840648425828972,2.41443139587420630E-016)
   1.0000000000000000                1           4
               (1.0000000000000062,0.0000000000000000)
  -1.5707963267948966        0.0000000000000000     
        (0.18028662710134613,1.20898092130792611E-016)
   0.0000000000000000        0.0000000000000000     
               (4.0450813673770742,0.0000000000000000)
   1.5707963267948966        0.0000000000000000     
       (0.18028662710134613,-1.20898092130792611E-016)
   3.1415926535897931        0.0000000000000000     
        (0.26432324669089802,2.41796184261585222E-016)
   1.0000000000000000                1           4
               (1.0000000000000111,0.0000000000000000)
  -1.5707963267948966        0.0000000000000000     
        (0.18646489272965439,1.20704645817603073E-016)
   0.0000000000000000        0.0000000000000000     
               (4.0456293238469527,0.0000000000000000)
   1.5707963267948966        0.0000000000000000     
       (0.18646489272965439,-1.20704645817603073E-016)
   3.1415926535897931        0.0000000000000000     
        (0.26981338539225241,2.41409291635206146E-016)
   1.0000000000000000                1           4
               (1.0000000000000040,0.0000000000000000)
  -1.5707963267948966        0.0000000000000000     
        (0.18667872588795498,3.42802359175560224E-016)
   0.0000000000000000        0.0000000000000000     
               (4.0468170328426680,0.0000000000000000)
   1.5707963267948966        0.0000000000000000     
       (0.18667872588795498,-3.42802359175560224E-016)
   3.1415926535897931        0.0000000000000000     
        (0.27078799577270818,2.41515508501057732E-016)
   1.0000000000000000                1           4
               (1.0000000000000018,0.0000000000000000)
  -1.5707963267948966        0.0000000000000000     
       (0.18728178500846804,-1.01283720553092554E-016)
   0.0000000000000000        0.0000000000000000     
               (4.0470231195920405,0.0000000000000000)
   1.5707963267948966        0.0000000000000000     
        (0.18728178500846804,1.01283720553092554E-016)
   3.1415926535897931        0.0000000000000000     
        (0.27189026478825906,2.41521768743877557E-016)
   1.0000000000000000                1           4
               (1.0000000000000027,0.0000000000000000)
  -1.5707963267948966        0.0000000000000000     
        (0.18422299597737202,1.20773243387885674E-016)
   0.0000000000000000        0.0000000000000000     
               (4.0467565425616501,0.0000000000000000)
   1.5707963267948966        0.0000000000000000     
       (0.18422299597737202,-1.20773243387885674E-016)
   3.1415926535897931        0.0000000000000000     
        (0.26644293985165635,2.41546486775771348E-016)
   1.0000000000000000                1           4
               (1.0000000000000220,0.0000000000000000)
  -1.5707963267948966        0.0000000000000000     
        (0.18849273271465161,1.20696541969848248E-016)
   0.0000000000000000        0.0000000000000000     
               (4.0466325491083683,0.0000000000000000)
   1.5707963267948966        0.0000000000000000     
       (0.18849273271465161,-1.20696541969848248E-016)
   3.1415926535897931        0.0000000000000000     
        (0.27260114834609872,2.41393083939696495E-016)
   1.0000000000000000                1           4
               (1.0000000000000038,0.0000000000000000)
  -1.5707963267948966        0.0000000000000000     
       (0.18529824347464185,-1.01280136721246021E-016)
   0.0000000000000000        0.0000000000000000     
               (4.0450647223856118,0.0000000000000000)
   1.5707963267948966        0.0000000000000000     
        (0.18529824347464185,1.01280136721246021E-016)
   3.1415926535897931        0.0000000000000000     
        (0.26999863575841065,2.41528936407570623E-016)
   1.0000000000000000                1           4
               (1.0000000000000051,0.0000000000000000)
  -1.5707963267948966        0.0000000000000000     
        (0.18481551206100366,2.31760825831882512E-016)
   0.0000000000000000        0.0000000000000000     
               (4.0476351537190478,0.0000000000000000)
   1.5707963267948966        0.0000000000000000     
       (0.18481551206100366,-2.31760825831882512E-016)
   3.1415926535897931        0.0000000000000000     
        (0.26561531899596513,2.41477046738733716E-016)
   1.0000000000000000                1           4
              (0.99999999999999589,0.0000000000000000)
  -1.5707963267948966        0.0000000000000000     
        (0.18744342941478331,3.42768729822258474E-016)
   0.0000000000000000        0.0000000000000000     
               (4.0483308524397446,0.0000000000000000)
   1.5707963267948966        0.0000000000000000     
       (0.18744342941478331,-3.42768729822258474E-016)
   3.1415926535897931        0.0000000000000000     
        (0.26970516519316190,2.41448249794454332E-016)
   1.0000000000000000                1           4
               (1.0000000000000018,0.0000000000000000)
  -1.5707963267948966        0.0000000000000000     
        (0.18528296594182658,1.20749561576385500E-016)
   0.0000000000000000        0.0000000000000000     
               (4.0465209355255434,0.0000000000000000)
   1.5707963267948966        0.0000000000000000     
       (0.18528296594182658,-1.20749561576385500E-016)
   3.1415926535897931        0.0000000000000000     
        (0.26802498015281861,2.41499123152771000E-016)
   1.0000000000000000                1           4
               (1.0000000000000060,0.0000000000000000)
  -1.5707963267948966        0.0000000000000000     
        (0.18604747877399863,1.20699111132889685E-016)
   0.0000000000000000        0.0000000000000000     
               (4.0455425978919273,0.0000000000000000)
   1.5707963267948966        0.0000000000000000     
       (0.18604747877399863,-1.20699111132889685E-016)
   3.1415926535897931        0.0000000000000000     
        (0.26888450691436938,2.41398222265779370E-016)
   1.0000000000000000                1           4
               (1.0000000000000040,0.0000000000000000)
  -1.5707963267948966        0.0000000000000000     
       (0.19020194379576949,-1.01357735257935672E-016)
   0.0000000000000000        0.0000000000000000     
               (4.0486120855458383,0.0000000000000000)
   1.5707963267948966        0.0000000000000000     
        (0.19020194379576949,1.01357735257935672E-016)
   3.1415926535897931        0.0000000000000000     
        (0.27372411268816654,2.41373739334191272E-016)
   1.0000000000000000                1           4
               (1.0000000000000069,0.0000000000000000)
  -1.5707963267948966        0.0000000000000000     
        (0.18510900203520364,2.31780441732771890E-016)
   0.0000000000000000        0.0000000000000000     
               (4.0460508001890725,0.0000000000000000)
   1.5707963267948966        0.0000000000000000     
       (0.18510900203520364,-2.31780441732771890E-016)
   3.1415926535897931        0.0000000000000000     
        (0.26842735641944571,2.41516278540512472E-016)
   1.0000000000000000                1           4
               (1.0000000000000029,0.0000000000000000)
  -1.5707963267948966        0.0000000000000000     
        (0.19005049399599772,3.42714639995322256E-016)
   0.0000000000000000        0.0000000000000000     
               (4.0483441649219403,0.0000000000000000)
   1.5707963267948966        0.0000000000000000     
       (0.19005049399599772,-3.42714639995322256E-016)
   3.1415926535897931        0.0000000000000000     
        (0.27313927405285732,2.41340070140581896E-016)
   1.0000000000000000                1           4
               (1.0000000000000000,0.0000000000000000)
  -1.5707963267948966        0.0000000000000000     
        (0.18587226347374286,1.20770388469415086E-016)
   0.0000000000000000        0.0000000000000000     
               (4.0466370989673077,0.0000000000000000)
   1.5707963267948966        0.0000000000000000     
       (0.18587226347374286,-1.20770388469415086E-016)
   3.1415926535897931        0.0000000000000000     
        (0.26976766972498623,2.41540776938830172E-016)
   1.0000000000000000                1           4
               (1.0000000000000056,0.0000000000000000)
  -1.5707963267948966        0.0000000000000000     
        (0.18993746782708798,2.31676261655120635E-016)
   0.0000000000000000        0.0000000000000000     
               (4.0464395606511161,0.0000000000000000)
   1.5707963267948966        0.0000000000000000     
       (0.18993746782708798,-2.31676261655120635E-016)
   3.1415926535897931        0.0000000000000000     
        (0.27429274797325653,2.41307918385209862E-016)
   1.0000000000000000                1           4
               (1.0000000000000033,0.0000000000000000)
  -1.5707963267948966        0.0000000000000000     
        (0.19031816920411992,1.20744039952437533E-016)
   0.0000000000000000        0.0000000000000000     
               (4.0488566595507463,0.0000000000000000)
   1.5707963267948966        0.0000000000000000     
       (0.19031816920411992,-1.20744039952437533E-016)
   3.1415926535897931        0.0000000000000000     
        (0.27557931272757641,2.41488079904875066E-016)
   1.0000000000000000                1           4
               (1.0000000000000033,0.0000000000000000)
  -1.5707963267948966        0.0000000000000000     
        (0.18899269337611535,1.20621929392861855E-016)
   0.0000000000000000        0.0000000000000000     
               (4.0470141272493141,0.0000000000000000)
   1.5707963267948966        0.0000000000000000     
       (0.18899269337611535,-1.20621929392861855E-016)
   3.1415926535897931        0.0000000000000000     
        (0.27078245982103433,2.41243858785723711E-016)
   1.0000000000000000                1           4
               (1.0000000000000036,0.0000000000000000)
  -1.5707963267948966        0.0000000000000000     
       (0.18174743250488479,-1.01223495125008947E-016)
   0.0000000000000000        0.0000000000000000     
               (4.0460550217827018,0.0000000000000000)
   1.5707963267948966        0.0000000000000000     
        (0.18174743250488479,1.01223495125008947E-016)
   3.1415926535897931        0.0000000000000000     
        (0.26375676935279613,2.41642219600044772E-016)
   1.0000000000000000                1           4
              (0.99999999999999623,0.0000000000000000)
  -1.5707963267948966        0.0000000000000000     
       (0.18592431739825133,-1.01335878319470349E-016)
   0.0000000000000000        0.0000000000000000     
               (4.0456726471221796,0.0000000000000000)
   1.5707963267948966        0.0000000000000000     
        (0.18592431739825133,1.01335878319470349E-016)
   3.1415926535897931        0.0000000000000000     
        (0.26882220010399871,2.41417453211121968E-016)
   1.0000000000000000                1           4
               (1.0000000000000049,0.0000000000000000)
  -1.5707963267948966        0.0000000000000000     
        (0.18471923720010497,1.20803166923627711E-016)
   0.0000000000000000        0.0000000000000000     
               (4.0463657460184219,0.0000000000000000)
   1.5707963267948966        0.0000000000000000     
       (0.18471923720010497,-1.20803166923627711E-016)
   3.1415926535897931        0.0000000000000000     
        (0.26880359568934331,2.41606333847255422E-016)
   1.0000000000000000                1           4
              (0.99999999999998335,0.0000000000000000)
  -1.5707963267948966        0.0000000000000000     
        (0.18442440063633325,9.74778749789668939E-018)
   0.0000000000000000        0.0000000000000000     
               (4.0455344887204552,0.0000000000000000)
   1.5707963267948966        0.0000000000000000     
       (0.18442440063633325,-9.74778749789668939E-018)
   3.1415926535897931        0.0000000000000000     
        (0.26796480425307334,2.41540179920824736E-016)
   1.0000000000000000                1           4
              (0.99999999999999567,0.0000000000000000)
  -1.5707963267948966        0.0000000000000000     
        (0.18464250873131771,1.20781777931381351E-016)
   0.0000000000000000        0.0000000000000000     
               (4.0449655373559343,0.0000000000000000)
   1.5707963267948966        0.0000000000000000     
       (0.18464250873131771,-1.20781777931381351E-016)
   3.1415926535897931        0.0000000000000000     
        (0.26935172991045997,2.41563555862762702E-016)
   1.0000000000000000                1           4
               (1.0000000000000036,0.0000000000000000)
  -1.5707963267948966        0.0000000000000000     
       (0.18581458926595618,-1.01283797610579315E-016)
   0.0000000000000000        0.0000000000000000     
               (4.0475709905267747,0.0000000000000000)
   1.5707963267948966        0.0000000000000000     
        (0.18581458926595618,1.01283797610579315E-016)
   3.1415926535897931        0.0000000000000000     
        (0.26840548547998133,2.41521614628903987E-016)
   1.0000000000000000                1           4
              (0.99999999999999445,0.0000000000000000)
  -1.5707963267948966        0.0000000000000000     
        (0.18595909702519198,3.42749581736550153E-016)
   0.0000000000000000        0.0000000000000000     
               (4.0453571953287444,0.0000000000000000)
   1.5707963267948966        0.0000000000000000     
       (0.18595909702519198,-3.42749581736550153E-016)
   3.1415926535897931        0.0000000000000000     
        (0.26908473358326235,2.41409953623037689E-016)
   1.0000000000000000                1           4
               (1.0000000000000007,0.0000000000000000)
  -1.5707963267948966        0.0000000000000000     
       (0.18262571856661469,-1.01308027096392259E-016)
   0.0000000000000000        0.0000000000000000     
               (4.0447198475710682,0.0000000000000000)
   1.5707963267948966        0.0000000000000000     
        (0.18262571856661469,1.01308027096392259E-016)
   3.1415926535897931        0.0000000000000000     
        (0.26408749197257242,2.41473155657278099E-016)
   1.0000000000000000                1           4
              (0.99999999999999800,0.0000000000000000)
  -1.5707963267948966        0.0000000000000000     
        (0.18180945229798695,1.20810187382447276E-016)
   0.0000000000000000        0.0000000000000000     
               (4.0442547913199300,0.0000000000000000)
   1.5707963267948966        0.0000000000000000     
       (0.18180945229798695,-1.20810187382447276E-016)
   3.1415926535897931        0.0000000000000000     
        (0.26532428617030313,2.41620374764894553E-016)
   1.0000000000000000                1           4
               (1.0000000000000042,0.0000000000000000)
  -1.5707963267948966        0.0000000000000000     
        (0.18551531319176329,1.20724479086750249E-016)
   0.0000000000000000        0.0000000000000000     
               (4.0460310330499318,0.0000000000000000)
   1.5707963267948966        0.0000000000000000     
       (0.18551531319176329,-1.20724479086750249E-016)
   3.1415926535897931        0.0000000000000000     
        (0.26816032084468833,2.41448958173500499E-016)
   1.0000000000000000                1           4
               (1.0000000000000020,0.0000000000000000)
  -1.5707963267948966        0.0000000000000000     
        (0.18490161570477137,3.42815967969730336E-016)
   0.0000000000000000        0.0000000000000000     
               (4.0457617718851298,0.0000000000000000)
   1.5707963267948966        0.0000000000000000     
       (0.18490161570477137,-3.42815967969730336E-016)
   3.1415926535897931        0.0000000000000000     
        (0.26873353331367977,2.41542726089398055E-016)
   1.0000000000000000                1           4
              (0.99999999999999856,0.0000000000000000)
  -1.5707963267948966        0.0000000000000000     
        (0.18031623253452389,1.20761679500365043E-016)
   0.0000000000000000        0.0000000000000000     
               (4.0439817986671125,0.0000000000000000)
   1.5707963267948966        0.0000000000000000     
       (0.18031623253452389,-1.20761679500365043E-016)
   3.1415926535897931        0.0000000000000000     
        (0.26102645163059124,2.41523359000730086E-016)
   1.0000000000000000                1           4
               (1.0000000000000009,0.0000000000000000)
  -1.5707963267948966        0.0000000000000000     
        (0.18367535221058429,2.31793176492571559E-016)
   0.0000000000000000        0.0000000000000000     
               (4.0440737099730928,0.0000000000000000)
   1.5707963267948966        0.0000000000000000     
       (0.18367535221058429,-2.31793176492571559E-016)
   3.1415926535897931        0.0000000000000000     
        (0.26795309580697524,2.41541748060111810E-016)
   1.0000000000000000                1           4
               (1.0000000000000082,0.0000000000000000)
  -1.5707963267948966        0.0000000000000000     
        (0.18631072439998664,1.20739135232734402E-016)
   0.0000000000000000        0.0000000000000000     
               (4.0449160824406496,0.0000000000000000)
   1.5707963267948966        0.0000000000000000     
       (0.18631072439998664,-1.20739135232734402E-016)
   3.1415926535897931        0.0000000000000000     
        (0.27134479992654303,2.41478270465468804E-016)
   1.0000000000000000                1           4
               (1.0000000000000013,0.0000000000000000)
  -1.5707963267948966        0.0000000000000000     
        (0.19379596735771520,1.20576335856057382E-016)
   0.0000000000000000        0.0000000000000000     
               (4.0479538405294591,0.0000000000000000)
   1.5707963267948966        0.0000000000000000     
       (0.19379596735771520,-1.20576335856057382E-016)
   3.1415926535897931        0.0000000000000000     
        (0.27796009657906384,2.41152671712114764E-016)
   1.0000000000000000                1           4
              (0.99999999999998990,0.0000000000000000)
  -1.5707963267948966        0.0000000000000000     
        (0.18463749233784876,1.20775431458469014E-016)
   0.0000000000000000        0.0000000000000000     
               (4.0468731524332417,0.0000000000000000)
   1.5707963267948966        0.0000000000000000     
       (0.18463749233784876,-1.20775431458469014E-016)
   3.1415926535897931        0.0000000000000000     
        (0.26722679050985343,2.41550862916938028E-016)
   1.0000000000000000                1           4
               (1.0000000000000000,0.0000000000000000)
  -1.5707963267948966        0.0000000000000000     
        (0.18414417643106451,1.20753904097346971E-016)
   0.0000000000000000        0.0000000000000000     
               (4.0457807534797965,0.0000000000000000)
   1.5707963267948966        0.0000000000000000     
       (0.18414417643106451,-1.20753904097346971E-016)
   3.1415926535897931        0.0000000000000000     
        (0.26662942067547690,2.41507808194693942E-016)
   1.0000000000000000                1           4
               (1.0000000000000007,0.0000000000000000)
  -1.5707963267948966        0.0000000000000000     
        (0.18957215939202299,1.20693535500032821E-016)
   0.0000000000000000        0.0000000000000000     
               (4.0487393392864313,0.0000000000000000)
   1.5707963267948966        0.0000000000000000     
       (0.18957215939202299,-1.20693535500032821E-016)
   3.1415926535897931        0.0000000000000000     
        (0.27255501276645155,2.41387071000065642E-016)
   1.0000000000000000                1           4
               (1.0000000000000018,0.0000000000000000)
  -1.5707963267948966        0.0000000000000000     
        (0.18508290231446367,1.20728984821698751E-016)
   0.0000000000000000        0.0000000000000000     
               (4.0455680414442181,0.0000000000000000)
   1.5707963267948966        0.0000000000000000     
       (0.18508290231446367,-1.20728984821698751E-016)
   3.1415926535897931        0.0000000000000000     
        (0.26790565916761488,2.41457969643397502E-016)
   1.0000000000000000                1           4
               (1.0000000000000022,0.0000000000000000)
  -1.5707963267948966        0.0000000000000000     
        (0.18369870693983525,1.20770580128638791E-016)
   0.0000000000000000        0.0000000000000000     
               (4.0454290414409320,0.0000000000000000)
   1.5707963267948966        0.0000000000000000     
       (0.18369870693983525,-1.20770580128638791E-016)
   3.1415926535897931        0.0000000000000000     
        (0.26663487424886023,2.41541160257277582E-016)
   1.0000000000000000                1           4
               (1.0000000000000111,0.0000000000000000)
  -1.5707963267948966        0.0000000000000000     
        (0.18532837910945243,3.42760213129430867E-016)
   0.0000000000000000        0.0000000000000000     
               (4.0449176959494597,0.0000000000000000)
   1.5707963267948966        0.0000000000000000     
       (0.18532837910945243,-3.42760213129430867E-016)
   3.1415926535897931        0.0000000000000000     
        (0.26861004477465200,2.41431216408799020E-016)
   1.0000000000000000                1           4
               (1.0000000000000111,0.0000000000000000)
  -1.5707963267948966        0.0000000000000000     
       (0.18489183719447833,-1.01203616314962412E-016)
   0.0000000000000000        0.0000000000000000     
               (4.0480098866275105,0.0000000000000000)
   1.5707963267948966        0.0000000000000000     
        (0.18489183719447833,1.01203616314962412E-016)
   3.1415926535897931        0.0000000000000000     
        (0.26874000509702700,2.41681977220137842E-016)
   1.0000000000000000                1           4
               (1.0000000000000027,0.0000000000000000)
  -1.5707963267948966        0.0000000000000000     
       (0.18630289873710748,-1.01296314533716879E-016)
   0.0000000000000000        0.0000000000000000     
               (4.0471118005803373,0.0000000000000000)
   1.5707963267948966        0.0000000000000000     
        (0.18630289873710748,1.01296314533716879E-016)
   3.1415926535897931        0.0000000000000000     
        (0.26943246063327086,2.41496580782628908E-016)
   1.0000000000000000                1           4
               (1.0000000000000016,0.0000000000000000)
  -1.5707963267948966        0.0000000000000000     
        (0.18680433611997982,1.20723930842430822E-016)
   0.0000000000000000        0.0000000000000000     
               (4.0468545867017331,0.0000000000000000)
   1.5707963267948966        0.0000000000000000     
       (0.18680433611997982,-1.20723930842430822E-016)
   3.1415926535897931        0.0000000000000000     
        (0.26989690603091177,2.41447861684861644E-016)
   1.0000000000000000                1           4
               (1.0000000000000067,0.0000000000000000)
  -1.5707963267948966        0.0000000000000000     
       (0.18567949332752043,-1.01357040537742197E-016)
   0.0000000000000000        0.0000000000000000     
               (4.0448885330043591,0.0000000000000000)
   1.5707963267948966        0.0000000000000000     
        (0.18567949332752043,1.01357040537742197E-016)
   3.1415926535897931        0.0000000000000000     
        (0.26842545557667308,2.41375128774578272E-016)
   1.0000000000000000                1           4
               (1.0000000000000053,0.0000000000000000)
  -1.5707963267948966        0.0000000000000000     
        (0.18869084646511758,3.42699096921376287E-016)
   0.0000000000000000        0.0000000000000000     
               (4.0452598777548410,0.0000000000000000)
   1.5707963267948966        0.0000000000000000     
       (0.18869084646511758,-3.42699096921376287E-016)
   3.1415926535897931        0.0000000000000000     
        (0.27299659083640360,2.41308983992689957E-016)
   1.0000000000000000                1           4
               (1.0000000000000080,0.0000000000000000)
  -1.5707963267948966        0.0000000000000000     
        (0.18558642441473194,1.20753627886580919E-016)
   0.0000000000000000        0.0000000000000000     
               (4.0453725498999553,0.0000000000000000)
   1.5707963267948966        0.0000000000000000     
       (0.18558642441473194,-1.20753627886580919E-016)
   3.1415926535897931        0.0000000000000000     
        (0.26991309849438883,2.41507255773161839E-016)
   1.0000000000000000                1           4
              (0.99999999999998790,0.0000000000000000)
  -1.5707963267948966        0.0000000000000000     
        (0.18073552631544587,9.85671161991581305E-018)
   0.0000000000000000        0.0000000000000000     
               (4.0464507418444571,0.0000000000000000)
   1.5707963267948966        0.0000000000000000     
       (0.18073552631544587,-9.85671161991581305E-018)
   3.1415926535897931        0.0000000000000000     
        (0.26322853430335913,2.41758028164862934E-016)
   1.0000000000000000                1           4
               (1.0000000000000058,0.0000000000000000)
  -1.5707963267948966        0.0000000000000000     
        (0.18721428767586457,1.20720823532079706E-016)
   0.0000000000000000        0.0000000000000000     
               (4.0455355795834951,0.0000000000000000)
   1.5707963267948966        0.0000000000000000     
       (0.18721428767586457,-1.20720823532079706E-016)
   3.1415926535897931        0.0000000000000000     
        (0.27193432380274174,2.41441647064159412E-016)
   1.0000000000000000                1           4
              (0.99999999999999867,0.0000000000000000)
  -1.5707963267948966        0.0000000000000000     
        (0.18787316913959418,1.20716497548572983E-016)
   0.0000000000000000        0.0000000000000000     
               (4.0485357679124006,0.0000000000000000)
   1.5707963267948966        0.0000000000000000     
       (0.18787316913959418,-1.20716497548572983E-016)
   3.1415926535897931        0.0000000000000000     
        (0.27011060105712226,2.41432995097145966E-016)
   1.0000000000000000                1           4
              (0.99999999999999911,0.0000000000000000)
  -1.5707963267948966        0.0000000000000000     
        (0.18505434514363395,1.20775813951818083E-016)
   0.0000000000000000        0.0000000000000000     
               (4.0453345323444490,0.0000000000000000)
   1.5707963267948966        0.0000000000000000     
       (0.18505434514363395,-1.20775813951818083E-016)
   3.1415926535897931        0.0000000000000000     
        (0.26961160939108675,2.41551627903636167E-016)
   1.0000000000000000                1           4
               (1.0000000000000049,0.0000000000000000)
  -1.5707963267948966        0.0000000000000000     
        (0.18631618768433345,1.20742612369425316E-016)
   0.0000000000000000        0.0000000000000000     
               (4.0461444399279918,0.0000000000000000)
   1.5707963267948966        0.0000000000000000     
       (0.18631618768433345,-1.20742612369425316E-016)
   3.1415926535897931        0.0000000000000000     
        (0.27024094091102036,2.41485224738850632E-016)
   1.0000000000000000                1           4
              (0.99999999999999678,0.0000000000000000)
  -1.5707963267948966        0.0000000000000000     
        (0.18731484176964208,1.20679552923587666E-016)
   0.0000000000000000        0.0000000000000000     
               (4.0463909015902049,0.0000000000000000)
   1.5707963267948966        0.0000000000000000     
       (0.18731484176964208,-1.20679552923587666E-016)
   3.1415926535897931        0.0000000000000000     
        (0.26993210961251590,2.41359105847175332E-016)
   1.0000000000000000                1           4
               (1.0000000000000029,0.0000000000000000)
  -1.5707963267948966        0.0000000000000000     
       (0.18783645082309974,-1.01335681814335314E-016)
   0.0000000000000000        0.0000000000000000     
               (4.0467370680819421,0.0000000000000000)
   1.5707963267948966        0.0000000000000000     
        (0.18783645082309974,1.01335681814335314E-016)
   3.1415926535897931        0.0000000000000000     
        (0.27158846433872286,2.41417846221392038E-016)
   1.0000000000000000                1           4
              (0.99999999999999978,0.0000000000000000)
  -1.5707963267948966        0.0000000000000000     
        (0.18808796147202012,1.20687810971996093E-016)
   0.0000000000000000        0.0000000000000000     
               (4.0471547448148462,0.0000000000000000)
   1.5707963267948966        0.0000000000000000     
       (0.18808796147202012,-1.20687810971996093E-016)
   3.1415926535897931        0.0000000000000000     
        (0.27098423412292627,2.41375621943992186E-016)
   1.0000000000000000                1           4
               (1.0000000000000040,0.0000000000000000)
  -1.5707963267948966        0.0000000000000000     
        (0.18837223650704660,3.42830839685015915E-016)
   0.0000000000000000        0.0000000000000000     
               (4.0491354700916480,0.0000000000000000)
   1.5707963267948966        0.0000000000000000     
       (0.18837223650704660,-3.42830839685015915E-016)
   3.1415926535897931        0.0000000000000000     
        (0.27278682379555508,2.41572469519969213E-016)
   1.0000000000000000                1           4
               (1.0000000000000047,0.0000000000000000)
  -1.5707963267948966        0.0000000000000000     
        (0.18448445500357225,1.20715191220733971E-016)
   0.0000000000000000        0.0000000000000000     
               (4.0451203446886259,0.0000000000000000)
   1.5707963267948966        0.0000000000000000     
       (0.18448445500357225,-1.20715191220733971E-016)
   3.1415926535897931        0.0000000000000000     
        (0.26670592810362792,2.41430382441467941E-016)
   1.0000000000000000                1           4
               (1.0000000000000040,0.0000000000000000)
  -1.5707963267948966        0.0000000000000000     
        (0.18696840899799283,1.20708002326397755E-016)
   0.0000000000000000        0.0000000000000000     
               (4.0475890342450747,0.0000000000000000)
   1.5707963267948966        0.0000000000000000     
       (0.18696840899799283,-1.20708002326397755E-016)
   3.1415926535897931        0.0000000000000000     
        (0.26897033942784110,2.41416004652795510E-016)
   1.0000000000000000                1           4
               (1.0000000000000064,0.0000000000000000)
  -1.5707963267948966        0.0000000000000000     
        (0.18605920653209651,2.31713317057970633E-016)
   0.0000000000000000        0.0000000000000000     
               (4.0460826157634209,0.0000000000000000)
   1.5707963267948966        0.0000000000000000     
       (0.18605920653209651,-2.31713317057970633E-016)
   3.1415926535897931        0.0000000000000000     
        (0.26810349157751412,2.41382029190909910E-016)
   1.0000000000000000                1           4
               (1.0000000000000102,0.0000000000000000)
  -1.5707963267948966        0.0000000000000000     
        (0.18311425451404761,3.42794929248706470E-016)
   0.0000000000000000        0.0000000000000000     
               (4.0449262713139511,0.0000000000000000)
   1.5707963267948966        0.0000000000000000     
       (0.18311425451404761,-3.42794929248706470E-016)
   3.1415926535897931        0.0000000000000000     
        (0.26530713472595924,2.41500648647350324E-016)
   1.0000000000000000                1           4
              (0.99999999999995359,0.0000000000000000)
  -1.5707963267948966        0.0000000000000000     
        (0.18822926804449802,1.20684861581145968E-016)
   0.0000000000000000        0.0000000000000000     
               (4.0466021288179403,0.0000000000000000)
   1.5707963267948966        0.0000000000000000     
       (0.18822926804449802,-1.20684861581145968E-016)
   3.1415926535897931        0.0000000000000000     
        (0.27172312884894956,2.41369723162291936E-016)
   1.0000000000000000                1           4
               (1.0000000000000071,0.0000000000000000)
  -1.5707963267948966        0.0000000000000000     
        (0.18698397911916986,1.20702831231877698E-016)
   0.0000000000000000        0.0000000000000000     
               (4.0464139965355663,0.0000000000000000)
   1.5707963267948966        0.0000000000000000     
       (0.18698397911916986,-1.20702831231877698E-016)
   3.1415926535897931        0.0000000000000000     
        (0.27000761661505379,2.41405662463755395E-016)
