   1.0000000000000000                1           4
               (0.0000000000000000,0.0000000000000000)
  -1.5707963267948966        0.0000000000000000     
        (0.67473682552321879,7.46417518532924423E-017)
   0.0000000000000000        0.0000000000000000     
              (0.40500946271979127,0.0000000000000000)
   1.5707963267948966        0.0000000000000000     
       (0.67473682552321879,-7.46417518532924423E-017)
   3.1415926535897931        0.0000000000000000     
         (1.5693170237843175,3.82612012440692366E-017)
   1.0000000000000000                1           4
               (0.0000000000000000,0.0000000000000000)
  -1.5707963267948966        0.0000000000000000     
        (0.75037357639468705,9.27486748846081185E-018)
   0.0000000000000000        0.0000000000000000     
              (0.43814618424929930,0.0000000000000000)
   1.5707963267948966        0.0000000000000000     
       (0.75037357639468705,-9.27486748846081185E-018)
   3.1415926535897931        0.0000000000000000     
         (1.3655411303865217,1.85497349769216237E-017)
   1.0000000000000000                1           4
               (0.0000000000000000,0.0000000000000000)
  -1.5707963267948966        0.0000000000000000     
        (0.75341313448288116,9.13451638211701498E-018)
   0.0000000000000000        0.0000000000000000     
              (0.49872040934043188,0.0000000000000000)
   1.5707963267948966        0.0000000000000000     
       (0.75341313448288116,-9.13451638211701498E-018)
   3.1415926535897931        0.0000000000000000     
         (1.3064618064494047,1.82690327642340300E-017)
   1.0000000000000000                1           4
               (0.0000000000000000,0.0000000000000000)
  -1.5707963267948966        0.0000000000000000     
       (0.74570639865940835,-4.52014249634398244E-017)
   0.0000000000000000        0.0000000000000000     
              (0.43114072411014032,0.0000000000000000)
   1.5707963267948966        0.0000000000000000     
        (0.74570639865940835,4.52014249634398244E-017)
   3.1415926535897931        0.0000000000000000     
         (1.3970132878999992,2.06194525356360145E-017)
   1.0000000000000000                1           4
               (0.0000000000000000,0.0000000000000000)
  -1.5707963267948966        0.0000000000000000     
        (0.70110764058312214,1.58923988627633898E-017)
   0.0000000000000000        0.0000000000000000     
              (0.44691625274359492,0.0000000000000000)
   1.5707963267948966        0.0000000000000000     
       (0.70110764058312214,-1.58923988627633898E-017)
   3.1415926535897931        0.0000000000000000     
         (1.4743841678711271,3.17847977255267796E-017)
   1.0000000000000000                1           4
               (0.0000000000000000,0.0000000000000000)
  -1.5707963267948966        0.0000000000000000     
       (0.72280537114420251,-4.27574275695157464E-017)
   0.0000000000000000        0.0000000000000000     
              (0.45850509290844077,0.0000000000000000)
   1.5707963267948966        0.0000000000000000     
        (0.72280537114420251,4.27574275695157464E-017)
   3.1415926535897931        0.0000000000000000     
         (1.4036738769088066,2.55074473234841644E-017)
   1.0000000000000000                1           4
               (0.0000000000000000,0.0000000000000000)
  -1.5707963267948966        0.0000000000000000     
        (0.71539616799051930,1.40376224654307983E-017)
   0.0000000000000000        0.0000000000000000     
              (0.49698207726527927,0.0000000000000000)
   1.5707963267948966        0.0000000000000000     
       (0.71539616799051930,-1.40376224654307983E-017)
   3.1415926535897931        0.0000000000000000     
         (1.3923138035812448,2.80752449308615966E-017)
   1.0000000000000000                1           4
               (0.0000000000000000,0.0000000000000000)
  -1.5707963267948966        0.0000000000000000     
       (0.75828946997655244,-1.91735433533277113E-017)
   0.0000000000000000        0.0000000000000000     
              (0.48335518382836706,0.0000000000000000)
   1.5707963267948966        0.0000000000000000     
        (0.75828946997655244,1.91735433533277113E-017)
   3.1415926535897931        0.0000000000000000     
         (1.3135342021497092,1.71640645246024075E-017)
   1.0000000000000000                1           4
               (0.0000000000000000,0.0000000000000000)
  -1.5707963267948966        0.0000000000000000     
       (0.71167313528991560,-6.92920725588811789E-017)
   0.0000000000000000        0.0000000000000000     
              (0.48392232277427349,0.0000000000000000)
   1.5707963267948966        0.0000000000000000     
        (0.71167313528991560,6.92920725588811789E-017)
   3.1415926535897931        0.0000000000000000     
         (1.3958707959167114,2.79493085760111418E-017)
   1.0000000000000000                1           4
               (0.0000000000000000,0.0000000000000000)
  -1.5707963267948966        0.0000000000000000     
        (0.77292704771067589,7.12686660939477179E-018)
   0.0000000000000000        0.0000000000000000     
              (0.52155475475299073,0.0000000000000000)
   1.5707963267948966        0.0000000000000000     
       (0.77292704771067589,-7.12686660939477179E-018)
   3.1415926535897931        0.0000000000000000     
         (1.2570804695410052,1.42537332187895436E-017)
   1.0000000000000000                1           4
               (0.0000000000000000,0.0000000000000000)
  -1.5707963267948966        0.0000000000000000     
        (0.73181449012102240,1.16041017736315010E-017)
   0.0000000000000000        0.0000000000000000     
              (0.43922566192940682,0.0000000000000000)
   1.5707963267948966        0.0000000000000000     
       (0.73181449012102240,-1.16041017736315010E-017)
   3.1415926535897931        0.0000000000000000     
         (1.4034220454006681,2.32082035472630020E-017)
   1.0000000000000000                1           4
               (0.0000000000000000,0.0000000000000000)
  -1.5707963267948966        0.0000000000000000     
       (0.74376596032926590,-4.46964086959481849E-017)
   0.0000000000000000        0.0000000000000000     
              (0.47101790927449277,0.0000000000000000)
   1.5707963267948966        0.0000000000000000     
        (0.74376596032926590,4.46964086959481849E-017)
   3.1415926535897931        0.0000000000000000     
         (1.3697503091586885,2.16294850706192966E-017)
   1.0000000000000000                1           4
               (0.0000000000000000,0.0000000000000000)
  -1.5707963267948966        0.0000000000000000     
        (0.75298855132674936,9.37766588214229511E-018)
   0.0000000000000000        0.0000000000000000     
              (0.43859281745352618,0.0000000000000000)
   1.5707963267948966        0.0000000000000000     
       (0.75298855132674936,-9.37766588214229511E-018)
   3.1415926535897931        0.0000000000000000     
         (1.3736820973910921,1.87553317642845902E-017)
   1.0000000000000000                1           4
               (0.0000000000000000,0.0000000000000000)
  -1.5707963267948966        0.0000000000000000     
        (0.73783228630374276,1.50578505273472705E-016)
   0.0000000000000000        0.0000000000000000     
              (0.44780058584728188,0.0000000000000000)
   1.5707963267948966        0.0000000000000000     
       (0.73783228630374276,-1.50578505273472705E-016)
   3.1415926535897931        0.0000000000000000     
         (1.4133017212496646,2.36012543906562634E-017)
   1.0000000000000000                1           4
               (0.0000000000000000,0.0000000000000000)
  -1.5707963267948966        0.0000000000000000     
       (0.77660636769986235,-2.17573280369650105E-017)
   0.0000000000000000        0.0000000000000000     
              (0.52663335008444268,0.0000000000000000)
   1.5707963267948966        0.0000000000000000     
        (0.77660636769986235,2.17573280369650105E-017)
   3.1415926535897931        0.0000000000000000     
         (1.2224970191290514,1.19964951573278122E-017)
   1.0000000000000000                1           4
               (0.0000000000000000,0.0000000000000000)
  -1.5707963267948966        0.0000000000000000     
        (0.71679413657311741,1.39993984106937329E-017)
   0.0000000000000000        0.0000000000000000     
              (0.41324073044539378,0.0000000000000000)
   1.5707963267948966        0.0000000000000000     
       (0.71679413657311741,-1.39993984106937329E-017)
   3.1415926535897931        0.0000000000000000     
         (1.4776025951924057,2.79987968213874658E-017)
   1.0000000000000000                1           4
               (0.0000000000000000,0.0000000000000000)
  -1.5707963267948966        0.0000000000000000     
        (0.75012617862165587,6.46037548537977154E-017)
   0.0000000000000000        0.0000000000000000     
              (0.47322285874676112,0.0000000000000000)
   1.5707963267948966        0.0000000000000000     
       (0.75012617862165587,-6.46037548537977154E-017)
   3.1415926535897931        0.0000000000000000     
         (1.3240164707034110,1.81852072450797767E-017)
   1.0000000000000000                1           4
               (0.0000000000000000,0.0000000000000000)
  -1.5707963267948966        0.0000000000000000     
        (0.72150314836179541,1.29896686424483287E-017)
   0.0000000000000000        0.0000000000000000     
              (0.44993425788532504,0.0000000000000000)
   1.5707963267948966        0.0000000000000000     
       (0.72150314836179541,-1.29896686424483287E-017)
   3.1415926535897931        0.0000000000000000     
         (1.4173468142753058,2.59793372848966573E-017)
   1.0000000000000000                1           4
               (0.0000000000000000,0.0000000000000000)
  -1.5707963267948966        0.0000000000000000     
        (0.73227694401423760,1.19601562928337427E-017)
   0.0000000000000000        0.0000000000000000     
              (0.44696141038312071,0.0000000000000000)
   1.5707963267948966        0.0000000000000000     
       (0.73227694401423760,-1.19601562928337427E-017)
   3.1415926535897931        0.0000000000000000     
         (1.4082408278851419,2.39203125856674853E-017)
   1.0000000000000000                1           4
               (0.0000000000000000,0.0000000000000000)
  -1.5707963267948966        0.0000000000000000     
        (0.73137316574185773,1.24031404098379342E-017)
   0.0000000000000000        0.0000000000000000     
              (0.44652545372411667,0.0000000000000000)
   1.5707963267948966        0.0000000000000000     
       (0.73137316574185773,-1.24031404098379342E-017)
   3.1415926535897931        0.0000000000000000     
         (1.4213381872883049,2.48062808196758683E-017)
   1.0000000000000000                1           4
               (0.0000000000000000,0.0000000000000000)
  -1.5707963267948966        0.0000000000000000     
        (0.72281959931580730,1.29384999146403576E-017)
   0.0000000000000000        0.0000000000000000     
              (0.45436168036727209,0.0000000000000000)
   1.5707963267948966        0.0000000000000000     
       (0.72281959931580730,-1.29384999146403576E-017)
   3.1415926535897931        0.0000000000000000     
         (1.4138809962189218,2.58769998292807151E-017)
   1.0000000000000000                1           4
               (0.0000000000000000,0.0000000000000000)
  -1.5707963267948966        0.0000000000000000     
        (0.72462072650222764,1.27047480822265355E-017)
   0.0000000000000000        0.0000000000000000     
              (0.47340023194844766,0.0000000000000000)
   1.5707963267948966        0.0000000000000000     
       (0.72462072650222764,-1.27047480822265355E-017)
   3.1415926535897931        0.0000000000000000     
         (1.3908097847617904,2.54094961644530709E-017)
   1.0000000000000000                1           4
               (0.0000000000000000,0.0000000000000000)
  -1.5707963267948966        0.0000000000000000     
        (0.73847768492072674,1.09652167660654234E-017)
   0.0000000000000000        0.0000000000000000     
              (0.44592124693339369,0.0000000000000000)
   1.5707963267948966        0.0000000000000000     
       (0.73847768492072674,-1.09652167660654234E-017)
   3.1415926535897931        0.0000000000000000     
         (1.3891852820406303,2.19304335321308469E-017)
   1.0000000000000000                1           4
               (0.0000000000000000,0.0000000000000000)
  -1.5707963267948966        0.0000000000000000     
        (0.67897694319991120,7.37396847332364284E-017)
   0.0000000000000000        0.0000000000000000     
              (0.39963457169689287,0.0000000000000000)
   1.5707963267948966        0.0000000000000000     
       (0.67897694319991120,-7.37396847332364284E-017)
   3.1415926535897931        0.0000000000000000     
         (1.5537084020600358,3.64570670039571966E-017)
   1.0000000000000000                1           4
               (0.0000000000000000,0.0000000000000000)
  -1.5707963267948966        0.0000000000000000     
        (0.75366544552694226,9.54981186769066214E-018)
   0.0000000000000000        0.0000000000000000     
              (0.45549179919798588,0.0000000000000000)
   1.5707963267948966        0.0000000000000000     
       (0.75366544552694226,-9.54981186769066214E-018)
   3.1415926535897931        0.0000000000000000     
         (1.3637596186343823,1.90996237353813243E-017)
   1.0000000000000000                1           4
               (0.0000000000000000,0.0000000000000000)
  -1.5707963267948966        0.0000000000000000     
        (0.73702239807582248,9.42808516249535831E-017)
   0.0000000000000000        0.0000000000000000     
              (0.48280246707179852,0.0000000000000000)
   1.5707963267948966        0.0000000000000000     
       (0.73702239807582248,-9.42808516249535831E-017)
   3.1415926535897931        0.0000000000000000     
         (1.3509909451129856,2.20282495561336820E-017)
   1.0000000000000000                1           4
               (0.0000000000000000,0.0000000000000000)
  -1.5707963267948966        0.0000000000000000     
        (0.71637738536281947,4.15737245807624336E-017)
   0.0000000000000000        0.0000000000000000     
              (0.44359387315987009,0.0000000000000000)
   1.5707963267948966        0.0000000000000000     
       (0.71637738536281947,-4.15737245807624336E-017)
   3.1415926535897931        0.0000000000000000     
         (1.4404958939011778,2.76362979302670372E-017)
   1.0000000000000000                1           4
               (0.0000000000000000,0.0000000000000000)
  -1.5707963267948966        0.0000000000000000     
        (0.68351814189849092,1.72300534546710810E-017)
   0.0000000000000000        0.0000000000000000     
              (0.45340347126652858,0.0000000000000000)
   1.5707963267948966        0.0000000000000000     
       (0.68351814189849092,-1.72300534546710810E-017)
   3.1415926535897931        0.0000000000000000     
         (1.4764090666036214,3.44601069093421620E-017)
   1.0000000000000000                1           4
               (0.0000000000000000,0.0000000000000000)
  -1.5707963267948966        0.0000000000000000     
        (0.68289611995139565,1.76810920793390275E-017)
   0.0000000000000000        0.0000000000000000     
              (0.42202793217553652,0.0000000000000000)
   1.5707963267948966        0.0000000000000000     
       (0.68289611995139565,-1.76810920793390275E-017)
   3.1415926535897931        0.0000000000000000     
         (1.5212726012743996,3.53621841586780551E-017)
   1.0000000000000000                1           4
               (0.0000000000000000,0.0000000000000000)
  -1.5707963267948966        0.0000000000000000     
        (0.74756491826952842,3.76282653902343956E-017)
   0.0000000000000000        0.0000000000000000     
              (0.43785222254642808,0.0000000000000000)
   1.5707963267948966        0.0000000000000000     
       (0.74756491826952842,-3.76282653902343956E-017)
   3.1415926535897931        0.0000000000000000     
         (1.3797441335304819,1.97453795492109549E-017)
   1.0000000000000000                1           4
               (0.0000000000000000,0.0000000000000000)
  -1.5707963267948966        0.0000000000000000     
        (0.71262992800466607,1.47192428079267817E-017)
   0.0000000000000000        0.0000000000000000     
              (0.45190321069772932,0.0000000000000000)
   1.5707963267948966        0.0000000000000000     
       (0.71262992800466607,-1.47192428079267817E-017)
   3.1415926535897931        0.0000000000000000     
         (1.4541236000997064,2.94384856158535635E-017)
   1.0000000000000000                1           4
               (0.0000000000000000,0.0000000000000000)
  -1.5707963267948966        0.0000000000000000     
        (0.77519201662342940,3.36561580895233746E-017)
   0.0000000000000000        0.0000000000000000     
              (0.56630381728637635,0.0000000000000000)
   1.5707963267948966        0.0000000000000000     
       (0.77519201662342940,-3.36561580895233746E-017)
   3.1415926535897931        0.0000000000000000     
         (1.1768078653693625,1.18011649477889130E-017)
   1.0000000000000000                1           4
               (0.0000000000000000,0.0000000000000000)
  -1.5707963267948966        0.0000000000000000     
        (0.68774105114458883,7.23458169985722466E-017)
   0.0000000000000000        0.0000000000000000     
              (0.42418665198450833,0.0000000000000000)
   1.5707963267948966        0.0000000000000000     
       (0.68774105114458883,-7.23458169985722466E-017)
   3.1415926535897931        0.0000000000000000     
         (1.5011573624587815,3.36693315346288329E-017)
   1.0000000000000000                1           4
               (0.0000000000000000,0.0000000000000000)
  -1.5707963267948966        0.0000000000000000     
        (0.68334241501273119,1.79987259502804476E-017)
   0.0000000000000000        0.0000000000000000     
              (0.39690351365693122,0.0000000000000000)
   1.5707963267948966        0.0000000000000000     
       (0.68334241501273119,-1.79987259502804476E-017)
   3.1415926535897931        0.0000000000000000     
         (1.5576643194617283,3.59974519005608951E-017)
   1.0000000000000000                1           4
               (0.0000000000000000,0.0000000000000000)
  -1.5707963267948966        0.0000000000000000     
        (0.73344038058785355,1.06241842391746818E-017)
   0.0000000000000000        0.0000000000000000     
              (0.46156217307142972,0.0000000000000000)
   1.5707963267948966        0.0000000000000000     
       (0.73344038058785355,-1.06241842391746818E-017)
   3.1415926535897931        0.0000000000000000     
         (1.3523307795890922,2.12483684783493636E-017)
   1.0000000000000000                1           4
               (0.0000000000000000,0.0000000000000000)
  -1.5707963267948966        0.0000000000000000     
       (0.71613340791477398,-4.18845916887707230E-017)
   0.0000000000000000        0.0000000000000000     
              (0.47326472701094724,0.0000000000000000)
   1.5707963267948966        0.0000000000000000     
        (0.71613340791477398,4.18845916887707230E-017)
   3.1415926535897931        0.0000000000000000     
         (1.4040792997164513,2.72531190849742141E-017)
   1.0000000000000000                1           4
               (0.0000000000000000,0.0000000000000000)
  -1.5707963267948966        0.0000000000000000     
        (0.70377750402644246,7.10980910117701180E-017)
   0.0000000000000000        0.0000000000000000     
              (0.47501607817286612,0.0000000000000000)
   1.5707963267948966        0.0000000000000000     
       (0.70377750402644246,-7.10980910117701180E-017)
   3.1415926535897931        0.0000000000000000     
         (1.4416470185587960,3.11738795610245696E-017)
   1.0000000000000000                1           4
               (0.0000000000000000,0.0000000000000000)
  -1.5707963267948966        0.0000000000000000     
        (0.73148230851586682,1.22194069266642881E-017)
   0.0000000000000000        0.0000000000000000     
              (0.53543209192062746,0.0000000000000000)
   1.5707963267948966        0.0000000000000000     
       (0.73148230851586682,-1.22194069266642881E-017)
   3.1415926535897931        0.0000000000000000     
         (1.3266486436580018,2.44388138533285762E-017)
   1.0000000000000000                1           4
               (0.0000000000000000,0.0000000000000000)
  -1.5707963267948966        0.0000000000000000     
        (0.75300839687806753,9.25497632375135061E-017)
   0.0000000000000000        0.0000000000000000     
              (0.42955876237753055,0.0000000000000000)
   1.5707963267948966        0.0000000000000000     
       (0.75300839687806753,-9.25497632375135061E-017)
   3.1415926535897931        0.0000000000000000     
         (1.3796650098181018,1.85660727812535343E-017)
   1.0000000000000000                1           4
               (0.0000000000000000,0.0000000000000000)
  -1.5707963267948966        0.0000000000000000     
        (0.72713238707084960,4.01997180196789588E-017)
   0.0000000000000000        0.0000000000000000     
              (0.53943846103512583,0.0000000000000000)
   1.5707963267948966        0.0000000000000000     
       (0.72713238707084960,-4.01997180196789588E-017)
   3.1415926535897931        0.0000000000000000     
         (1.3212828493981519,2.48882848081000845E-017)
   1.0000000000000000                1           4
               (0.0000000000000000,0.0000000000000000)
  -1.5707963267948966        0.0000000000000000     
        (0.68398984942411378,7.39169646379038148E-017)
   0.0000000000000000        0.0000000000000000     
              (0.44339582977738290,0.0000000000000000)
   1.5707963267948966        0.0000000000000000     
       (0.68398984942411378,-7.39169646379038148E-017)
   3.1415926535897931        0.0000000000000000     
         (1.5257633575392204,3.68116268132919632E-017)
   1.0000000000000000                1           4
               (0.0000000000000000,0.0000000000000000)
  -1.5707963267948966        0.0000000000000000     
        (0.69291730568035481,1.65875907006325643E-017)
   0.0000000000000000        0.0000000000000000     
              (0.42211687415103760,0.0000000000000000)
   1.5707963267948966        0.0000000000000000     
       (0.69291730568035481,-1.65875907006325643E-017)
   3.1415926535897931        0.0000000000000000     
         (1.5055095652594082,3.31751814012651286E-017)
   1.0000000000000000                1           4
               (0.0000000000000000,0.0000000000000000)
  -1.5707963267948966        0.0000000000000000     
        (0.74872627140977144,9.33143398481646584E-018)
   0.0000000000000000        0.0000000000000000     
              (0.49461989145931418,0.0000000000000000)
   1.5707963267948966        0.0000000000000000     
       (0.74872627140977144,-9.33143398481646584E-018)
   3.1415926535897931        0.0000000000000000     
         (1.3076204151893873,1.86628679696329317E-017)
   1.0000000000000000                1           4
               (0.0000000000000000,0.0000000000000000)
  -1.5707963267948966        0.0000000000000000     
        (0.72235852550960267,1.28347974009488291E-017)
   0.0000000000000000        0.0000000000000000     
              (0.44029122119984399,0.0000000000000000)
   1.5707963267948966        0.0000000000000000     
       (0.72235852550960267,-1.28347974009488291E-017)
   3.1415926535897931        0.0000000000000000     
         (1.4236421266286918,2.56695948018976583E-017)
   1.0000000000000000                1           4
               (0.0000000000000000,0.0000000000000000)
  -1.5707963267948966        0.0000000000000000     
        (0.72304672530264080,1.32255918221229970E-017)
   0.0000000000000000        0.0000000000000000     
              (0.48336321042586933,0.0000000000000000)
   1.5707963267948966        0.0000000000000000     
       (0.72304672530264080,-1.32255918221229970E-017)
   3.1415926535897931        0.0000000000000000     
         (1.3947108514489202,2.64511836442459940E-017)
   1.0000000000000000                1           4
               (0.0000000000000000,0.0000000000000000)
  -1.5707963267948966        0.0000000000000000     
        (0.70689969568181232,1.46502762603347044E-017)
   0.0000000000000000        0.0000000000000000     
              (0.42415116234920913,0.0000000000000000)
   1.5707963267948966        0.0000000000000000     
       (0.70689969568181232,-1.46502762603347044E-017)
   3.1415926535897931        0.0000000000000000     
         (1.4681625654103396,2.93005525206694087E-017)
   1.0000000000000000                1           4
               (0.0000000000000000,0.0000000000000000)
  -1.5707963267948966        0.0000000000000000     
        (0.77143239458285107,6.56134699329086672E-018)
   0.0000000000000000        0.0000000000000000     
              (0.48215419509078788,0.0000000000000000)
   1.5707963267948966        0.0000000000000000     
       (0.77143239458285107,-6.56134699329086672E-018)
   3.1415926535897931        0.0000000000000000     
         (1.2750204505285179,1.31226939865817334E-017)
   1.0000000000000000                1           4
               (0.0000000000000000,0.0000000000000000)
  -1.5707963267948966        0.0000000000000000     
        (0.71407825551724202,1.46386200433724395E-017)
   0.0000000000000000        0.0000000000000000     
              (0.43430070605895760,0.0000000000000000)
   1.5707963267948966        0.0000000000000000     
       (0.71407825551724202,-1.46386200433724395E-017)
   3.1415926535897931        0.0000000000000000     
         (1.4719894204331236,2.92772400867448791E-017)
   1.0000000000000000                1           4
               (0.0000000000000000,0.0000000000000000)
  -1.5707963267948966        0.0000000000000000     
        (0.69368697004450963,7.20198262107627651E-017)
   0.0000000000000000        0.0000000000000000     
              (0.45269556472282235,0.0000000000000000)
   1.5707963267948966        0.0000000000000000     
       (0.69368697004450963,-7.20198262107627651E-017)
   3.1415926535897931        0.0000000000000000     
         (1.4738926203550027,3.30173499590098824E-017)
   1.0000000000000000                1           4
               (0.0000000000000000,0.0000000000000000)
  -1.5707963267948966        0.0000000000000000     
        (0.69222331698755246,7.22582831976371197E-017)
   0.0000000000000000        0.0000000000000000     
              (0.45991077829818777,0.0000000000000000)
   1.5707963267948966        0.0000000000000000     
       (0.69222331698755246,-7.22582831976371197E-017)
   3.1415926535897931        0.0000000000000000     
         (1.4715386969218964,3.34942639327585854E-017)
   1.0000000000000000                1           4
               (0.0000000000000000,0.0000000000000000)
  -1.5707963267948966        0.0000000000000000     
        (0.77342344311534528,6.72693077237615438E-018)
   0.0000000000000000        0.0000000000000000     
              (0.45244900756962242,0.0000000000000000)
   1.5707963267948966        0.0000000000000000     
       (0.77342344311534528,-6.72693077237615438E-018)
   3.1415926535897931        0.0000000000000000     
         (1.3141161117731686,1.34538615447523088E-017)
   1.0000000000000000                1           4
               (0.0000000000000000,0.0000000000000000)
  -1.5707963267948966        0.0000000000000000     
        (0.70243203384227959,1.58641284237096110E-017)
   0.0000000000000000        0.0000000000000000     
              (0.44997080831258163,0.0000000000000000)
   1.5707963267948966        0.0000000000000000     
       (0.70243203384227959,-1.58641284237096110E-017)
   3.1415926535897931        0.0000000000000000     
         (1.4730550162068408,3.17282568474192220E-017)
   1.0000000000000000                1           4
               (0.0000000000000000,0.0000000000000000)
  -1.5707963267948966        0.0000000000000000     
       (0.73417819889133129,-9.96016791445499032E-017)
   0.0000000000000000        0.0000000000000000     
              (0.49146072100961591,0.0000000000000000)
   1.5707963267948966        0.0000000000000000     
        (0.73417819889133129,9.96016791445499032E-017)
   3.1415926535897931        0.0000000000000000     
         (1.3499215427098126,2.28412466359315140E-017)
   1.0000000000000000                1           4
               (0.0000000000000000,0.0000000000000000)
  -1.5707963267948966        0.0000000000000000     
        (0.75571299130591629,9.34528995735396159E-018)
   0.0000000000000000        0.0000000000000000     
              (0.49983982346211869,0.0000000000000000)
   1.5707963267948966        0.0000000000000000     
       (0.75571299130591629,-9.34528995735396159E-018)
   3.1415926535897931        0.0000000000000000     
         (1.3168264933868350,1.86905799147079232E-017)
   1.0000000000000000                1           4
               (0.0000000000000000,0.0000000000000000)
  -1.5707963267948966        0.0000000000000000     
        (0.71340559521887936,1.41051661239997044E-017)
   0.0000000000000000        0.0000000000000000     
              (0.48909873702944839,0.0000000000000000)
   1.5707963267948966        0.0000000000000000     
       (0.71340559521887936,-1.41051661239997044E-017)
   3.1415926535897931        0.0000000000000000     
         (1.3984221415835547,2.82103322479994088E-017)
   1.0000000000000000                1           4
               (0.0000000000000000,0.0000000000000000)
  -1.5707963267948966        0.0000000000000000     
       (0.75988167076825464,-1.97980302966529920E-017)
   0.0000000000000000        0.0000000000000000     
              (0.49502266203379514,0.0000000000000000)
   1.5707963267948966        0.0000000000000000     
        (0.75988167076825464,1.97980302966529920E-017)
   3.1415926535897931        0.0000000000000000     
         (1.2846538340389044,1.59150906379518430E-017)
   1.0000000000000000                1           4
               (0.0000000000000000,0.0000000000000000)
  -1.5707963267948966        0.0000000000000000     
       (0.69554266667961284,-3.91651575092694362E-017)
   0.0000000000000000        0.0000000000000000     
              (0.41402447138860865,0.0000000000000000)
   1.5707963267948966        0.0000000000000000     
        (0.69554266667961284,3.91651575092694362E-017)
   3.1415926535897931        0.0000000000000000     
         (1.5109615338498597,3.26919874439767939E-017)
   1.0000000000000000                1           4
               (0.0000000000000000,0.0000000000000000)
  -1.5707963267948966        0.0000000000000000     
       (0.75605759582468479,-4.61080332406217977E-017)
   0.0000000000000000        0.0000000000000000     
              (0.48113835363208940,0.0000000000000000)
   1.5707963267948966        0.0000000000000000     
        (0.75605759582468479,4.61080332406217977E-017)
   3.1415926535897931        0.0000000000000000     
         (1.3381059791601091,1.88062359812720680E-017)
   1.0000000000000000                1           4
               (0.0000000000000000,0.0000000000000000)
  -1.5707963267948966        0.0000000000000000     
        (0.74882472716553006,1.01278168691795649E-017)
   0.0000000000000000        0.0000000000000000     
              (0.45675493477656859,0.0000000000000000)
   1.5707963267948966        0.0000000000000000     
       (0.74882472716553006,-1.01278168691795649E-017)
   3.1415926535897931        0.0000000000000000     
         (1.3716941223862940,2.02556337383591297E-017)
   1.0000000000000000                1           4
               (0.0000000000000000,0.0000000000000000)
  -1.5707963267948966        0.0000000000000000     
       (0.68402593672301948,-9.32348743287818705E-017)
   0.0000000000000000        0.0000000000000000     
              (0.44518055336243767,0.0000000000000000)
   1.5707963267948966        0.0000000000000000     
        (0.68402593672301948,9.32348743287818705E-017)
   3.1415926535897931        0.0000000000000000     
         (1.5038528127431361,3.55748562674675732E-017)
   1.0000000000000000                1           4
               (0.0000000000000000,0.0000000000000000)
  -1.5707963267948966        0.0000000000000000     
       (0.72307624306005902,-1.49113294857903922E-017)
   0.0000000000000000        0.0000000000000000     
              (0.43989071420527226,0.0000000000000000)
   1.5707963267948966        0.0000000000000000     
        (0.72307624306005902,1.49113294857903922E-017)
   3.1415926535897931        0.0000000000000000     
         (1.4257866876303380,2.56884922596770396E-017)
   1.0000000000000000                1           4
               (0.0000000000000000,0.0000000000000000)
  -1.5707963267948966        0.0000000000000000     
       (0.72933933872252821,-1.57809843201925289E-017)
   0.0000000000000000        0.0000000000000000     
              (0.48507819202527541,0.0000000000000000)
   1.5707963267948966        0.0000000000000000     
        (0.72933933872252821,1.57809843201925289E-017)
   3.1415926535897931        0.0000000000000000     
         (1.3647203186247037,2.39491825908727693E-017)
   1.0000000000000000                1           4
               (0.0000000000000000,0.0000000000000000)
  -1.5707963267948966        0.0000000000000000     
        (0.70782980530141582,1.50050518967050608E-017)
   0.0000000000000000        0.0000000000000000     
              (0.43730384607495076,0.0000000000000000)
   1.5707963267948966        0.0000000000000000     
       (0.70782980530141582,-1.50050518967050608E-017)
   3.1415926535897931        0.0000000000000000     
         (1.4684579525922978,3.00101037934101216E-017)
   1.0000000000000000                1           4
               (0.0000000000000000,0.0000000000000000)
  -1.5707963267948966        0.0000000000000000     
        (0.71763655250797509,1.37429603646693371E-017)
   0.0000000000000000        0.0000000000000000     
              (0.42022609013574119,0.0000000000000000)
   1.5707963267948966        0.0000000000000000     
       (0.71763655250797509,-1.37429603646693371E-017)
   3.1415926535897931        0.0000000000000000     
         (1.4639261651539930,2.74859207293386741E-017)
   1.0000000000000000                1           4
               (0.0000000000000000,0.0000000000000000)
  -1.5707963267948966        0.0000000000000000     
       (0.75155735045045324,-1.90749984961812990E-017)
   0.0000000000000000        0.0000000000000000     
              (0.48744274445164737,0.0000000000000000)
   1.5707963267948966        0.0000000000000000     
        (0.75155735045045324,1.90749984961812990E-017)
   3.1415926535897931        0.0000000000000000     
         (1.2992011217723993,1.73611542388952290E-017)
   1.0000000000000000                1           4
               (0.0000000000000000,0.0000000000000000)
  -1.5707963267948966        0.0000000000000000     
        (0.70726083979296361,4.22888242579805595E-017)
   0.0000000000000000        0.0000000000000000     
              (0.45692599474024032,0.0000000000000000)
   1.5707963267948966        0.0000000000000000     
       (0.70726083979296361,-4.22888242579805595E-017)
   3.1415926535897931        0.0000000000000000     
         (1.4322876091611796,2.90664972847032858E-017)
   1.0000000000000000                1           4
               (0.0000000000000000,0.0000000000000000)
  -1.5707963267948966        0.0000000000000000     
        (0.69423137609756547,1.61720487810187353E-017)
   0.0000000000000000        0.0000000000000000     
              (0.45588001548470947,0.0000000000000000)
   1.5707963267948966        0.0000000000000000     
       (0.69423137609756547,-1.61720487810187353E-017)
   3.1415926535897931        0.0000000000000000     
         (1.4608019356591582,3.23440975620374707E-017)
   1.0000000000000000                1           4
               (0.0000000000000000,0.0000000000000000)
  -1.5707963267948966        0.0000000000000000     
       (0.76052498706049032,-1.30233952675078952E-016)
   0.0000000000000000        0.0000000000000000     
              (0.45249683093993931,0.0000000000000000)
   1.5707963267948966        0.0000000000000000     
        (0.76052498706049032,1.30233952675078952E-016)
   3.1415926535897931        0.0000000000000000     
         (1.3476189247276626,1.70878508061312363E-017)
   1.0000000000000000                1           4
               (0.0000000000000000,0.0000000000000000)
  -1.5707963267948966        0.0000000000000000     
        (0.72890174491513116,1.20934106383734545E-017)
   0.0000000000000000        0.0000000000000000     
              (0.45989686940488905,0.0000000000000000)
   1.5707963267948966        0.0000000000000000     
       (0.72890174491513116,-1.20934106383734545E-017)
   3.1415926535897931        0.0000000000000000     
         (1.3929073878888856,2.41868212767469089E-017)
   1.0000000000000000                1           4
               (0.0000000000000000,0.0000000000000000)
  -1.5707963267948966        0.0000000000000000     
        (0.73792657480575863,1.09970437475749776E-017)
   0.0000000000000000        0.0000000000000000     
              (0.45104493437638932,0.0000000000000000)
   1.5707963267948966        0.0000000000000000     
       (0.73792657480575863,-1.09970437475749776E-017)
   3.1415926535897931        0.0000000000000000     
         (1.3839989224735432,2.19940874951499551E-017)
   1.0000000000000000                1           4
               (0.0000000000000000,0.0000000000000000)
  -1.5707963267948966        0.0000000000000000     
        (0.71005259570020907,1.43015923724725173E-017)
   0.0000000000000000        0.0000000000000000     
              (0.48084872457720812,0.0000000000000000)
   1.5707963267948966        0.0000000000000000     
       (0.71005259570020907,-1.43015923724725173E-017)
   3.1415926535897931        0.0000000000000000     
         (1.4063819231565740,2.86031847449450346E-017)
   1.0000000000000000                1           4
               (0.0000000000000000,0.0000000000000000)
  -1.5707963267948966        0.0000000000000000     
        (0.69158923535611216,1.67889544677795499E-017)
   0.0000000000000000        0.0000000000000000     
              (0.47588981757056437,0.0000000000000000)
   1.5707963267948966        0.0000000000000000     
       (0.69158923535611216,-1.67889544677795499E-017)
   3.1415926535897931        0.0000000000000000     
         (1.4556575209480733,3.35779089355590998E-017)
   1.0000000000000000                1           4
               (0.0000000000000000,0.0000000000000000)
  -1.5707963267948966        0.0000000000000000     
       (0.73785055327614291,-4.44923236597929579E-017)
   0.0000000000000000        0.0000000000000000     
              (0.47031392053986948,0.0000000000000000)
   1.5707963267948966        0.0000000000000000     
        (0.73785055327614291,4.44923236597929579E-017)
   3.1415926535897931        0.0000000000000000     
         (1.3652894069347790,2.20376551429297506E-017)
   1.0000000000000000                1           4
               (0.0000000000000000,0.0000000000000000)
  -1.5707963267948966        0.0000000000000000     
       (0.75519439069840810,-4.68434717559269846E-017)
   0.0000000000000000        0.0000000000000000     
              (0.50643419714166438,0.0000000000000000)
   1.5707963267948966        0.0000000000000000     
        (0.75519439069840810,4.68434717559269846E-017)
   3.1415926535897931        0.0000000000000000     
         (1.2870624805519657,1.73353589506616910E-017)
   1.0000000000000000                1           4
               (0.0000000000000000,0.0000000000000000)
  -1.5707963267948966        0.0000000000000000     
        (0.75226076278729892,6.47322580699312658E-017)
   0.0000000000000000        0.0000000000000000     
              (0.44980571479560516,0.0000000000000000)
   1.5707963267948966        0.0000000000000000     
       (0.75226076278729892,-6.47322580699312658E-017)
   3.1415926535897931        0.0000000000000000     
         (1.3559000165465180,1.84422136773468776E-017)
   1.0000000000000000                1           4
               (0.0000000000000000,0.0000000000000000)
  -1.5707963267948966        0.0000000000000000     
        (0.67794457357904037,7.40851025105956406E-017)
   0.0000000000000000        0.0000000000000000     
              (0.39259703215757513,0.0000000000000000)
   1.5707963267948966        0.0000000000000000     
       (0.67794457357904037,-7.40851025105956406E-017)
   3.1415926535897931        0.0000000000000000     
         (1.5699634031554159,3.71479025586756210E-017)
   1.0000000000000000                1           4
               (0.0000000000000000,0.0000000000000000)
  -1.5707963267948966        0.0000000000000000     
        (0.74461036984588558,3.76347055446571833E-017)
   0.0000000000000000        0.0000000000000000     
              (0.45376825978511814,0.0000000000000000)
   1.5707963267948966        0.0000000000000000     
       (0.74461036984588558,-3.76347055446571833E-017)
   3.1415926535897931        0.0000000000000000     
         (1.3581293508512062,1.97582598580565335E-017)
   1.0000000000000000                1           4
               (0.0000000000000000,0.0000000000000000)
  -1.5707963267948966        0.0000000000000000     
       (0.69312530795813820,-3.93613957115972382E-017)
   0.0000000000000000        0.0000000000000000     
              (0.45163761173529704,0.0000000000000000)
   1.5707963267948966        0.0000000000000000     
        (0.69312530795813820,3.93613957115972382E-017)
   3.1415926535897931        0.0000000000000000     
         (1.4621040499553095,3.22995110393211776E-017)
   1.0000000000000000                1           4
               (0.0000000000000000,0.0000000000000000)
  -1.5707963267948966        0.0000000000000000     
        (0.69611526631028686,1.61335119732079556E-017)
   0.0000000000000000        0.0000000000000000     
              (0.42189741219117283,0.0000000000000000)
   1.5707963267948966        0.0000000000000000     
       (0.69611526631028686,-1.61335119732079556E-017)
   3.1415926535897931        0.0000000000000000     
         (1.4972936117136058,3.22670239464159112E-017)
   1.0000000000000000                1           4
               (0.0000000000000000,0.0000000000000000)
  -1.5707963267948966        0.0000000000000000     
        (0.71771137510160465,1.38498864195440503E-017)
   0.0000000000000000        0.0000000000000000     
              (0.46670075668736666,0.0000000000000000)
   1.5707963267948966        0.0000000000000000     
       (0.71771137510160465,-1.38498864195440503E-017)
   3.1415926535897931        0.0000000000000000     
         (1.4210936137801302,2.76997728390881006E-017)
   1.0000000000000000                1           4
               (0.0000000000000000,0.0000000000000000)
  -1.5707963267948966        0.0000000000000000     
        (0.76033045476850891,3.61597382129224332E-017)
   0.0000000000000000        0.0000000000000000     
              (0.44823259688591299,0.0000000000000000)
   1.5707963267948966        0.0000000000000000     
       (0.76033045476850891,-3.61597382129224332E-017)
   3.1415926535897931        0.0000000000000000     
         (1.3469290945302499,1.68083251945870394E-017)
   1.0000000000000000                1           4
               (0.0000000000000000,0.0000000000000000)
  -1.5707963267948966        0.0000000000000000     
        (0.71834736985887271,4.14336346550044538E-017)
   0.0000000000000000        0.0000000000000000     
              (0.44488741194615211,0.0000000000000000)
   1.5707963267948966        0.0000000000000000     
       (0.71834736985887271,-4.14336346550044538E-017)
   3.1415926535897931        0.0000000000000000     
         (1.4385666398899521,2.73561180787510683E-017)
   1.0000000000000000                1           4
               (0.0000000000000000,0.0000000000000000)
  -1.5707963267948966        0.0000000000000000     
        (0.70353209819975782,1.55009883665410987E-017)
   0.0000000000000000        0.0000000000000000     
              (0.46026800239168153,0.0000000000000000)
   1.5707963267948966        0.0000000000000000     
       (0.70353209819975782,-1.55009883665410987E-017)
   3.1415926535897931        0.0000000000000000     
         (1.4530968964579933,3.10019767330821974E-017)
   1.0000000000000000                1           4
               (0.0000000000000000,0.0000000000000000)
  -1.5707963267948966        0.0000000000000000     
       (0.69750652609783470,-6.76181740969554334E-017)
   0.0000000000000000        0.0000000000000000     
              (0.47673893118676319,0.0000000000000000)
   1.5707963267948966        0.0000000000000000     
        (0.69750652609783470,6.76181740969554334E-017)
   3.1415926535897931        0.0000000000000000     
         (1.4293946419893699,3.12971054998626327E-017)
   1.0000000000000000                1           4
               (0.0000000000000000,0.0000000000000000)
  -1.5707963267948966        0.0000000000000000     
        (0.75525679112643274,8.89858946568145941E-018)
   0.0000000000000000        0.0000000000000000     
              (0.47411688252910117,0.0000000000000000)
   1.5707963267948966        0.0000000000000000     
       (0.75525679112643274,-8.89858946568145941E-018)
   3.1415926535897931        0.0000000000000000     
         (1.3270466886634977,1.77971789313629188E-017)
   1.0000000000000000                1           4
               (0.0000000000000000,0.0000000000000000)
  -1.5707963267948966        0.0000000000000000     
       (0.73041175220486987,-4.28698432638803841E-017)
   0.0000000000000000        0.0000000000000000     
              (0.41966383752400443,0.0000000000000000)
   1.5707963267948966        0.0000000000000000     
        (0.73041175220486987,4.28698432638803841E-017)
   3.1415926535897931        0.0000000000000000     
         (1.4540561191911285,2.52826159347548950E-017)
   1.0000000000000000                1           4
               (0.0000000000000000,0.0000000000000000)
  -1.5707963267948966        0.0000000000000000     
        (0.68025890105821996,1.83718150723752270E-017)
   0.0000000000000000        0.0000000000000000     
              (0.45729577331192839,0.0000000000000000)
   1.5707963267948966        0.0000000000000000     
       (0.68025890105821996,-1.83718150723752270E-017)
   3.1415926535897931        0.0000000000000000     
         (1.5032910474037158,3.67436301447504540E-017)
   1.0000000000000000                1           4
               (0.0000000000000000,0.0000000000000000)
  -1.5707963267948966        0.0000000000000000     
        (0.70448095137362665,4.29621270130826182E-017)
   0.0000000000000000        0.0000000000000000     
              (0.51302933102849690,0.0000000000000000)
   1.5707963267948966        0.0000000000000000     
       (0.70448095137362665,-4.29621270130826182E-017)
   3.1415926535897931        0.0000000000000000     
         (1.3926162329357241,3.04131027949074094E-017)
   1.0000000000000000                1           4
               (0.0000000000000000,0.0000000000000000)
  -1.5707963267948966        0.0000000000000000     
        (0.70078962946743217,1.58353710388560511E-017)
   0.0000000000000000        0.0000000000000000     
              (0.43700123706076888,0.0000000000000000)
   1.5707963267948966        0.0000000000000000     
       (0.70078962946743217,-1.58353710388560511E-017)
   3.1415926535897931        0.0000000000000000     
         (1.4818004912385279,3.16707420777121022E-017)
   1.0000000000000000                1           4
               (0.0000000000000000,0.0000000000000000)
  -1.5707963267948966        0.0000000000000000     
       (0.68999112587800615,-3.85583735733019009E-017)
   0.0000000000000000        0.0000000000000000     
              (0.44085222898012688,0.0000000000000000)
   1.5707963267948966        0.0000000000000000     
        (0.68999112587800615,3.85583735733019009E-017)
   3.1415926535897931        0.0000000000000000     
         (1.4928497620430476,3.39055553159118585E-017)
   1.0000000000000000                1           4
               (0.0000000000000000,0.0000000000000000)
  -1.5707963267948966        0.0000000000000000     
        (0.71984559516566404,1.35570162339991396E-017)
   0.0000000000000000        0.0000000000000000     
              (0.44425699260601714,0.0000000000000000)
   1.5707963267948966        0.0000000000000000     
       (0.71984559516566404,-1.35570162339991396E-017)
   3.1415926535897931        0.0000000000000000     
         (1.4382399517905016,2.71140324679982791E-017)
   1.0000000000000000                1           4
               (0.0000000000000000,0.0000000000000000)
  -1.5707963267948966        0.0000000000000000     
        (0.69042282015806655,1.67595668965867700E-017)
   0.0000000000000000        0.0000000000000000     
              (0.44268738924333728,0.0000000000000000)
   1.5707963267948966        0.0000000000000000     
       (0.69042282015806655,-1.67595668965867700E-017)
   3.1415926535897931        0.0000000000000000     
         (1.4855672479608923,3.35191337931735399E-017)
   1.0000000000000000                1           4
               (0.0000000000000000,0.0000000000000000)
  -1.5707963267948966        0.0000000000000000     
       (0.71749331386902293,-4.24313336570327610E-017)
   0.0000000000000000        0.0000000000000000     
              (0.45374322838130904,0.0000000000000000)
   1.5707963267948966        0.0000000000000000     
        (0.71749331386902293,4.24313336570327610E-017)
   3.1415926535897931        0.0000000000000000     
         (1.4084626623583385,2.61596351484501413E-017)
   1.0000000000000000                1           4
               (0.0000000000000000,0.0000000000000000)
  -1.5707963267948966        0.0000000000000000     
       (0.76313736486974748,-1.99890351884990625E-017)
   0.0000000000000000        0.0000000000000000     
              (0.51389961844831022,0.0000000000000000)
   1.5707963267948966        0.0000000000000000     
        (0.76313736486974748,1.99890351884990625E-017)
   3.1415926535897931        0.0000000000000000     
         (1.2660495726146364,1.55330808542597052E-017)
   1.0000000000000000                1           4
               (0.0000000000000000,0.0000000000000000)
  -1.5707963267948966        0.0000000000000000     
       (0.77204017920432122,-4.86837448365625408E-017)
   0.0000000000000000        0.0000000000000000     
              (0.44309370555794514,0.0000000000000000)
   1.5707963267948966        0.0000000000000000     
        (0.77204017920432122,4.86837448365625408E-017)
   3.1415926535897931        0.0000000000000000     
         (1.3239866688373081,1.36548127893905724E-017)
   1.0000000000000000                1           4
               (0.0000000000000000,0.0000000000000000)
  -1.5707963267948966        0.0000000000000000     
       (0.74784169472763129,-7.36076188231200220E-017)
   0.0000000000000000        0.0000000000000000     
              (0.46216337097013738,0.0000000000000000)
   1.5707963267948966        0.0000000000000000     
        (0.74784169472763129,7.36076188231200220E-017)
   3.1415926535897931        0.0000000000000000     
         (1.3490104286341338,1.93182160475334556E-017)
   1.0000000000000000                1           4
               (0.0000000000000000,0.0000000000000000)
  -1.5707963267948966        0.0000000000000000     
        (0.73123420801866867,3.97763404567307754E-017)
   0.0000000000000000        0.0000000000000000     
              (0.47415944435680152,0.0000000000000000)
   1.5707963267948966        0.0000000000000000     
       (0.73123420801866867,-3.97763404567307754E-017)
   3.1415926535897931        0.0000000000000000     
         (1.3809369473375559,2.40415296822037207E-017)
   1.0000000000000000                1           4
               (0.0000000000000000,0.0000000000000000)
  -1.5707963267948966        0.0000000000000000     
        (0.74054136021764516,1.03392410220471813E-017)
   0.0000000000000000        0.0000000000000000     
              (0.46778565229388192,0.0000000000000000)
   1.5707963267948966        0.0000000000000000     
       (0.74054136021764516,-1.03392410220471813E-017)
   3.1415926535897931        0.0000000000000000     
         (1.3510023078642661,2.06784820440943626E-017)
   1.0000000000000000                1           4
               (0.0000000000000000,0.0000000000000000)
  -1.5707963267948966        0.0000000000000000     
        (0.75285941677732582,9.11503255984960726E-018)
   0.0000000000000000        0.0000000000000000     
              (0.48928868727228592,0.0000000000000000)
   1.5707963267948966        0.0000000000000000     
       (0.75285941677732582,-9.11503255984960726E-018)
   3.1415926535897931        0.0000000000000000     
         (1.3141497031765117,1.82300651196992145E-017)
   1.0000000000000000                1           4
               (0.0000000000000000,0.0000000000000000)
  -1.5707963267948966        0.0000000000000000     
       (0.69705996309336959,-3.93629913227492373E-017)
   0.0000000000000000        0.0000000000000000     
              (0.44089436002311422,0.0000000000000000)
   1.5707963267948966        0.0000000000000000     
        (0.69705996309336959,3.93629913227492373E-017)
   3.1415926535897931        0.0000000000000000     
         (1.4806644953226795,3.22963198170171918E-017)
   1.0000000000000000                1           4
               (0.0000000000000000,0.0000000000000000)
  -1.5707963267948966        0.0000000000000000     
       (0.74308179200722579,-1.67054054642381773E-017)
   0.0000000000000000        0.0000000000000000     
              (0.50693768202597977,0.0000000000000000)
   1.5707963267948966        0.0000000000000000     
        (0.74308179200722579,1.67054054642381773E-017)
   3.1415926535897931        0.0000000000000000     
         (1.3401518492602662,2.21003403027814754E-017)
   1.0000000000000000                1           4
               (0.0000000000000000,0.0000000000000000)
  -1.5707963267948966        0.0000000000000000     
        (0.72821363018735463,6.74131795460829287E-017)
   0.0000000000000000        0.0000000000000000     
              (0.45835605431705184,0.0000000000000000)
   1.5707963267948966        0.0000000000000000     
       (0.72821363018735463,-6.74131795460829287E-017)
   3.1415926535897931        0.0000000000000000     
         (1.3868209524534922,2.38040566296502065E-017)
   1.0000000000000000                1           4
               (0.0000000000000000,0.0000000000000000)
  -1.5707963267948966        0.0000000000000000     
       (0.74729170493760810,-1.84596637292450334E-017)
   0.0000000000000000        0.0000000000000000     
              (0.51004791285932416,0.0000000000000000)
   1.5707963267948966        0.0000000000000000     
        (0.74729170493760810,1.84596637292450334E-017)
   3.1415926535897931        0.0000000000000000     
         (1.2881630210613904,1.85918237727677632E-017)
   1.0000000000000000                1           4
               (0.0000000000000000,0.0000000000000000)
  -1.5707963267948966        0.0000000000000000     
        (0.68161800238458758,1.77794711595524740E-017)
   0.0000000000000000        0.0000000000000000     
              (0.48917850039919808,0.0000000000000000)
   1.5707963267948966        0.0000000000000000     
       (0.68161800238458758,-1.77794711595524740E-017)
   3.1415926535897931        0.0000000000000000     
         (1.4547791025297483,3.55589423191049481E-017)
   1.0000000000000000                1           4
               (0.0000000000000000,0.0000000000000000)
  -1.5707963267948966        0.0000000000000000     
       (0.74163838952563543,-1.67930157856402854E-017)
   0.0000000000000000        0.0000000000000000     
              (0.49869173346591300,0.0000000000000000)
   1.5707963267948966        0.0000000000000000     
        (0.74163838952563543,1.67930157856402854E-017)
   3.1415926535897931        0.0000000000000000     
         (1.3426494225998957,2.19251196599772563E-017)
   1.0000000000000000                1           4
               (0.0000000000000000,0.0000000000000000)
  -1.5707963267948966        0.0000000000000000     
        (0.69355110972303824,1.64338751088343427E-017)
   0.0000000000000000        0.0000000000000000     
              (0.43505606196717933,0.0000000000000000)
   1.5707963267948966        0.0000000000000000     
       (0.69355110972303824,-1.64338751088343427E-017)
   3.1415926535897931        0.0000000000000000     
         (1.4888172532846835,3.28677502176686854E-017)
   1.0000000000000000                1           4
               (0.0000000000000000,0.0000000000000000)
  -1.5707963267948966        0.0000000000000000     
        (0.72204005180825703,1.32864947699378046E-017)
   0.0000000000000000        0.0000000000000000     
              (0.46490210112529962,0.0000000000000000)
   1.5707963267948966        0.0000000000000000     
       (0.72204005180825703,-1.32864947699378046E-017)
   3.1415926535897931        0.0000000000000000     
         (1.4131478549968799,2.65729895398756091E-017)
   1.0000000000000000                1           4
               (0.0000000000000000,0.0000000000000000)
  -1.5707963267948966        0.0000000000000000     
       (0.73842803318791295,-4.46833018729217488E-017)
   0.0000000000000000        0.0000000000000000     
              (0.47131869586930297,0.0000000000000000)
   1.5707963267948966        0.0000000000000000     
        (0.73842803318791295,4.46833018729217488E-017)
   3.1415926535897931        0.0000000000000000     
         (1.3592017696091816,2.16556987166721595E-017)
   1.0000000000000000                1           4
               (0.0000000000000000,0.0000000000000000)
  -1.5707963267948966        0.0000000000000000     
        (0.76273353500125385,3.58168569522149820E-017)
   0.0000000000000000        0.0000000000000000     
              (0.51005449519738399,0.0000000000000000)
   1.5707963267948966        0.0000000000000000     
       (0.76273353500125385,-3.58168569522149820E-017)
   3.1415926535897931        0.0000000000000000     
         (1.2787140048075913,1.61225626731721340E-017)
   1.0000000000000000                1           4
               (0.0000000000000000,0.0000000000000000)
  -1.5707963267948966        0.0000000000000000     
        (0.73848053031655225,1.06550536527043568E-017)
   0.0000000000000000        0.0000000000000000     
              (0.47771996013909757,0.0000000000000000)
   1.5707963267948966        0.0000000000000000     
       (0.73848053031655225,-1.06550536527043568E-017)
   3.1415926535897931        0.0000000000000000     
         (1.3472615635409140,2.13101073054087136E-017)
   1.0000000000000000                1           4
               (0.0000000000000000,0.0000000000000000)
  -1.5707963267948966        0.0000000000000000     
        (0.68088907057183112,1.76140756124996861E-017)
   0.0000000000000000        0.0000000000000000     
              (0.42784896465259026,0.0000000000000000)
   1.5707963267948966        0.0000000000000000     
       (0.68088907057183112,-1.76140756124996861E-017)
   3.1415926535897931        0.0000000000000000     
         (1.5092485461170992,3.52281512249993722E-017)
   1.0000000000000000                1           4
               (0.0000000000000000,0.0000000000000000)
  -1.5707963267948966        0.0000000000000000     
       (0.71804575719493435,-1.41041063781158651E-017)
   0.0000000000000000        0.0000000000000000     
              (0.44429129055494510,0.0000000000000000)
   1.5707963267948966        0.0000000000000000     
        (0.71804575719493435,1.41041063781158651E-017)
   3.1415926535897931        0.0000000000000000     
         (1.4376910471161417,2.73029384750260969E-017)
   1.0000000000000000                1           4
               (0.0000000000000000,0.0000000000000000)
  -1.5707963267948966        0.0000000000000000     
        (0.73482254770772915,1.14936806379472547E-017)
   0.0000000000000000        0.0000000000000000     
              (0.46703766579553485,0.0000000000000000)
   1.5707963267948966        0.0000000000000000     
       (0.73482254770772915,-1.14936806379472547E-017)
   3.1415926535897931        0.0000000000000000     
         (1.3780195287149311,2.29873612758945094E-017)
   1.0000000000000000                1           4
               (0.0000000000000000,0.0000000000000000)
  -1.5707963267948966        0.0000000000000000     
        (0.74413342391248516,6.61092229967370300E-017)
   0.0000000000000000        0.0000000000000000     
              (0.47994135655611159,0.0000000000000000)
   1.5707963267948966        0.0000000000000000     
       (0.74413342391248516,-6.61092229967370300E-017)
   3.1415926535897931        0.0000000000000000     
         (1.3544847846376240,2.11961435309583998E-017)
   1.0000000000000000                1           4
               (0.0000000000000000,0.0000000000000000)
  -1.5707963267948966        0.0000000000000000     
       (0.74109334296112495,-4.48919069668794642E-017)
   0.0000000000000000        0.0000000000000000     
              (0.48940662130950863,0.0000000000000000)
   1.5707963267948966        0.0000000000000000     
        (0.74109334296112495,4.48919069668794642E-017)
   3.1415926535897931        0.0000000000000000     
         (1.3396309042759615,2.12384885287567319E-017)
   1.0000000000000000                1           4
               (0.0000000000000000,0.0000000000000000)
  -1.5707963267948966        0.0000000000000000     
       (0.68314471653893294,-3.73589025674818230E-017)
   0.0000000000000000        0.0000000000000000     
              (0.43133174353821069,0.0000000000000000)
   1.5707963267948966        0.0000000000000000     
        (0.68314471653893294,3.73589025674818230E-017)
   3.1415926535897931        0.0000000000000000     
         (1.5278551249933485,3.63044973275520141E-017)
   1.0000000000000000                1           4
               (0.0000000000000000,0.0000000000000000)
  -1.5707963267948966        0.0000000000000000     
        (0.70345911570898578,1.25757792605778408E-016)
   0.0000000000000000        0.0000000000000000     
              (0.48946412747205204,0.0000000000000000)
   1.5707963267948966        0.0000000000000000     
       (0.70345911570898578,-1.25757792605778408E-016)
   3.1415926535897931        0.0000000000000000     
         (1.3987517369784699,2.94709802865255131E-017)
   1.0000000000000000                1           4
               (0.0000000000000000,0.0000000000000000)
  -1.5707963267948966        0.0000000000000000     
       (0.71095671611345579,-4.14127348156461815E-017)
   0.0000000000000000        0.0000000000000000     
              (0.44224025188200045,0.0000000000000000)
   1.5707963267948966        0.0000000000000000     
        (0.71095671611345579,4.14127348156461815E-017)
   3.1415926535897931        0.0000000000000000     
         (1.4401624063136562,2.81968328312232911E-017)
   1.0000000000000000                1           4
               (0.0000000000000000,0.0000000000000000)
  -1.5707963267948966        0.0000000000000000     
        (0.73466940849955065,1.20982445239551403E-017)
   0.0000000000000000        0.0000000000000000     
              (0.40687467816368111,0.0000000000000000)
   1.5707963267948966        0.0000000000000000     
       (0.73466940849955065,-1.20982445239551403E-017)
   3.1415926535897931        0.0000000000000000     
         (1.4576227929838135,2.41964890479102805E-017)
   1.0000000000000000                1           4
               (0.0000000000000000,0.0000000000000000)
  -1.5707963267948966        0.0000000000000000     
        (0.67837069605731315,1.86576165316504250E-017)
   0.0000000000000000        0.0000000000000000     
              (0.48928059523949319,0.0000000000000000)
   1.5707963267948966        0.0000000000000000     
       (0.67837069605731315,-1.86576165316504250E-017)
   3.1415926535897931        0.0000000000000000     
         (1.4768647995521691,3.73152330633008500E-017)
   1.0000000000000000                1           4
               (0.0000000000000000,0.0000000000000000)
  -1.5707963267948966        0.0000000000000000     
       (0.72153110738778459,-4.23976562007736735E-017)
   0.0000000000000000        0.0000000000000000     
              (0.45879845454190521,0.0000000000000000)
   1.5707963267948966        0.0000000000000000     
        (0.72153110738778459,4.23976562007736735E-017)
   3.1415926535897931        0.0000000000000000     
         (1.4125830124332133,2.62269900609683194E-017)
   1.0000000000000000                1           4
               (0.0000000000000000,0.0000000000000000)
  -1.5707963267948966        0.0000000000000000     
        (0.71843788901493222,1.24687803885484900E-016)
   0.0000000000000000        0.0000000000000000     
              (0.47551352097682464,0.0000000000000000)
   1.5707963267948966        0.0000000000000000     
       (0.71843788901493222,-1.24687803885484900E-016)
   3.1415926535897931        0.0000000000000000     
         (1.4077114062929248,2.73310028459384578E-017)
   1.0000000000000000                1           4
               (0.0000000000000000,0.0000000000000000)
  -1.5707963267948966        0.0000000000000000     
        (0.71525681779666039,1.36638203923256491E-017)
   0.0000000000000000        0.0000000000000000     
              (0.41858434602347716,0.0000000000000000)
   1.5707963267948966        0.0000000000000000     
       (0.71525681779666039,-1.36638203923256491E-017)
   3.1415926535897931        0.0000000000000000     
         (1.4582235321821275,2.73276407846512983E-017)
   1.0000000000000000                1           4
               (0.0000000000000000,0.0000000000000000)
  -1.5707963267948966        0.0000000000000000     
       (0.71191187271725420,-9.64739941378108136E-017)
   0.0000000000000000        0.0000000000000000     
              (0.41541936725017375,0.0000000000000000)
   1.5707963267948966        0.0000000000000000     
        (0.71191187271725420,9.64739941378108136E-017)
   3.1415926535897931        0.0000000000000000     
         (1.4835881890540137,2.90966166494096994E-017)
   1.0000000000000000                1           4
               (0.0000000000000000,0.0000000000000000)
  -1.5707963267948966        0.0000000000000000     
        (0.69856338415204011,1.58173028569296254E-017)
   0.0000000000000000        0.0000000000000000     
              (0.44568151005096546,0.0000000000000000)
   1.5707963267948966        0.0000000000000000     
       (0.69856338415204011,-1.58173028569296254E-017)
   3.1415926535897931        0.0000000000000000     
         (1.4680775760101119,3.16346057138592508E-017)
   1.0000000000000000                1           4
               (0.0000000000000000,0.0000000000000000)
  -1.5707963267948966        0.0000000000000000     
        (0.70477101533656028,4.27724535637313698E-017)
   0.0000000000000000        0.0000000000000000     
              (0.47389807406935824,0.0000000000000000)
   1.5707963267948966        0.0000000000000000     
       (0.70477101533656028,-4.27724535637313698E-017)
   3.1415926535897931        0.0000000000000000     
         (1.4261324128201276,3.00337558962049002E-017)
   1.0000000000000000                1           4
               (0.0000000000000000,0.0000000000000000)
  -1.5707963267948966        0.0000000000000000     
        (0.74771903429190045,1.48443477627624720E-016)
   0.0000000000000000        0.0000000000000000     
              (0.46065310318376351,0.0000000000000000)
   1.5707963267948966        0.0000000000000000     
       (0.74771903429190045,-1.48443477627624720E-016)
   3.1415926535897931        0.0000000000000000     
         (1.3504874048694324,1.93311990989602769E-017)
   1.0000000000000000                1           4
               (0.0000000000000000,0.0000000000000000)
  -1.5707963267948966        0.0000000000000000     
        (0.78556172634172972,5.67802123045196299E-018)
   0.0000000000000000        0.0000000000000000     
              (0.51820795595576052,0.0000000000000000)
   1.5707963267948966        0.0000000000000000     
       (0.78556172634172972,-5.67802123045196299E-018)
   3.1415926535897931        0.0000000000000000     
         (1.2383737442617704,1.13560424609039260E-017)
   1.0000000000000000                1           4
               (0.0000000000000000,0.0000000000000000)
  -1.5707963267948966        0.0000000000000000     
        (0.71481658651105140,1.41394252491809937E-017)
   0.0000000000000000        0.0000000000000000     
              (0.44645979240418665,0.0000000000000000)
   1.5707963267948966        0.0000000000000000     
       (0.71481658651105140,-1.41394252491809937E-017)
   3.1415926535897931        0.0000000000000000     
         (1.4450020567398936,2.82788504983619874E-017)
   1.0000000000000000                1           4
               (0.0000000000000000,0.0000000000000000)
  -1.5707963267948966        0.0000000000000000     
        (0.71829997976090465,9.71752591142524792E-017)
   0.0000000000000000        0.0000000000000000     
              (0.47121892231375512,0.0000000000000000)
   1.5707963267948966        0.0000000000000000     
       (0.71829997976090465,-9.71752591142524792E-017)
   3.1415926535897931        0.0000000000000000     
         (1.4196681762280361,2.78170645347314526E-017)
   1.0000000000000000                1           4
               (0.0000000000000000,0.0000000000000000)
  -1.5707963267948966        0.0000000000000000     
        (0.72345817960667014,1.37220907323817776E-017)
   0.0000000000000000        0.0000000000000000     
              (0.44611956948971909,0.0000000000000000)
   1.5707963267948966        0.0000000000000000     
       (0.72345817960667014,-1.37220907323817776E-017)
   3.1415926535897931        0.0000000000000000     
         (1.4489942860772029,2.74441814647635552E-017)
   1.0000000000000000                1           4
               (0.0000000000000000,0.0000000000000000)
  -1.5707963267948966        0.0000000000000000     
        (0.70018919829099513,7.16192716618119562E-017)
   0.0000000000000000        0.0000000000000000     
              (0.42844607061935497,0.0000000000000000)
   1.5707963267948966        0.0000000000000000     
       (0.70018919829099513,-7.16192716618119562E-017)
   3.1415926535897931        0.0000000000000000     
         (1.4980634665255872,3.22162408611082522E-017)
   1.0000000000000000                1           4
               (0.0000000000000000,0.0000000000000000)
  -1.5707963267948966        0.0000000000000000     
        (0.74614573809527152,3.84627099011294366E-017)
   0.0000000000000000        0.0000000000000000     
              (0.49926451440128961,0.0000000000000000)
   1.5707963267948966        0.0000000000000000     
       (0.74614573809527152,-3.84627099011294366E-017)
   3.1415926535897931        0.0000000000000000     
         (1.3427485073958807,2.14142685710010430E-017)
   1.0000000000000000                1           4
               (0.0000000000000000,0.0000000000000000)
  -1.5707963267948966        0.0000000000000000     
        (0.76472179802100659,7.64347713418959861E-018)
   0.0000000000000000        0.0000000000000000     
              (0.46945907955989097,0.0000000000000000)
   1.5707963267948966        0.0000000000000000     
       (0.76472179802100659,-7.64347713418959861E-018)
   3.1415926535897931        0.0000000000000000     
         (1.3096394256203745,1.52869542683791972E-017)
   1.0000000000000000                1           4
               (0.0000000000000000,0.0000000000000000)
  -1.5707963267948966        0.0000000000000000     
       (0.68956527981318094,-1.49117026987572707E-016)
   0.0000000000000000        0.0000000000000000     
              (0.47238697985941591,0.0000000000000000)
   1.5707963267948966        0.0000000000000000     
        (0.68956527981318094,1.49117026987572707E-016)
   3.1415926535897931        0.0000000000000000     
         (1.4756072461996441,3.48328534124015903E-017)
   1.0000000000000000                1           4
               (0.0000000000000000,0.0000000000000000)
  -1.5707963267948966        0.0000000000000000     
        (0.70266124196259427,1.61441415613312306E-017)
   0.0000000000000000        0.0000000000000000     
              (0.42394067021077775,0.0000000000000000)
   1.5707963267948966        0.0000000000000000     
       (0.70266124196259427,-1.61441415613312306E-017)
   3.1415926535897931        0.0000000000000000     
         (1.5086894936943500,3.22882831226624612E-017)
   1.0000000000000000                1           4
               (0.0000000000000000,0.0000000000000000)
  -1.5707963267948966        0.0000000000000000     
        (0.72062559138789106,9.63290834728583203E-017)
   0.0000000000000000        0.0000000000000000     
              (0.44482213423544359,0.0000000000000000)
   1.5707963267948966        0.0000000000000000     
       (0.72062559138789106,-9.63290834728583203E-017)
   3.1415926535897931        0.0000000000000000     
         (1.4230779936914173,2.61247132519431472E-017)
   1.0000000000000000                1           4
               (0.0000000000000000,0.0000000000000000)
  -1.5707963267948966        0.0000000000000000     
        (0.71170418655214873,1.41149438373894565E-017)
   0.0000000000000000        0.0000000000000000     
              (0.45578625969673769,0.0000000000000000)
   1.5707963267948966        0.0000000000000000     
       (0.71170418655214873,-1.41149438373894565E-017)
   3.1415926535897931        0.0000000000000000     
         (1.4286511659381942,2.82298876747789131E-017)
   1.0000000000000000                1           4
               (0.0000000000000000,0.0000000000000000)
  -1.5707963267948966        0.0000000000000000     
        (0.70671648905625140,1.46181502098123992E-017)
   0.0000000000000000        0.0000000000000000     
              (0.45714604250767166,0.0000000000000000)
   1.5707963267948966        0.0000000000000000     
       (0.70671648905625140,-1.46181502098123992E-017)
   3.1415926535897931        0.0000000000000000     
         (1.4337519555596498,2.92363004196247985E-017)
   1.0000000000000000                1           4
               (0.0000000000000000,0.0000000000000000)
  -1.5707963267948966        0.0000000000000000     
        (0.71306574377072318,4.18040815675489142E-017)
   0.0000000000000000        0.0000000000000000     
              (0.46143953584465319,0.0000000000000000)
   1.5707963267948966        0.0000000000000000     
       (0.71306574377072318,-4.18040815675489142E-017)
   3.1415926535897931        0.0000000000000000     
         (1.4235509782079836,2.80970119038399953E-017)
   1.0000000000000000                1           4
               (0.0000000000000000,0.0000000000000000)
  -1.5707963267948966        0.0000000000000000     
        (0.70855519428017832,1.46690104238778591E-017)
   0.0000000000000000        0.0000000000000000     
              (0.47946622989495424,0.0000000000000000)
   1.5707963267948966        0.0000000000000000     
       (0.70855519428017832,-1.46690104238778591E-017)
   3.1415926535897931        0.0000000000000000     
         (1.4167703992791365,2.93380208477557182E-017)
   1.0000000000000000                1           4
               (0.0000000000000000,0.0000000000000000)
  -1.5707963267948966        0.0000000000000000     
       (0.75923260460548803,-7.41343859880359287E-017)
   0.0000000000000000        0.0000000000000000     
              (0.48684103575780452,0.0000000000000000)
   1.5707963267948966        0.0000000000000000     
        (0.75923260460548803,7.41343859880359287E-017)
   3.1415926535897931        0.0000000000000000     
         (1.3299090622948886,1.82646817177016422E-017)
   1.0000000000000000                1           4
               (0.0000000000000000,0.0000000000000000)
  -1.5707963267948966        0.0000000000000000     
       (0.76686199006963240,-2.00891188958144812E-017)
   0.0000000000000000        0.0000000000000000     
              (0.50452835158754772,0.0000000000000000)
   1.5707963267948966        0.0000000000000000     
        (0.76686199006963240,2.00891188958144812E-017)
   3.1415926535897931        0.0000000000000000     
         (1.2796011079161222,1.53329134396288707E-017)
   1.0000000000000000                1           4
               (0.0000000000000000,0.0000000000000000)
  -1.5707963267948966        0.0000000000000000     
        (0.74550474779854881,9.39603441939517157E-017)
   0.0000000000000000        0.0000000000000000     
              (0.47385003486457716,0.0000000000000000)
   1.5707963267948966        0.0000000000000000     
       (0.74550474779854881,-9.39603441939517157E-017)
   3.1415926535897931        0.0000000000000000     
         (1.3664395096253210,2.13872346941299472E-017)
   1.0000000000000000                1           4
               (0.0000000000000000,0.0000000000000000)
  -1.5707963267948966        0.0000000000000000     
       (0.71420600400529943,-4.16529487650204495E-017)
   0.0000000000000000        0.0000000000000000     
              (0.43088929095116069,0.0000000000000000)
   1.5707963267948966        0.0000000000000000     
        (0.71420600400529943,4.16529487650204495E-017)
   3.1415926535897931        0.0000000000000000     
         (1.4501659600217682,2.77164049324747674E-017)
   1.0000000000000000                1           4
               (0.0000000000000000,0.0000000000000000)
  -1.5707963267948966        0.0000000000000000     
        (0.73702997569737161,1.09328012920379730E-017)
   0.0000000000000000        0.0000000000000000     
              (0.46624796867520601,0.0000000000000000)
   1.5707963267948966        0.0000000000000000     
       (0.73702997569737161,-1.09328012920379730E-017)
   3.1415926535897931        0.0000000000000000     
         (1.3649043721219287,2.18656025840759461E-017)
   1.0000000000000000                1           4
               (0.0000000000000000,0.0000000000000000)
  -1.5707963267948966        0.0000000000000000     
        (0.75375121374414611,6.43643688899505455E-017)
   0.0000000000000000        0.0000000000000000     
              (0.47180753094024108,0.0000000000000000)
   1.5707963267948966        0.0000000000000000     
       (0.75375121374414611,-6.43643688899505455E-017)
   3.1415926535897931        0.0000000000000000     
         (1.3248629298081447,1.77064353173854277E-017)
   1.0000000000000000                1           4
               (0.0000000000000000,0.0000000000000000)
  -1.5707963267948966        0.0000000000000000     
        (0.68860609222961355,1.76466218557356920E-017)
   0.0000000000000000        0.0000000000000000     
              (0.45947198762874059,0.0000000000000000)
   1.5707963267948966        0.0000000000000000     
       (0.68860609222961355,-1.76466218557356920E-017)
   3.1415926535897931        0.0000000000000000     
         (1.4941226074331830,3.52932437114713841E-017)
   1.0000000000000000                1           4
               (0.0000000000000000,0.0000000000000000)
  -1.5707963267948966        0.0000000000000000     
       (0.72609561588452787,-4.31827180370160602E-017)
   0.0000000000000000        0.0000000000000000     
              (0.39739639323113868,0.0000000000000000)
   1.5707963267948966        0.0000000000000000     
        (0.72609561588452787,4.31827180370160602E-017)
   3.1415926535897931        0.0000000000000000     
         (1.4574720252279993,2.46568663884835366E-017)
   1.0000000000000000                1           4
               (0.0000000000000000,0.0000000000000000)
  -1.5707963267948966        0.0000000000000000     
        (0.66504034450758343,7.49401493923961221E-017)
   0.0000000000000000        0.0000000000000000     
              (0.42776312636216285,0.0000000000000000)
   1.5707963267948966        0.0000000000000000     
       (0.66504034450758343,-7.49401493923961221E-017)
   3.1415926535897931        0.0000000000000000     
         (1.5369168013776884,3.88579963222765901E-017)
   1.0000000000000000                1           4
               (0.0000000000000000,0.0000000000000000)
  -1.5707963267948966        0.0000000000000000     
       (0.71527905486817400,-1.42893069477629971E-017)
   0.0000000000000000        0.0000000000000000     
              (0.49539509115651659,0.0000000000000000)
   1.5707963267948966        0.0000000000000000     
        (0.71527905486817400,1.42893069477629971E-017)
   3.1415926535897931        0.0000000000000000     
         (1.3750047321985388,2.69325373357318359E-017)
   1.0000000000000000                1           4
               (0.0000000000000000,0.0000000000000000)
  -1.5707963267948966        0.0000000000000000     
        (0.72768242433652564,1.26724676841867161E-017)
   0.0000000000000000        0.0000000000000000     
              (0.40619936070009166,0.0000000000000000)
   1.5707963267948966        0.0000000000000000     
       (0.72768242433652564,-1.26724676841867161E-017)
   3.1415926535897931        0.0000000000000000     
         (1.4630796938651329,2.53449353683734321E-017)
   1.0000000000000000                1           4
               (0.0000000000000000,0.0000000000000000)
  -1.5707963267948966        0.0000000000000000     
        (0.73192308596452715,6.66487299642242115E-017)
   0.0000000000000000        0.0000000000000000     
              (0.47856743930535300,0.0000000000000000)
   1.5707963267948966        0.0000000000000000     
       (0.73192308596452715,-6.66487299642242115E-017)
   3.1415926535897931        0.0000000000000000     
         (1.3490596608299663,2.22751574659327566E-017)
   1.0000000000000000                1           4
               (0.0000000000000000,0.0000000000000000)
  -1.5707963267948966        0.0000000000000000     
        (0.73419111554435990,1.13720322641480918E-017)
   0.0000000000000000        0.0000000000000000     
              (0.43945653233881504,0.0000000000000000)
   1.5707963267948966        0.0000000000000000     
       (0.73419111554435990,-1.13720322641480918E-017)
   3.1415926535897931        0.0000000000000000     
         (1.4003644604260301,2.27440645282961835E-017)
   1.0000000000000000                1           4
               (0.0000000000000000,0.0000000000000000)
  -1.5707963267948966        0.0000000000000000     
        (0.76422012898412561,7.95186337745758137E-018)
   0.0000000000000000        0.0000000000000000     
              (0.49613545107407309,0.0000000000000000)
   1.5707963267948966        0.0000000000000000     
       (0.76422012898412561,-7.95186337745758137E-018)
   3.1415926535897931        0.0000000000000000     
         (1.2920323751365146,1.59037267549151627E-017)
   1.0000000000000000                1           4
               (0.0000000000000000,0.0000000000000000)
  -1.5707963267948966        0.0000000000000000     
        (0.75473945777583440,8.68442798275634956E-018)
   0.0000000000000000        0.0000000000000000     
              (0.52027650418574312,0.0000000000000000)
   1.5707963267948966        0.0000000000000000     
       (0.75473945777583440,-8.68442798275634956E-018)
   3.1415926535897931        0.0000000000000000     
         (1.2728573554298888,1.73688559655126991E-017)
   1.0000000000000000                1           4
               (0.0000000000000000,0.0000000000000000)
  -1.5707963267948966        0.0000000000000000     
        (0.76840550945774577,8.13113339358678502E-018)
   0.0000000000000000        0.0000000000000000     
              (0.41599478082135277,0.0000000000000000)
   1.5707963267948966        0.0000000000000000     
       (0.76840550945774577,-8.13113339358678502E-018)
   3.1415926535897931        0.0000000000000000     
         (1.3863992094209898,1.62622667871735700E-017)
   1.0000000000000000                1           4
               (0.0000000000000000,0.0000000000000000)
  -1.5707963267948966        0.0000000000000000     
        (0.71568185786428673,1.34952728369998438E-017)
   0.0000000000000000        0.0000000000000000     
              (0.45952993407857878,0.0000000000000000)
   1.5707963267948966        0.0000000000000000     
       (0.71568185786428673,-1.34952728369998438E-017)
   3.1415926535897931        0.0000000000000000     
         (1.4126228433254355,2.69905456739996876E-017)
   1.0000000000000000                1           4
               (0.0000000000000000,0.0000000000000000)
  -1.5707963267948966        0.0000000000000000     
        (0.72321526090581956,1.32512734897227752E-017)
   0.0000000000000000        0.0000000000000000     
              (0.45405687340220857,0.0000000000000000)
   1.5707963267948966        0.0000000000000000     
       (0.72321526090581956,-1.32512734897227752E-017)
   3.1415926535897931        0.0000000000000000     
         (1.4251930866000608,2.65025469794455503E-017)
   1.0000000000000000                1           4
               (0.0000000000000000,0.0000000000000000)
  -1.5707963267948966        0.0000000000000000     
        (0.73102676492096286,1.13439170779636513E-017)
   0.0000000000000000        0.0000000000000000     
              (0.47557107365575835,0.0000000000000000)
   1.5707963267948966        0.0000000000000000     
       (0.73102676492096286,-1.13439170779636513E-017)
   3.1415926535897931        0.0000000000000000     
         (1.3570029061922175,2.26878341559273026E-017)
   1.0000000000000000                1           4
               (0.0000000000000000,0.0000000000000000)
  -1.5707963267948966        0.0000000000000000     
        (0.75523160857495408,3.64961023910025901E-017)
   0.0000000000000000        0.0000000000000000     
              (0.53942323059323816,0.0000000000000000)
   1.5707963267948966        0.0000000000000000     
       (0.75523160857495408,-3.64961023910025901E-017)
   3.1415926535897931        0.0000000000000000     
         (1.2565272562399510,1.74810535507473532E-017)
   1.0000000000000000                1           4
               (0.0000000000000000,0.0000000000000000)
  -1.5707963267948966        0.0000000000000000     
        (0.73116866024894445,1.22903454726813710E-017)
   0.0000000000000000        0.0000000000000000     
              (0.51971262872594126,0.0000000000000000)
   1.5707963267948966        0.0000000000000000     
       (0.73116866024894445,-1.22903454726813710E-017)
   3.1415926535897931        0.0000000000000000     
         (1.3440578390675886,2.45806909453627421E-017)
   1.0000000000000000                1           4
               (0.0000000000000000,0.0000000000000000)
  -1.5707963267948966        0.0000000000000000     
       (0.72590710043985496,-4.28794226880130705E-017)
   0.0000000000000000        0.0000000000000000     
              (0.41119057656004315,0.0000000000000000)
   1.5707963267948966        0.0000000000000000     
        (0.72590710043985496,4.28794226880130705E-017)
   3.1415926535897931        0.0000000000000000     
         (1.4532071888883067,2.52634570864895254E-017)
   1.0000000000000000                1           4
               (0.0000000000000000,0.0000000000000000)
  -1.5707963267948966        0.0000000000000000     
        (0.73428504650047965,1.13212834983520476E-017)
   0.0000000000000000        0.0000000000000000     
              (0.46096413244132750,0.0000000000000000)
   1.5707963267948966        0.0000000000000000     
       (0.73428504650047965,-1.13212834983520476E-017)
   3.1415926535897931        0.0000000000000000     
         (1.3773871417535684,2.26425669967040951E-017)
   1.0000000000000000                1           4
               (0.0000000000000000,0.0000000000000000)
  -1.5707963267948966        0.0000000000000000     
        (0.72894247000419143,1.19397942900483854E-017)
   0.0000000000000000        0.0000000000000000     
              (0.50195265981055515,0.0000000000000000)
   1.5707963267948966        0.0000000000000000     
       (0.72894247000419143,-1.19397942900483854E-017)
   3.1415926535897931        0.0000000000000000     
         (1.3459155569552190,2.38795885800967708E-017)
   1.0000000000000000                1           4
               (0.0000000000000000,0.0000000000000000)
  -1.5707963267948966        0.0000000000000000     
        (0.69533894748492120,1.27632715920063062E-016)
   0.0000000000000000        0.0000000000000000     
              (0.42054361857703459,0.0000000000000000)
   1.5707963267948966        0.0000000000000000     
       (0.69533894748492120,-1.27632715920063062E-016)
   3.1415926535897931        0.0000000000000000     
         (1.5126715522542962,3.32208269150948041E-017)
   1.0000000000000000                1           4
               (0.0000000000000000,0.0000000000000000)
  -1.5707963267948966        0.0000000000000000     
       (0.73074602609660977,-1.56719589092186276E-017)
   0.0000000000000000        0.0000000000000000     
              (0.48140429028531467,0.0000000000000000)
   1.5707963267948966        0.0000000000000000     
        (0.73074602609660977,1.56719589092186276E-017)
   3.1415926535897931        0.0000000000000000     
         (1.3747686352772182,2.41672334128205718E-017)
   1.0000000000000000                1           4
               (0.0000000000000000,0.0000000000000000)
  -1.5707963267948966        0.0000000000000000     
        (0.69363575084897777,1.66651154156999850E-017)
   0.0000000000000000        0.0000000000000000     
              (0.43383041749187667,0.0000000000000000)
   1.5707963267948966        0.0000000000000000     
       (0.69363575084897777,-1.66651154156999850E-017)
   3.1415926535897931        0.0000000000000000     
         (1.4977650616109239,3.33302308313999699E-017)
   1.0000000000000000                1           4
               (0.0000000000000000,0.0000000000000000)
  -1.5707963267948966        0.0000000000000000     
        (0.71792832024295838,6.88764679302019465E-017)
   0.0000000000000000        0.0000000000000000     
              (0.50740535611736004,0.0000000000000000)
   1.5707963267948966        0.0000000000000000     
       (0.71792832024295838,-6.88764679302019465E-017)
   3.1415926535897931        0.0000000000000000     
         (1.3649956564519876,2.67306333978882327E-017)
   1.0000000000000000                1           4
               (0.0000000000000000,0.0000000000000000)
  -1.5707963267948966        0.0000000000000000     
        (0.67588159533299563,1.30004193167179334E-016)
   0.0000000000000000        0.0000000000000000     
              (0.41003541187767167,0.0000000000000000)
   1.5707963267948966        0.0000000000000000     
       (0.67588159533299563,-1.30004193167179334E-016)
   3.1415926535897931        0.0000000000000000     
         (1.5617233797364332,3.79637814093273603E-017)
   1.0000000000000000                1           4
               (0.0000000000000000,0.0000000000000000)
  -1.5707963267948966        0.0000000000000000     
        (0.78114994121923043,3.39548947191844523E-017)
   0.0000000000000000        0.0000000000000000     
              (0.47296911017576360,0.0000000000000000)
   1.5707963267948966        0.0000000000000000     
       (0.78114994121923043,-3.39548947191844523E-017)
   3.1415926535897931        0.0000000000000000     
         (1.2918159004767014,1.23986382071110792E-017)
   1.0000000000000000                1           4
               (0.0000000000000000,0.0000000000000000)
  -1.5707963267948966        0.0000000000000000     
       (0.74001950881230516,-7.21758873986449173E-017)
   0.0000000000000000        0.0000000000000000     
              (0.46321664421493536,0.0000000000000000)
   1.5707963267948966        0.0000000000000000     
        (0.74001950881230516,7.21758873986449173E-017)
   3.1415926535897931        0.0000000000000000     
         (1.3790766807238719,2.21816788964836589E-017)
   1.0000000000000000                1           4
               (0.0000000000000000,0.0000000000000000)
  -1.5707963267948966        0.0000000000000000     
       (0.73552948402463536,-4.44065562772924989E-017)
   0.0000000000000000        0.0000000000000000     
              (0.48587934819913337,0.0000000000000000)
   1.5707963267948966        0.0000000000000000     
        (0.73552948402463536,4.44065562772924989E-017)
   3.1415926535897931        0.0000000000000000     
         (1.3478832160771239,2.22091899079306686E-017)
   1.0000000000000000                1           4
               (0.0000000000000000,0.0000000000000000)
  -1.5707963267948966        0.0000000000000000     
        (0.68576409034210806,1.75524211722031645E-017)
   0.0000000000000000        0.0000000000000000     
              (0.43498583791765166,0.0000000000000000)
   1.5707963267948966        0.0000000000000000     
       (0.68576409034210806,-1.75524211722031645E-017)
   3.1415926535897931        0.0000000000000000     
         (1.5098479255492521,3.51048423444063291E-017)
   1.0000000000000000                1           4
               (0.0000000000000000,0.0000000000000000)
  -1.5707963267948966        0.0000000000000000     
        (0.72920048680652727,1.22856791165309477E-017)
   0.0000000000000000        0.0000000000000000     
              (0.51638845495848995,0.0000000000000000)
   1.5707963267948966        0.0000000000000000     
       (0.72920048680652727,-1.22856791165309477E-017)
   3.1415926535897931        0.0000000000000000     
         (1.3432932511918061,2.45713582330618953E-017)
   1.0000000000000000                1           4
               (0.0000000000000000,0.0000000000000000)
  -1.5707963267948966        0.0000000000000000     
       (0.73384392983065061,-4.34240291244868845E-017)
   0.0000000000000000        0.0000000000000000     
              (0.41888000425024685,0.0000000000000000)
   1.5707963267948966        0.0000000000000000     
        (0.73384392983065061,4.34240291244868845E-017)
   3.1415926535897931        0.0000000000000000     
         (1.4436032238450049,2.41742442135418880E-017)
   1.0000000000000000                1           4
               (0.0000000000000000,0.0000000000000000)
  -1.5707963267948966        0.0000000000000000     
        (0.71403016434606059,6.93420995799170359E-017)
   0.0000000000000000        0.0000000000000000     
              (0.45731987655177386,0.0000000000000000)
   1.5707963267948966        0.0000000000000000     
       (0.71403016434606059,-6.93420995799170359E-017)
   3.1415926535897931        0.0000000000000000     
         (1.4224935080676189,2.76618966973184023E-017)
   1.0000000000000000                1           4
               (0.0000000000000000,0.0000000000000000)
  -1.5707963267948966        0.0000000000000000     
       (0.71397291174793143,-4.17743490611694182E-017)
   0.0000000000000000        0.0000000000000000     
              (0.44455229534452456,0.0000000000000000)
   1.5707963267948966        0.0000000000000000     
        (0.71397291174793143,4.17743490611694182E-017)
   3.1415926535897931        0.0000000000000000     
         (1.4320715365257530,2.74736043401768207E-017)
   1.0000000000000000                1           4
               (0.0000000000000000,0.0000000000000000)
  -1.5707963267948966        0.0000000000000000     
        (0.77331679239550799,7.39411899982104391E-018)
   0.0000000000000000        0.0000000000000000     
              (0.43622189355541963,0.0000000000000000)
   1.5707963267948966        0.0000000000000000     
       (0.77331679239550799,-7.39411899982104391E-018)
   3.1415926535897931        0.0000000000000000     
         (1.3519219456197706,1.47882379996420878E-017)
   1.0000000000000000                1           4
               (0.0000000000000000,0.0000000000000000)
  -1.5707963267948966        0.0000000000000000     
        (0.72568850845511601,6.82981376677051459E-017)
   0.0000000000000000        0.0000000000000000     
              (0.47218174717801287,0.0000000000000000)
   1.5707963267948966        0.0000000000000000     
       (0.72568850845511601,-6.82981376677051459E-017)
   3.1415926535897931        0.0000000000000000     
         (1.3968499419315870,2.55739728728946346E-017)
   1.0000000000000000                1           4
               (0.0000000000000000,0.0000000000000000)
  -1.5707963267948966        0.0000000000000000     
       (0.76748260834354065,-2.01050149717919943E-017)
   0.0000000000000000        0.0000000000000000     
              (0.49470270949594536,0.0000000000000000)
   1.5707963267948966        0.0000000000000000     
        (0.76748260834354065,2.01050149717919943E-017)
   3.1415926535897931        0.0000000000000000     
         (1.2901487813124102,1.53011212876738415E-017)
   1.0000000000000000                1           4
               (0.0000000000000000,0.0000000000000000)
  -1.5707963267948966        0.0000000000000000     
       (0.70542632586631837,-9.58414411969052555E-017)
   0.0000000000000000        0.0000000000000000     
              (0.41179807087779219,0.0000000000000000)
   1.5707963267948966        0.0000000000000000     
        (0.70542632586631837,9.58414411969052555E-017)
   3.1415926535897931        0.0000000000000000     
         (1.4948991386875161,3.03617225312208033E-017)
   1.0000000000000000                1           4
               (0.0000000000000000,0.0000000000000000)
  -1.5707963267948966        0.0000000000000000     
        (0.71191573652685836,1.42239790401982195E-017)
   0.0000000000000000        0.0000000000000000     
              (0.55434142736464687,0.0000000000000000)
   1.5707963267948966        0.0000000000000000     
       (0.71191573652685836,-1.42239790401982195E-017)
   3.1415926535897931        0.0000000000000000     
         (1.3340804582096923,2.84479580803964391E-017)
   1.0000000000000000                1           4
               (0.0000000000000000,0.0000000000000000)
  -1.5707963267948966        0.0000000000000000     
       (0.77940535701742730,-2.16619635576493041E-017)
   0.0000000000000000        0.0000000000000000     
              (0.46746076018041410,0.0000000000000000)
   1.5707963267948966        0.0000000000000000     
        (0.77940535701742730,2.16619635576493041E-017)
   3.1415926535897931        0.0000000000000000     
         (1.2903824279432055,1.21872241159592189E-017)
   1.0000000000000000                1           4
               (0.0000000000000000,0.0000000000000000)
  -1.5707963267948966        0.0000000000000000     
        (0.70143525638097681,1.58613612190153050E-017)
   0.0000000000000000        0.0000000000000000     
              (0.44124886278994024,0.0000000000000000)
   1.5707963267948966        0.0000000000000000     
       (0.70143525638097681,-1.58613612190153050E-017)
   3.1415926535897931        0.0000000000000000     
         (1.4796930230424725,3.17227224380306099E-017)
   1.0000000000000000                1           4
               (0.0000000000000000,0.0000000000000000)
  -1.5707963267948966        0.0000000000000000     
        (0.67886635522775129,7.42389189822070098E-017)
   0.0000000000000000        0.0000000000000000     
              (0.41883722956479119,0.0000000000000000)
   1.5707963267948966        0.0000000000000000     
       (0.67886635522775129,-7.42389189822070098E-017)
   3.1415926535897931        0.0000000000000000     
         (1.5505907962743202,3.74555355018983533E-017)
   1.0000000000000000                1           4
               (0.0000000000000000,0.0000000000000000)
  -1.5707963267948966        0.0000000000000000     
        (0.71760005427224216,1.33945663315323116E-017)
   0.0000000000000000        0.0000000000000000     
              (0.42468079956970917,0.0000000000000000)
   1.5707963267948966        0.0000000000000000     
       (0.71760005427224216,-1.33945663315323116E-017)
   3.1415926535897931        0.0000000000000000     
         (1.4480190465597875,2.67891326630646232E-017)
   1.0000000000000000                1           4
               (0.0000000000000000,0.0000000000000000)
  -1.5707963267948966        0.0000000000000000     
        (0.79591882342863474,4.21851850185588363E-018)
   0.0000000000000000        0.0000000000000000     
              (0.50103132104442771,0.0000000000000000)
   1.5707963267948966        0.0000000000000000     
       (0.79591882342863474,-4.21851850185588363E-018)
   3.1415926535897931        0.0000000000000000     
         (1.2285935965522248,8.43703700371176726E-018)
   1.0000000000000000                1           4
               (0.0000000000000000,0.0000000000000000)
  -1.5707963267948966        0.0000000000000000     
        (0.74812213193644750,1.48646005422871071E-016)
   0.0000000000000000        0.0000000000000000     
              (0.45539133084297195,0.0000000000000000)
   1.5707963267948966        0.0000000000000000     
       (0.74812213193644750,-1.48646005422871071E-016)
   3.1415926535897931        0.0000000000000000     
         (1.3631704322990044,1.97362546894529707E-017)
   1.0000000000000000                1           4
               (0.0000000000000000,0.0000000000000000)
  -1.5707963267948966        0.0000000000000000     
        (0.71150947019323385,1.42052459600454844E-017)
   0.0000000000000000        0.0000000000000000     
              (0.47267996680799257,0.0000000000000000)
   1.5707963267948966        0.0000000000000000     
       (0.71150947019323385,-1.42052459600454844E-017)
   3.1415926535897931        0.0000000000000000     
         (1.4143175172675038,2.84104919200909687E-017)
   1.0000000000000000                1           4
               (0.0000000000000000,0.0000000000000000)
  -1.5707963267948966        0.0000000000000000     
        (0.72349287943074791,4.01779457087541146E-017)
   0.0000000000000000        0.0000000000000000     
              (0.49886210749382537,0.0000000000000000)
   1.5707963267948966        0.0000000000000000     
       (0.72349287943074791,-4.01779457087541146E-017)
   3.1415926535897931        0.0000000000000000     
         (1.3538690500172774,2.48447401862503961E-017)
   1.0000000000000000                1           4
               (0.0000000000000000,0.0000000000000000)
  -1.5707963267948966        0.0000000000000000     
        (0.67183750871013115,1.90598881454334083E-017)
   0.0000000000000000        0.0000000000000000     
              (0.44415448520028988,0.0000000000000000)
   1.5707963267948966        0.0000000000000000     
       (0.67183750871013115,-1.90598881454334083E-017)
   3.1415926535897931        0.0000000000000000     
         (1.5220637229163803,3.81197762908668167E-017)
   1.0000000000000000                1           4
               (0.0000000000000000,0.0000000000000000)
  -1.5707963267948966        0.0000000000000000     
        (0.73976551403940127,3.85034106450965697E-017)
   0.0000000000000000        0.0000000000000000     
              (0.48619301086529232,0.0000000000000000)
   1.5707963267948966        0.0000000000000000     
       (0.73976551403940127,-3.85034106450965697E-017)
   3.1415926535897931        0.0000000000000000     
         (1.3443889500032979,2.14956700589353125E-017)
   1.0000000000000000                1           4
               (0.0000000000000000,0.0000000000000000)
  -1.5707963267948966        0.0000000000000000     
       (0.73812805021899452,-4.47386377262347870E-017)
   0.0000000000000000        0.0000000000000000     
              (0.47702891474275927,0.0000000000000000)
   1.5707963267948966        0.0000000000000000     
        (0.73812805021899452,4.47386377262347870E-017)
   3.1415926535897931        0.0000000000000000     
         (1.3510841786673515,2.15450270100460894E-017)
   1.0000000000000000                1           4
               (0.0000000000000000,0.0000000000000000)
  -1.5707963267948966        0.0000000000000000     
        (0.77288773193538551,9.02127195300503462E-017)
   0.0000000000000000        0.0000000000000000     
              (0.45669796047846095,0.0000000000000000)
   1.5707963267948966        0.0000000000000000     
       (0.77288773193538551,-9.02127195300503462E-017)
   3.1415926535897931        0.0000000000000000     
         (1.3159508415008874,1.38919853663272052E-017)
   1.0000000000000000                1           4
               (0.0000000000000000,0.0000000000000000)
  -1.5707963267948966        0.0000000000000000     
       (0.75335858239251752,-4.60232751802672175E-017)
   0.0000000000000000        0.0000000000000000     
              (0.42840072741028623,0.0000000000000000)
   1.5707963267948966        0.0000000000000000     
        (0.75335858239251752,4.60232751802672175E-017)
   3.1415926535897931        0.0000000000000000     
         (1.3882139868591044,1.89757521019812253E-017)
   1.0000000000000000                1           4
               (0.0000000000000000,0.0000000000000000)
  -1.5707963267948966        0.0000000000000000     
        (0.72250477799586565,1.32994090393191854E-017)
   0.0000000000000000        0.0000000000000000     
              (0.47689885008108146,0.0000000000000000)
   1.5707963267948966        0.0000000000000000     
       (0.72250477799586565,-1.32994090393191854E-017)
   3.1415926535897931        0.0000000000000000     
         (1.4025023704649933,2.65988180786383707E-017)
   1.0000000000000000                1           4
               (0.0000000000000000,0.0000000000000000)
  -1.5707963267948966        0.0000000000000000     
        (0.75743665281835637,8.58152873366812444E-018)
   0.0000000000000000        0.0000000000000000     
              (0.46711534062131232,0.0000000000000000)
   1.5707963267948966        0.0000000000000000     
       (0.75743665281835637,-8.58152873366812444E-018)
   3.1415926535897931        0.0000000000000000     
         (1.3280519645471158,1.71630574673362489E-017)
   1.0000000000000000                1           4
               (0.0000000000000000,0.0000000000000000)
  -1.5707963267948966        0.0000000000000000     
        (0.73135530815316185,6.75963212981737393E-017)
   0.0000000000000000        0.0000000000000000     
              (0.48108236321474862,0.0000000000000000)
   1.5707963267948966        0.0000000000000000     
       (0.73135530815316185,-6.75963212981737393E-017)
   3.1415926535897931        0.0000000000000000     
         (1.3763598630653269,2.41703401338318215E-017)
   1.0000000000000000                1           4
               (0.0000000000000000,0.0000000000000000)
  -1.5707963267948966        0.0000000000000000     
        (0.75662612959014552,8.25974086849073420E-018)
   0.0000000000000000        0.0000000000000000     
              (0.46097157980700532,0.0000000000000000)
   1.5707963267948966        0.0000000000000000     
       (0.75662612959014552,-8.25974086849073420E-018)
   3.1415926535897931        0.0000000000000000     
         (1.3220642896106698,1.65194817369814684E-017)
   1.0000000000000000                1           4
               (0.0000000000000000,0.0000000000000000)
  -1.5707963267948966        0.0000000000000000     
        (0.71747449232794902,1.24601023979063815E-016)
   0.0000000000000000        0.0000000000000000     
              (0.46769949080340995,0.0000000000000000)
   1.5707963267948966        0.0000000000000000     
       (0.71747449232794902,-1.24601023979063815E-016)
   3.1415926535897931        0.0000000000000000     
         (1.4107641962467519,2.71574430330962947E-017)
   1.0000000000000000                1           4
               (0.0000000000000000,0.0000000000000000)
  -1.5707963267948966        0.0000000000000000     
        (0.66065789453671142,2.06210769115852641E-017)
   0.0000000000000000        0.0000000000000000     
              (0.45803209436032022,0.0000000000000000)
   1.5707963267948966        0.0000000000000000     
       (0.66065789453671142,-2.06210769115852641E-017)
   3.1415926535897931        0.0000000000000000     
         (1.5368191802406019,4.12421538231705281E-017)
   1.0000000000000000                1           4
               (0.0000000000000000,0.0000000000000000)
  -1.5707963267948966        0.0000000000000000     
        (0.73753066794685762,1.22264320982040442E-016)
   0.0000000000000000        0.0000000000000000     
              (0.45508988635721331,0.0000000000000000)
   1.5707963267948966        0.0000000000000000     
       (0.73753066794685762,-1.22264320982040442E-016)
   3.1415926535897931        0.0000000000000000     
         (1.3871636400473306,2.24840370390495458E-017)
   1.0000000000000000                1           4
               (0.0000000000000000,0.0000000000000000)
  -1.5707963267948966        0.0000000000000000     
        (0.68689601248652654,1.28777675433543920E-016)
   0.0000000000000000        0.0000000000000000     
              (0.43383002012947719,0.0000000000000000)
   1.5707963267948966        0.0000000000000000     
       (0.68689601248652654,-1.28777675433543920E-016)
   3.1415926535897931        0.0000000000000000     
         (1.5198964964338126,3.55107459420565387E-017)
   1.0000000000000000                1           4
               (0.0000000000000000,0.0000000000000000)
  -1.5707963267948966        0.0000000000000000     
       (0.71497645779718488,-6.51800999846424143E-016)
   0.0000000000000000        0.0000000000000000     
              (0.41821974112950194,0.0000000000000000)
   1.5707963267948966        0.0000000000000000     
        (0.71497645779718488,6.51800999846424143E-016)
   3.1415926535897931        0.0000000000000000     
         (1.4798784368751843,2.86656298573396732E-017)
   1.0000000000000000                1           4
               (0.0000000000000000,0.0000000000000000)
  -1.5707963267948966        0.0000000000000000     
        (0.76287342559521198,8.35693994386908870E-018)
   0.0000000000000000        0.0000000000000000     
              (0.46855816049421867,0.0000000000000000)
   1.5707963267948966        0.0000000000000000     
       (0.76287342559521198,-8.35693994386908870E-018)
   3.1415926535897931        0.0000000000000000     
         (1.3301470636634154,1.67138798877381774E-017)
   1.0000000000000000                1           4
               (0.0000000000000000,0.0000000000000000)
  -1.5707963267948966        0.0000000000000000     
        (0.72392587537090369,4.08404910018418367E-017)
   0.0000000000000000        0.0000000000000000     
              (0.47502286531746007,0.0000000000000000)
   1.5707963267948966        0.0000000000000000     
       (0.72392587537090369,-4.08404910018418367E-017)
   3.1415926535897931        0.0000000000000000     
         (1.4002146556014514,2.61698307724258434E-017)
   1.0000000000000000                1           4
               (0.0000000000000000,0.0000000000000000)
  -1.5707963267948966        0.0000000000000000     
        (0.76597097909237455,6.32240933819419907E-017)
   0.0000000000000000        0.0000000000000000     
              (0.49373836247932518,0.0000000000000000)
   1.5707963267948966        0.0000000000000000     
       (0.76597097909237455,-6.32240933819419907E-017)
   3.1415926535897931        0.0000000000000000     
         (1.2901274044657693,1.54258843013683304E-017)
   1.0000000000000000                1           4
               (0.0000000000000000,0.0000000000000000)
  -1.5707963267948966        0.0000000000000000     
        (0.72159951064694960,1.30544552631444211E-017)
   0.0000000000000000        0.0000000000000000     
              (0.45025548027033779,0.0000000000000000)
   1.5707963267948966        0.0000000000000000     
       (0.72159951064694960,-1.30544552631444211E-017)
   3.1415926535897931        0.0000000000000000     
         (1.4193344080795465,2.61089105262888421E-017)
   1.0000000000000000                1           4
               (0.0000000000000000,0.0000000000000000)
  -1.5707963267948966        0.0000000000000000     
       (0.73473622288635598,-9.93430633030744224E-017)
   0.0000000000000000        0.0000000000000000     
              (0.46402535336932371,0.0000000000000000)
   1.5707963267948966        0.0000000000000000     
        (0.73473622288635598,9.93430633030744224E-017)
   3.1415926535897931        0.0000000000000000     
         (1.3869199927554825,2.33584783188824849E-017)
   1.0000000000000000                1           4
               (0.0000000000000000,0.0000000000000000)
  -1.5707963267948966        0.0000000000000000     
        (0.73215475592419710,1.20221721928570491E-017)
   0.0000000000000000        0.0000000000000000     
              (0.48324049535942504,0.0000000000000000)
   1.5707963267948966        0.0000000000000000     
       (0.73215475592419710,-1.20221721928570491E-017)
   3.1415926535897931        0.0000000000000000     
         (1.3737429597427253,2.40443443857140982E-017)
   1.0000000000000000                1           4
               (0.0000000000000000,0.0000000000000000)
  -1.5707963267948966        0.0000000000000000     
       (0.76191485409093684,-4.77925319877684269E-017)
   0.0000000000000000        0.0000000000000000     
              (0.45591815923141987,0.0000000000000000)
   1.5707963267948966        0.0000000000000000     
        (0.76191485409093684,4.77925319877684269E-017)
   3.1415926535897931        0.0000000000000000     
         (1.3200207856336643,1.54372384869788095E-017)
   1.0000000000000000                1           4
               (0.0000000000000000,0.0000000000000000)
  -1.5707963267948966        0.0000000000000000     
        (0.74348701437703468,9.96658144671170896E-018)
   0.0000000000000000        0.0000000000000000     
              (0.44515876830032330,0.0000000000000000)
   1.5707963267948966        0.0000000000000000     
       (0.74348701437703468,-9.96658144671170896E-018)
   3.1415926535897931        0.0000000000000000     
         (1.3673485147324762,1.99331628934234179E-017)
   1.0000000000000000                1           4
               (0.0000000000000000,0.0000000000000000)
  -1.5707963267948966        0.0000000000000000     
       (0.69980222670161929,-3.97385016776349623E-017)
   0.0000000000000000        0.0000000000000000     
              (0.44814604885940662,0.0000000000000000)
   1.5707963267948966        0.0000000000000000     
        (0.69980222670161929,3.97385016776349623E-017)
   3.1415926535897931        0.0000000000000000     
         (1.4666322347324021,3.15452991072457419E-017)
   1.0000000000000000                1           4
               (0.0000000000000000,0.0000000000000000)
  -1.5707963267948966        0.0000000000000000     
        (0.78414159293570851,3.31955530352197973E-017)
   0.0000000000000000        0.0000000000000000     
              (0.50721088820059190,0.0000000000000000)
   1.5707963267948966        0.0000000000000000     
       (0.78414159293570851,-3.31955530352197973E-017)
   3.1415926535897931        0.0000000000000000     
         (1.2387554443014586,1.08799548391817600E-017)
   1.0000000000000000                1           4
               (0.0000000000000000,0.0000000000000000)
  -1.5707963267948966        0.0000000000000000     
        (0.78967031385340447,5.23682757000204396E-018)
   0.0000000000000000        0.0000000000000000     
              (0.45655039405064374,0.0000000000000000)
   1.5707963267948966        0.0000000000000000     
       (0.78967031385340447,-5.23682757000204396E-018)
   3.1415926535897931        0.0000000000000000     
         (1.2938380026503968,1.04736551400040879E-017)
   1.0000000000000000                1           4
               (0.0000000000000000,0.0000000000000000)
  -1.5707963267948966        0.0000000000000000     
        (0.75470449683326579,6.42125697505323706E-017)
   0.0000000000000000        0.0000000000000000     
              (0.46453649248237983,0.0000000000000000)
   1.5707963267948966        0.0000000000000000     
       (0.75470449683326579,-6.42125697505323706E-017)
   3.1415926535897931        0.0000000000000000     
         (1.3290823982853508,1.74028370385490871E-017)
   1.0000000000000000                1           4
               (0.0000000000000000,0.0000000000000000)
  -1.5707963267948966        0.0000000000000000     
       (0.67139550311456264,-3.63451092307614988E-017)
   0.0000000000000000        0.0000000000000000     
              (0.40801969198412902,0.0000000000000000)
   1.5707963267948966        0.0000000000000000     
        (0.67139550311456264,3.63451092307614988E-017)
   3.1415926535897931        0.0000000000000000     
         (1.5607817529719983,3.83320840009926687E-017)
   1.0000000000000000                1           4
               (0.0000000000000000,0.0000000000000000)
  -1.5707963267948966        0.0000000000000000     
        (0.73702770855277211,1.17247978963771948E-017)
   0.0000000000000000        0.0000000000000000     
              (0.46295279423465513,0.0000000000000000)
   1.5707963267948966        0.0000000000000000     
       (0.73702770855277211,-1.17247978963771948E-017)
   3.1415926535897931        0.0000000000000000     
         (1.3940635844980442,2.34495957927543896E-017)
   1.0000000000000000                1           4
               (0.0000000000000000,0.0000000000000000)
  -1.5707963267948966        0.0000000000000000     
        (0.70624306378303403,7.07539394044387942E-017)
   0.0000000000000000        0.0000000000000000     
              (0.42611197424109803,0.0000000000000000)
   1.5707963267948966        0.0000000000000000     
       (0.70624306378303403,-7.07539394044387942E-017)
   3.1415926535897931        0.0000000000000000     
         (1.4842413974575182,3.04855763463619344E-017)
   1.0000000000000000                1           4
               (0.0000000000000000,0.0000000000000000)
  -1.5707963267948966        0.0000000000000000     
        (0.71367008264871024,6.91337993583358138E-017)
   0.0000000000000000        0.0000000000000000     
              (0.49384172184294650,0.0000000000000000)
   1.5707963267948966        0.0000000000000000     
       (0.71367008264871024,-6.91337993583358138E-017)
   3.1415926535897931        0.0000000000000000     
         (1.3784478978298125,2.72452962541559643E-017)
   1.0000000000000000                1           4
               (0.0000000000000000,0.0000000000000000)
  -1.5707963267948966        0.0000000000000000     
        (0.74812070192321467,9.97924029780901302E-018)
   0.0000000000000000        0.0000000000000000     
              (0.47644774301535808,0.0000000000000000)
   1.5707963267948966        0.0000000000000000     
       (0.74812070192321467,-9.97924029780901302E-018)
   3.1415926535897931        0.0000000000000000     
         (1.3457403845642144,1.99584805956180260E-017)
   1.0000000000000000                1           4
               (0.0000000000000000,0.0000000000000000)
  -1.5707963267948966        0.0000000000000000     
        (0.76963007765390434,6.27369709264386544E-017)
   0.0000000000000000        0.0000000000000000     
              (0.48687555669890376,0.0000000000000000)
   1.5707963267948966        0.0000000000000000     
       (0.76963007765390434,-6.27369709264386544E-017)
   3.1415926535897931        0.0000000000000000     
         (1.2883977805389673,1.44516393903616394E-017)
   1.0000000000000000                1           4
               (0.0000000000000000,0.0000000000000000)
  -1.5707963267948966        0.0000000000000000     
        (0.72465905065980796,4.02443070707976583E-017)
   0.0000000000000000        0.0000000000000000     
              (0.46573358325370706,0.0000000000000000)
   1.5707963267948966        0.0000000000000000     
       (0.72465905065980796,-4.02443070707976583E-017)
   3.1415926535897931        0.0000000000000000     
         (1.3914974432901901,2.49774629103374834E-017)
   1.0000000000000000                1           4
               (0.0000000000000000,0.0000000000000000)
  -1.5707963267948966        0.0000000000000000     
       (0.72372214932768542,-4.26515108091405158E-017)
   0.0000000000000000        0.0000000000000000     
              (0.44255991422085067,0.0000000000000000)
   1.5707963267948966        0.0000000000000000     
        (0.72372214932768542,4.26515108091405158E-017)
   3.1415926535897931        0.0000000000000000     
         (1.4249121158937685,2.57192808442346287E-017)
   1.0000000000000000                1           4
               (0.0000000000000000,0.0000000000000000)
  -1.5707963267948966        0.0000000000000000     
        (0.66954840808324811,1.94392203039035084E-017)
   0.0000000000000000        0.0000000000000000     
              (0.40951349113278823,0.0000000000000000)
   1.5707963267948966        0.0000000000000000     
       (0.66954840808324811,-1.94392203039035084E-017)
   3.1415926535897931        0.0000000000000000     
         (1.5645164442787949,3.88784406078070168E-017)
   1.0000000000000000                1           4
               (0.0000000000000000,0.0000000000000000)
  -1.5707963267948966        0.0000000000000000     
        (0.73414645768384146,3.92841350727416794E-017)
   0.0000000000000000        0.0000000000000000     
              (0.50151121899192264,0.0000000000000000)
   1.5707963267948966        0.0000000000000000     
       (0.73414645768384146,-3.92841350727416794E-017)
   3.1415926535897931        0.0000000000000000     
         (1.3433330241590657,2.30571189142255317E-017)
   1.0000000000000000                1           4
               (0.0000000000000000,0.0000000000000000)
  -1.5707963267948966        0.0000000000000000     
        (0.68661270372322103,1.74722058397010839E-017)
   0.0000000000000000        0.0000000000000000     
              (0.47556114334278760,0.0000000000000000)
   1.5707963267948966        0.0000000000000000     
       (0.68661270372322103,-1.74722058397010839E-017)
   3.1415926535897931        0.0000000000000000     
         (1.4683498152965671,3.49444116794021678E-017)
   1.0000000000000000                1           4
               (0.0000000000000000,0.0000000000000000)
  -1.5707963267948966        0.0000000000000000     
       (0.73391589390445167,-4.34374026447976155E-017)
   0.0000000000000000        0.0000000000000000     
              (0.39637276660453102,0.0000000000000000)
   1.5707963267948966        0.0000000000000000     
        (0.73391589390445167,4.34374026447976155E-017)
   3.1415926535897931        0.0000000000000000     
         (1.4658175773159443,2.41474971729204323E-017)
   1.0000000000000000                1           4
               (0.0000000000000000,0.0000000000000000)
  -1.5707963267948966        0.0000000000000000     
        (0.72358412618952694,1.51553730281359012E-016)
   0.0000000000000000        0.0000000000000000     
              (0.44823255002192108,0.0000000000000000)
   1.5707963267948966        0.0000000000000000     
       (0.72358412618952694,-1.51553730281359012E-016)
   3.1415926535897931        0.0000000000000000     
         (1.4162267029006197,2.55517044064288704E-017)
   1.0000000000000000                1           4
               (0.0000000000000000,0.0000000000000000)
  -1.5707963267948966        0.0000000000000000     
       (0.76224489481478208,-3.80616080512756113E-016)
   0.0000000000000000        0.0000000000000000     
              (0.45747792482972816,0.0000000000000000)
   1.5707963267948966        0.0000000000000000     
        (0.76224489481478208,3.80616080512756113E-016)
   3.1415926535897931        0.0000000000000000     
         (1.3270698051494008,1.59239562120974348E-017)
   1.0000000000000000                1           4
               (0.0000000000000000,0.0000000000000000)
  -1.5707963267948966        0.0000000000000000     
       (0.73582279803823192,-4.43903830643643397E-017)
   0.0000000000000000        0.0000000000000000     
              (0.43357717805048535,0.0000000000000000)
   1.5707963267948966        0.0000000000000000     
        (0.73582279803823192,4.43903830643643397E-017)
   3.1415926535897931        0.0000000000000000     
         (1.4013002714758451,2.22415363337869870E-017)
   1.0000000000000000                1           4
               (0.0000000000000000,0.0000000000000000)
  -1.5707963267948966        0.0000000000000000     
       (0.73465930381204259,-4.38856615126973389E-017)
   0.0000000000000000        0.0000000000000000     
              (0.46983224032480014,0.0000000000000000)
   1.5707963267948966        0.0000000000000000     
        (0.73465930381204259,4.38856615126973389E-017)
   3.1415926535897931        0.0000000000000000     
         (1.3792036776831313,2.32509794371209763E-017)
   1.0000000000000000                1           4
               (0.0000000000000000,0.0000000000000000)
  -1.5707963267948966        0.0000000000000000     
        (0.69385255834388215,1.61766842158703381E-017)
   0.0000000000000000        0.0000000000000000     
              (0.43315225869334928,0.0000000000000000)
   1.5707963267948966        0.0000000000000000     
       (0.69385255834388215,-1.61766842158703381E-017)
   3.1415926535897931        0.0000000000000000     
         (1.4829234617352871,3.23533684317406762E-017)
   1.0000000000000000                1           4
               (0.0000000000000000,0.0000000000000000)
  -1.5707963267948966        0.0000000000000000     
        (0.69169062813031557,1.67647301758035713E-017)
   0.0000000000000000        0.0000000000000000     
              (0.40388488684901425,0.0000000000000000)
   1.5707963267948966        0.0000000000000000     
       (0.69169062813031557,-1.67647301758035713E-017)
   3.1415926535897931        0.0000000000000000     
         (1.5270740117971873,3.35294603516071427E-017)
   1.0000000000000000                1           4
               (0.0000000000000000,0.0000000000000000)
  -1.5707963267948966        0.0000000000000000     
        (0.79528301213695729,3.19189600249243612E-017)
   0.0000000000000000        0.0000000000000000     
              (0.51576677584256314,0.0000000000000000)
   1.5707963267948966        0.0000000000000000     
       (0.79528301213695729,-3.19189600249243612E-017)
   3.1415926535897931        0.0000000000000000     
         (1.2107857030464833,8.32676881859088920E-018)
   1.0000000000000000                1           4
               (0.0000000000000000,0.0000000000000000)
  -1.5707963267948966        0.0000000000000000     
        (0.77830472538823237,5.93519627604988086E-018)
   0.0000000000000000        0.0000000000000000     
              (0.47686355624856958,0.0000000000000000)
   1.5707963267948966        0.0000000000000000     
       (0.77830472538823237,-5.93519627604988086E-018)
   3.1415926535897931        0.0000000000000000     
         (1.2736041165126242,1.18703925520997617E-017)
   1.0000000000000000                1           4
               (0.0000000000000000,0.0000000000000000)
  -1.5707963267948966        0.0000000000000000     
        (0.75049541264658037,9.57999864812680016E-018)
   0.0000000000000000        0.0000000000000000     
              (0.46545534027550878,0.0000000000000000)
   1.5707963267948966        0.0000000000000000     
       (0.75049541264658037,-9.57999864812680016E-018)
   3.1415926535897931        0.0000000000000000     
         (1.3484419868693458,1.91599972962536003E-017)
   1.0000000000000000                1           4
               (0.0000000000000000,0.0000000000000000)
  -1.5707963267948966        0.0000000000000000     
        (0.71883665635442662,1.34139027281584728E-017)
   0.0000000000000000        0.0000000000000000     
              (0.47936674692199926,0.0000000000000000)
   1.5707963267948966        0.0000000000000000     
       (0.71883665635442662,-1.34139027281584728E-017)
   3.1415926535897931        0.0000000000000000     
         (1.3964378780149269,2.68278054563169455E-017)
   1.0000000000000000                1           4
               (0.0000000000000000,0.0000000000000000)
  -1.5707963267948966        0.0000000000000000     
        (0.75140856505547737,6.44396118228191573E-017)
   0.0000000000000000        0.0000000000000000     
              (0.46563353134718516,0.0000000000000000)
   1.5707963267948966        0.0000000000000000     
       (0.75140856505547737,-6.44396118228191573E-017)
   3.1415926535897931        0.0000000000000000     
         (1.3288092527164903,1.78569211831226483E-017)
   1.0000000000000000                1           4
               (0.0000000000000000,0.0000000000000000)
  -1.5707963267948966        0.0000000000000000     
        (0.71157969046189762,9.76252536962874839E-017)
   0.0000000000000000        0.0000000000000000     
              (0.46303279197586350,0.0000000000000000)
   1.5707963267948966        0.0000000000000000     
       (0.71157969046189762,-9.76252536962874839E-017)
   3.1415926535897931        0.0000000000000000     
         (1.4291116664216235,2.87170536988014868E-017)
   1.0000000000000000                1           4
               (0.0000000000000000,0.0000000000000000)
  -1.5707963267948966        0.0000000000000000     
        (0.72352792051577197,1.23782366489861295E-017)
   0.0000000000000000        0.0000000000000000     
              (0.48209558973049710,0.0000000000000000)
   1.5707963267948966        0.0000000000000000     
       (0.72352792051577197,-1.23782366489861295E-017)
   3.1415926535897931        0.0000000000000000     
         (1.3692641422712220,2.47564732979722590E-017)
   1.0000000000000000                1           4
               (0.0000000000000000,0.0000000000000000)
  -1.5707963267948966        0.0000000000000000     
       (0.68986552482889352,-3.85991278049250843E-017)
   0.0000000000000000        0.0000000000000000     
              (0.44700879056421466,0.0000000000000000)
   1.5707963267948966        0.0000000000000000     
        (0.68986552482889352,3.85991278049250843E-017)
   3.1415926535897931        0.0000000000000000     
         (1.4851108641381470,3.38240468526654917E-017)
   1.0000000000000000                1           4
               (0.0000000000000000,0.0000000000000000)
  -1.5707963267948966        0.0000000000000000     
       (0.71250267692238023,-1.39972184477134756E-017)
   0.0000000000000000        0.0000000000000000     
              (0.45366553405495386,0.0000000000000000)
   1.5707963267948966        0.0000000000000000     
        (0.71250267692238023,1.39972184477134756E-017)
   3.1415926535897931        0.0000000000000000     
         (1.4207218678217628,2.75167143358308788E-017)
   1.0000000000000000                1           4
               (0.0000000000000000,0.0000000000000000)
  -1.5707963267948966        0.0000000000000000     
        (0.72072538598402103,6.81258137337948979E-017)
   0.0000000000000000        0.0000000000000000     
              (0.44057063352579240,0.0000000000000000)
   1.5707963267948966        0.0000000000000000     
       (0.72072538598402103,-6.81258137337948979E-017)
   3.1415926535897931        0.0000000000000000     
         (1.4129062838196722,2.52293250050741294E-017)
   1.0000000000000000                1           4
               (0.0000000000000000,0.0000000000000000)
  -1.5707963267948966        0.0000000000000000     
        (0.70023446272368473,1.54085113933584508E-017)
   0.0000000000000000        0.0000000000000000     
              (0.48161496891403988,0.0000000000000000)
   1.5707963267948966        0.0000000000000000     
       (0.70023446272368473,-1.54085113933584508E-017)
   3.1415926535897931        0.0000000000000000     
         (1.4221341318160787,3.08170227867169017E-017)
   1.0000000000000000                1           4
               (0.0000000000000000,0.0000000000000000)
  -1.5707963267948966        0.0000000000000000     
        (0.75621991720147119,6.47515300084493660E-017)
   0.0000000000000000        0.0000000000000000     
              (0.48603100117941878,0.0000000000000000)
   1.5707963267948966        0.0000000000000000     
       (0.75621991720147119,-6.47515300084493660E-017)
   3.1415926535897931        0.0000000000000000     
         (1.3282225082725272,1.84807575543830657E-017)
   1.0000000000000000                1           4
               (0.0000000000000000,0.0000000000000000)
  -1.5707963267948966        0.0000000000000000     
        (0.71382585334274129,1.25055319023405369E-016)
   0.0000000000000000        0.0000000000000000     
              (0.45942259487617404,0.0000000000000000)
   1.5707963267948966        0.0000000000000000     
       (0.71382585334274129,-1.25055319023405369E-016)
   3.1415926535897931        0.0000000000000000     
         (1.4265822164157971,2.80660331217794123E-017)
   1.0000000000000000                1           4
               (0.0000000000000000,0.0000000000000000)
  -1.5707963267948966        0.0000000000000000     
        (0.71488872325132480,1.39559919804135324E-017)
   0.0000000000000000        0.0000000000000000     
              (0.43054675567869072,0.0000000000000000)
   1.5707963267948966        0.0000000000000000     
       (0.71488872325132480,-1.39559919804135324E-017)
   3.1415926535897931        0.0000000000000000     
         (1.4550679817107759,2.79119839608270648E-017)
   1.0000000000000000                1           4
               (0.0000000000000000,0.0000000000000000)
  -1.5707963267948966        0.0000000000000000     
        (0.72081882685141641,4.10545233854158919E-017)
   0.0000000000000000        0.0000000000000000     
              (0.44876414587156888,0.0000000000000000)
   1.5707963267948966        0.0000000000000000     
       (0.72081882685141641,-4.10545233854158919E-017)
   3.1415926535897931        0.0000000000000000     
         (1.4272501061793337,2.65978955395739568E-017)
   1.0000000000000000                1           4
               (0.0000000000000000,0.0000000000000000)
  -1.5707963267948966        0.0000000000000000     
        (0.69983242267563495,1.58306425307344781E-017)
   0.0000000000000000        0.0000000000000000     
              (0.40381122823794491,0.0000000000000000)
   1.5707963267948966        0.0000000000000000     
       (0.69983242267563495,-1.58306425307344781E-017)
   3.1415926535897931        0.0000000000000000     
         (1.5129216416819236,3.16612850614689562E-017)
   1.0000000000000000                1           4
               (0.0000000000000000,0.0000000000000000)
  -1.5707963267948966        0.0000000000000000     
       (0.74759694296555235,-4.56525432396916098E-017)
   0.0000000000000000        0.0000000000000000     
              (0.47355976102817987,0.0000000000000000)
   1.5707963267948966        0.0000000000000000     
        (0.74759694296555235,4.56525432396916098E-017)
   3.1415926535897931        0.0000000000000000     
         (1.3436406985021099,1.97172159831324436E-017)
   1.0000000000000000                1           4
               (0.0000000000000000,0.0000000000000000)
  -1.5707963267948966        0.0000000000000000     
        (0.72222367840009138,6.85152213526772969E-017)
   0.0000000000000000        0.0000000000000000     
              (0.45259541897573019,0.0000000000000000)
   1.5707963267948966        0.0000000000000000     
       (0.72222367840009138,-6.85152213526772969E-017)
   3.1415926535897931        0.0000000000000000     
         (1.4165971012617282,2.60081402428389305E-017)
   1.0000000000000000                1           4
               (0.0000000000000000,0.0000000000000000)
  -1.5707963267948966        0.0000000000000000     
       (0.73445710966775346,-4.36286242454465700E-017)
   0.0000000000000000        0.0000000000000000     
              (0.48700973653502089,0.0000000000000000)
   1.5707963267948966        0.0000000000000000     
        (0.73445710966775346,4.36286242454465700E-017)
   3.1415926535897931        0.0000000000000000     
         (1.3700172674526596,2.37650539716225202E-017)
   1.0000000000000000                1           4
               (0.0000000000000000,0.0000000000000000)
  -1.5707963267948966        0.0000000000000000     
        (0.69001584571812247,7.28625176151720208E-017)
   0.0000000000000000        0.0000000000000000     
              (0.41165827114924408,0.0000000000000000)
   1.5707963267948966        0.0000000000000000     
       (0.69001584571812247,-7.28625176151720208E-017)
   3.1415926535897931        0.0000000000000000     
         (1.5351120553283821,3.47027327678283813E-017)
   1.0000000000000000                1           4
               (0.0000000000000000,0.0000000000000000)
  -1.5707963267948966        0.0000000000000000     
        (0.69673249868618248,7.16718360868681538E-017)
   0.0000000000000000        0.0000000000000000     
              (0.45543134074426839,0.0000000000000000)
   1.5707963267948966        0.0000000000000000     
       (0.69673249868618248,-7.16718360868681538E-017)
   3.1415926535897931        0.0000000000000000     
         (1.4658816816051601,3.23213697112206350E-017)
   1.0000000000000000                1           4
               (0.0000000000000000,0.0000000000000000)
  -1.5707963267948966        0.0000000000000000     
        (0.74440109933103904,1.03512372440203511E-017)
   0.0000000000000000        0.0000000000000000     
              (0.46866161411310991,0.0000000000000000)
   1.5707963267948966        0.0000000000000000     
       (0.74440109933103904,-1.03512372440203511E-017)
   3.1415926535897931        0.0000000000000000     
         (1.3582376506165814,2.07024744880407022E-017)
   1.0000000000000000                1           4
               (0.0000000000000000,0.0000000000000000)
  -1.5707963267948966        0.0000000000000000     
       (0.72122251637986412,-4.17501252186778415E-017)
   0.0000000000000000        0.0000000000000000     
              (0.50437756382362331,0.0000000000000000)
   1.5707963267948966        0.0000000000000000     
        (0.72122251637986412,4.17501252186778415E-017)
   3.1415926535897931        0.0000000000000000     
         (1.3875366880500875,2.75220520251599710E-017)
   1.0000000000000000                1           4
               (0.0000000000000000,0.0000000000000000)
  -1.5707963267948966        0.0000000000000000     
        (0.64717883159563583,2.24081941237715462E-017)
   0.0000000000000000        0.0000000000000000     
              (0.42701174674420150,0.0000000000000000)
   1.5707963267948966        0.0000000000000000     
       (0.64717883159563583,-2.24081941237715462E-017)
   3.1415926535897931        0.0000000000000000     
         (1.5992530798634284,4.48163882475430925E-017)
   1.0000000000000000                1           4
               (0.0000000000000000,0.0000000000000000)
  -1.5707963267948966        0.0000000000000000     
        (0.70834263775141681,7.01379381974879412E-017)
   0.0000000000000000        0.0000000000000000     
              (0.41653067328296112,0.0000000000000000)
   1.5707963267948966        0.0000000000000000     
       (0.70834263775141681,-7.01379381974879412E-017)
   3.1415926535897931        0.0000000000000000     
         (1.4779017200472773,2.92535739324602285E-017)
   1.0000000000000000                1           4
               (0.0000000000000000,0.0000000000000000)
  -1.5707963267948966        0.0000000000000000     
       (0.69391350712362410,-3.98711839074777672E-017)
   0.0000000000000000        0.0000000000000000     
              (0.45461529632853936,0.0000000000000000)
   1.5707963267948966        0.0000000000000000     
        (0.69391350712362410,3.98711839074777672E-017)
   3.1415926535897931        0.0000000000000000     
         (1.4440518176003219,3.12799346475601197E-017)
   1.0000000000000000                1           4
               (0.0000000000000000,0.0000000000000000)
  -1.5707963267948966        0.0000000000000000     
       (0.77716577482085569,-1.87922030191938101E-016)
   0.0000000000000000        0.0000000000000000     
              (0.44887119613836657,0.0000000000000000)
   1.5707963267948966        0.0000000000000000     
        (0.77716577482085569,1.87922030191938101E-016)
   3.1415926535897931        0.0000000000000000     
         (1.3134223266011307,1.27339982349286012E-017)
   1.0000000000000000                1           4
               (0.0000000000000000,0.0000000000000000)
  -1.5707963267948966        0.0000000000000000     
        (0.73533303563235997,3.93275488835151028E-017)
   0.0000000000000000        0.0000000000000000     
              (0.43941144729639608,0.0000000000000000)
   1.5707963267948966        0.0000000000000000     
       (0.73533303563235997,-3.93275488835151028E-017)
   3.1415926535897931        0.0000000000000000     
         (1.4092239544215794,2.31439465357723755E-017)
   1.0000000000000000                1           4
               (0.0000000000000000,0.0000000000000000)
  -1.5707963267948966        0.0000000000000000     
        (0.75383829100716404,8.70136549308715148E-018)
   0.0000000000000000        0.0000000000000000     
              (0.46270618946563624,0.0000000000000000)
   1.5707963267948966        0.0000000000000000     
       (0.75383829100716404,-8.70136549308715148E-018)
   3.1415926535897931        0.0000000000000000     
         (1.3291785576831743,1.74027309861743030E-017)
   1.0000000000000000                1           4
               (0.0000000000000000,0.0000000000000000)
  -1.5707963267948966        0.0000000000000000     
        (0.71430158353213691,6.95686930595447748E-017)
   0.0000000000000000        0.0000000000000000     
              (0.45438394733477172,0.0000000000000000)
   1.5707963267948966        0.0000000000000000     
       (0.71430158353213691,-6.95686930595447748E-017)
   3.1415926535897931        0.0000000000000000     
         (1.4333733803601219,2.81150836565738955E-017)
   1.0000000000000000                1           4
               (0.0000000000000000,0.0000000000000000)
  -1.5707963267948966        0.0000000000000000     
        (0.70499496536588502,1.53251935796695820E-017)
   0.0000000000000000        0.0000000000000000     
              (0.44854154866825058,0.0000000000000000)
   1.5707963267948966        0.0000000000000000     
       (0.70499496536588502,-1.53251935796695820E-017)
   3.1415926535897931        0.0000000000000000     
         (1.4620071910307932,3.06503871593391639E-017)
   1.0000000000000000                1           4
               (0.0000000000000000,0.0000000000000000)
  -1.5707963267948966        0.0000000000000000     
       (0.71828602845588096,-4.19582487950152655E-017)
   0.0000000000000000        0.0000000000000000     
              (0.46524901719406270,0.0000000000000000)
   1.5707963267948966        0.0000000000000000     
        (0.71828602845588096,4.19582487950152655E-017)
   3.1415926535897931        0.0000000000000000     
         (1.4139944269512632,2.71058048724851353E-017)
   1.0000000000000000                1           4
               (0.0000000000000000,0.0000000000000000)
  -1.5707963267948966        0.0000000000000000     
        (0.76691508060039515,7.52564169102605321E-018)
   0.0000000000000000        0.0000000000000000     
              (0.45348610023547420,0.0000000000000000)
   1.5707963267948966        0.0000000000000000     
       (0.76691508060039515,-7.52564169102605321E-018)
   3.1415926535897931        0.0000000000000000     
         (1.3261501724503808,1.50512833820521064E-017)
   1.0000000000000000                1           4
               (0.0000000000000000,0.0000000000000000)
  -1.5707963267948966        0.0000000000000000     
        (0.73764526861162694,3.87856284816159574E-017)
   0.0000000000000000        0.0000000000000000     
              (0.45052954253011540,0.0000000000000000)
   1.5707963267948966        0.0000000000000000     
       (0.73764526861162694,-3.87856284816159574E-017)
   3.1415926535897931        0.0000000000000000     
         (1.3850298615588044,2.20601057319740847E-017)
   1.0000000000000000                1           4
               (0.0000000000000000,0.0000000000000000)
  -1.5707963267948966        0.0000000000000000     
        (0.72878838071167773,1.23099962450506152E-016)
   0.0000000000000000        0.0000000000000000     
              (0.44049255692228850,0.0000000000000000)
   1.5707963267948966        0.0000000000000000     
       (0.72878838071167773,-1.23099962450506152E-016)
   3.1415926535897931        0.0000000000000000     
         (1.4115705166818335,2.41553199759809595E-017)
   1.0000000000000000                1           4
               (0.0000000000000000,0.0000000000000000)
  -1.5707963267948966        0.0000000000000000     
        (0.70630268445046096,1.50054835509519407E-017)
   0.0000000000000000        0.0000000000000000     
              (0.46510229599758324,0.0000000000000000)
   1.5707963267948966        0.0000000000000000     
       (0.70630268445046096,-1.50054835509519407E-017)
   3.1415926535897931        0.0000000000000000     
         (1.4376193598654028,3.00109671019038815E-017)
   1.0000000000000000                1           4
               (0.0000000000000000,0.0000000000000000)
  -1.5707963267948966        0.0000000000000000     
       (0.67067873342299567,-3.64787039275869764E-017)
   0.0000000000000000        0.0000000000000000     
              (0.43262844636334030,0.0000000000000000)
   1.5707963267948966        0.0000000000000000     
        (0.67067873342299567,3.64787039275869764E-017)
   3.1415926535897931        0.0000000000000000     
         (1.5303759252693039,3.80648946073417073E-017)
   1.0000000000000000                1           4
               (0.0000000000000000,0.0000000000000000)
  -1.5707963267948966        0.0000000000000000     
        (0.70850663775703260,2.36725516195075679E-016)
   0.0000000000000000        0.0000000000000000     
              (0.41731458014040801,0.0000000000000000)
   1.5707963267948966        0.0000000000000000     
       (0.70850663775703260,-2.36725516195075679E-016)
   3.1415926535897931        0.0000000000000000     
         (1.4792136471218940,2.93618225400887613E-017)
   1.0000000000000000                1           4
               (0.0000000000000000,0.0000000000000000)
  -1.5707963267948966        0.0000000000000000     
        (0.76378877750310870,8.37947920821038368E-018)
   0.0000000000000000        0.0000000000000000     
              (0.45053378624375168,0.0000000000000000)
   1.5707963267948966        0.0000000000000000     
       (0.76378877750310870,-8.37947920821038368E-018)
   3.1415926535897931        0.0000000000000000     
         (1.3507383299712814,1.67589584164207674E-017)
   1.0000000000000000                1           4
               (0.0000000000000000,0.0000000000000000)
  -1.5707963267948966        0.0000000000000000     
       (0.72232967919026858,-4.26896257045010166E-017)
   0.0000000000000000        0.0000000000000000     
              (0.43511924852051476,0.0000000000000000)
   1.5707963267948966        0.0000000000000000     
        (0.72232967919026858,4.26896257045010166E-017)
   3.1415926535897931        0.0000000000000000     
         (1.4283229143611620,2.56430510535136302E-017)
   1.0000000000000000                1           4
               (0.0000000000000000,0.0000000000000000)
  -1.5707963267948966        0.0000000000000000     
       (0.74133732310229938,-1.73381788405471340E-017)
   0.0000000000000000        0.0000000000000000     
              (0.49474136426718202,0.0000000000000000)
   1.5707963267948966        0.0000000000000000     
        (0.74133732310229938,1.73381788405471340E-017)
   3.1415926535897931        0.0000000000000000     
         (1.3281912822795487,2.08347935501635652E-017)
   1.0000000000000000                1           4
               (0.0000000000000000,0.0000000000000000)
  -1.5707963267948966        0.0000000000000000     
        (0.70961290455195780,1.45884075134862215E-017)
   0.0000000000000000        0.0000000000000000     
              (0.42253715536419267,0.0000000000000000)
   1.5707963267948966        0.0000000000000000     
       (0.70961290455195780,-1.45884075134862215E-017)
   3.1415926535897931        0.0000000000000000     
         (1.4731822035091173,2.91768150269724430E-017)
   1.0000000000000000                1           4
               (0.0000000000000000,0.0000000000000000)
  -1.5707963267948966        0.0000000000000000     
        (0.70559797848483130,1.49587645887229893E-017)
   0.0000000000000000        0.0000000000000000     
              (0.43398016672808221,0.0000000000000000)
   1.5707963267948966        0.0000000000000000     
       (0.70559797848483130,-1.49587645887229893E-017)
   3.1415926535897931        0.0000000000000000     
         (1.4658061200946568,2.99175291774459785E-017)
   1.0000000000000000                1           4
               (0.0000000000000000,0.0000000000000000)
  -1.5707963267948966        0.0000000000000000     
        (0.71476647977916108,4.15322822209773977E-017)
   0.0000000000000000        0.0000000000000000     
              (0.47653019684787395,0.0000000000000000)
   1.5707963267948966        0.0000000000000000     
       (0.71476647977916108,-4.15322822209773977E-017)
   3.1415926535897931        0.0000000000000000     
         (1.4029841488518355,2.75534132106969715E-017)
   1.0000000000000000                1           4
               (0.0000000000000000,0.0000000000000000)
  -1.5707963267948966        0.0000000000000000     
       (0.69762097841077830,-3.97279751617292567E-017)
   0.0000000000000000        0.0000000000000000     
              (0.47033588839849411,0.0000000000000000)
   1.5707963267948966        0.0000000000000000     
        (0.69762097841077830,3.97279751617292567E-017)
   3.1415926535897931        0.0000000000000000     
         (1.4404237207132553,3.15663521390571407E-017)
   1.0000000000000000                1           4
               (0.0000000000000000,0.0000000000000000)
  -1.5707963267948966        0.0000000000000000     
        (0.73529008265715068,3.89159278585317401E-017)
   0.0000000000000000        0.0000000000000000     
              (0.48407927287315455,0.0000000000000000)
   1.5707963267948966        0.0000000000000000     
       (0.73529008265715068,-3.89159278585317401E-017)
   3.1415926535897931        0.0000000000000000     
         (1.3510256599307808,2.23207044858056563E-017)
   1.0000000000000000                1           4
               (0.0000000000000000,0.0000000000000000)
  -1.5707963267948966        0.0000000000000000     
        (0.77490651364066854,3.39310768796101902E-017)
   0.0000000000000000        0.0000000000000000     
              (0.44165068201886931,0.0000000000000000)
   1.5707963267948966        0.0000000000000000     
       (0.77490651364066854,-3.39310768796101902E-017)
   3.1415926535897931        0.0000000000000000     
         (1.3098695237985454,1.23510025279625533E-017)
   1.0000000000000000                1           4
               (0.0000000000000000,0.0000000000000000)
  -1.5707963267948966        0.0000000000000000     
       (0.70946734446181114,-9.62856548345061290E-017)
   0.0000000000000000        0.0000000000000000     
              (0.47677787568051178,0.0000000000000000)
   1.5707963267948966        0.0000000000000000     
        (0.70946734446181114,9.62856548345061290E-017)
   3.1415926535897931        0.0000000000000000     
         (1.4234922525965552,2.94732952560190686E-017)
   1.0000000000000000                1           4
               (0.0000000000000000,0.0000000000000000)
  -1.5707963267948966        0.0000000000000000     
        (0.73343870515891663,1.15039948766006818E-017)
   0.0000000000000000        0.0000000000000000     
              (0.48606280329037505,0.0000000000000000)
   1.5707963267948966        0.0000000000000000     
       (0.73343870515891663,-1.15039948766006818E-017)
   3.1415926535897931        0.0000000000000000     
         (1.3565635947228563,2.30079897532013636E-017)
   1.0000000000000000                1           4
               (0.0000000000000000,0.0000000000000000)
  -1.5707963267948966        0.0000000000000000     
        (0.72468911701968763,9.59705701542535339E-017)
   0.0000000000000000        0.0000000000000000     
              (0.48121171673523028,0.0000000000000000)
   1.5707963267948966        0.0000000000000000     
       (0.72468911701968763,-9.59705701542535339E-017)
   3.1415926535897931        0.0000000000000000     
         (1.3831055288203375,2.54076866147335837E-017)
   1.0000000000000000                1           4
               (0.0000000000000000,0.0000000000000000)
  -1.5707963267948966        0.0000000000000000     
       (0.75504012940003873,-1.84673164464768437E-017)
   0.0000000000000000        0.0000000000000000     
              (0.46718891414599895,0.0000000000000000)
   1.5707963267948966        0.0000000000000000     
        (0.75504012940003873,1.84673164464768437E-017)
   3.1415926535897931        0.0000000000000000     
         (1.3462689119859463,1.85765183383041457E-017)
   1.0000000000000000                1           4
               (0.0000000000000000,0.0000000000000000)
  -1.5707963267948966        0.0000000000000000     
        (0.69196931576915910,1.64512604201743419E-017)
   0.0000000000000000        0.0000000000000000     
              (0.46667930024795767,0.0000000000000000)
   1.5707963267948966        0.0000000000000000     
       (0.69196931576915910,-1.64512604201743419E-017)
   3.1415926535897931        0.0000000000000000     
         (1.4545982744575938,3.29025208403486839E-017)
   1.0000000000000000                1           4
               (0.0000000000000000,0.0000000000000000)
  -1.5707963267948966        0.0000000000000000     
        (0.70059496116192033,1.55294577770170045E-017)
   0.0000000000000000        0.0000000000000000     
              (0.44780681500476899,0.0000000000000000)
   1.5707963267948966        0.0000000000000000     
       (0.70059496116192033,-1.55294577770170045E-017)
   3.1415926535897931        0.0000000000000000     
         (1.4606136912826835,3.10589155540340089E-017)
