   1.0000000000000000                1           4
               (0.0000000000000000,0.0000000000000000)
  -1.5707963267948966        0.0000000000000000     
       (0.72653871072129550,-1.49688762833566184E-017)
   0.0000000000000000        0.0000000000000000     
              (0.47314171459185483,0.0000000000000000)
   1.5707963267948966        0.0000000000000000     
        (0.72653871072129550,1.49688762833566184E-017)
   3.1415926535897931        0.0000000000000000     
         (1.3975810015161005,2.55733986645445871E-017)
   1.0000000000000000                1           4
               (0.0000000000000000,0.0000000000000000)
  -1.5707963267948966        0.0000000000000000     
        (0.72749726072444609,6.75875593959031134E-017)
   0.0000000000000000        0.0000000000000000     
              (0.45943825611328998,0.0000000000000000)
   1.5707963267948966        0.0000000000000000     
       (0.72749726072444609,-6.75875593959031134E-017)
   3.1415926535897931        0.0000000000000000     
         (1.3900016898630123,2.41528163292905759E-017)
   1.0000000000000000                1           4
               (0.0000000000000000,0.0000000000000000)
  -1.5707963267948966        0.0000000000000000     
        (0.71363507621729683,6.95170747864993099E-017)
   0.0000000000000000        0.0000000000000000     
              (0.46636166256921752,0.0000000000000000)
   1.5707963267948966        0.0000000000000000     
       (0.71363507621729683,-6.95170747864993099E-017)
   3.1415926535897931        0.0000000000000000     
         (1.4183766697517877,2.80118471104829658E-017)
   1.0000000000000000                1           4
               (0.0000000000000000,0.0000000000000000)
  -1.5707963267948966        0.0000000000000000     
        (0.73315604624928299,1.18467011585411384E-017)
   0.0000000000000000        0.0000000000000000     
              (0.44927163767371314,0.0000000000000000)
   1.5707963267948966        0.0000000000000000     
       (0.73315604624928299,-1.18467011585411384E-017)
   3.1415926535897931        0.0000000000000000     
         (1.4039830791566772,2.36934023170822769E-017)
   1.0000000000000000                1           4
               (0.0000000000000000,0.0000000000000000)
  -1.5707963267948966        0.0000000000000000     
        (0.74045158735650152,1.10741550145790998E-017)
   0.0000000000000000        0.0000000000000000     
              (0.45073709145736618,0.0000000000000000)
   1.5707963267948966        0.0000000000000000     
       (0.74045158735650152,-1.10741550145790998E-017)
   3.1415926535897931        0.0000000000000000     
         (1.3918754356105969,2.21483100291581995E-017)
   1.0000000000000000                1           4
               (0.0000000000000000,0.0000000000000000)
  -1.5707963267948966        0.0000000000000000     
       (0.72474450758649467,-4.29949032932320469E-017)
   0.0000000000000000        0.0000000000000000     
              (0.44833365485405458,0.0000000000000000)
   1.5707963267948966        0.0000000000000000     
        (0.72474450758649467,4.29949032932320469E-017)
   3.1415926535897931        0.0000000000000000     
         (1.4099670420786088,2.50324958760515664E-017)
   1.0000000000000000                1           4
               (0.0000000000000000,0.0000000000000000)
  -1.5707963267948966        0.0000000000000000     
        (0.72301229619871621,6.86160669934822112E-017)
   0.0000000000000000        0.0000000000000000     
              (0.45828911399990468,0.0000000000000000)
   1.5707963267948966        0.0000000000000000     
       (0.72301229619871621,-6.86160669934822112E-017)
   3.1415926535897931        0.0000000000000000     
         (1.4157745104302257,2.62098315244487498E-017)
   1.0000000000000000                1           4
               (0.0000000000000000,0.0000000000000000)
  -1.5707963267948966        0.0000000000000000     
        (0.71137340295695872,1.43275933927140017E-017)
   0.0000000000000000        0.0000000000000000     
              (0.45591881014926966,0.0000000000000000)
   1.5707963267948966        0.0000000000000000     
       (0.71137340295695872,-1.43275933927140017E-017)
   3.1415926535897931        0.0000000000000000     
         (1.4348027098679936,2.86551867854280034E-017)
   1.0000000000000000                1           4
               (0.0000000000000000,0.0000000000000000)
  -1.5707963267948966        0.0000000000000000     
       (0.70770152437920975,-1.32945392686978887E-017)
   0.0000000000000000        0.0000000000000000     
              (0.45636495026108664,0.0000000000000000)
   1.5707963267948966        0.0000000000000000     
        (0.70770152437920975,1.32945392686978887E-017)
   3.1415926535897931        0.0000000000000000     
         (1.4313713902513101,2.89220726938620497E-017)
   1.0000000000000000                1           4
               (0.0000000000000000,0.0000000000000000)
  -1.5707963267948966        0.0000000000000000     
       (0.73454328542293412,-4.36836294593714734E-017)
   0.0000000000000000        0.0000000000000000     
              (0.45522558261718116,0.0000000000000000)
   1.5707963267948966        0.0000000000000000     
        (0.73454328542293412,4.36836294593714734E-017)
   3.1415926535897931        0.0000000000000000     
         (1.4001771662522979,2.36550435437727165E-017)
   1.0000000000000000                1           4
               (0.0000000000000000,0.0000000000000000)
  -1.5707963267948966        0.0000000000000000     
        (0.71363761685428317,1.38301267400934406E-017)
   0.0000000000000000        0.0000000000000000     
              (0.47392923878563709,0.0000000000000000)
   1.5707963267948966        0.0000000000000000     
       (0.71363761685428317,-1.38301267400934406E-017)
   3.1415926535897931        0.0000000000000000     
         (1.4050722150779165,2.76602534801868811E-017)
   1.0000000000000000                1           4
               (0.0000000000000000,0.0000000000000000)
  -1.5707963267948966        0.0000000000000000     
       (0.73429440221025311,-4.35364773626094706E-017)
   0.0000000000000000        0.0000000000000000     
              (0.42353379461262181,0.0000000000000000)
   1.5707963267948966        0.0000000000000000     
        (0.73429440221025311,4.35364773626094706E-017)
   3.1415926535897931        0.0000000000000000     
         (1.4361775400585850,2.39493477372967159E-017)
   1.0000000000000000                1           4
               (0.0000000000000000,0.0000000000000000)
  -1.5707963267948966        0.0000000000000000     
        (0.72751612259364451,4.02527143292217966E-017)
   0.0000000000000000        0.0000000000000000     
              (0.47003817551459037,0.0000000000000000)
   1.5707963267948966        0.0000000000000000     
       (0.72751612259364451,-4.02527143292217966E-017)
   3.1415926535897931        0.0000000000000000     
         (1.3931815967962378,2.49942774271857693E-017)
   1.0000000000000000                1           4
               (0.0000000000000000,0.0000000000000000)
  -1.5707963267948966        0.0000000000000000     
        (0.73614055717090177,1.20078042620839424E-017)
   0.0000000000000000        0.0000000000000000     
              (0.47768747560121244,0.0000000000000000)
   1.5707963267948966        0.0000000000000000     
       (0.73614055717090177,-1.20078042620839424E-017)
   3.1415926535897931        0.0000000000000000     
         (1.3867982897614157,2.40156085241678847E-017)
   1.0000000000000000                1           4
               (0.0000000000000000,0.0000000000000000)
  -1.5707963267948966        0.0000000000000000     
        (0.71794869173887754,1.31817410897681692E-017)
   0.0000000000000000        0.0000000000000000     
              (0.45572372440085579,0.0000000000000000)
   1.5707963267948966        0.0000000000000000     
       (0.71794869173887754,-1.31817410897681692E-017)
   3.1415926535897931        0.0000000000000000     
         (1.4107219967346079,2.63634821795363383E-017)
   1.0000000000000000                1           4
               (0.0000000000000000,0.0000000000000000)
  -1.5707963267948966        0.0000000000000000     
        (0.72361963477504176,1.31635159581364683E-017)
   0.0000000000000000        0.0000000000000000     
              (0.46449457330649835,0.0000000000000000)
   1.5707963267948966        0.0000000000000000     
       (0.72361963477504176,-1.31635159581364683E-017)
   3.1415926535897931        0.0000000000000000     
         (1.4126977559274523,2.63270319162729366E-017)
   1.0000000000000000                1           4
               (0.0000000000000000,0.0000000000000000)
  -1.5707963267948966        0.0000000000000000     
        (0.71340433909870871,1.35897319455978817E-017)
   0.0000000000000000        0.0000000000000000     
              (0.44472969989107508,0.0000000000000000)
   1.5707963267948966        0.0000000000000000     
       (0.71340433909870871,-1.35897319455978817E-017)
   3.1415926535897931        0.0000000000000000     
         (1.4259533086049914,2.71794638911957633E-017)
   1.0000000000000000                1           4
               (0.0000000000000000,0.0000000000000000)
  -1.5707963267948966        0.0000000000000000     
        (0.72977816379067217,1.19762715266614425E-017)
   0.0000000000000000        0.0000000000000000     
              (0.45615024689746786,0.0000000000000000)
   1.5707963267948966        0.0000000000000000     
       (0.72977816379067217,-1.19762715266614425E-017)
   3.1415926535897931        0.0000000000000000     
         (1.3945807944054094,2.39525430533228850E-017)
   1.0000000000000000                1           4
               (0.0000000000000000,0.0000000000000000)
  -1.5707963267948966        0.0000000000000000     
       (0.73971376859993831,-1.67061676652650417E-017)
   0.0000000000000000        0.0000000000000000     
              (0.45048402329849668,0.0000000000000000)
   1.5707963267948966        0.0000000000000000     
        (0.73971376859993831,1.67061676652650417E-017)
   3.1415926535897931        0.0000000000000000     
         (1.3898445657983645,2.20988159007277435E-017)
   1.0000000000000000                1           4
               (0.0000000000000000,0.0000000000000000)
  -1.5707963267948966        0.0000000000000000     
        (0.73720648437879011,6.71999161413831991E-017)
   0.0000000000000000        0.0000000000000000     
              (0.46487182208519867,0.0000000000000000)
   1.5707963267948966        0.0000000000000000     
       (0.73720648437879011,-6.71999161413831991E-017)
   3.1415926535897931        0.0000000000000000     
         (1.3913251816533585,2.33775298202507287E-017)
   1.0000000000000000                1           4
               (0.0000000000000000,0.0000000000000000)
  -1.5707963267948966        0.0000000000000000     
        (0.72446958581078169,1.27364348466697015E-017)
   0.0000000000000000        0.0000000000000000     
              (0.47185459944010089,0.0000000000000000)
   1.5707963267948966        0.0000000000000000     
       (0.72446958581078169,-1.27364348466697015E-017)
   3.1415926535897931        0.0000000000000000     
         (1.3930881041561447,2.54728696933394030E-017)
   1.0000000000000000                1           4
               (0.0000000000000000,0.0000000000000000)
  -1.5707963267948966        0.0000000000000000     
       (0.73237364265854010,-1.60002859288909627E-017)
   0.0000000000000000        0.0000000000000000     
              (0.44895662571403916,0.0000000000000000)
   1.5707963267948966        0.0000000000000000     
        (0.73237364265854010,1.60002859288909627E-017)
   3.1415926535897931        0.0000000000000000     
         (1.3997475586835741,2.35105793734759078E-017)
   1.0000000000000000                1           4
               (0.0000000000000000,0.0000000000000000)
  -1.5707963267948966        0.0000000000000000     
        (0.72038068306155556,1.31814603061652002E-017)
   0.0000000000000000        0.0000000000000000     
              (0.45574680199137130,0.0000000000000000)
   1.5707963267948966        0.0000000000000000     
       (0.72038068306155556,-1.31814603061652002E-017)
   3.1415926535897931        0.0000000000000000     
         (1.4155537307009955,2.63629206123304003E-017)
   1.0000000000000000                1           4
               (0.0000000000000000,0.0000000000000000)
  -1.5707963267948966        0.0000000000000000     
       (0.73771035308041755,-4.44753859705963782E-017)
   0.0000000000000000        0.0000000000000000     
              (0.42373172598778125,0.0000000000000000)
   1.5707963267948966        0.0000000000000000     
        (0.73771035308041755,4.44753859705963782E-017)
   3.1415926535897931        0.0000000000000000     
         (1.4121444280081350,2.20715305213229008E-017)
   1.0000000000000000                1           4
               (0.0000000000000000,0.0000000000000000)
  -1.5707963267948966        0.0000000000000000     
        (0.72928052119595010,1.25361038206306580E-017)
   0.0000000000000000        0.0000000000000000     
              (0.46928044345925796,0.0000000000000000)
   1.5707963267948966        0.0000000000000000     
       (0.72928052119595010,-1.25361038206306580E-017)
   3.1415926535897931        0.0000000000000000     
         (1.3987408230350948,2.50722076412613161E-017)
   1.0000000000000000                1           4
               (0.0000000000000000,0.0000000000000000)
  -1.5707963267948966        0.0000000000000000     
        (0.72851200187520082,6.75674989559813821E-017)
   0.0000000000000000        0.0000000000000000     
              (0.44923411329613239,0.0000000000000000)
   1.5707963267948966        0.0000000000000000     
       (0.72851200187520082,-6.75674989559813821E-017)
   3.1415926535897931        0.0000000000000000     
         (1.4015800912898948,2.41126954494471102E-017)
   1.0000000000000000                1           4
               (0.0000000000000000,0.0000000000000000)
  -1.5707963267948966        0.0000000000000000     
        (0.73024696373011622,1.21196154898301955E-017)
   0.0000000000000000        0.0000000000000000     
              (0.45374184572015797,0.0000000000000000)
   1.5707963267948966        0.0000000000000000     
       (0.73024696373011622,-1.21196154898301955E-017)
   3.1415926535897931        0.0000000000000000     
         (1.4026087646062966,2.42392309796603909E-017)
   1.0000000000000000                1           4
               (0.0000000000000000,0.0000000000000000)
  -1.5707963267948966        0.0000000000000000     
        (0.71046940474947529,1.39294756763273807E-017)
   0.0000000000000000        0.0000000000000000     
              (0.44998041204195816,0.0000000000000000)
   1.5707963267948966        0.0000000000000000     
       (0.71046940474947529,-1.39294756763273807E-017)
   3.1415926535897931        0.0000000000000000     
         (1.4259296001262232,2.78589513526547613E-017)
   1.0000000000000000                1           4
               (0.0000000000000000,0.0000000000000000)
  -1.5707963267948966        0.0000000000000000     
        (0.72902278014581767,1.20322054030933630E-017)
   0.0000000000000000        0.0000000000000000     
              (0.46092166818376767,0.0000000000000000)
   1.5707963267948966        0.0000000000000000     
       (0.72902278014581767,-1.20322054030933630E-017)
   3.1415926535897931        0.0000000000000000     
         (1.3901255448773244,2.40644108061867260E-017)
   1.0000000000000000                1           4
               (0.0000000000000000,0.0000000000000000)
  -1.5707963267948966        0.0000000000000000     
        (0.71789641530078929,1.35060334942214878E-017)
   0.0000000000000000        0.0000000000000000     
              (0.45202202301382410,0.0000000000000000)
   1.5707963267948966        0.0000000000000000     
       (0.71789641530078929,-1.35060334942214878E-017)
   3.1415926535897931        0.0000000000000000     
         (1.4249113390005641,2.70120669884429756E-017)
   1.0000000000000000                1           4
               (0.0000000000000000,0.0000000000000000)
  -1.5707963267948966        0.0000000000000000     
        (0.73585293246157679,1.18752450004527624E-017)
   0.0000000000000000        0.0000000000000000     
              (0.47108705940350781,0.0000000000000000)
   1.5707963267948966        0.0000000000000000     
       (0.73585293246157679,-1.18752450004527624E-017)
   3.1415926535897931        0.0000000000000000     
         (1.3884937424801072,2.37504900009055248E-017)
   1.0000000000000000                1           4
               (0.0000000000000000,0.0000000000000000)
  -1.5707963267948966        0.0000000000000000     
        (0.70672442352517961,6.97965955784617838E-017)
   0.0000000000000000        0.0000000000000000     
              (0.44695429228205286,0.0000000000000000)
   1.5707963267948966        0.0000000000000000     
       (0.70672442352517961,-6.97965955784617838E-017)
   3.1415926535897931        0.0000000000000000     
         (1.4330925765701856,2.85708886944079073E-017)
   1.0000000000000000                1           4
               (0.0000000000000000,0.0000000000000000)
  -1.5707963267948966        0.0000000000000000     
        (0.72619590836256298,3.98808796025772769E-017)
   0.0000000000000000        0.0000000000000000     
              (0.43765817917995198,0.0000000000000000)
   1.5707963267948966        0.0000000000000000     
       (0.72619590836256298,-3.98808796025772769E-017)
   3.1415926535897931        0.0000000000000000     
         (1.4107761208273897,2.42506079738967269E-017)
   1.0000000000000000                1           4
               (0.0000000000000000,0.0000000000000000)
  -1.5707963267948966        0.0000000000000000     
       (0.73270361681211360,-1.58018534439164881E-017)
   0.0000000000000000        0.0000000000000000     
              (0.45842705235179693,0.0000000000000000)
   1.5707963267948966        0.0000000000000000     
        (0.73270361681211360,1.58018534439164881E-017)
   3.1415926535897931        0.0000000000000000     
         (1.3974183771680984,2.39074443434248478E-017)
   1.0000000000000000                1           4
               (0.0000000000000000,0.0000000000000000)
  -1.5707963267948966        0.0000000000000000     
        (0.70658256154710375,1.39133184512079692E-017)
   0.0000000000000000        0.0000000000000000     
              (0.43705026609829867,0.0000000000000000)
   1.5707963267948966        0.0000000000000000     
       (0.70658256154710375,-1.39133184512079692E-017)
   3.1415926535897931        0.0000000000000000     
         (1.4305583246437223,2.78266369024159384E-017)
   1.0000000000000000                1           4
               (0.0000000000000000,0.0000000000000000)
  -1.5707963267948966        0.0000000000000000     
        (0.72506927477052874,6.80433826994942328E-017)
   0.0000000000000000        0.0000000000000000     
              (0.47750429695028168,0.0000000000000000)
   1.5707963267948966        0.0000000000000000     
       (0.72506927477052874,-6.80433826994942328E-017)
   3.1415926535897931        0.0000000000000000     
         (1.3819679960656073,2.50644629364728053E-017)
   1.0000000000000000                1           4
               (0.0000000000000000,0.0000000000000000)
  -1.5707963267948966        0.0000000000000000     
        (0.73505294367445717,6.72679543060833660E-017)
   0.0000000000000000        0.0000000000000000     
              (0.46756800559565409,0.0000000000000000)
   1.5707963267948966        0.0000000000000000     
       (0.73505294367445717,-6.72679543060833660E-017)
   3.1415926535897931        0.0000000000000000     
         (1.3865442118399784,2.35136061496510625E-017)
   1.0000000000000000                1           4
               (0.0000000000000000,0.0000000000000000)
  -1.5707963267948966        0.0000000000000000     
       (0.72665234058749595,-1.49446682126182568E-017)
   0.0000000000000000        0.0000000000000000     
              (0.48154402225619208,0.0000000000000000)
   1.5707963267948966        0.0000000000000000     
        (0.72665234058749595,1.49446682126182568E-017)
   3.1415926535897931        0.0000000000000000     
         (1.3901966491791788,2.56218148060213227E-017)
   1.0000000000000000                1           4
               (0.0000000000000000,0.0000000000000000)
  -1.5707963267948966        0.0000000000000000     
       (0.72433391279396364,-4.27165033255510927E-017)
   0.0000000000000000        0.0000000000000000     
              (0.45768160497065602,0.0000000000000000)
   1.5707963267948966        0.0000000000000000     
        (0.72433391279396364,4.27165033255510927E-017)
   3.1415926535897931        0.0000000000000000     
         (1.4088911353931841,2.55892958114134686E-017)
   1.0000000000000000                1           4
               (0.0000000000000000,0.0000000000000000)
  -1.5707963267948966        0.0000000000000000     
        (0.72786700991743225,6.78653282835430800E-017)
   0.0000000000000000        0.0000000000000000     
              (0.46277179992213147,0.0000000000000000)
   1.5707963267948966        0.0000000000000000     
       (0.72786700991743225,-6.78653282835430800E-017)
   3.1415926535897931        0.0000000000000000     
         (1.3964802648179808,2.47083541045704906E-017)
   1.0000000000000000                1           4
               (0.0000000000000000,0.0000000000000000)
  -1.5707963267948966        0.0000000000000000     
        (0.73571546359543150,1.20712526237624591E-017)
   0.0000000000000000        0.0000000000000000     
              (0.47763592730648008,0.0000000000000000)
   1.5707963267948966        0.0000000000000000     
       (0.73571546359543150,-1.20712526237624591E-017)
   3.1415926535897931        0.0000000000000000     
         (1.3880720316674877,2.41425052475249182E-017)
   1.0000000000000000                1           4
               (0.0000000000000000,0.0000000000000000)
  -1.5707963267948966        0.0000000000000000     
        (0.72073130523777651,6.86925093789421522E-017)
   0.0000000000000000        0.0000000000000000     
              (0.45533836765375840,0.0000000000000000)
   1.5707963267948966        0.0000000000000000     
       (0.72073130523777651,-6.86925093789421522E-017)
   3.1415926535897931        0.0000000000000000     
         (1.4166600726418439,2.63627162953686411E-017)
   1.0000000000000000                1           4
               (0.0000000000000000,0.0000000000000000)
  -1.5707963267948966        0.0000000000000000     
       (0.71558124175928917,-4.21206217995306261E-017)
   0.0000000000000000        0.0000000000000000     
              (0.44697920357963294,0.0000000000000000)
   1.5707963267948966        0.0000000000000000     
        (0.71558124175928917,4.21206217995306261E-017)
   3.1415926535897931        0.0000000000000000     
         (1.4215511623700336,2.67810588634544111E-017)
   1.0000000000000000                1           4
               (0.0000000000000000,0.0000000000000000)
  -1.5707963267948966        0.0000000000000000     
        (0.73096271843377181,6.72922388998236640E-017)
   0.0000000000000000        0.0000000000000000     
              (0.45578892670580462,0.0000000000000000)
   1.5707963267948966        0.0000000000000000     
       (0.73096271843377181,-6.72922388998236640E-017)
   3.1415926535897931        0.0000000000000000     
         (1.3909360352743931,2.35621753371316617E-017)
   1.0000000000000000                1           4
               (0.0000000000000000,0.0000000000000000)
  -1.5707963267948966        0.0000000000000000     
        (0.73769703214658000,3.91870222994562322E-017)
   0.0000000000000000        0.0000000000000000     
              (0.46706966096493374,0.0000000000000000)
   1.5707963267948966        0.0000000000000000     
       (0.73769703214658000,-3.91870222994562322E-017)
   3.1415926535897931        0.0000000000000000     
         (1.3817037872219771,2.28628933676546344E-017)
   1.0000000000000000                1           4
               (0.0000000000000000,0.0000000000000000)
  -1.5707963267948966        0.0000000000000000     
        (0.72877551985873745,1.19712604546365602E-017)
   0.0000000000000000        0.0000000000000000     
              (0.44506281065050890,0.0000000000000000)
   1.5707963267948966        0.0000000000000000     
       (0.72877551985873745,-1.19712604546365602E-017)
   3.1415926535897931        0.0000000000000000     
         (1.4034992687551902,2.39425209092731204E-017)
   1.0000000000000000                1           4
               (0.0000000000000000,0.0000000000000000)
  -1.5707963267948966        0.0000000000000000     
        (0.71473605645707106,6.90157971254599382E-017)
   0.0000000000000000        0.0000000000000000     
              (0.43513927035020639,0.0000000000000000)
   1.5707963267948966        0.0000000000000000     
       (0.71473605645707106,-6.90157971254599382E-017)
   3.1415926535897931        0.0000000000000000     
         (1.4354280515206594,2.70092917884042193E-017)
   1.0000000000000000                1           4
               (0.0000000000000000,0.0000000000000000)
  -1.5707963267948966        0.0000000000000000     
        (0.74717887735120136,1.05849629854979045E-017)
   0.0000000000000000        0.0000000000000000     
              (0.46528737153092115,0.0000000000000000)
   1.5707963267948966        0.0000000000000000     
       (0.74717887735120136,-1.05849629854979045E-017)
   3.1415926535897931        0.0000000000000000     
         (1.3748015112932410,2.11699259709958091E-017)
   1.0000000000000000                1           4
               (0.0000000000000000,0.0000000000000000)
  -1.5707963267948966        0.0000000000000000     
        (0.73084467894667671,6.74693192836939494E-017)
   0.0000000000000000        0.0000000000000000     
              (0.44639378389082857,0.0000000000000000)
   1.5707963267948966        0.0000000000000000     
       (0.73084467894667671,-6.74693192836939494E-017)
   3.1415926535897931        0.0000000000000000     
         (1.4058789833826622,2.39163361048722478E-017)
   1.0000000000000000                1           4
               (0.0000000000000000,0.0000000000000000)
  -1.5707963267948966        0.0000000000000000     
        (0.72029650385066057,6.88203093542600413E-017)
   0.0000000000000000        0.0000000000000000     
              (0.47028863358460227,0.0000000000000000)
   1.5707963267948966        0.0000000000000000     
       (0.72029650385066057,-6.88203093542600413E-017)
   3.1415926535897931        0.0000000000000000     
         (1.4050144679092658,2.66183162460044192E-017)
   1.0000000000000000                1           4
               (0.0000000000000000,0.0000000000000000)
  -1.5707963267948966        0.0000000000000000     
        (0.72401665900624446,6.82886680051714388E-017)
   0.0000000000000000        0.0000000000000000     
              (0.46579731221793930,0.0000000000000000)
   1.5707963267948966        0.0000000000000000     
       (0.72401665900624446,-6.82886680051714388E-017)
   3.1415926535897931        0.0000000000000000     
         (1.3995813753430535,2.55550335478272267E-017)
   1.0000000000000000                1           4
               (0.0000000000000000,0.0000000000000000)
  -1.5707963267948966        0.0000000000000000     
        (0.73534319326309361,1.18336738196168013E-017)
   0.0000000000000000        0.0000000000000000     
              (0.47352212438386942,0.0000000000000000)
   1.5707963267948966        0.0000000000000000     
       (0.73534319326309361,-1.18336738196168013E-017)
   3.1415926535897931        0.0000000000000000     
         (1.3836813812939250,2.36673476392336027E-017)
   1.0000000000000000                1           4
               (0.0000000000000000,0.0000000000000000)
  -1.5707963267948966        0.0000000000000000     
       (0.72624339745725897,-4.31187949954814231E-017)
   0.0000000000000000        0.0000000000000000     
              (0.44668591283253467,0.0000000000000000)
   1.5707963267948966        0.0000000000000000     
        (0.72624339745725897,4.31187949954814231E-017)
   3.1415926535897931        0.0000000000000000     
         (1.4105659537550386,2.47847124715528110E-017)
   1.0000000000000000                1           4
               (0.0000000000000000,0.0000000000000000)
  -1.5707963267948966        0.0000000000000000     
        (0.74240032794830002,1.09756210142570563E-017)
   0.0000000000000000        0.0000000000000000     
              (0.47933326540509480,0.0000000000000000)
   1.5707963267948966        0.0000000000000000     
       (0.74240032794830002,-1.09756210142570563E-017)
   3.1415926535897931        0.0000000000000000     
         (1.3639583781590909,2.19512420285141126E-017)
   1.0000000000000000                1           4
               (0.0000000000000000,0.0000000000000000)
  -1.5707963267948966        0.0000000000000000     
        (0.72807110168429756,1.23091595689247846E-017)
   0.0000000000000000        0.0000000000000000     
              (0.45939375535536531,0.0000000000000000)
   1.5707963267948966        0.0000000000000000     
       (0.72807110168429756,-1.23091595689247846E-017)
   3.1415926535897931        0.0000000000000000     
         (1.3987961103268016,2.46183191378495691E-017)
   1.0000000000000000                1           4
               (0.0000000000000000,0.0000000000000000)
  -1.5707963267948966        0.0000000000000000     
        (0.71530660926601430,1.34164159580274110E-017)
   0.0000000000000000        0.0000000000000000     
              (0.43743676781606250,0.0000000000000000)
   1.5707963267948966        0.0000000000000000     
       (0.71530660926601430,-1.34164159580274110E-017)
   3.1415926535897931        0.0000000000000000     
         (1.4313898512611172,2.68328319160548220E-017)
   1.0000000000000000                1           4
               (0.0000000000000000,0.0000000000000000)
  -1.5707963267948966        0.0000000000000000     
        (0.73146004641956952,1.19473833087585967E-017)
   0.0000000000000000        0.0000000000000000     
              (0.42927790142048811,0.0000000000000000)
   1.5707963267948966        0.0000000000000000     
       (0.73146004641956952,-1.19473833087585967E-017)
   3.1415926535897931        0.0000000000000000     
         (1.4238733443380667,2.38947666175171933E-017)
   1.0000000000000000                1           4
               (0.0000000000000000,0.0000000000000000)
  -1.5707963267948966        0.0000000000000000     
        (0.74376478560378390,1.09085530595912620E-017)
   0.0000000000000000        0.0000000000000000     
              (0.46770866578997827,0.0000000000000000)
   1.5707963267948966        0.0000000000000000     
       (0.74376478560378390,-1.09085530595912620E-017)
   3.1415926535897931        0.0000000000000000     
         (1.3761212874440225,2.18171061191825240E-017)
   1.0000000000000000                1           4
               (0.0000000000000000,0.0000000000000000)
  -1.5707963267948966        0.0000000000000000     
        (0.73464726582417605,6.73752063656098436E-017)
   0.0000000000000000        0.0000000000000000     
              (0.45790471286039724,0.0000000000000000)
   1.5707963267948966        0.0000000000000000     
       (0.73464726582417605,-6.73752063656098436E-017)
   3.1415926535897931        0.0000000000000000     
         (1.3988992669851734,2.37281102687040270E-017)
   1.0000000000000000                1           4
               (0.0000000000000000,0.0000000000000000)
  -1.5707963267948966        0.0000000000000000     
        (0.73311834213235139,1.17753424190355238E-017)
   0.0000000000000000        0.0000000000000000     
              (0.44826839949388753,0.0000000000000000)
   1.5707963267948966        0.0000000000000000     
       (0.73311834213235139,-1.17753424190355238E-017)
   3.1415926535897931        0.0000000000000000     
         (1.4025801557930226,2.35506848380710476E-017)
   1.0000000000000000                1           4
               (0.0000000000000000,0.0000000000000000)
  -1.5707963267948966        0.0000000000000000     
        (0.72038433903844135,1.31739092942071236E-017)
   0.0000000000000000        0.0000000000000000     
              (0.45459329053230774,0.0000000000000000)
   1.5707963267948966        0.0000000000000000     
       (0.72038433903844135,-1.31739092942071236E-017)
   3.1415926535897931        0.0000000000000000     
         (1.4164679193465379,2.63478185884142471E-017)
   1.0000000000000000                1           4
               (0.0000000000000000,0.0000000000000000)
  -1.5707963267948966        0.0000000000000000     
       (0.71047846590295771,-1.34711935674313022E-017)
   0.0000000000000000        0.0000000000000000     
              (0.45440414517104122,0.0000000000000000)
   1.5707963267948966        0.0000000000000000     
        (0.71047846590295771,1.34711935674313022E-017)
   3.1415926535897931        0.0000000000000000     
         (1.4331161111180788,2.85687640963952288E-017)
   1.0000000000000000                1           4
               (0.0000000000000000,0.0000000000000000)
  -1.5707963267948966        0.0000000000000000     
        (0.73130233981434301,6.76416467020496790E-017)
   0.0000000000000000        0.0000000000000000     
              (0.45669184892791537,0.0000000000000000)
   1.5707963267948966        0.0000000000000000     
       (0.73130233981434301,-6.76416467020496790E-017)
   3.1415926535897931        0.0000000000000000     
         (1.4021248807134790,2.42609909415837071E-017)
   1.0000000000000000                1           4
               (0.0000000000000000,0.0000000000000000)
  -1.5707963267948966        0.0000000000000000     
        (0.72764326432485460,1.25174916050161852E-017)
   0.0000000000000000        0.0000000000000000     
              (0.46330515816097451,0.0000000000000000)
   1.5707963267948966        0.0000000000000000     
       (0.72764326432485460,-1.25174916050161852E-017)
   3.1415926535897931        0.0000000000000000     
         (1.4008336734950004,2.50349832100323705E-017)
   1.0000000000000000                1           4
               (0.0000000000000000,0.0000000000000000)
  -1.5707963267948966        0.0000000000000000     
       (0.72178311722204780,-4.31842821697868548E-017)
   0.0000000000000000        0.0000000000000000     
              (0.43902624269761020,0.0000000000000000)
   1.5707963267948966        0.0000000000000000     
        (0.72178311722204780,4.31842821697868548E-017)
   3.1415926535897931        0.0000000000000000     
         (1.4071660899832479,2.46537381229419506E-017)
   1.0000000000000000                1           4
               (0.0000000000000000,0.0000000000000000)
  -1.5707963267948966        0.0000000000000000     
        (0.72103607572363160,1.28462687833524245E-017)
   0.0000000000000000        0.0000000000000000     
              (0.44591666032957944,0.0000000000000000)
   1.5707963267948966        0.0000000000000000     
       (0.72103607572363160,-1.28462687833524245E-017)
   3.1415926535897931        0.0000000000000000     
         (1.4157464717105044,2.56925375667048490E-017)
   1.0000000000000000                1           4
               (0.0000000000000000,0.0000000000000000)
  -1.5707963267948966        0.0000000000000000     
        (0.72547190528073224,1.23461873742352914E-017)
   0.0000000000000000        0.0000000000000000     
              (0.43380506465280344,0.0000000000000000)
   1.5707963267948966        0.0000000000000000     
       (0.72547190528073224,-1.23461873742352914E-017)
   3.1415926535897931        0.0000000000000000     
         (1.4203958281247313,2.46923747484705829E-017)
   1.0000000000000000                1           4
               (0.0000000000000000,0.0000000000000000)
  -1.5707963267948966        0.0000000000000000     
        (0.73503730311396476,3.94208420749737103E-017)
   0.0000000000000000        0.0000000000000000     
              (0.44980382864868346,0.0000000000000000)
   1.5707963267948966        0.0000000000000000     
       (0.73503730311396476,-3.94208420749737103E-017)
   3.1415926535897931        0.0000000000000000     
         (1.4012872949119695,2.33305329186895905E-017)
   1.0000000000000000                1           4
               (0.0000000000000000,0.0000000000000000)
  -1.5707963267948966        0.0000000000000000     
        (0.72891770224159258,1.20914564294960662E-017)
   0.0000000000000000        0.0000000000000000     
              (0.44551660967493778,0.0000000000000000)
   1.5707963267948966        0.0000000000000000     
       (0.72891770224159258,-1.20914564294960662E-017)
   3.1415926535897931        0.0000000000000000     
         (1.4072557329659141,2.41829128589921324E-017)
   1.0000000000000000                1           4
               (0.0000000000000000,0.0000000000000000)
  -1.5707963267948966        0.0000000000000000     
        (0.72273577070357597,1.28573807095962227E-017)
   0.0000000000000000        0.0000000000000000     
              (0.45454758286386954,0.0000000000000000)
   1.5707963267948966        0.0000000000000000     
       (0.72273577070357597,-1.28573807095962227E-017)
   3.1415926535897931        0.0000000000000000     
         (1.4108778821904282,2.57147614191924454E-017)
   1.0000000000000000                1           4
               (0.0000000000000000,0.0000000000000000)
  -1.5707963267948966        0.0000000000000000     
       (0.72988765687205071,-4.36386532762840846E-017)
   0.0000000000000000        0.0000000000000000     
              (0.44061031299098513,0.0000000000000000)
   1.5707963267948966        0.0000000000000000     
        (0.72988765687205071,4.36386532762840846E-017)
   3.1415926535897931        0.0000000000000000     
         (1.4069502123991136,2.37449959099474879E-017)
   1.0000000000000000                1           4
               (0.0000000000000000,0.0000000000000000)
  -1.5707963267948966        0.0000000000000000     
        (0.73362824822149952,6.71518114445462740E-017)
   0.0000000000000000        0.0000000000000000     
              (0.46225096726462955,0.0000000000000000)
   1.5707963267948966        0.0000000000000000     
       (0.73362824822149952,-6.71518114445462740E-017)
   3.1415926535897931        0.0000000000000000     
         (1.3852183455232334,2.32813204265768879E-017)
   1.0000000000000000                1           4
               (0.0000000000000000,0.0000000000000000)
  -1.5707963267948966        0.0000000000000000     
        (0.72629763071434372,1.24336525350753285E-017)
   0.0000000000000000        0.0000000000000000     
              (0.45565097303634322,0.0000000000000000)
   1.5707963267948966        0.0000000000000000     
       (0.72629763071434372,-1.24336525350753285E-017)
   3.1415926535897931        0.0000000000000000     
         (1.4030581995619034,2.48673050701506571E-017)
   1.0000000000000000                1           4
               (0.0000000000000000,0.0000000000000000)
  -1.5707963267948966        0.0000000000000000     
        (0.72964213985622417,6.73080789270777560E-017)
   0.0000000000000000        0.0000000000000000     
              (0.45969840139331408,0.0000000000000000)
   1.5707963267948966        0.0000000000000000     
       (0.72964213985622417,-6.73080789270777560E-017)
   3.1415926535897931        0.0000000000000000     
         (1.3849027779846839,2.35938553916398457E-017)
   1.0000000000000000                1           4
               (0.0000000000000000,0.0000000000000000)
  -1.5707963267948966        0.0000000000000000     
        (0.72404685884953013,6.81874647848152175E-017)
   0.0000000000000000        0.0000000000000000     
              (0.45225177365503444,0.0000000000000000)
   1.5707963267948966        0.0000000000000000     
       (0.72404685884953013,-6.81874647848152175E-017)
   3.1415926535897931        0.0000000000000000     
         (1.4098817655626263,2.53526271071147655E-017)
   1.0000000000000000                1           4
               (0.0000000000000000,0.0000000000000000)
  -1.5707963267948966        0.0000000000000000     
        (0.72700908907256034,6.80764323255101458E-017)
   0.0000000000000000        0.0000000000000000     
              (0.44049124787855565,0.0000000000000000)
   1.5707963267948966        0.0000000000000000     
       (0.72700908907256034,-6.80764323255101458E-017)
   3.1415926535897931        0.0000000000000000     
         (1.4239401564473957,2.51305621885046406E-017)
   1.0000000000000000                1           4
               (0.0000000000000000,0.0000000000000000)
  -1.5707963267948966        0.0000000000000000     
        (0.72030975550473886,1.28550968860482227E-017)
   0.0000000000000000        0.0000000000000000     
              (0.44442109319091849,0.0000000000000000)
   1.5707963267948966        0.0000000000000000     
       (0.72030975550473886,-1.28550968860482227E-017)
   3.1415926535897931        0.0000000000000000     
         (1.4160777461276992,2.57101937720964455E-017)
   1.0000000000000000                1           4
               (0.0000000000000000,0.0000000000000000)
  -1.5707963267948966        0.0000000000000000     
       (0.71926652582649031,-1.48071959747974607E-017)
   0.0000000000000000        0.0000000000000000     
              (0.46365716772660082,0.0000000000000000)
   1.5707963267948966        0.0000000000000000     
        (0.71926652582649031,1.48071959747974607E-017)
   3.1415926535897931        0.0000000000000000     
         (1.3978020582273005,2.58967592816629087E-017)
   1.0000000000000000                1           4
               (0.0000000000000000,0.0000000000000000)
  -1.5707963267948966        0.0000000000000000     
        (0.72075873995849804,1.31155568608925738E-017)
   0.0000000000000000        0.0000000000000000     
              (0.45235971354977150,0.0000000000000000)
   1.5707963267948966        0.0000000000000000     
       (0.72075873995849804,-1.31155568608925738E-017)
   3.1415926535897931        0.0000000000000000     
         (1.4175443630585853,2.62311137217851475E-017)
   1.0000000000000000                1           4
               (0.0000000000000000,0.0000000000000000)
  -1.5707963267948966        0.0000000000000000     
        (0.73200766239345771,6.76102474036359890E-017)
   0.0000000000000000        0.0000000000000000     
              (0.46174920151264787,0.0000000000000000)
   1.5707963267948966        0.0000000000000000     
       (0.73200766239345771,-6.76102474036359890E-017)
   3.1415926535897931        0.0000000000000000     
         (1.3974525943711433,2.41981923447563271E-017)
   1.0000000000000000                1           4
               (0.0000000000000000,0.0000000000000000)
  -1.5707963267948966        0.0000000000000000     
        (0.72307212814178068,1.29669916417944528E-017)
   0.0000000000000000        0.0000000000000000     
              (0.45317805812837153,0.0000000000000000)
   1.5707963267948966        0.0000000000000000     
       (0.72307212814178068,-1.29669916417944528E-017)
   3.1415926535897931        0.0000000000000000     
         (1.4165002865412477,2.59339832835889055E-017)
   1.0000000000000000                1           4
               (0.0000000000000000,0.0000000000000000)
  -1.5707963267948966        0.0000000000000000     
        (0.74438793577741613,1.04890094693625662E-017)
   0.0000000000000000        0.0000000000000000     
              (0.44851758110764717,0.0000000000000000)
   1.5707963267948966        0.0000000000000000     
       (0.74438793577741613,-1.04890094693625662E-017)
   3.1415926535897931        0.0000000000000000     
         (1.3828553388913707,2.09780189387251325E-017)
   1.0000000000000000                1           4
               (0.0000000000000000,0.0000000000000000)
  -1.5707963267948966        0.0000000000000000     
        (0.73294720124977053,1.18986771868623423E-017)
   0.0000000000000000        0.0000000000000000     
              (0.47102967680606950,0.0000000000000000)
   1.5707963267948966        0.0000000000000000     
       (0.73294720124977053,-1.18986771868623423E-017)
   3.1415926535897931        0.0000000000000000     
         (1.3835050159435802,2.37973543737246846E-017)
   1.0000000000000000                1           4
               (0.0000000000000000,0.0000000000000000)
  -1.5707963267948966        0.0000000000000000     
        (0.70964989013048685,1.41614195605844572E-017)
   0.0000000000000000        0.0000000000000000     
              (0.47236173552538352,0.0000000000000000)
   1.5707963267948966        0.0000000000000000     
       (0.70964989013048685,-1.41614195605844572E-017)
   3.1415926535897931        0.0000000000000000     
         (1.4094851095854453,2.83228391211689143E-017)
   1.0000000000000000                1           4
               (0.0000000000000000,0.0000000000000000)
  -1.5707963267948966        0.0000000000000000     
        (0.73290042296914293,1.16364549361199514E-017)
   0.0000000000000000        0.0000000000000000     
              (0.47190808218129043,0.0000000000000000)
   1.5707963267948966        0.0000000000000000     
       (0.73290042296914293,-1.16364549361199514E-017)
   3.1415926535897931        0.0000000000000000     
         (1.3739682253258887,2.32729098722399028E-017)
   1.0000000000000000                1           4
               (0.0000000000000000,0.0000000000000000)
  -1.5707963267948966        0.0000000000000000     
       (0.73119549979528364,-1.52102490460454244E-017)
   0.0000000000000000        0.0000000000000000     
              (0.46260299550594713,0.0000000000000000)
   1.5707963267948966        0.0000000000000000     
        (0.73119549979528364,1.52102490460454244E-017)
   3.1415926535897931        0.0000000000000000     
         (1.4095494660283587,2.50906531391669751E-017)
   1.0000000000000000                1           4
               (0.0000000000000000,0.0000000000000000)
  -1.5707963267948966        0.0000000000000000     
        (0.72471502293262557,1.29275103367756872E-017)
   0.0000000000000000        0.0000000000000000     
              (0.47585354698480642,0.0000000000000000)
   1.5707963267948966        0.0000000000000000     
       (0.72471502293262557,-1.29275103367756872E-017)
   3.1415926535897931        0.0000000000000000     
         (1.3958210299820268,2.58550206735513743E-017)
   1.0000000000000000                1           4
               (0.0000000000000000,0.0000000000000000)
  -1.5707963267948966        0.0000000000000000     
       (0.72368675749654776,-4.26566327331521071E-017)
   0.0000000000000000        0.0000000000000000     
              (0.44932283443938059,0.0000000000000000)
   1.5707963267948966        0.0000000000000000     
        (0.72368675749654776,4.26566327331521071E-017)
   3.1415926535897931        0.0000000000000000     
         (1.4179111172789987,2.57090369962114398E-017)
   1.0000000000000000                1           4
               (0.0000000000000000,0.0000000000000000)
  -1.5707963267948966        0.0000000000000000     
       (0.72618272317533594,-4.27855372853850939E-017)
   0.0000000000000000        0.0000000000000000     
              (0.47087394485521844,0.0000000000000000)
   1.5707963267948966        0.0000000000000000     
        (0.72618272317533594,4.27855372853850939E-017)
   3.1415926535897931        0.0000000000000000     
         (1.3971415960282709,2.54512278917454785E-017)
   1.0000000000000000                1           4
               (0.0000000000000000,0.0000000000000000)
  -1.5707963267948966        0.0000000000000000     
        (0.73410983742599911,1.15497937699804365E-017)
   0.0000000000000000        0.0000000000000000     
              (0.44071832294703861,0.0000000000000000)
   1.5707963267948966        0.0000000000000000     
       (0.73410983742599911,-1.15497937699804365E-017)
   3.1415926535897931        0.0000000000000000     
         (1.4047462449801500,2.30995875399608730E-017)
   1.0000000000000000                1           4
               (0.0000000000000000,0.0000000000000000)
  -1.5707963267948966        0.0000000000000000     
        (0.69717506978290567,1.63333548684975358E-017)
   0.0000000000000000        0.0000000000000000     
              (0.47167539314866558,0.0000000000000000)
   1.5707963267948966        0.0000000000000000     
       (0.69717506978290567,-1.63333548684975358E-017)
   3.1415926535897931        0.0000000000000000     
         (1.4561626020133700,3.26667097369950717E-017)
   1.0000000000000000                1           4
               (0.0000000000000000,0.0000000000000000)
  -1.5707963267948966        0.0000000000000000     
        (0.69020737552175859,1.67859512550115619E-017)
   0.0000000000000000        0.0000000000000000     
              (0.45798075535653421,0.0000000000000000)
   1.5707963267948966        0.0000000000000000     
       (0.69020737552175859,-1.67859512550115619E-017)
   3.1415926535897931        0.0000000000000000     
         (1.4707047711203109,3.35719025100231238E-017)
   1.0000000000000000                1           4
               (0.0000000000000000,0.0000000000000000)
  -1.5707963267948966        0.0000000000000000     
        (0.70617324076969945,6.99772779342029481E-017)
   0.0000000000000000        0.0000000000000000     
              (0.43667654383213117,0.0000000000000000)
   1.5707963267948966        0.0000000000000000     
       (0.70617324076969945,-6.99772779342029481E-017)
   3.1415926535897931        0.0000000000000000     
         (1.4481694931061635,2.89322534058902484E-017)
   1.0000000000000000                1           4
               (0.0000000000000000,0.0000000000000000)
  -1.5707963267948966        0.0000000000000000     
        (0.72209549653854777,1.27927196954129336E-017)
   0.0000000000000000        0.0000000000000000     
              (0.47478892978093046,0.0000000000000000)
   1.5707963267948966        0.0000000000000000     
       (0.72209549653854777,-1.27927196954129336E-017)
   3.1415926535897931        0.0000000000000000     
         (1.3872439979444156,2.55854393908258672E-017)
   1.0000000000000000                1           4
               (0.0000000000000000,0.0000000000000000)
  -1.5707963267948966        0.0000000000000000     
        (0.72321315359580840,1.28069924570303932E-017)
   0.0000000000000000        0.0000000000000000     
              (0.43908573218964914,0.0000000000000000)
   1.5707963267948966        0.0000000000000000     
       (0.72321315359580840,-1.28069924570303932E-017)
   3.1415926535897931        0.0000000000000000     
         (1.4256486934226298,2.56139849140607864E-017)
   1.0000000000000000                1           4
               (0.0000000000000000,0.0000000000000000)
  -1.5707963267948966        0.0000000000000000     
        (0.72584659706914789,6.78638818494640780E-017)
   0.0000000000000000        0.0000000000000000     
              (0.42953704130390868,0.0000000000000000)
   1.5707963267948966        0.0000000000000000     
       (0.72584659706914789,-6.78638818494640780E-017)
   3.1415926535897931        0.0000000000000000     
         (1.4256269536173296,2.47054612364124988E-017)
   1.0000000000000000                1           4
               (0.0000000000000000,0.0000000000000000)
  -1.5707963267948966        0.0000000000000000     
        (0.72809868161475366,6.79159073097793440E-017)
   0.0000000000000000        0.0000000000000000     
              (0.46420383106267993,0.0000000000000000)
   1.5707963267948966        0.0000000000000000     
       (0.72809868161475366,-6.79159073097793440E-017)
   3.1415926535897931        0.0000000000000000     
         (1.3971636134395076,2.48095121570430246E-017)
   1.0000000000000000                1           4
               (0.0000000000000000,0.0000000000000000)
  -1.5707963267948966        0.0000000000000000     
        (0.71804740528456612,1.30939560129431842E-017)
   0.0000000000000000        0.0000000000000000     
              (0.46314526539575446,0.0000000000000000)
   1.5707963267948966        0.0000000000000000     
       (0.71804740528456612,-1.30939560129431842E-017)
   3.1415926535897931        0.0000000000000000     
         (1.4006306046285515,2.61879120258863684E-017)
   1.0000000000000000                1           4
               (0.0000000000000000,0.0000000000000000)
  -1.5707963267948966        0.0000000000000000     
        (0.72546045031766682,6.79815894485841387E-017)
   0.0000000000000000        0.0000000000000000     
              (0.44182682551305952,0.0000000000000000)
   1.5707963267948966        0.0000000000000000     
       (0.72546045031766682,-6.79815894485841387E-017)
   3.1415926535897931        0.0000000000000000     
         (1.4164094978550563,2.49408764346526294E-017)
   1.0000000000000000                1           4
               (0.0000000000000000,0.0000000000000000)
  -1.5707963267948966        0.0000000000000000     
        (0.71022302213298905,1.45361500965228428E-017)
   0.0000000000000000        0.0000000000000000     
              (0.42526530133115298,0.0000000000000000)
   1.5707963267948966        0.0000000000000000     
       (0.71022302213298905,-1.45361500965228428E-017)
   3.1415926535897931        0.0000000000000000     
         (1.4699674359354018,2.90723001930456856E-017)
   1.0000000000000000                1           4
               (0.0000000000000000,0.0000000000000000)
  -1.5707963267948966        0.0000000000000000     
       (0.74155024537953573,-4.42734207123325319E-017)
   0.0000000000000000        0.0000000000000000     
              (0.46601390387826930,0.0000000000000000)
   1.5707963267948966        0.0000000000000000     
        (0.74155024537953573,4.42734207123325319E-017)
   3.1415926535897931        0.0000000000000000     
         (1.3841387206633569,2.24754610378505933E-017)
   1.0000000000000000                1           4
               (0.0000000000000000,0.0000000000000000)
  -1.5707963267948966        0.0000000000000000     
        (0.71844467140175505,1.30983807256037979E-017)
   0.0000000000000000        0.0000000000000000     
              (0.44105257206768578,0.0000000000000000)
   1.5707963267948966        0.0000000000000000     
       (0.71844467140175505,-1.30983807256037979E-017)
   3.1415926535897931        0.0000000000000000     
         (1.4236623522740575,2.61967614512075958E-017)
   1.0000000000000000                1           4
               (0.0000000000000000,0.0000000000000000)
  -1.5707963267948966        0.0000000000000000     
        (0.72351957694649582,1.22071579317075655E-017)
   0.0000000000000000        0.0000000000000000     
              (0.44440141065390348,0.0000000000000000)
   1.5707963267948966        0.0000000000000000     
       (0.72351957694649582,-1.22071579317075655E-017)
   3.1415926535897931        0.0000000000000000     
         (1.4013537792490354,2.44143158634151309E-017)
   1.0000000000000000                1           4
               (0.0000000000000000,0.0000000000000000)
  -1.5707963267948966        0.0000000000000000     
       (0.72338835211527053,-1.50914969657710604E-017)
   0.0000000000000000        0.0000000000000000     
              (0.45124976868803557,0.0000000000000000)
   1.5707963267948966        0.0000000000000000     
        (0.72338835211527053,1.50914969657710604E-017)
   3.1415926535897931        0.0000000000000000     
         (1.4091671347795454,2.53281572997157093E-017)
   1.0000000000000000                1           4
               (0.0000000000000000,0.0000000000000000)
  -1.5707963267948966        0.0000000000000000     
        (0.73633412889506566,1.16121444102956858E-017)
   0.0000000000000000        0.0000000000000000     
              (0.47098939027654707,0.0000000000000000)
   1.5707963267948966        0.0000000000000000     
       (0.73633412889506566,-1.16121444102956858E-017)
   3.1415926535897931        0.0000000000000000     
         (1.3809602870504012,2.32242888205913716E-017)
   1.0000000000000000                1           4
               (0.0000000000000000,0.0000000000000000)
  -1.5707963267948966        0.0000000000000000     
        (0.72303259890554372,4.05790095883179830E-017)
   0.0000000000000000        0.0000000000000000     
              (0.45455188617042519,0.0000000000000000)
   1.5707963267948966        0.0000000000000000     
       (0.72303259890554372,-4.05790095883179830E-017)
   3.1415926535897931        0.0000000000000000     
         (1.4103584507164266,2.56468679453781389E-017)
   1.0000000000000000                1           4
               (0.0000000000000000,0.0000000000000000)
  -1.5707963267948966        0.0000000000000000     
        (0.72164714195309254,1.33346123495858612E-017)
   0.0000000000000000        0.0000000000000000     
              (0.46619584300913613,0.0000000000000000)
   1.5707963267948966        0.0000000000000000     
       (0.72164714195309254,-1.33346123495858612E-017)
   3.1415926535897931        0.0000000000000000     
         (1.4126399328233725,2.66692246991717225E-017)
   1.0000000000000000                1           4
               (0.0000000000000000,0.0000000000000000)
  -1.5707963267948966        0.0000000000000000     
        (0.72742759292118175,1.21750147545224691E-017)
   0.0000000000000000        0.0000000000000000     
              (0.42551526055845346,0.0000000000000000)
   1.5707963267948966        0.0000000000000000     
       (0.72742759292118175,-1.21750147545224691E-017)
   3.1415926535897931        0.0000000000000000     
         (1.4270060854534934,2.43500295090449383E-017)
   1.0000000000000000                1           4
               (0.0000000000000000,0.0000000000000000)
  -1.5707963267948966        0.0000000000000000     
        (0.72636220813252017,6.80266354708975825E-017)
   0.0000000000000000        0.0000000000000000     
              (0.47023347691120115,0.0000000000000000)
   1.5707963267948966        0.0000000000000000     
       (0.72636220813252017,-6.80266354708975825E-017)
   3.1415926535897931        0.0000000000000000     
         (1.3912776768312418,2.50309684792795109E-017)
   1.0000000000000000                1           4
               (0.0000000000000000,0.0000000000000000)
  -1.5707963267948966        0.0000000000000000     
        (0.72381533116014463,1.24510225732796684E-017)
   0.0000000000000000        0.0000000000000000     
              (0.44505633729299643,0.0000000000000000)
   1.5707963267948966        0.0000000000000000     
       (0.72381533116014463,-1.24510225732796684E-017)
   3.1415926535897931        0.0000000000000000     
         (1.4092555846998303,2.49020451465593369E-017)
   1.0000000000000000                1           4
               (0.0000000000000000,0.0000000000000000)
  -1.5707963267948966        0.0000000000000000     
        (0.71714567179658706,1.31739225487137350E-017)
   0.0000000000000000        0.0000000000000000     
              (0.44643691393817331,0.0000000000000000)
   1.5707963267948966        0.0000000000000000     
       (0.71714567179658706,-1.31739225487137350E-017)
   3.1415926535897931        0.0000000000000000     
         (1.4181473943820038,2.63478450974274700E-017)
   1.0000000000000000                1           4
               (0.0000000000000000,0.0000000000000000)
  -1.5707963267948966        0.0000000000000000     
        (0.72574280104335209,6.82200044575847279E-017)
   0.0000000000000000        0.0000000000000000     
              (0.45021778933954265,0.0000000000000000)
   1.5707963267948966        0.0000000000000000     
       (0.72574280104335209,-6.82200044575847279E-017)
   3.1415926535897931        0.0000000000000000     
         (1.4163704606347092,2.54177064526537986E-017)
   1.0000000000000000                1           4
               (0.0000000000000000,0.0000000000000000)
  -1.5707963267948966        0.0000000000000000     
        (0.69668683959588551,4.39195335408148676E-017)
   0.0000000000000000        0.0000000000000000     
              (0.49571567302275976,0.0000000000000000)
   1.5707963267948966        0.0000000000000000     
       (0.69668683959588551,-4.39195335408148676E-017)
   3.1415926535897931        0.0000000000000000     
         (1.4256129377113933,3.23279158503719021E-017)
   1.0000000000000000                1           4
               (0.0000000000000000,0.0000000000000000)
  -1.5707963267948966        0.0000000000000000     
        (0.73160689189336980,6.76432807308996724E-017)
   0.0000000000000000        0.0000000000000000     
              (0.46615351250276377,0.0000000000000000)
   1.5707963267948966        0.0000000000000000     
       (0.73160689189336980,-6.76432807308996724E-017)
   3.1415926535897931        0.0000000000000000     
         (1.3933256927292026,2.42642589992836815E-017)
   1.0000000000000000                1           4
               (0.0000000000000000,0.0000000000000000)
  -1.5707963267948966        0.0000000000000000     
        (0.72143591105972338,4.07821609857581216E-017)
   0.0000000000000000        0.0000000000000000     
              (0.45867338113564571,0.0000000000000000)
   1.5707963267948966        0.0000000000000000     
       (0.72143591105972338,-4.07821609857581216E-017)
   3.1415926535897931        0.0000000000000000     
         (1.4096790082526274,2.60531707402584100E-017)
   1.0000000000000000                1           4
               (0.0000000000000000,0.0000000000000000)
  -1.5707963267948966        0.0000000000000000     
        (0.73355463827944078,1.19788137332978321E-017)
   0.0000000000000000        0.0000000000000000     
              (0.47036270734616947,0.0000000000000000)
   1.5707963267948966        0.0000000000000000     
       (0.73355463827944078,-1.19788137332978321E-017)
   3.1415926535897931        0.0000000000000000     
         (1.3880043177043737,2.39576274665956641E-017)
   1.0000000000000000                1           4
               (0.0000000000000000,0.0000000000000000)
  -1.5707963267948966        0.0000000000000000     
       (0.71584595273286078,-4.22926111192799091E-017)
   0.0000000000000000        0.0000000000000000     
              (0.45334093405165332,0.0000000000000000)
   1.5707963267948966        0.0000000000000000     
        (0.71584595273286078,4.22926111192799091E-017)
   3.1415926535897931        0.0000000000000000     
         (1.4101012563511188,2.64370802239558482E-017)
   1.0000000000000000                1           4
               (0.0000000000000000,0.0000000000000000)
  -1.5707963267948966        0.0000000000000000     
        (0.71884753366747312,9.63987968164800974E-017)
   0.0000000000000000        0.0000000000000000     
              (0.43495857236548646,0.0000000000000000)
   1.5707963267948966        0.0000000000000000     
       (0.71884753366747312,-9.63987968164800974E-017)
   3.1415926535897931        0.0000000000000000     
         (1.4316624507221363,2.62641399391867075E-017)
   1.0000000000000000                1           4
               (0.0000000000000000,0.0000000000000000)
  -1.5707963267948966        0.0000000000000000     
        (0.73352390454163441,6.77496795307602406E-017)
   0.0000000000000000        0.0000000000000000     
              (0.47148695265982177,0.0000000000000000)
   1.5707963267948966        0.0000000000000000     
       (0.73352390454163441,-6.77496795307602406E-017)
   3.1415926535897931        0.0000000000000000     
         (1.3953015264035051,2.44770565990048302E-017)
   1.0000000000000000                1           4
               (0.0000000000000000,0.0000000000000000)
  -1.5707963267948966        0.0000000000000000     
        (0.73048731122019817,6.77863231687461182E-017)
   0.0000000000000000        0.0000000000000000     
              (0.48171198011235866,0.0000000000000000)
   1.5707963267948966        0.0000000000000000     
       (0.73048731122019817,-6.77863231687461182E-017)
   3.1415926535897931        0.0000000000000000     
         (1.3802001843535341,2.45503438749765732E-017)
   1.0000000000000000                1           4
               (0.0000000000000000,0.0000000000000000)
  -1.5707963267948966        0.0000000000000000     
        (0.73830231707801153,1.10596142039875989E-017)
   0.0000000000000000        0.0000000000000000     
              (0.46323753421012637,0.0000000000000000)
   1.5707963267948966        0.0000000000000000     
       (0.73830231707801153,-1.10596142039875989E-017)
   3.1415926535897931        0.0000000000000000     
         (1.3746015133845382,2.21192284079751978E-017)
   1.0000000000000000                1           4
               (0.0000000000000000,0.0000000000000000)
  -1.5707963267948966        0.0000000000000000     
       (0.73095424011112953,-4.33784607389848434E-017)
   0.0000000000000000        0.0000000000000000     
              (0.47245788350762541,0.0000000000000000)
   1.5707963267948966        0.0000000000000000     
        (0.73095424011112953,4.33784607389848434E-017)
   3.1415926535897931        0.0000000000000000     
         (1.3857343415697296,2.42653809845459764E-017)
   1.0000000000000000                1           4
               (0.0000000000000000,0.0000000000000000)
  -1.5707963267948966        0.0000000000000000     
        (0.71776080652546614,1.33571702141423610E-017)
   0.0000000000000000        0.0000000000000000     
              (0.44846754804315947,0.0000000000000000)
   1.5707963267948966        0.0000000000000000     
       (0.71776080652546614,-1.33571702141423610E-017)
   3.1415926535897931        0.0000000000000000     
         (1.4233323527048345,2.67143404282847221E-017)
   1.0000000000000000                1           4
               (0.0000000000000000,0.0000000000000000)
  -1.5707963267948966        0.0000000000000000     
       (0.73845083734548378,-1.64573530993886993E-017)
   0.0000000000000000        0.0000000000000000     
              (0.46757948588689974,0.0000000000000000)
   1.5707963267948966        0.0000000000000000     
        (0.73845083734548378,1.64573530993886993E-017)
   3.1415926535897931        0.0000000000000000     
         (1.3783501411608283,2.25964450324804347E-017)
   1.0000000000000000                1           4
               (0.0000000000000000,0.0000000000000000)
  -1.5707963267948966        0.0000000000000000     
        (0.72586960245037146,1.24732555733425899E-017)
   0.0000000000000000        0.0000000000000000     
              (0.45086441972494640,0.0000000000000000)
   1.5707963267948966        0.0000000000000000     
       (0.72586960245037146,-1.24732555733425899E-017)
   3.1415926535897931        0.0000000000000000     
         (1.4082822297394684,2.49465111466851799E-017)
   1.0000000000000000                1           4
               (0.0000000000000000,0.0000000000000000)
  -1.5707963267948966        0.0000000000000000     
        (0.72707476727933185,1.22854561055332816E-017)
   0.0000000000000000        0.0000000000000000     
              (0.44919377256618986,0.0000000000000000)
   1.5707963267948966        0.0000000000000000     
       (0.72707476727933185,-1.22854561055332816E-017)
   3.1415926535897931        0.0000000000000000     
         (1.4062292104377527,2.45709122110665633E-017)
   1.0000000000000000                1           4
               (0.0000000000000000,0.0000000000000000)
  -1.5707963267948966        0.0000000000000000     
        (0.71941684445224119,1.31316181690800838E-017)
   0.0000000000000000        0.0000000000000000     
              (0.43860465103483326,0.0000000000000000)
   1.5707963267948966        0.0000000000000000     
       (0.71941684445224119,-1.31316181690800838E-017)
   3.1415926535897931        0.0000000000000000     
         (1.4291402366976813,2.62632363381601676E-017)
   1.0000000000000000                1           4
               (0.0000000000000000,0.0000000000000000)
  -1.5707963267948966        0.0000000000000000     
        (0.72870609241650153,4.03964038560833224E-017)
   0.0000000000000000        0.0000000000000000     
              (0.47200612032807426,0.0000000000000000)
   1.5707963267948966        0.0000000000000000     
       (0.72870609241650153,-4.03964038560833224E-017)
   3.1415926535897931        0.0000000000000000     
         (1.3982868477399135,2.52816564809088116E-017)
   1.0000000000000000                1           4
               (0.0000000000000000,0.0000000000000000)
  -1.5707963267948966        0.0000000000000000     
        (0.70451345723921166,1.54011946775769883E-017)
   0.0000000000000000        0.0000000000000000     
              (0.47474106805385907,0.0000000000000000)
   1.5707963267948966        0.0000000000000000     
       (0.70451345723921166,-1.54011946775769883E-017)
   3.1415926535897931        0.0000000000000000     
         (1.4373270396339011,3.08023893551539767E-017)
   1.0000000000000000                1           4
               (0.0000000000000000,0.0000000000000000)
  -1.5707963267948966        0.0000000000000000     
        (0.72853514253297147,1.26550863346093511E-017)
   0.0000000000000000        0.0000000000000000     
              (0.46018727087941008,0.0000000000000000)
   1.5707963267948966        0.0000000000000000     
       (0.72853514253297147,-1.26550863346093511E-017)
   3.1415926535897931        0.0000000000000000     
         (1.4102295021182472,2.53101726692187021E-017)
   1.0000000000000000                1           4
               (0.0000000000000000,0.0000000000000000)
  -1.5707963267948966        0.0000000000000000     
        (0.74678513659712031,1.08653624111615045E-017)
   0.0000000000000000        0.0000000000000000     
              (0.47165412920513616,0.0000000000000000)
   1.5707963267948966        0.0000000000000000     
       (0.74678513659712031,-1.08653624111615045E-017)
   3.1415926535897931        0.0000000000000000     
         (1.3768058123808853,2.17307248223230090E-017)
   1.0000000000000000                1           4
               (0.0000000000000000,0.0000000000000000)
  -1.5707963267948966        0.0000000000000000     
       (0.74347083626218791,-4.47035027410312748E-017)
   0.0000000000000000        0.0000000000000000     
              (0.46042530721978292,0.0000000000000000)
   1.5707963267948966        0.0000000000000000     
        (0.74347083626218791,4.47035027410312748E-017)
   3.1415926535897931        0.0000000000000000     
         (1.3795209539827737,2.16152969804531138E-017)
   1.0000000000000000                1           4
               (0.0000000000000000,0.0000000000000000)
  -1.5707963267948966        0.0000000000000000     
        (0.73495635650095470,1.20774383208923569E-017)
   0.0000000000000000        0.0000000000000000     
              (0.46890557074125538,0.0000000000000000)
   1.5707963267948966        0.0000000000000000     
       (0.73495635650095470,-1.20774383208923569E-017)
   3.1415926535897931        0.0000000000000000     
         (1.3954862142445481,2.41548766417847137E-017)
   1.0000000000000000                1           4
               (0.0000000000000000,0.0000000000000000)
  -1.5707963267948966        0.0000000000000000     
        (0.71350747097354561,1.39154233031054819E-017)
   0.0000000000000000        0.0000000000000000     
              (0.45489141041216452,0.0000000000000000)
   1.5707963267948966        0.0000000000000000     
       (0.71350747097354561,-1.39154233031054819E-017)
   3.1415926535897931        0.0000000000000000     
         (1.4266357488630230,2.78308466062109637E-017)
   1.0000000000000000                1           4
               (0.0000000000000000,0.0000000000000000)
  -1.5707963267948966        0.0000000000000000     
       (0.73624709973245261,-9.93227498905657911E-017)
   0.0000000000000000        0.0000000000000000     
              (0.46459649413034387,0.0000000000000000)
   1.5707963267948966        0.0000000000000000     
        (0.73624709973245261,9.93227498905657911E-017)
   3.1415926535897931        0.0000000000000000     
         (1.3900340920901728,2.33991051438997350E-017)
   1.0000000000000000                1           4
               (0.0000000000000000,0.0000000000000000)
  -1.5707963267948966        0.0000000000000000     
       (0.73264384611490041,-4.30388196904489859E-017)
   0.0000000000000000        0.0000000000000000     
              (0.47145403525081730,0.0000000000000000)
   1.5707963267948966        0.0000000000000000     
        (0.73264384611490041,4.30388196904489859E-017)
   3.1415926535897931        0.0000000000000000     
         (1.4012109203496979,2.49446630816176853E-017)
   1.0000000000000000                1           4
               (0.0000000000000000,0.0000000000000000)
  -1.5707963267948966        0.0000000000000000     
        (0.71908648541503906,1.32508427462917644E-017)
   0.0000000000000000        0.0000000000000000     
              (0.45278587589492270,0.0000000000000000)
   1.5707963267948966        0.0000000000000000     
       (0.71908648541503906,-1.32508427462917644E-017)
   3.1415926535897931        0.0000000000000000     
         (1.4181924639776422,2.65016854925835287E-017)
   1.0000000000000000                1           4
               (0.0000000000000000,0.0000000000000000)
  -1.5707963267948966        0.0000000000000000     
        (0.72712354878642071,1.22266165768799831E-017)
   0.0000000000000000        0.0000000000000000     
              (0.45755969350995374,0.0000000000000000)
   1.5707963267948966        0.0000000000000000     
       (0.72712354878642071,-1.22266165768799831E-017)
   3.1415926535897931        0.0000000000000000     
         (1.3960390076564342,2.44532331537599662E-017)
   1.0000000000000000                1           4
               (0.0000000000000000,0.0000000000000000)
  -1.5707963267948966        0.0000000000000000     
        (0.71839976222933122,1.31873619003147640E-017)
   0.0000000000000000        0.0000000000000000     
              (0.46979887552712718,0.0000000000000000)
   1.5707963267948966        0.0000000000000000     
       (0.71839976222933122,-1.31873619003147640E-017)
   3.1415926535897931        0.0000000000000000     
         (1.3977325761940349,2.63747238006295281E-017)
   1.0000000000000000                1           4
               (0.0000000000000000,0.0000000000000000)
  -1.5707963267948966        0.0000000000000000     
       (0.71780804046949864,-1.42878335109851533E-017)
   0.0000000000000000        0.0000000000000000     
              (0.45923289678372381,0.0000000000000000)
   1.5707963267948966        0.0000000000000000     
        (0.71780804046949864,1.42878335109851533E-017)
   3.1415926535897931        0.0000000000000000     
         (1.4162730238713621,2.69354842092875266E-017)
   1.0000000000000000                1           4
               (0.0000000000000000,0.0000000000000000)
  -1.5707963267948966        0.0000000000000000     
        (0.73283145584302156,1.16960258220578655E-017)
   0.0000000000000000        0.0000000000000000     
              (0.44648010336737731,0.0000000000000000)
   1.5707963267948966        0.0000000000000000     
       (0.73283145584302156,-1.16960258220578655E-017)
   3.1415926535897931        0.0000000000000000     
         (1.4012040026810269,2.33920516441157310E-017)
   1.0000000000000000                1           4
               (0.0000000000000000,0.0000000000000000)
  -1.5707963267948966        0.0000000000000000     
        (0.72074229463592898,1.38460443490918124E-017)
   0.0000000000000000        0.0000000000000000     
              (0.47444490863324962,0.0000000000000000)
   1.5707963267948966        0.0000000000000000     
       (0.72074229463592898,-1.38460443490918124E-017)
   3.1415926535897931        0.0000000000000000     
         (1.4192858093585616,2.76920886981836249E-017)
   1.0000000000000000                1           4
               (0.0000000000000000,0.0000000000000000)
  -1.5707963267948966        0.0000000000000000     
       (0.72769243727757360,-7.08033833819894915E-017)
   0.0000000000000000        0.0000000000000000     
              (0.43997291702127139,0.0000000000000000)
   1.5707963267948966        0.0000000000000000     
        (0.72769243727757360,7.08033833819894915E-017)
   3.1415926535897931        0.0000000000000000     
         (1.4224956480665165,2.49266869297945074E-017)
   1.0000000000000000                1           4
               (0.0000000000000000,0.0000000000000000)
  -1.5707963267948966        0.0000000000000000     
        (0.72765427275030226,1.28796700601744640E-017)
   0.0000000000000000        0.0000000000000000     
              (0.47947724828195476,0.0000000000000000)
   1.5707963267948966        0.0000000000000000     
       (0.72765427275030226,-1.28796700601744640E-017)
   3.1415926535897931        0.0000000000000000     
         (1.3965132463044367,2.57593401203489281E-017)
   1.0000000000000000                1           4
               (0.0000000000000000,0.0000000000000000)
  -1.5707963267948966        0.0000000000000000     
       (0.73485091584205098,-4.41812212849761261E-017)
   0.0000000000000000        0.0000000000000000     
              (0.45035716954455646,0.0000000000000000)
   1.5707963267948966        0.0000000000000000     
        (0.73485091584205098,4.41812212849761261E-017)
   3.1415926535897931        0.0000000000000000     
         (1.3894082577548703,2.26598598925634080E-017)
   1.0000000000000000                1           4
               (0.0000000000000000,0.0000000000000000)
  -1.5707963267948966        0.0000000000000000     
        (0.72545846607500120,1.23499025140718383E-017)
   0.0000000000000000        0.0000000000000000     
              (0.43939313726324358,0.0000000000000000)
   1.5707963267948966        0.0000000000000000     
       (0.72545846607500120,-1.23499025140718383E-017)
   3.1415926535897931        0.0000000000000000     
         (1.4149022227786319,2.46998050281436767E-017)
   1.0000000000000000                1           4
               (0.0000000000000000,0.0000000000000000)
  -1.5707963267948966        0.0000000000000000     
       (0.70185726537637505,-4.03027577961942136E-017)
   0.0000000000000000        0.0000000000000000     
              (0.46662304496046880,0.0000000000000000)
   1.5707963267948966        0.0000000000000000     
        (0.70185726537637505,4.03027577961942136E-017)
   3.1415926535897931        0.0000000000000000     
         (1.4338353125234593,3.04167868701272330E-017)
   1.0000000000000000                1           4
               (0.0000000000000000,0.0000000000000000)
  -1.5707963267948966        0.0000000000000000     
        (0.72076939524110650,1.37077532474325787E-017)
   0.0000000000000000        0.0000000000000000     
              (0.47515339187393096,0.0000000000000000)
   1.5707963267948966        0.0000000000000000     
       (0.72076939524110650,-1.37077532474325787E-017)
   3.1415926535897931        0.0000000000000000     
         (1.4141145971650073,2.74155064948651574E-017)
   1.0000000000000000                1           4
               (0.0000000000000000,0.0000000000000000)
  -1.5707963267948966        0.0000000000000000     
        (0.72200319767395849,4.05851854961052879E-017)
   0.0000000000000000        0.0000000000000000     
              (0.44784117771528287,0.0000000000000000)
   1.5707963267948966        0.0000000000000000     
       (0.72200319767395849,-4.05851854961052879E-017)
   3.1415926535897931        0.0000000000000000     
         (1.4152120771649939,2.56592197609527518E-017)
   1.0000000000000000                1           4
               (0.0000000000000000,0.0000000000000000)
  -1.5707963267948966        0.0000000000000000     
        (0.71168016224103092,1.37172678111300504E-017)
   0.0000000000000000        0.0000000000000000     
              (0.44310484663053157,0.0000000000000000)
   1.5707963267948966        0.0000000000000000     
       (0.71168016224103092,-1.37172678111300504E-017)
   3.1415926535897931        0.0000000000000000     
         (1.4282954456424246,2.74345356222601008E-017)
   1.0000000000000000                1           4
               (0.0000000000000000,0.0000000000000000)
  -1.5707963267948966        0.0000000000000000     
        (0.71603494935894818,1.33736982910039587E-017)
   0.0000000000000000        0.0000000000000000     
              (0.45922242776404487,0.0000000000000000)
   1.5707963267948966        0.0000000000000000     
       (0.71603494935894818,-1.33736982910039587E-017)
   3.1415926535897931        0.0000000000000000     
         (1.4096656066094624,2.67473965820079175E-017)
   1.0000000000000000                1           4
               (0.0000000000000000,0.0000000000000000)
  -1.5707963267948966        0.0000000000000000     
        (0.73346025194592501,6.74760391066569203E-017)
   0.0000000000000000        0.0000000000000000     
              (0.45759886787514026,0.0000000000000000)
   1.5707963267948966        0.0000000000000000     
       (0.73346025194592501,-6.74760391066569203E-017)
   3.1415926535897931        0.0000000000000000     
         (1.4001245314712856,2.39297757507981896E-017)
   1.0000000000000000                1           4
               (0.0000000000000000,0.0000000000000000)
  -1.5707963267948966        0.0000000000000000     
       (0.71211572286938052,-4.19478701168893699E-017)
   0.0000000000000000        0.0000000000000000     
              (0.44160534604492274,0.0000000000000000)
   1.5707963267948966        0.0000000000000000     
        (0.71211572286938052,4.19478701168893699E-017)
   3.1415926535897931        0.0000000000000000     
         (1.4256364802806896,2.71265622287369173E-017)
   1.0000000000000000                1           4
               (0.0000000000000000,0.0000000000000000)
  -1.5707963267948966        0.0000000000000000     
        (0.72320894914472489,1.27169597570497589E-017)
   0.0000000000000000        0.0000000000000000     
              (0.45555839804120124,0.0000000000000000)
   1.5707963267948966        0.0000000000000000     
       (0.72320894914472489,-1.27169597570497589E-017)
   3.1415926535897931        0.0000000000000000     
         (1.4062269275229142,2.54339195140995178E-017)
   1.0000000000000000                1           4
               (0.0000000000000000,0.0000000000000000)
  -1.5707963267948966        0.0000000000000000     
        (0.72786692441802492,6.79149981697778187E-017)
   0.0000000000000000        0.0000000000000000     
              (0.45352934086646651,0.0000000000000000)
   1.5707963267948966        0.0000000000000000     
       (0.72786692441802492,-6.79149981697778187E-017)
   3.1415926535897931        0.0000000000000000     
         (1.4073448944763229,2.48076938770399864E-017)
   1.0000000000000000                1           4
               (0.0000000000000000,0.0000000000000000)
  -1.5707963267948966        0.0000000000000000     
        (0.71666080615234584,1.33477178654115912E-017)
   0.0000000000000000        0.0000000000000000     
              (0.45191517662488806,0.0000000000000000)
   1.5707963267948966        0.0000000000000000     
       (0.71666080615234584,-1.33477178654115912E-017)
   3.1415926535897931        0.0000000000000000     
         (1.4173759862377211,2.66954357308231823E-017)
   1.0000000000000000                1           4
               (0.0000000000000000,0.0000000000000000)
  -1.5707963267948966        0.0000000000000000     
        (0.74294725625397373,1.12488702233750182E-017)
   0.0000000000000000        0.0000000000000000     
              (0.47529381168408180,0.0000000000000000)
   1.5707963267948966        0.0000000000000000     
       (0.74294725625397373,-1.12488702233750182E-017)
   3.1415926535897931        0.0000000000000000     
         (1.3780166849658051,2.24977404467500365E-017)
   1.0000000000000000                1           4
               (0.0000000000000000,0.0000000000000000)
  -1.5707963267948966        0.0000000000000000     
        (0.73438355840272895,1.12049750666982881E-017)
   0.0000000000000000        0.0000000000000000     
              (0.44774789703413065,0.0000000000000000)
   1.5707963267948966        0.0000000000000000     
       (0.73438355840272895,-1.12049750666982881E-017)
   3.1415926535897931        0.0000000000000000     
         (1.3870014792929992,2.24099501333965762E-017)
   1.0000000000000000                1           4
               (0.0000000000000000,0.0000000000000000)
  -1.5707963267948966        0.0000000000000000     
        (0.72729091370682020,1.27521499740046423E-017)
   0.0000000000000000        0.0000000000000000     
              (0.44660509594147335,0.0000000000000000)
   1.5707963267948966        0.0000000000000000     
       (0.72729091370682020,-1.27521499740046423E-017)
   3.1415926535897931        0.0000000000000000     
         (1.4244935584587950,2.55042999480092846E-017)
   1.0000000000000000                1           4
               (0.0000000000000000,0.0000000000000000)
  -1.5707963267948966        0.0000000000000000     
        (0.71610788793913360,6.86821038034884964E-017)
   0.0000000000000000        0.0000000000000000     
              (0.41941707756073671,0.0000000000000000)
   1.5707963267948966        0.0000000000000000     
       (0.71610788793913360,-6.86821038034884964E-017)
   3.1415926535897931        0.0000000000000000     
         (1.4429946562508971,2.63419051444613388E-017)
   1.0000000000000000                1           4
               (0.0000000000000000,0.0000000000000000)
  -1.5707963267948966        0.0000000000000000     
       (0.72180036378924584,-4.26764777640512234E-017)
   0.0000000000000000        0.0000000000000000     
              (0.45940924687448209,0.0000000000000000)
   1.5707963267948966        0.0000000000000000     
        (0.72180036378924584,4.26764777640512234E-017)
   3.1415926535897931        0.0000000000000000     
         (1.4034037295301236,2.56693469344132134E-017)
   1.0000000000000000                1           4
               (0.0000000000000000,0.0000000000000000)
  -1.5707963267948966        0.0000000000000000     
        (0.73652096841791104,1.16348767659638436E-017)
   0.0000000000000000        0.0000000000000000     
              (0.47909591749889302,0.0000000000000000)
   1.5707963267948966        0.0000000000000000     
       (0.73652096841791104,-1.16348767659638436E-017)
   3.1415926535897931        0.0000000000000000     
         (1.3739699339567035,2.32697535319276872E-017)
   1.0000000000000000                1           4
               (0.0000000000000000,0.0000000000000000)
  -1.5707963267948966        0.0000000000000000     
        (0.72525843070507723,1.27111676746846766E-017)
   0.0000000000000000        0.0000000000000000     
              (0.45307256793215178,0.0000000000000000)
   1.5707963267948966        0.0000000000000000     
       (0.72525843070507723,-1.27111676746846766E-017)
   3.1415926535897931        0.0000000000000000     
         (1.4126225369857535,2.54223353493693532E-017)
   1.0000000000000000                1           4
               (0.0000000000000000,0.0000000000000000)
  -1.5707963267948966        0.0000000000000000     
        (0.73324276209197414,1.14489265248198099E-017)
   0.0000000000000000        0.0000000000000000     
              (0.44340415477076084,0.0000000000000000)
   1.5707963267948966        0.0000000000000000     
       (0.73324276209197414,-1.14489265248198099E-017)
   3.1415926535897931        0.0000000000000000     
         (1.3970316882411467,2.28978530496396197E-017)
   1.0000000000000000                1           4
               (0.0000000000000000,0.0000000000000000)
  -1.5707963267948966        0.0000000000000000     
        (0.71992758723308214,1.30437990230811429E-017)
   0.0000000000000000        0.0000000000000000     
              (0.44568062157941418,0.0000000000000000)
   1.5707963267948966        0.0000000000000000     
       (0.71992758723308214,-1.30437990230811429E-017)
   3.1415926535897931        0.0000000000000000     
         (1.4202173607285784,2.60875980461622859E-017)
   1.0000000000000000                1           4
               (0.0000000000000000,0.0000000000000000)
  -1.5707963267948966        0.0000000000000000     
        (0.73389683962916874,9.51551603848019352E-017)
   0.0000000000000000        0.0000000000000000     
              (0.45560632493347319,0.0000000000000000)
   1.5707963267948966        0.0000000000000000     
       (0.73389683962916874,-9.51551603848019352E-017)
   3.1415926535897931        0.0000000000000000     
         (1.4004930616093609,2.37768670758303771E-017)
   1.0000000000000000                1           4
               (0.0000000000000000,0.0000000000000000)
  -1.5707963267948966        0.0000000000000000     
        (0.71692701043310159,1.37759580363785396E-017)
   0.0000000000000000        0.0000000000000000     
              (0.46783546983036789,0.0000000000000000)
   1.5707963267948966        0.0000000000000000     
       (0.71692701043310159,-1.37759580363785396E-017)
   3.1415926535897931        0.0000000000000000     
         (1.4159754870591819,2.75519160727570793E-017)
   1.0000000000000000                1           4
               (0.0000000000000000,0.0000000000000000)
  -1.5707963267948966        0.0000000000000000     
        (0.73576835840118116,3.92609347334751590E-017)
   0.0000000000000000        0.0000000000000000     
              (0.43906838682824884,0.0000000000000000)
   1.5707963267948966        0.0000000000000000     
       (0.73576835840118116,-3.92609347334751590E-017)
   3.1415926535897931        0.0000000000000000     
         (1.4082618771701447,2.30107182356924909E-017)
   1.0000000000000000                1           4
               (0.0000000000000000,0.0000000000000000)
  -1.5707963267948966        0.0000000000000000     
        (0.72456239623756147,1.25528767057350153E-017)
   0.0000000000000000        0.0000000000000000     
              (0.46351883005299516,0.0000000000000000)
   1.5707963267948966        0.0000000000000000     
       (0.72456239623756147,-1.25528767057350153E-017)
   3.1415926535897931        0.0000000000000000     
         (1.3956140305271463,2.51057534114700307E-017)
   1.0000000000000000                1           4
               (0.0000000000000000,0.0000000000000000)
  -1.5707963267948966        0.0000000000000000     
       (0.72860346441436841,-4.29858273481510267E-017)
   0.0000000000000000        0.0000000000000000     
              (0.47437910306856168,0.0000000000000000)
   1.5707963267948966        0.0000000000000000     
        (0.72860346441436841,4.29858273481510267E-017)
   3.1415926535897931        0.0000000000000000     
         (1.3919359503827984,2.50506477662136130E-017)
   1.0000000000000000                1           4
               (0.0000000000000000,0.0000000000000000)
  -1.5707963267948966        0.0000000000000000     
        (0.72803391794033256,6.82153071240072077E-017)
   0.0000000000000000        0.0000000000000000     
              (0.47333163288899172,0.0000000000000000)
   1.5707963267948966        0.0000000000000000     
       (0.72803391794033256,-6.82153071240072077E-017)
   3.1415926535897931        0.0000000000000000     
         (1.3976854243212689,2.54083117854987645E-017)
   1.0000000000000000                1           4
               (0.0000000000000000,0.0000000000000000)
  -1.5707963267948966        0.0000000000000000     
        (0.73423469074148395,1.17992753416498972E-017)
   0.0000000000000000        0.0000000000000000     
              (0.47564626342018973,0.0000000000000000)
   1.5707963267948966        0.0000000000000000     
       (0.73423469074148395,-1.17992753416498972E-017)
   3.1415926535897931        0.0000000000000000     
         (1.3782166976602592,2.35985506832997943E-017)
   1.0000000000000000                1           4
               (0.0000000000000000,0.0000000000000000)
  -1.5707963267948966        0.0000000000000000     
        (0.71932296816590857,6.86004719623952095E-017)
   0.0000000000000000        0.0000000000000000     
              (0.44720769319195541,0.0000000000000000)
   1.5707963267948966        0.0000000000000000     
       (0.71932296816590857,-6.86004719623952095E-017)
   3.1415926535897931        0.0000000000000000     
         (1.4189679028017552,2.61786414622747526E-017)
   1.0000000000000000                1           4
               (0.0000000000000000,0.0000000000000000)
  -1.5707963267948966        0.0000000000000000     
        (0.73086987488977229,1.20285557052704455E-017)
   0.0000000000000000        0.0000000000000000     
              (0.45839798707149876,0.0000000000000000)
   1.5707963267948966        0.0000000000000000     
       (0.73086987488977229,-1.20285557052704455E-017)
   3.1415926535897931        0.0000000000000000     
         (1.3962242073000768,2.40571114105408909E-017)
   1.0000000000000000                1           4
               (0.0000000000000000,0.0000000000000000)
  -1.5707963267948966        0.0000000000000000     
        (0.72614825015122575,1.26594703015464663E-017)
   0.0000000000000000        0.0000000000000000     
              (0.46847997266792735,0.0000000000000000)
   1.5707963267948966        0.0000000000000000     
       (0.72614825015122575,-1.26594703015464663E-017)
   3.1415926535897931        0.0000000000000000     
         (1.3973062067929716,2.53189406030929326E-017)
   1.0000000000000000                1           4
               (0.0000000000000000,0.0000000000000000)
  -1.5707963267948966        0.0000000000000000     
       (0.74023103274115531,-1.64506480223754100E-017)
   0.0000000000000000        0.0000000000000000     
              (0.47605399836954415,0.0000000000000000)
   1.5707963267948966        0.0000000000000000     
        (0.74023103274115531,1.64506480223754100E-017)
   3.1415926535897931        0.0000000000000000     
         (1.3736550239046978,2.26098551865070071E-017)
   1.0000000000000000                1           4
               (0.0000000000000000,0.0000000000000000)
  -1.5707963267948966        0.0000000000000000     
        (0.72628032485029359,1.23307363636041716E-017)
   0.0000000000000000        0.0000000000000000     
              (0.44124458164043734,0.0000000000000000)
   1.5707963267948966        0.0000000000000000     
       (0.72628032485029359,-1.23307363636041716E-017)
   3.1415926535897931        0.0000000000000000     
         (1.4140684819704894,2.46614727272083431E-017)
   1.0000000000000000                1           4
               (0.0000000000000000,0.0000000000000000)
  -1.5707963267948966        0.0000000000000000     
        (0.72475223099890340,1.24167162883193619E-017)
   0.0000000000000000        0.0000000000000000     
              (0.44614711810526231,0.0000000000000000)
   1.5707963267948966        0.0000000000000000     
       (0.72475223099890340,-1.24167162883193619E-017)
   3.1415926535897931        0.0000000000000000     
         (1.4089180752630708,2.48334325766387239E-017)
   1.0000000000000000                1           4
               (0.0000000000000000,0.0000000000000000)
  -1.5707963267948966        0.0000000000000000     
        (0.72154439521533120,4.14899846645388537E-017)
   0.0000000000000000        0.0000000000000000     
              (0.44592413368373512,0.0000000000000000)
   1.5707963267948966        0.0000000000000000     
       (0.72154439521533120,-4.14899846645388537E-017)
   3.1415926535897931        0.0000000000000000     
         (1.4457644998518084,2.74688180978198741E-017)
   1.0000000000000000                1           4
               (0.0000000000000000,0.0000000000000000)
  -1.5707963267948966        0.0000000000000000     
        (0.72668912212643744,1.26644466034706184E-017)
   0.0000000000000000        0.0000000000000000     
              (0.47070104831504783,0.0000000000000000)
   1.5707963267948966        0.0000000000000000     
       (0.72668912212643744,-1.26644466034706184E-017)
   3.1415926535897931        0.0000000000000000     
         (1.3963294134519086,2.53288932069412369E-017)
   1.0000000000000000                1           4
               (0.0000000000000000,0.0000000000000000)
  -1.5707963267948966        0.0000000000000000     
       (0.73670862547898142,-4.40918646262110934E-017)
   0.0000000000000000        0.0000000000000000     
              (0.46743060097574995,0.0000000000000000)
   1.5707963267948966        0.0000000000000000     
        (0.73670862547898142,4.40918646262110934E-017)
   3.1415926535897931        0.0000000000000000     
         (1.3789688555617248,2.28385732100934673E-017)
   1.0000000000000000                1           4
               (0.0000000000000000,0.0000000000000000)
  -1.5707963267948966        0.0000000000000000     
        (0.72532912006245376,1.27434719449718195E-017)
   0.0000000000000000        0.0000000000000000     
              (0.45978671714505276,0.0000000000000000)
   1.5707963267948966        0.0000000000000000     
       (0.72532912006245376,-1.27434719449718195E-017)
   3.1415926535897931        0.0000000000000000     
         (1.4071049040279846,2.54869438899436389E-017)
   1.0000000000000000                1           4
               (0.0000000000000000,0.0000000000000000)
  -1.5707963267948966        0.0000000000000000     
        (0.72657839109424616,1.24283217419027250E-017)
   0.0000000000000000        0.0000000000000000     
              (0.44878263962817100,0.0000000000000000)
   1.5707963267948966        0.0000000000000000     
       (0.72657839109424616,-1.24283217419027250E-017)
   3.1415926535897931        0.0000000000000000     
         (1.4103139368113922,2.48566434838054501E-017)
   1.0000000000000000                1           4
               (0.0000000000000000,0.0000000000000000)
  -1.5707963267948966        0.0000000000000000     
        (0.70912524150130662,1.47004439090319555E-017)
   0.0000000000000000        0.0000000000000000     
              (0.43676543982444171,0.0000000000000000)
   1.5707963267948966        0.0000000000000000     
       (0.70912524150130662,-1.47004439090319555E-017)
   3.1415926535897931        0.0000000000000000     
         (1.4616379793314191,2.94008878180639110E-017)
   1.0000000000000000                1           4
               (0.0000000000000000,0.0000000000000000)
  -1.5707963267948966        0.0000000000000000     
        (0.73245917459637799,6.75731782363230907E-017)
   0.0000000000000000        0.0000000000000000     
              (0.46237515044302491,0.0000000000000000)
   1.5707963267948966        0.0000000000000000     
       (0.73245917459637799,-6.75731782363230907E-017)
   3.1415926535897931        0.0000000000000000     
         (1.3965188989585851,2.41240540101305089E-017)
   1.0000000000000000                1           4
               (0.0000000000000000,0.0000000000000000)
  -1.5707963267948966        0.0000000000000000     
        (0.73784985785097534,1.15043719819460939E-017)
   0.0000000000000000        0.0000000000000000     
              (0.44623501478554961,0.0000000000000000)
   1.5707963267948966        0.0000000000000000     
       (0.73784985785097534,-1.15043719819460939E-017)
   3.1415926535897931        0.0000000000000000     
         (1.4052260058071133,2.30087439638921878E-017)
   1.0000000000000000                1           4
               (0.0000000000000000,0.0000000000000000)
  -1.5707963267948966        0.0000000000000000     
       (0.72443406231078877,-7.07090851223297687E-017)
   0.0000000000000000        0.0000000000000000     
              (0.45532935550576570,0.0000000000000000)
   1.5707963267948966        0.0000000000000000     
        (0.72443406231078877,7.07090851223297687E-017)
   3.1415926535897931        0.0000000000000000     
         (1.4037024745466378,2.51152834491139467E-017)
   1.0000000000000000                1           4
               (0.0000000000000000,0.0000000000000000)
  -1.5707963267948966        0.0000000000000000     
        (0.72378771226721927,4.08076075577617546E-017)
   0.0000000000000000        0.0000000000000000     
              (0.46384148708149497,0.0000000000000000)
   1.5707963267948966        0.0000000000000000     
       (0.72378771226721927,-4.08076075577617546E-017)
   3.1415926535897931        0.0000000000000000     
         (1.4100456528379892,2.61040638842656791E-017)
   1.0000000000000000                1           4
               (0.0000000000000000,0.0000000000000000)
  -1.5707963267948966        0.0000000000000000     
        (0.72178912497487269,1.30929906134682739E-017)
   0.0000000000000000        0.0000000000000000     
              (0.46135676353588573,0.0000000000000000)
   1.5707963267948966        0.0000000000000000     
       (0.72178912497487269,-1.30929906134682739E-017)
   3.1415926535897931        0.0000000000000000     
         (1.4098710135292409,2.61859812269365477E-017)
   1.0000000000000000                1           4
               (0.0000000000000000,0.0000000000000000)
  -1.5707963267948966        0.0000000000000000     
        (0.73099184072497780,1.18193436888951884E-017)
   0.0000000000000000        0.0000000000000000     
              (0.44023910944442662,0.0000000000000000)
   1.5707963267948966        0.0000000000000000     
       (0.73099184072497780,-1.18193436888951884E-017)
   3.1415926535897931        0.0000000000000000     
         (1.4077936335675820,2.36386873777903769E-017)
   1.0000000000000000                1           4
               (0.0000000000000000,0.0000000000000000)
  -1.5707963267948966        0.0000000000000000     
        (0.71352687741328324,1.36428533402236150E-017)
   0.0000000000000000        0.0000000000000000     
              (0.46185361192093799,0.0000000000000000)
   1.5707963267948966        0.0000000000000000     
       (0.71352687741328324,-1.36428533402236150E-017)
   3.1415926535897931        0.0000000000000000     
         (1.4108095496250941,2.72857066804472300E-017)
   1.0000000000000000                1           4
               (0.0000000000000000,0.0000000000000000)
  -1.5707963267948966        0.0000000000000000     
       (0.72076239852188451,-4.24428340564844923E-017)
   0.0000000000000000        0.0000000000000000     
              (0.48495253818593709,0.0000000000000000)
   1.5707963267948966        0.0000000000000000     
        (0.72076239852188451,4.24428340564844923E-017)
   3.1415926535897931        0.0000000000000000     
         (1.3834158903072262,2.61366343495466695E-017)
   1.0000000000000000                1           4
               (0.0000000000000000,0.0000000000000000)
  -1.5707963267948966        0.0000000000000000     
        (0.72920895355542426,1.20406408301384490E-017)
   0.0000000000000000        0.0000000000000000     
              (0.46260552611348876,0.0000000000000000)
   1.5707963267948966        0.0000000000000000     
       (0.72920895355542426,-1.20406408301384490E-017)
   3.1415926535897931        0.0000000000000000     
         (1.3890895557230558,2.40812816602768981E-017)
   1.0000000000000000                1           4
               (0.0000000000000000,0.0000000000000000)
  -1.5707963267948966        0.0000000000000000     
        (0.71638652226132271,1.34350827672165725E-017)
   0.0000000000000000        0.0000000000000000     
              (0.46193611409388813,0.0000000000000000)
   1.5707963267948966        0.0000000000000000     
       (0.71638652226132271,-1.34350827672165725E-017)
   3.1415926535897931        0.0000000000000000     
         (1.4096600352315656,2.68701655344331449E-017)
   1.0000000000000000                1           4
               (0.0000000000000000,0.0000000000000000)
  -1.5707963267948966        0.0000000000000000     
        (0.73365143387752885,6.72622045971160077E-017)
   0.0000000000000000        0.0000000000000000     
              (0.44494832792487543,0.0000000000000000)
   1.5707963267948966        0.0000000000000000     
       (0.73365143387752885,-6.72622045971160077E-017)
   3.1415926535897931        0.0000000000000000     
         (1.4061730701701862,2.35021067317163459E-017)
   1.0000000000000000                1           4
               (0.0000000000000000,0.0000000000000000)
  -1.5707963267948966        0.0000000000000000     
        (0.72142315927239975,1.33988374213374954E-017)
   0.0000000000000000        0.0000000000000000     
              (0.47202105029266689,0.0000000000000000)
   1.5707963267948966        0.0000000000000000     
       (0.72142315927239975,-1.33988374213374954E-017)
   3.1415926535897931        0.0000000000000000     
         (1.4084645102169600,2.67976748426749908E-017)
   1.0000000000000000                1           4
               (0.0000000000000000,0.0000000000000000)
  -1.5707963267948966        0.0000000000000000     
        (0.73319688429795460,1.19900036634195292E-017)
   0.0000000000000000        0.0000000000000000     
              (0.46234571263440144,0.0000000000000000)
   1.5707963267948966        0.0000000000000000     
       (0.73319688429795460,-1.19900036634195292E-017)
   3.1415926535897931        0.0000000000000000     
         (1.3956712953074952,2.39800073268390583E-017)
   1.0000000000000000                1           4
               (0.0000000000000000,0.0000000000000000)
  -1.5707963267948966        0.0000000000000000     
        (0.72746140300395790,1.22524381075526714E-017)
   0.0000000000000000        0.0000000000000000     
              (0.44461069791183833,0.0000000000000000)
   1.5707963267948966        0.0000000000000000     
       (0.72746140300395790,-1.22524381075526714E-017)
   3.1415926535897931        0.0000000000000000     
         (1.4105071068853872,2.45048762151053427E-017)
   1.0000000000000000                1           4
               (0.0000000000000000,0.0000000000000000)
  -1.5707963267948966        0.0000000000000000     
        (0.72853159943190826,6.79421258828945057E-017)
   0.0000000000000000        0.0000000000000000     
              (0.44738035418724575,0.0000000000000000)
   1.5707963267948966        0.0000000000000000     
       (0.72853159943190826,-6.79421258828945057E-017)
   3.1415926535897931        0.0000000000000000     
         (1.4157092895353369,2.48619493032733543E-017)
   1.0000000000000000                1           4
               (0.0000000000000000,0.0000000000000000)
  -1.5707963267948966        0.0000000000000000     
       (0.71681213983387848,-4.23756028511373047E-017)
   0.0000000000000000        0.0000000000000000     
              (0.45658697060338005,0.0000000000000000)
   1.5707963267948966        0.0000000000000000     
        (0.71681213983387848,4.23756028511373047E-017)
   3.1415926535897931        0.0000000000000000     
         (1.4060768783268287,2.62710967602410508E-017)
   1.0000000000000000                1           4
               (0.0000000000000000,0.0000000000000000)
  -1.5707963267948966        0.0000000000000000     
        (0.72720867973195236,1.23866273718868316E-017)
   0.0000000000000000        0.0000000000000000     
              (0.44485893119673636,0.0000000000000000)
   1.5707963267948966        0.0000000000000000     
       (0.72720867973195236,-1.23866273718868316E-017)
   3.1415926535897931        0.0000000000000000     
         (1.4141363810454188,2.47732547437736633E-017)
   1.0000000000000000                1           4
               (0.0000000000000000,0.0000000000000000)
  -1.5707963267948966        0.0000000000000000     
        (0.72477874682921095,1.27685372597242732E-017)
   0.0000000000000000        0.0000000000000000     
              (0.47604508113733701,0.0000000000000000)
   1.5707963267948966        0.0000000000000000     
       (0.72477874682921095,-1.27685372597242732E-017)
   3.1415926535897931        0.0000000000000000     
         (1.3905644888785857,2.55370745194485463E-017)
   1.0000000000000000                1           4
               (0.0000000000000000,0.0000000000000000)
  -1.5707963267948966        0.0000000000000000     
        (0.72118927862766624,4.09988371474905530E-017)
   0.0000000000000000        0.0000000000000000     
              (0.46760865151363040,0.0000000000000000)
   1.5707963267948966        0.0000000000000000     
       (0.72118927862766624,-4.09988371474905530E-017)
   3.1415926535897931        0.0000000000000000     
         (1.4073276535292967,2.64865230637232791E-017)
   1.0000000000000000                1           4
               (0.0000000000000000,0.0000000000000000)
  -1.5707963267948966        0.0000000000000000     
        (0.74267383099632822,1.09245602808832074E-017)
   0.0000000000000000        0.0000000000000000     
              (0.46315110465282855,0.0000000000000000)
   1.5707963267948966        0.0000000000000000     
       (0.74267383099632822,-1.09245602808832074E-017)
   3.1415926535897931        0.0000000000000000     
         (1.3790197748908579,2.18491205617664148E-017)
   1.0000000000000000                1           4
               (0.0000000000000000,0.0000000000000000)
  -1.5707963267948966        0.0000000000000000     
       (0.73593023338526931,-4.37444337229880034E-017)
   0.0000000000000000        0.0000000000000000     
              (0.46324455636746109,0.0000000000000000)
   1.5707963267948966        0.0000000000000000     
        (0.73593023338526931,4.37444337229880034E-017)
   3.1415926535897931        0.0000000000000000     
         (1.3929460704610557,2.35334350165396504E-017)
   1.0000000000000000                1           4
               (0.0000000000000000,0.0000000000000000)
  -1.5707963267948966        0.0000000000000000     
       (0.73147349784037408,-4.33088291855466931E-017)
   0.0000000000000000        0.0000000000000000     
              (0.45792387372583171,0.0000000000000000)
   1.5707963267948966        0.0000000000000000     
        (0.73147349784037408,4.33088291855466931E-017)
   3.1415926535897931        0.0000000000000000     
         (1.4035812059414785,2.44046440914222740E-017)
   1.0000000000000000                1           4
               (0.0000000000000000,0.0000000000000000)
  -1.5707963267948966        0.0000000000000000     
        (0.73418562717759339,1.18284581652020201E-017)
   0.0000000000000000        0.0000000000000000     
              (0.45351074545829528,0.0000000000000000)
   1.5707963267948966        0.0000000000000000     
       (0.73418562717759339,-1.18284581652020201E-017)
   3.1415926535897931        0.0000000000000000     
         (1.4012072718472361,2.36569163304040401E-017)
   1.0000000000000000                1           4
               (0.0000000000000000,0.0000000000000000)
  -1.5707963267948966        0.0000000000000000     
        (0.70822474091740839,1.47848167250614713E-017)
   0.0000000000000000        0.0000000000000000     
              (0.47638699671710472,0.0000000000000000)
   1.5707963267948966        0.0000000000000000     
       (0.70822474091740839,-1.47848167250614713E-017)
   3.1415926535897931        0.0000000000000000     
         (1.4229712465779223,2.95696334501229427E-017)
   1.0000000000000000                1           4
               (0.0000000000000000,0.0000000000000000)
  -1.5707963267948966        0.0000000000000000     
        (0.72215619251431951,1.29862813964426581E-017)
   0.0000000000000000        0.0000000000000000     
              (0.45693875452609378,0.0000000000000000)
   1.5707963267948966        0.0000000000000000     
       (0.72215619251431951,-1.29862813964426581E-017)
   3.1415926535897931        0.0000000000000000     
         (1.4115377700890517,2.59725627928853162E-017)
   1.0000000000000000                1           4
               (0.0000000000000000,0.0000000000000000)
  -1.5707963267948966        0.0000000000000000     
        (0.73371332034132186,1.18045085922028025E-017)
   0.0000000000000000        0.0000000000000000     
              (0.45198417514415473,0.0000000000000000)
   1.5707963267948966        0.0000000000000000     
       (0.73371332034132186,-1.18045085922028025E-017)
   3.1415926535897931        0.0000000000000000     
         (1.4010069760707193,2.36090171844056050E-017)
   1.0000000000000000                1           4
               (0.0000000000000000,0.0000000000000000)
  -1.5707963267948966        0.0000000000000000     
        (0.73202344679864872,1.20382529228872194E-017)
   0.0000000000000000        0.0000000000000000     
              (0.45530686439038359,0.0000000000000000)
   1.5707963267948966        0.0000000000000000     
       (0.73202344679864872,-1.20382529228872194E-017)
   3.1415926535897931        0.0000000000000000     
         (1.4019392089628635,2.40765058457744389E-017)
   1.0000000000000000                1           4
               (0.0000000000000000,0.0000000000000000)
  -1.5707963267948966        0.0000000000000000     
        (0.72057059468905549,1.27818307374525873E-017)
   0.0000000000000000        0.0000000000000000     
              (0.46616871240437313,0.0000000000000000)
   1.5707963267948966        0.0000000000000000     
       (0.72057059468905549,-1.27818307374525873E-017)
   3.1415926535897931        0.0000000000000000     
         (1.3924587512644737,2.55636614749051745E-017)
   1.0000000000000000                1           4
               (0.0000000000000000,0.0000000000000000)
  -1.5707963267948966        0.0000000000000000     
        (0.69687415594850344,1.56750102340726612E-017)
   0.0000000000000000        0.0000000000000000     
              (0.47090339015170457,0.0000000000000000)
   1.5707963267948966        0.0000000000000000     
       (0.69687415594850344,-1.56750102340726612E-017)
   3.1415926535897931        0.0000000000000000     
         (1.4348296097381577,3.13500204681453225E-017)
   1.0000000000000000                1           4
               (0.0000000000000000,0.0000000000000000)
  -1.5707963267948966        0.0000000000000000     
        (0.71689260002075894,6.91908336867289121E-017)
   0.0000000000000000        0.0000000000000000     
              (0.46564410975277298,0.0000000000000000)
   1.5707963267948966        0.0000000000000000     
       (0.71689260002075894,-6.91908336867289121E-017)
   3.1415926535897931        0.0000000000000000     
         (1.4149534272007565,2.73593649109421732E-017)
   1.0000000000000000                1           4
               (0.0000000000000000,0.0000000000000000)
  -1.5707963267948966        0.0000000000000000     
       (0.73146314201481777,-4.36199241812359619E-017)
   0.0000000000000000        0.0000000000000000     
              (0.46642141240919238,0.0000000000000000)
   1.5707963267948966        0.0000000000000000     
        (0.73146314201481777,4.36199241812359619E-017)
   3.1415926535897931        0.0000000000000000     
         (1.3849018219346401,2.37824541000437395E-017)
   1.0000000000000000                1           4
               (0.0000000000000000,0.0000000000000000)
  -1.5707963267948966        0.0000000000000000     
       (0.71753123955190123,-4.14398350175768874E-017)
   0.0000000000000000        0.0000000000000000     
              (0.46662317383091634,0.0000000000000000)
   1.5707963267948966        0.0000000000000000     
        (0.71753123955190123,4.14398350175768874E-017)
   3.1415926535897931        0.0000000000000000     
         (1.4280433714731304,2.81426324273618854E-017)
   1.0000000000000000                1           4
               (0.0000000000000000,0.0000000000000000)
  -1.5707963267948966        0.0000000000000000     
        (0.72645202319667046,1.21613486599796931E-017)
   0.0000000000000000        0.0000000000000000     
              (0.44756098560273516,0.0000000000000000)
   1.5707963267948966        0.0000000000000000     
       (0.72645202319667046,-1.21613486599796931E-017)
   3.1415926535897931        0.0000000000000000     
         (1.4025628524381859,2.43226973199593862E-017)
   1.0000000000000000                1           4
               (0.0000000000000000,0.0000000000000000)
  -1.5707963267948966        0.0000000000000000     
        (0.72889338266641701,1.21245825854024740E-017)
   0.0000000000000000        0.0000000000000000     
              (0.45161942869408828,0.0000000000000000)
   1.5707963267948966        0.0000000000000000     
       (0.72889338266641701,-1.21245825854024740E-017)
   3.1415926535897931        0.0000000000000000     
         (1.4021862571583299,2.42491651708049479E-017)
   1.0000000000000000                1           4
               (0.0000000000000000,0.0000000000000000)
  -1.5707963267948966        0.0000000000000000     
        (0.73747482907820194,1.16700414243471168E-017)
   0.0000000000000000        0.0000000000000000     
              (0.45603987134682400,0.0000000000000000)
   1.5707963267948966        0.0000000000000000     
       (0.73747482907820194,-1.16700414243471168E-017)
   3.1415926535897931        0.0000000000000000     
         (1.4000822663350154,2.33400828486942337E-017)
   1.0000000000000000                1           4
               (0.0000000000000000,0.0000000000000000)
  -1.5707963267948966        0.0000000000000000     
        (0.72791044956815776,4.03448743240456285E-017)
   0.0000000000000000        0.0000000000000000     
              (0.45988613988345922,0.0000000000000000)
   1.5707963267948966        0.0000000000000000     
       (0.72791044956815776,-4.03448743240456285E-017)
   3.1415926535897931        0.0000000000000000     
         (1.4071324602449098,2.51785974168334299E-017)
   1.0000000000000000                1           4
               (0.0000000000000000,0.0000000000000000)
  -1.5707963267948966        0.0000000000000000     
        (0.71318156862651139,1.36824738404404263E-017)
   0.0000000000000000        0.0000000000000000     
              (0.47515889660072458,0.0000000000000000)
   1.5707963267948966        0.0000000000000000     
       (0.71318156862651139,-1.36824738404404263E-017)
   3.1415926535897931        0.0000000000000000     
         (1.3981077511164322,2.73649476808808527E-017)
   1.0000000000000000                1           4
               (0.0000000000000000,0.0000000000000000)
  -1.5707963267948966        0.0000000000000000     
        (0.72327753105359671,1.30216512664238515E-017)
   0.0000000000000000        0.0000000000000000     
              (0.43509748814854038,0.0000000000000000)
   1.5707963267948966        0.0000000000000000     
       (0.72327753105359671,-1.30216512664238515E-017)
   3.1415926535897931        0.0000000000000000     
         (1.4367769811702680,2.60433025328477030E-017)
   1.0000000000000000                1           4
               (0.0000000000000000,0.0000000000000000)
  -1.5707963267948966        0.0000000000000000     
        (0.72759385414554856,1.23737723519558574E-017)
   0.0000000000000000        0.0000000000000000     
              (0.45051446250402949,0.0000000000000000)
   1.5707963267948966        0.0000000000000000     
       (0.72759385414554856,-1.23737723519558574E-017)
   3.1415926535897931        0.0000000000000000     
         (1.4088313217505521,2.47475447039117149E-017)
   1.0000000000000000                1           4
               (0.0000000000000000,0.0000000000000000)
  -1.5707963267948966        0.0000000000000000     
        (0.72370982437800135,1.26049781479368315E-017)
   0.0000000000000000        0.0000000000000000     
              (0.45131081797692163,0.0000000000000000)
   1.5707963267948966        0.0000000000000000     
       (0.72370982437800135,-1.26049781479368315E-017)
   3.1415926535897931        0.0000000000000000     
         (1.4078186611305885,2.52099562958736630E-017)
   1.0000000000000000                1           4
               (0.0000000000000000,0.0000000000000000)
  -1.5707963267948966        0.0000000000000000     
       (0.72506967788230825,-4.28165354622583465E-017)
   0.0000000000000000        0.0000000000000000     
              (0.45586866718048552,0.0000000000000000)
   1.5707963267948966        0.0000000000000000     
        (0.72506967788230825,4.28165354622583465E-017)
   3.1415926535897931        0.0000000000000000     
         (1.4089083058248888,2.53892315379989735E-017)
   1.0000000000000000                1           4
               (0.0000000000000000,0.0000000000000000)
  -1.5707963267948966        0.0000000000000000     
       (0.72520430474945896,-1.51322368823205026E-017)
   0.0000000000000000        0.0000000000000000     
              (0.45457492973749813,0.0000000000000000)
   1.5707963267948966        0.0000000000000000     
        (0.72520430474945896,1.51322368823205026E-017)
   3.1415926535897931        0.0000000000000000     
         (1.4081432123416635,2.52466774666168279E-017)
   1.0000000000000000                1           4
               (0.0000000000000000,0.0000000000000000)
  -1.5707963267948966        0.0000000000000000     
        (0.71624463345731904,1.37209006309037031E-017)
   0.0000000000000000        0.0000000000000000     
              (0.45896109016952474,0.0000000000000000)
   1.5707963267948966        0.0000000000000000     
       (0.71624463345731904,-1.37209006309037031E-017)
   3.1415926535897931        0.0000000000000000     
         (1.4216868014345090,2.74418012618074062E-017)
   1.0000000000000000                1           4
               (0.0000000000000000,0.0000000000000000)
  -1.5707963267948966        0.0000000000000000     
        (0.72208323965888210,1.31283180099362240E-017)
   0.0000000000000000        0.0000000000000000     
              (0.45300261043326501,0.0000000000000000)
   1.5707963267948966        0.0000000000000000     
       (0.72208323965888210,-1.31283180099362240E-017)
   3.1415926535897931        0.0000000000000000     
         (1.4199672763347670,2.62566360198724481E-017)
   1.0000000000000000                1           4
               (0.0000000000000000,0.0000000000000000)
  -1.5707963267948966        0.0000000000000000     
       (0.71316310157404672,-1.31403429590886934E-017)
   0.0000000000000000        0.0000000000000000     
              (0.48360550337394226,0.0000000000000000)
   1.5707963267948966        0.0000000000000000     
        (0.71316310157404672,1.31403429590886934E-017)
   3.1415926535897931        0.0000000000000000     
         (1.4200904252073427,2.92304653130804401E-017)
   1.0000000000000000                1           4
               (0.0000000000000000,0.0000000000000000)
  -1.5707963267948966        0.0000000000000000     
        (0.72234859553577879,1.29271610692505619E-017)
   0.0000000000000000        0.0000000000000000     
              (0.44986044636304190,0.0000000000000000)
   1.5707963267948966        0.0000000000000000     
       (0.72234859553577879,-1.29271610692505619E-017)
   3.1415926535897931        0.0000000000000000     
         (1.4170698678669957,2.58543221385011239E-017)
   1.0000000000000000                1           4
               (0.0000000000000000,0.0000000000000000)
  -1.5707963267948966        0.0000000000000000     
        (0.72532784097994085,4.02385889029564779E-017)
   0.0000000000000000        0.0000000000000000     
              (0.45331969546419759,0.0000000000000000)
   1.5707963267948966        0.0000000000000000     
       (0.72532784097994085,-4.02385889029564779E-017)
   3.1415926535897931        0.0000000000000000     
         (1.4050621421846134,2.49660265746551349E-017)
   1.0000000000000000                1           4
               (0.0000000000000000,0.0000000000000000)
  -1.5707963267948966        0.0000000000000000     
        (0.73140867693260181,1.16613420951993651E-017)
   0.0000000000000000        0.0000000000000000     
              (0.43629407109749546,0.0000000000000000)
   1.5707963267948966        0.0000000000000000     
       (0.73140867693260181,-1.16613420951993651E-017)
   3.1415926535897931        0.0000000000000000     
         (1.4074116206400955,2.33226841903987301E-017)
   1.0000000000000000                1           4
               (0.0000000000000000,0.0000000000000000)
  -1.5707963267948966        0.0000000000000000     
        (0.72868437256187224,6.78683589928829818E-017)
   0.0000000000000000        0.0000000000000000     
              (0.45857453002695792,0.0000000000000000)
   1.5707963267948966        0.0000000000000000     
       (0.72868437256187224,-6.78683589928829818E-017)
   3.1415926535897931        0.0000000000000000     
         (1.4024112504813144,2.47144155232502941E-017)
   1.0000000000000000                1           4
               (0.0000000000000000,0.0000000000000000)
  -1.5707963267948966        0.0000000000000000     
       (0.70827240266283653,-4.11003886343285453E-017)
   0.0000000000000000        0.0000000000000000     
              (0.47326388603010006,0.0000000000000000)
   1.5707963267948966        0.0000000000000000     
        (0.70827240266283653,4.11003886343285453E-017)
   3.1415926535897931        0.0000000000000000     
         (1.4139721457606276,2.88215251938585635E-017)
   1.0000000000000000                1           4
               (0.0000000000000000,0.0000000000000000)
  -1.5707963267948966        0.0000000000000000     
        (0.73257480499374850,6.72690137739036555E-017)
   0.0000000000000000        0.0000000000000000     
              (0.45882509632847290,0.0000000000000000)
   1.5707963267948966        0.0000000000000000     
       (0.73257480499374850,-6.72690137739036555E-017)
   3.1415926535897931        0.0000000000000000     
         (1.3903654485908628,2.35157250852916601E-017)
   1.0000000000000000                1           4
               (0.0000000000000000,0.0000000000000000)
  -1.5707963267948966        0.0000000000000000     
        (0.71182154346287940,1.43844664556801097E-017)
   0.0000000000000000        0.0000000000000000     
              (0.47065983627611169,0.0000000000000000)
   1.5707963267948966        0.0000000000000000     
       (0.71182154346287940,-1.43844664556801097E-017)
   3.1415926535897931        0.0000000000000000     
         (1.4228155799610904,2.87689329113602194E-017)
   1.0000000000000000                1           4
               (0.0000000000000000,0.0000000000000000)
  -1.5707963267948966        0.0000000000000000     
       (0.72586089239799978,-1.53978621189283654E-017)
   0.0000000000000000        0.0000000000000000     
              (0.44955066714080122,0.0000000000000000)
   1.5707963267948966        0.0000000000000000     
        (0.72586089239799978,1.53978621189283654E-017)
   3.1415926535897931        0.0000000000000000     
         (1.4058046716008576,2.47154269934010963E-017)
   1.0000000000000000                1           4
               (0.0000000000000000,0.0000000000000000)
  -1.5707963267948966        0.0000000000000000     
       (0.72438480275697459,-4.27335251006219325E-017)
   0.0000000000000000        0.0000000000000000     
              (0.46207298488318177,0.0000000000000000)
   1.5707963267948966        0.0000000000000000     
        (0.72438480275697459,4.27335251006219325E-017)
   3.1415926535897931        0.0000000000000000     
         (1.4040455620408843,2.55552522612717982E-017)
   1.0000000000000000                1           4
               (0.0000000000000000,0.0000000000000000)
  -1.5707963267948966        0.0000000000000000     
        (0.72998862650740293,1.20481802729555484E-017)
   0.0000000000000000        0.0000000000000000     
              (0.45736134310920623,0.0000000000000000)
   1.5707963267948966        0.0000000000000000     
       (0.72998862650740293,-1.20481802729555484E-017)
   3.1415926535897931        0.0000000000000000     
         (1.3961393415217676,2.40963605459110968E-017)
   1.0000000000000000                1           4
               (0.0000000000000000,0.0000000000000000)
  -1.5707963267948966        0.0000000000000000     
        (0.70898177270114182,1.41242441370439679E-017)
   0.0000000000000000        0.0000000000000000     
              (0.44623794685952856,0.0000000000000000)
   1.5707963267948966        0.0000000000000000     
       (0.70898177270114182,-1.41242441370439679E-017)
   3.1415926535897931        0.0000000000000000     
         (1.4330584219128180,2.82484882740879358E-017)
   1.0000000000000000                1           4
               (0.0000000000000000,0.0000000000000000)
  -1.5707963267948966        0.0000000000000000     
        (0.71933636774116128,1.34086078491938247E-017)
   0.0000000000000000        0.0000000000000000     
              (0.46167482662474563,0.0000000000000000)
   1.5707963267948966        0.0000000000000000     
       (0.71933636774116128,-1.34086078491938247E-017)
   3.1415926535897931        0.0000000000000000     
         (1.4149562772142141,2.68172156983876495E-017)
   1.0000000000000000                1           4
               (0.0000000000000000,0.0000000000000000)
  -1.5707963267948966        0.0000000000000000     
        (0.71993824320658117,1.28178453316533695E-017)
   0.0000000000000000        0.0000000000000000     
              (0.44504000110141362,0.0000000000000000)
   1.5707963267948966        0.0000000000000000     
       (0.71993824320658117,-1.28178453316533695E-017)
   3.1415926535897931        0.0000000000000000     
         (1.4134990855186869,2.56356906633067389E-017)
   1.0000000000000000                1           4
               (0.0000000000000000,0.0000000000000000)
  -1.5707963267948966        0.0000000000000000     
        (0.73129469069463582,1.18384138894501230E-017)
   0.0000000000000000        0.0000000000000000     
              (0.45371078830795031,0.0000000000000000)
   1.5707963267948966        0.0000000000000000     
       (0.73129469069463582,-1.18384138894501230E-017)
   3.1415926535897931        0.0000000000000000     
         (1.3955505346629264,2.36768277789002461E-017)
   1.0000000000000000                1           4
               (0.0000000000000000,0.0000000000000000)
  -1.5707963267948966        0.0000000000000000     
        (0.71796939009311023,1.30888778892763135E-017)
   0.0000000000000000        0.0000000000000000     
              (0.44259160245646939,0.0000000000000000)
   1.5707963267948966        0.0000000000000000     
       (0.71796939009311023,-1.30888778892763135E-017)
   3.1415926535897931        0.0000000000000000     
         (1.4208623730787873,2.61777557785526270E-017)
   1.0000000000000000                1           4
               (0.0000000000000000,0.0000000000000000)
  -1.5707963267948966        0.0000000000000000     
        (0.72065013111040210,1.26238785665468238E-017)
   0.0000000000000000        0.0000000000000000     
              (0.43859376572484304,0.0000000000000000)
   1.5707963267948966        0.0000000000000000     
       (0.72065013111040210,-1.26238785665468238E-017)
   3.1415926535897931        0.0000000000000000     
         (1.4150336613678591,2.52477571330936475E-017)
   1.0000000000000000                1           4
               (0.0000000000000000,0.0000000000000000)
  -1.5707963267948966        0.0000000000000000     
        (0.72074045510924023,1.28972515995274000E-017)
   0.0000000000000000        0.0000000000000000     
              (0.47104204716564030,0.0000000000000000)
   1.5707963267948966        0.0000000000000000     
       (0.72074045510924023,-1.28972515995274000E-017)
   3.1415926535897931        0.0000000000000000     
         (1.3916950687933678,2.57945031990548001E-017)
   1.0000000000000000                1           4
               (0.0000000000000000,0.0000000000000000)
  -1.5707963267948966        0.0000000000000000     
        (0.73601306106470121,1.17150049460641951E-017)
   0.0000000000000000        0.0000000000000000     
              (0.47466875004205278,0.0000000000000000)
   1.5707963267948966        0.0000000000000000     
       (0.73601306106470121,-1.17150049460641951E-017)
   3.1415926535897931        0.0000000000000000     
         (1.3799984716834335,2.34300098921283902E-017)
   1.0000000000000000                1           4
               (0.0000000000000000,0.0000000000000000)
  -1.5707963267948966        0.0000000000000000     
        (0.72895406171750099,3.99359209802202596E-017)
   0.0000000000000000        0.0000000000000000     
              (0.47426124604971504,0.0000000000000000)
   1.5707963267948966        0.0000000000000000     
       (0.72895406171750099,-3.99359209802202596E-017)
   3.1415926535897931        0.0000000000000000     
         (1.3814871484927369,2.43606907291826860E-017)
   1.0000000000000000                1           4
               (0.0000000000000000,0.0000000000000000)
  -1.5707963267948966        0.0000000000000000     
        (0.73249969536846271,1.17992699171009210E-017)
   0.0000000000000000        0.0000000000000000     
              (0.46852931022746658,0.0000000000000000)
   1.5707963267948966        0.0000000000000000     
       (0.73249969536846271,-1.17992699171009210E-017)
   3.1415926535897931        0.0000000000000000     
         (1.3818634829277243,2.35985398342018420E-017)
   1.0000000000000000                1           4
               (0.0000000000000000,0.0000000000000000)
  -1.5707963267948966        0.0000000000000000     
        (0.73816512667400558,1.11746387143085628E-017)
   0.0000000000000000        0.0000000000000000     
              (0.47050672305985597,0.0000000000000000)
   1.5707963267948966        0.0000000000000000     
       (0.73816512667400558,-1.11746387143085628E-017)
   3.1415926535897931        0.0000000000000000     
         (1.3708149293458682,2.23492774286171257E-017)
   1.0000000000000000                1           4
               (0.0000000000000000,0.0000000000000000)
  -1.5707963267948966        0.0000000000000000     
        (0.72678383182047046,1.25300468365611342E-017)
   0.0000000000000000        0.0000000000000000     
              (0.46545650392646337,0.0000000000000000)
   1.5707963267948966        0.0000000000000000     
       (0.72678383182047046,-1.25300468365611342E-017)
   3.1415926535897931        0.0000000000000000     
         (1.3973735477037343,2.50600936731222685E-017)
   1.0000000000000000                1           4
               (0.0000000000000000,0.0000000000000000)
  -1.5707963267948966        0.0000000000000000     
       (0.73038556248760111,-1.57891814229396738E-017)
   0.0000000000000000        0.0000000000000000     
              (0.44708606305696208,0.0000000000000000)
   1.5707963267948966        0.0000000000000000     
        (0.73038556248760111,1.57891814229396738E-017)
   3.1415926535897931        0.0000000000000000     
         (1.4045371574292302,2.39327883853784855E-017)
   1.0000000000000000                1           4
               (0.0000000000000000,0.0000000000000000)
  -1.5707963267948966        0.0000000000000000     
        (0.73357944708106460,6.71245407759761345E-017)
   0.0000000000000000        0.0000000000000000     
              (0.46490624988141793,0.0000000000000000)
   1.5707963267948966        0.0000000000000000     
       (0.73357944708106460,-6.71245407759761345E-017)
   3.1415926535897931        0.0000000000000000     
         (1.3815747329940937,2.32267790894366026E-017)
   1.0000000000000000                1           4
               (0.0000000000000000,0.0000000000000000)
  -1.5707963267948966        0.0000000000000000     
        (0.71760470611427840,1.39463511927815407E-017)
   0.0000000000000000        0.0000000000000000     
              (0.47997206334280273,0.0000000000000000)
   1.5707963267948966        0.0000000000000000     
       (0.71760470611427840,-1.39463511927815407E-017)
   3.1415926535897931        0.0000000000000000     
         (1.4107597477518286,2.78927023855630814E-017)
   1.0000000000000000                1           4
               (0.0000000000000000,0.0000000000000000)
  -1.5707963267948966        0.0000000000000000     
        (0.74426864132436321,1.07073151355163446E-017)
   0.0000000000000000        0.0000000000000000     
              (0.46112915795565462,0.0000000000000000)
   1.5707963267948966        0.0000000000000000     
       (0.74426864132436321,-1.07073151355163446E-017)
   3.1415926535897931        0.0000000000000000     
         (1.3771355773094895,2.14146302710326891E-017)
   1.0000000000000000                1           4
               (0.0000000000000000,0.0000000000000000)
  -1.5707963267948966        0.0000000000000000     
        (0.72682244513424898,6.79868804264541783E-017)
   0.0000000000000000        0.0000000000000000     
              (0.46482752940596667,0.0000000000000000)
   1.5707963267948966        0.0000000000000000     
       (0.72682244513424898,-6.79868804264541783E-017)
   3.1415926535897931        0.0000000000000000     
         (1.3963056000473293,2.49514583903926964E-017)
   1.0000000000000000                1           4
               (0.0000000000000000,0.0000000000000000)
  -1.5707963267948966        0.0000000000000000     
        (0.72537584172997349,4.04367349420591585E-017)
   0.0000000000000000        0.0000000000000000     
              (0.44412222380839728,0.0000000000000000)
   1.5707963267948966        0.0000000000000000     
       (0.72537584172997349,-4.04367349420591585E-017)
   3.1415926535897931        0.0000000000000000     
         (1.4208275561234260,2.53623186528604808E-017)
   1.0000000000000000                1           4
               (0.0000000000000000,0.0000000000000000)
  -1.5707963267948966        0.0000000000000000     
       (0.73929350802981075,-4.39631834268304131E-017)
   0.0000000000000000        0.0000000000000000     
              (0.47523408828680391,0.0000000000000000)
   1.5707963267948966        0.0000000000000000     
        (0.73929350802981075,4.39631834268304131E-017)
   3.1415926535897931        0.0000000000000000     
         (1.3805381802870138,2.30959356088548309E-017)
   1.0000000000000000                1           4
               (0.0000000000000000,0.0000000000000000)
  -1.5707963267948966        0.0000000000000000     
        (0.72756791566202217,4.03189462905717386E-017)
   0.0000000000000000        0.0000000000000000     
              (0.45889105299298805,0.0000000000000000)
   1.5707963267948966        0.0000000000000000     
       (0.72756791566202217,-4.03189462905717386E-017)
   3.1415926535897931        0.0000000000000000     
         (1.4065956054818702,2.51267413498856410E-017)
   1.0000000000000000                1           4
               (0.0000000000000000,0.0000000000000000)
  -1.5707963267948966        0.0000000000000000     
        (0.72956843897665191,1.20273760132478995E-017)
   0.0000000000000000        0.0000000000000000     
              (0.43297626410454915,0.0000000000000000)
   1.5707963267948966        0.0000000000000000     
       (0.72956843897665191,-1.20273760132478995E-017)
   3.1415926535897931        0.0000000000000000     
         (1.4190045267752192,2.40547520264957990E-017)
   1.0000000000000000                1           4
               (0.0000000000000000,0.0000000000000000)
  -1.5707963267948966        0.0000000000000000     
        (0.70631583345355209,1.41211203995873386E-017)
   0.0000000000000000        0.0000000000000000     
              (0.43132067797485613,0.0000000000000000)
   1.5707963267948966        0.0000000000000000     
       (0.70631583345355209,-1.41211203995873386E-017)
   3.1415926535897931        0.0000000000000000     
         (1.4425417832941494,2.82422407991746772E-017)
   1.0000000000000000                1           4
               (0.0000000000000000,0.0000000000000000)
  -1.5707963267948966        0.0000000000000000     
        (0.71097071973676884,1.44735553502752409E-017)
   0.0000000000000000        0.0000000000000000     
              (0.46352504408349066,0.0000000000000000)
   1.5707963267948966        0.0000000000000000     
       (0.71097071973676884,-1.44735553502752409E-017)
   3.1415926535897931        0.0000000000000000     
         (1.4311585888241798,2.89471107005504818E-017)
   1.0000000000000000                1           4
               (0.0000000000000000,0.0000000000000000)
  -1.5707963267948966        0.0000000000000000     
        (0.73337976717726217,1.18111796640272879E-017)
   0.0000000000000000        0.0000000000000000     
              (0.47226475578912636,0.0000000000000000)
   1.5707963267948966        0.0000000000000000     
       (0.73337976717726217,-1.18111796640272879E-017)
   3.1415926535897931        0.0000000000000000     
         (1.3802771828390445,2.36223593280545759E-017)
   1.0000000000000000                1           4
               (0.0000000000000000,0.0000000000000000)
  -1.5707963267948966        0.0000000000000000     
        (0.72355249089078066,6.79214575415595084E-017)
   0.0000000000000000        0.0000000000000000     
              (0.44888168017838925,0.0000000000000000)
   1.5707963267948966        0.0000000000000000     
       (0.72355249089078066,-6.79214575415595084E-017)
   3.1415926535897931        0.0000000000000000     
         (1.4035746672031872,2.48206126206033474E-017)
   1.0000000000000000                1           4
               (0.0000000000000000,0.0000000000000000)
  -1.5707963267948966        0.0000000000000000     
        (0.73224392292380536,6.73713902090225580E-017)
   0.0000000000000000        0.0000000000000000     
              (0.46512554992425514,0.0000000000000000)
   1.5707963267948966        0.0000000000000000     
       (0.73224392292380536,-6.73713902090225580E-017)
   3.1415926535897931        0.0000000000000000     
         (1.3867470989873016,2.37204779555294589E-017)
   1.0000000000000000                1           4
               (0.0000000000000000,0.0000000000000000)
  -1.5707963267948966        0.0000000000000000     
        (0.72295842484031314,6.86364554962302549E-017)
   0.0000000000000000        0.0000000000000000     
              (0.46938496664591450,0.0000000000000000)
   1.5707963267948966        0.0000000000000000     
       (0.72295842484031314,-6.86364554962302549E-017)
   3.1415926535897931        0.0000000000000000     
         (1.4052368541042735,2.62506085299448588E-017)
   1.0000000000000000                1           4
               (0.0000000000000000,0.0000000000000000)
  -1.5707963267948966        0.0000000000000000     
       (0.73374484036237908,-4.38514072470066556E-017)
   0.0000000000000000        0.0000000000000000     
              (0.45308322401156004,0.0000000000000000)
   1.5707963267948966        0.0000000000000000     
        (0.73374484036237908,4.38514072470066556E-017)
   3.1415926535897931        0.0000000000000000     
         (1.3952425963207695,2.33194879685023551E-017)
   1.0000000000000000                1           4
               (0.0000000000000000,0.0000000000000000)
  -1.5707963267948966        0.0000000000000000     
        (0.71950280620832552,6.88431219297382870E-017)
   0.0000000000000000        0.0000000000000000     
              (0.45841020707727687,0.0000000000000000)
   1.5707963267948966        0.0000000000000000     
       (0.71950280620832552,-6.88431219297382870E-017)
   3.1415926535897931        0.0000000000000000     
         (1.4160506143927174,2.66639413969609107E-017)
   1.0000000000000000                1           4
               (0.0000000000000000,0.0000000000000000)
  -1.5707963267948966        0.0000000000000000     
        (0.72511193537411789,4.03205191248122155E-017)
   0.0000000000000000        0.0000000000000000     
              (0.43978622208374668,0.0000000000000000)
   1.5707963267948966        0.0000000000000000     
       (0.72511193537411789,-4.03205191248122155E-017)
   3.1415926535897931        0.0000000000000000     
         (1.4208398484801912,2.51298870183666040E-017)
   1.0000000000000000                1           4
               (0.0000000000000000,0.0000000000000000)
  -1.5707963267948966        0.0000000000000000     
        (0.71634562142453917,6.91126097526038290E-017)
   0.0000000000000000        0.0000000000000000     
              (0.45371797108602152,0.0000000000000000)
   1.5707963267948966        0.0000000000000000     
       (0.71634562142453917,-6.91126097526038290E-017)
   3.1415926535897931        0.0000000000000000     
         (1.4232306210923777,2.72029170426920071E-017)
   1.0000000000000000                1           4
               (0.0000000000000000,0.0000000000000000)
  -1.5707963267948966        0.0000000000000000     
        (0.72936783137543970,6.76919689468559243E-017)
   0.0000000000000000        0.0000000000000000     
              (0.45271958314215860,0.0000000000000000)
   1.5707963267948966        0.0000000000000000     
       (0.72936783137543970,-6.76919689468559243E-017)
   3.1415926535897931        0.0000000000000000     
         (1.4038717788708708,2.43616354311961915E-017)
   1.0000000000000000                1           4
               (0.0000000000000000,0.0000000000000000)
  -1.5707963267948966        0.0000000000000000     
        (0.71933102756408029,6.85854109058231885E-017)
   0.0000000000000000        0.0000000000000000     
              (0.44419422583812557,0.0000000000000000)
   1.5707963267948966        0.0000000000000000     
       (0.71933102756408029,-6.85854109058231885E-017)
   3.1415926535897931        0.0000000000000000     
         (1.4215055575123492,2.61485193491307136E-017)
   1.0000000000000000                1           4
               (0.0000000000000000,0.0000000000000000)
  -1.5707963267948966        0.0000000000000000     
        (0.73598202538368385,1.13161467188132694E-017)
   0.0000000000000000        0.0000000000000000     
              (0.44549413907934743,0.0000000000000000)
   1.5707963267948966        0.0000000000000000     
       (0.73598202538368385,-1.13161467188132694E-017)
   3.1415926535897931        0.0000000000000000     
         (1.3960833129296522,2.26322934376265388E-017)
   1.0000000000000000                1           4
               (0.0000000000000000,0.0000000000000000)
  -1.5707963267948966        0.0000000000000000     
       (0.74355022263406401,-1.68975882634441651E-017)
   0.0000000000000000        0.0000000000000000     
              (0.45779656320770223,0.0000000000000000)
   1.5707963267948966        0.0000000000000000     
        (0.74355022263406401,1.68975882634441651E-017)
   3.1415926535897931        0.0000000000000000     
         (1.3839526627454202,2.17159747043695029E-017)
   1.0000000000000000                1           4
               (0.0000000000000000,0.0000000000000000)
  -1.5707963267948966        0.0000000000000000     
        (0.73348571792421491,1.14553048140876791E-017)
   0.0000000000000000        0.0000000000000000     
              (0.43113335175179474,0.0000000000000000)
   1.5707963267948966        0.0000000000000000     
       (0.73348571792421491,-1.14553048140876791E-017)
   3.1415926535897931        0.0000000000000000     
         (1.4099967336619894,2.29106096281753583E-017)
   1.0000000000000000                1           4
               (0.0000000000000000,0.0000000000000000)
  -1.5707963267948966        0.0000000000000000     
        (0.72474113806058282,1.24498432640213053E-017)
   0.0000000000000000        0.0000000000000000     
              (0.45907371715293926,0.0000000000000000)
   1.5707963267948966        0.0000000000000000     
       (0.72474113806058282,-1.24498432640213053E-017)
   3.1415926535897931        0.0000000000000000     
         (1.3970512994772244,2.48996865280426106E-017)
   1.0000000000000000                1           4
               (0.0000000000000000,0.0000000000000000)
  -1.5707963267948966        0.0000000000000000     
        (0.73305577397243904,1.17174840136240604E-017)
   0.0000000000000000        0.0000000000000000     
              (0.46366183134731936,0.0000000000000000)
   1.5707963267948966        0.0000000000000000     
       (0.73305577397243904,-1.17174840136240604E-017)
   3.1415926535897931        0.0000000000000000     
         (1.3851717886850283,2.34349680272481207E-017)
   1.0000000000000000                1           4
               (0.0000000000000000,0.0000000000000000)
  -1.5707963267948966        0.0000000000000000     
        (0.73393977527697984,6.69990467476218438E-017)
   0.0000000000000000        0.0000000000000000     
              (0.46622461316636021,0.0000000000000000)
   1.5707963267948966        0.0000000000000000     
       (0.73393977527697984,-6.69990467476218438E-017)
   3.1415926535897931        0.0000000000000000     
         (1.3768780800720806,2.29757910327280151E-017)
   1.0000000000000000                1           4
               (0.0000000000000000,0.0000000000000000)
  -1.5707963267948966        0.0000000000000000     
        (0.72949757742837806,1.19726674469444163E-017)
   0.0000000000000000        0.0000000000000000     
              (0.43972371181838765,0.0000000000000000)
   1.5707963267948966        0.0000000000000000     
       (0.72949757742837806,-1.19726674469444163E-017)
   3.1415926535897931        0.0000000000000000     
         (1.4103284385828883,2.39453348938888327E-017)
   1.0000000000000000                1           4
               (0.0000000000000000,0.0000000000000000)
  -1.5707963267948966        0.0000000000000000     
        (0.72510986214970152,1.24167587212279669E-017)
   0.0000000000000000        0.0000000000000000     
              (0.44297372404383983,0.0000000000000000)
   1.5707963267948966        0.0000000000000000     
       (0.72510986214970152,-1.24167587212279669E-017)
   3.1415926535897931        0.0000000000000000     
         (1.4128081175900633,2.48335174424559338E-017)
   1.0000000000000000                1           4
               (0.0000000000000000,0.0000000000000000)
  -1.5707963267948966        0.0000000000000000     
        (0.71332931471363314,1.38497706597874832E-017)
   0.0000000000000000        0.0000000000000000     
              (0.45843589621826730,0.0000000000000000)
   1.5707963267948966        0.0000000000000000     
       (0.71332931471363314,-1.38497706597874832E-017)
   3.1415926535897931        0.0000000000000000     
         (1.4205905724727028,2.76995413195749664E-017)
   1.0000000000000000                1           4
               (0.0000000000000000,0.0000000000000000)
  -1.5707963267948966        0.0000000000000000     
        (0.73313205881119758,1.12913965032850148E-017)
   0.0000000000000000        0.0000000000000000     
              (0.44364707077211607,0.0000000000000000)
   1.5707963267948966        0.0000000000000000     
       (0.73313205881119758,-1.12913965032850148E-017)
   3.1415926535897931        0.0000000000000000     
         (1.3914220447042407,2.25827930065700297E-017)
   1.0000000000000000                1           4
               (0.0000000000000000,0.0000000000000000)
  -1.5707963267948966        0.0000000000000000     
        (0.72402456865586573,1.29539018266375908E-017)
   0.0000000000000000        0.0000000000000000     
              (0.45947325884866608,0.0000000000000000)
   1.5707963267948966        0.0000000000000000     
       (0.72402456865586573,-1.29539018266375908E-017)
   3.1415926535897931        0.0000000000000000     
         (1.4116824210402921,2.59078036532751816E-017)
   1.0000000000000000                1           4
               (0.0000000000000000,0.0000000000000000)
  -1.5707963267948966        0.0000000000000000     
        (0.71708172712979246,1.35071469553097491E-017)
   0.0000000000000000        0.0000000000000000     
              (0.46289777888978745,0.0000000000000000)
   1.5707963267948966        0.0000000000000000     
       (0.71708172712979246,-1.35071469553097491E-017)
   3.1415926535897931        0.0000000000000000     
         (1.4124425751816927,2.70142939106194982E-017)
   1.0000000000000000                1           4
               (0.0000000000000000,0.0000000000000000)
  -1.5707963267948966        0.0000000000000000     
        (0.72097759517642279,1.31583736418987580E-017)
   0.0000000000000000        0.0000000000000000     
              (0.46266619712092649,0.0000000000000000)
   1.5707963267948966        0.0000000000000000     
       (0.72097759517642279,-1.31583736418987580E-017)
   3.1415926535897931        0.0000000000000000     
         (1.4090740921211706,2.63167472837975160E-017)
   1.0000000000000000                1           4
               (0.0000000000000000,0.0000000000000000)
  -1.5707963267948966        0.0000000000000000     
        (0.72090413190688729,6.89798644069789060E-017)
   0.0000000000000000        0.0000000000000000     
              (0.48393487997481988,0.0000000000000000)
   1.5707963267948966        0.0000000000000000     
       (0.72090413190688729,-6.89798644069789060E-017)
   3.1415926535897931        0.0000000000000000     
         (1.3977949411434287,2.69374263514421456E-017)
   1.0000000000000000                1           4
               (0.0000000000000000,0.0000000000000000)
  -1.5707963267948966        0.0000000000000000     
        (0.71735528716061681,1.33423755593948563E-017)
   0.0000000000000000        0.0000000000000000     
              (0.46497287296865841,0.0000000000000000)
   1.5707963267948966        0.0000000000000000     
       (0.71735528716061681,-1.33423755593948563E-017)
   3.1415926535897931        0.0000000000000000     
         (1.4055327589539777,2.66847511187897127E-017)
   1.0000000000000000                1           4
               (0.0000000000000000,0.0000000000000000)
  -1.5707963267948966        0.0000000000000000     
        (0.72659774996158499,6.78561858010334272E-017)
   0.0000000000000000        0.0000000000000000     
              (0.47702889514676394,0.0000000000000000)
   1.5707963267948966        0.0000000000000000     
       (0.72659774996158499,-6.78561858010334272E-017)
   3.1415926535897931        0.0000000000000000     
         (1.3793860335413595,2.46900691395512003E-017)
