   1.0000000000000000                1           4
              (0.99999999999999911,0.0000000000000000)
  -1.5707963267948966        0.0000000000000000     
        (0.17688117080268217,1.20876510367633899E-016)
   0.0000000000000000        0.0000000000000000     
               (4.0445398020869723,0.0000000000000000)
   1.5707963267948966        0.0000000000000000     
       (0.17688117080268217,-1.20876510367633899E-016)
   3.1415926535897931        0.0000000000000000     
        (0.25734898550405372,2.41753020735267798E-016)
   1.0000000000000000                1           4
               (1.0000000000000113,0.0000000000000000)
  -1.5707963267948966        0.0000000000000000     
        (0.18157594981922209,1.20816662620016946E-016)
   0.0000000000000000        0.0000000000000000     
               (4.0438037890172982,0.0000000000000000)
   1.5707963267948966        0.0000000000000000     
       (0.18157594981922209,-1.20816662620016946E-016)
   3.1415926535897931        0.0000000000000000     
        (0.26551978082464356,2.41633325240033893E-016)
   1.0000000000000000                1           4
              (0.99999999999994404,0.0000000000000000)
  -1.5707963267948966        0.0000000000000000     
        (0.17666060799604999,1.20826539901395927E-016)
   0.0000000000000000        0.0000000000000000     
               (4.0433084251044411,0.0000000000000000)
   1.5707963267948966        0.0000000000000000     
       (0.17666060799604999,-1.20826539901395927E-016)
   3.1415926535897931        0.0000000000000000     
        (0.25650707758387425,2.41653079802791853E-016)
   1.0000000000000000                1           4
              (0.99999999999997380,0.0000000000000000)
  -1.5707963267948966        0.0000000000000000     
        (0.18477108833121592,1.20690165355863501E-016)
   0.0000000000000000        0.0000000000000000     
               (4.0457125412097543,0.0000000000000000)
   1.5707963267948966        0.0000000000000000     
       (0.18477108833121592,-1.20690165355863501E-016)
   3.1415926535897931        0.0000000000000000     
        (0.26586959145934586,2.41380330711727002E-016)
   1.0000000000000000                1           4
              (0.99999999999990752,0.0000000000000000)
  -1.5707963267948966        0.0000000000000000     
        (0.18595117798973915,1.20720533035671062E-016)
   0.0000000000000000        0.0000000000000000     
               (4.0457841954912759,0.0000000000000000)
   1.5707963267948966        0.0000000000000000     
       (0.18595117798973915,-1.20720533035671062E-016)
   3.1415926535897931        0.0000000000000000     
        (0.26915000018994828,2.41441066071342125E-016)
   1.0000000000000000                1           4
              (0.99999999999979261,0.0000000000000000)
  -1.5707963267948966        0.0000000000000000     
        (0.18623477178158865,9.65173944789447150E-018)
   0.0000000000000000        0.0000000000000000     
               (4.0459186409649579,0.0000000000000000)
   1.5707963267948966        0.0000000000000000     
       (0.18623477178158865,-9.65173944789447150E-018)
   3.1415926535897931        0.0000000000000000     
        (0.26806422691109388,2.41348083820820251E-016)
   1.0000000000000000                1           4
              (0.99999999999989220,0.0000000000000000)
  -1.5707963267948966        0.0000000000000000     
        (0.18068768137669788,1.20763292779359818E-016)
   0.0000000000000000        0.0000000000000000     
               (4.0453385586870123,0.0000000000000000)
   1.5707963267948966        0.0000000000000000     
       (0.18068768137669788,-1.20763292779359818E-016)
   3.1415926535897931        0.0000000000000000     
        (0.26046528298585347,2.41526585558719636E-016)
   1.0000000000000000                1           4
               (1.0000000000001772,0.0000000000000000)
  -1.5707963267948966        0.0000000000000000     
        (0.18024019910047973,2.31839428546464510E-016)
   0.0000000000000000        0.0000000000000000     
               (4.0450530635693385,0.0000000000000000)
   1.5707963267948966        0.0000000000000000     
       (0.18024019910047973,-2.31839428546464510E-016)
   3.1415926535897931        0.0000000000000000     
        (0.26161414271592576,2.41634252167897711E-016)
   1.0000000000000000                1           4
              (0.99999999999992917,0.0000000000000000)
  -1.5707963267948966        0.0000000000000000     
        (0.18160462194175087,2.31711428226156089E-016)
   0.0000000000000000        0.0000000000000000     
               (4.0448617747474662,0.0000000000000000)
   1.5707963267948966        0.0000000000000000     
       (0.18160462194175087,-2.31711428226156089E-016)
   3.1415926535897931        0.0000000000000000     
        (0.26035346948385574,2.41378251527280870E-016)
   1.0000000000000000                1           4
              (0.99999999999987221,0.0000000000000000)
  -1.5707963267948966        0.0000000000000000     
        (0.18390986626022554,2.31680033646040403E-016)
   0.0000000000000000        0.0000000000000000     
               (4.0444079843542262,0.0000000000000000)
   1.5707963267948966        0.0000000000000000     
       (0.18390986626022554,-2.31680033646040403E-016)
   3.1415926535897931        0.0000000000000000     
        (0.26439232370951982,2.41315462367049498E-016)
   1.0000000000000000                1           4
               (1.0000000000000253,0.0000000000000000)
  -1.5707963267948966        0.0000000000000000     
        (0.19077654490055929,1.20718945264406833E-016)
   0.0000000000000000        0.0000000000000000     
               (4.0509769347507802,0.0000000000000000)
   1.5707963267948966        0.0000000000000000     
       (0.19077654490055929,-1.20718945264406833E-016)
   3.1415926535897931        0.0000000000000000     
        (0.27355613420697555,2.41437890528813667E-016)
   1.0000000000000000                1           4
               (1.0000000000000078,0.0000000000000000)
  -1.5707963267948966        0.0000000000000000     
        (0.18127880515055095,9.81594352969076758E-018)
   0.0000000000000000        0.0000000000000000     
               (4.0480395760935242,0.0000000000000000)
   1.5707963267948966        0.0000000000000000     
       (0.18127880515055095,-9.81594352969076758E-018)
   3.1415926535897931        0.0000000000000000     
        (0.26139467084562640,2.41676491984412893E-016)
   1.0000000000000000                1           4
               (1.0000000000003002,0.0000000000000000)
  -1.5707963267948966        0.0000000000000000     
        (0.18224134249739088,2.31816793299608419E-016)
   0.0000000000000000        0.0000000000000000     
               (4.0442359995765376,0.0000000000000000)
   1.5707963267948966        0.0000000000000000     
       (0.18224134249739088,-2.31816793299608419E-016)
   3.1415926535897931        0.0000000000000000     
        (0.26569417023409825,2.41588981674185579E-016)
   1.0000000000000000                1           4
               (1.0000000000003335,0.0000000000000000)
  -1.5707963267948966        0.0000000000000000     
        (0.18231847531743184,1.20712221798529365E-016)
   0.0000000000000000        0.0000000000000000     
               (4.0453593406557946,0.0000000000000000)
   1.5707963267948966        0.0000000000000000     
       (0.18231847531743184,-1.20712221798529365E-016)
   3.1415926535897931        0.0000000000000000     
        (0.26203798407465007,2.41424443597058729E-016)
   1.0000000000000000                1           4
              (0.99999999999999944,0.0000000000000000)
  -1.5707963267948966        0.0000000000000000     
        (0.18395494564203896,9.71174639653278193E-018)
   0.0000000000000000        0.0000000000000000     
               (4.0471402642709045,0.0000000000000000)
   1.5707963267948966        0.0000000000000000     
       (0.18395494564203896,-9.71174639653278193E-018)
   3.1415926535897931        0.0000000000000000     
        (0.26424292700818164,2.41468097718096872E-016)
   1.0000000000000000                1           4
              (0.99999999999996791,0.0000000000000000)
  -1.5707963267948966        0.0000000000000000     
        (0.18606682802946684,1.20751616213010060E-016)
   0.0000000000000000        0.0000000000000000     
               (4.0464238035977758,0.0000000000000000)
   1.5707963267948966        0.0000000000000000     
       (0.18606682802946684,-1.20751616213010060E-016)
   3.1415926535897931        0.0000000000000000     
        (0.26975694578086551,2.41503232426020121E-016)
   1.0000000000000000                1           4
               (1.0000000000001417,0.0000000000000000)
  -1.5707963267948966        0.0000000000000000     
        (0.18403320509056342,1.20790131596546214E-016)
   0.0000000000000000        0.0000000000000000     
               (4.0461927103179089,0.0000000000000000)
   1.5707963267948966        0.0000000000000000     
       (0.18403320509056342,-1.20790131596546214E-016)
   3.1415926535897931        0.0000000000000000     
        (0.26717880107754322,2.41580263193092427E-016)
   1.0000000000000000                1           4
              (0.99999999999995048,0.0000000000000000)
  -1.5707963267948966        0.0000000000000000     
        (0.18354803753280313,2.31780411080822731E-016)
   0.0000000000000000        0.0000000000000000     
               (4.0462155508154316,0.0000000000000000)
   1.5707963267948966        0.0000000000000000     
       (0.18354803753280313,-2.31780411080822731E-016)
   3.1415926535897931        0.0000000000000000     
        (0.26513967561965013,2.41516217236614153E-016)
   1.0000000000000000                1           4
               (1.0000000000001430,0.0000000000000000)
  -1.5707963267948966        0.0000000000000000     
        (0.18435349350295327,1.20762810637508894E-016)
   0.0000000000000000        0.0000000000000000     
               (4.0471056516308197,0.0000000000000000)
   1.5707963267948966        0.0000000000000000     
       (0.18435349350295327,-1.20762810637508894E-016)
   3.1415926535897931        0.0000000000000000     
        (0.26601406634661806,2.41525621275017788E-016)
   1.0000000000000000                1           4
               (1.0000000000000397,0.0000000000000000)
  -1.5707963267948966        0.0000000000000000     
        (0.18414288004898594,1.20701962214394054E-016)
   0.0000000000000000        0.0000000000000000     
               (4.0466597502064463,0.0000000000000000)
   1.5707963267948966        0.0000000000000000     
       (0.18414288004898594,-1.20701962214394054E-016)
   3.1415926535897931        0.0000000000000000     
        (0.26405128053875049,2.41403924428788108E-016)
   1.0000000000000000                1           4
               (1.0000000000000810,0.0000000000000000)
  -1.5707963267948966        0.0000000000000000     
        (0.18247067511464321,2.31762459936084314E-016)
   0.0000000000000000        0.0000000000000000     
               (4.0456651237410437,0.0000000000000000)
   1.5707963267948966        0.0000000000000000     
       (0.18247067511464321,-2.31762459936084314E-016)
   3.1415926535897931        0.0000000000000000     
        (0.26294904897494298,2.41480314947137271E-016)
   1.0000000000000000                1           4
               (1.0000000000000182,0.0000000000000000)
  -1.5707963267948966        0.0000000000000000     
        (0.18704548531052589,2.31732838553204154E-016)
   0.0000000000000000        0.0000000000000000     
               (4.0481370131528047,0.0000000000000000)
   1.5707963267948966        0.0000000000000000     
       (0.18704548531052589,-2.31732838553204154E-016)
   3.1415926535897931        0.0000000000000000     
        (0.26865927216737229,2.41421072181377000E-016)
   1.0000000000000000                1           4
              (0.99999999999999223,0.0000000000000000)
  -1.5707963267948966        0.0000000000000000     
        (0.18523312581804086,9.68630626051252322E-018)
   0.0000000000000000        0.0000000000000000     
               (4.0466866162039743,0.0000000000000000)
   1.5707963267948966        0.0000000000000000     
       (0.18523312581804086,-9.68630626051252322E-018)
   3.1415926535897931        0.0000000000000000     
        (0.26642199752606632,2.41417217446056355E-016)
   1.0000000000000000                1           4
              (0.99999999999979483,0.0000000000000000)
  -1.5707963267948966        0.0000000000000000     
        (0.18565841814484607,3.42729674195540020E-016)
   0.0000000000000000        0.0000000000000000     
               (4.0466381855986695,0.0000000000000000)
   1.5707963267948966        0.0000000000000000     
       (0.18565841814484607,-3.42729674195540020E-016)
   3.1415926535897931        0.0000000000000000     
        (0.26655215591830450,2.41370138541017424E-016)
   1.0000000000000000                1           4
               (1.0000000000000238,0.0000000000000000)
  -1.5707963267948966        0.0000000000000000     
        (0.17975647106153703,3.42864436645462434E-016)
   0.0000000000000000        0.0000000000000000     
               (4.0443649726901301,0.0000000000000000)
   1.5707963267948966        0.0000000000000000     
       (0.17975647106153703,-3.42864436645462434E-016)
   3.1415926535897931        0.0000000000000000     
        (0.26142315031123775,2.41639663440862253E-016)
   1.0000000000000000                1           4
              (0.99999999999989941,0.0000000000000000)
  -1.5707963267948966        0.0000000000000000     
        (0.18634440797351848,9.59215766612972364E-018)
   0.0000000000000000        0.0000000000000000     
               (4.0473736230737609,0.0000000000000000)
   1.5707963267948966        0.0000000000000000     
       (0.18634440797351848,-9.59215766612972364E-018)
   3.1415926535897931        0.0000000000000000     
        (0.26488242850797050,2.41228920257290805E-016)
   1.0000000000000000                1           4
               (1.0000000000000064,0.0000000000000000)
  -1.5707963267948966        0.0000000000000000     
        (0.18642651440509472,2.31685881197636770E-016)
   0.0000000000000000        0.0000000000000000     
               (4.0442973324291138,0.0000000000000000)
   1.5707963267948966        0.0000000000000000     
       (0.18642651440509472,-2.31685881197636770E-016)
   3.1415926535897931        0.0000000000000000     
        (0.26972726745387166,2.41327157470242232E-016)
   1.0000000000000000                1           4
              (0.99999999999999589,0.0000000000000000)
  -1.5707963267948966        0.0000000000000000     
        (0.18398821105820540,1.20782823656579736E-016)
   0.0000000000000000        0.0000000000000000     
               (4.0475659069774368,0.0000000000000000)
   1.5707963267948966        0.0000000000000000     
       (0.18398821105820540,-1.20782823656579736E-016)
   3.1415926535897931        0.0000000000000000     
        (0.26547692091975694,2.41565647313159471E-016)
   1.0000000000000000                1           4
               (1.0000000000000104,0.0000000000000000)
  -1.5707963267948966        0.0000000000000000     
        (0.18518104980283745,3.42777175562312021E-016)
   0.0000000000000000        0.0000000000000000     
               (4.0464678219848675,0.0000000000000000)
   1.5707963267948966        0.0000000000000000     
       (0.18518104980283745,-3.42777175562312021E-016)
   3.1415926535897931        0.0000000000000000     
        (0.26731929522880415,2.41465141274561327E-016)
   1.0000000000000000                1           4
               (1.0000000000001357,0.0000000000000000)
  -1.5707963267948966        0.0000000000000000     
       (0.18217710620309513,-1.01340488084258462E-016)
   0.0000000000000000        0.0000000000000000     
               (4.0453268099400992,0.0000000000000000)
   1.5707963267948966        0.0000000000000000     
        (0.18217710620309513,1.01340488084258462E-016)
   3.1415926535897931        0.0000000000000000     
        (0.26152304855153330,2.41408233681545742E-016)
   1.0000000000000000                1           4
              (0.99999999999997746,0.0000000000000000)
  -1.5707963267948966        0.0000000000000000     
        (0.18205130326433039,1.20813458670304418E-016)
   0.0000000000000000        0.0000000000000000     
               (4.0456410864901819,0.0000000000000000)
   1.5707963267948966        0.0000000000000000     
       (0.18205130326433039,-1.20813458670304418E-016)
   3.1415926535897931        0.0000000000000000     
        (0.26452854130271419,2.41626917340608836E-016)
   1.0000000000000000                1           4
              (0.99999999999998690,0.0000000000000000)
  -1.5707963267948966        0.0000000000000000     
        (0.18325429512837521,1.20717218386203876E-016)
   0.0000000000000000        0.0000000000000000     
               (4.0447743907941636,0.0000000000000000)
   1.5707963267948966        0.0000000000000000     
       (0.18325429512837521,-1.20717218386203876E-016)
   3.1415926535897931        0.0000000000000000     
        (0.26465777449669170,2.41434436772407752E-016)
   1.0000000000000000                1           4
               (1.0000000000000209,0.0000000000000000)
  -1.5707963267948966        0.0000000000000000     
        (0.17923546295126669,1.20798687002409122E-016)
   0.0000000000000000        0.0000000000000000     
               (4.0433622250850529,0.0000000000000000)
   1.5707963267948966        0.0000000000000000     
       (0.17923546295126669,-1.20798687002409122E-016)
   3.1415926535897931        0.0000000000000000     
        (0.26069324279362815,2.41597374004818245E-016)
   1.0000000000000000                1           4
               (1.0000000000000573,0.0000000000000000)
  -1.5707963267948966        0.0000000000000000     
        (0.18621839526989259,9.64210341292455292E-018)
   0.0000000000000000        0.0000000000000000     
               (4.0445798207608519,0.0000000000000000)
   1.5707963267948966        0.0000000000000000     
       (0.18621839526989259,-9.64210341292455292E-018)
   3.1415926535897931        0.0000000000000000     
        (0.26905555730478870,2.41328811750880414E-016)
   1.0000000000000000                1           4
              (0.99999999999929723,0.0000000000000000)
  -1.5707963267948966        0.0000000000000000     
        (0.18215373158109494,1.20764964868927637E-016)
   0.0000000000000000        0.0000000000000000     
               (4.0460792927841185,0.0000000000000000)
   1.5707963267948966        0.0000000000000000     
       (0.18215373158109494,-1.20764964868927637E-016)
   3.1415926535897931        0.0000000000000000     
        (0.26271126388744681,2.41529929737855274E-016)
   1.0000000000000000                1           4
              (0.99999999999994216,0.0000000000000000)
  -1.5707963267948966        0.0000000000000000     
        (0.18290996314131613,9.66025568447005084E-018)
   0.0000000000000000        0.0000000000000000     
               (4.0445341077771193,0.0000000000000000)
   1.5707963267948966        0.0000000000000000     
       (0.18290996314131613,-9.66025568447005084E-018)
   3.1415926535897931        0.0000000000000000     
        (0.26307730421419584,2.41365116293971410E-016)
   1.0000000000000000                1           4
               (1.0000000000000193,0.0000000000000000)
  -1.5707963267948966        0.0000000000000000     
        (0.18497093053203162,1.20734506866785166E-016)
   0.0000000000000000        0.0000000000000000     
               (4.0483607952438287,0.0000000000000000)
   1.5707963267948966        0.0000000000000000     
       (0.18497093053203162,-1.20734506866785166E-016)
   3.1415926535897931        0.0000000000000000     
        (0.26506932548319095,2.41469013733570332E-016)
   1.0000000000000000                1           4
              (0.99999999999994027,0.0000000000000000)
  -1.5707963267948966        0.0000000000000000     
        (0.18263994598035049,1.20744387783074369E-016)
   0.0000000000000000        0.0000000000000000     
               (4.0459012395778036,0.0000000000000000)
   1.5707963267948966        0.0000000000000000     
       (0.18263994598035049,-1.20744387783074369E-016)
   3.1415926535897931        0.0000000000000000     
        (0.26318964726375049,2.41488775566148737E-016)
   1.0000000000000000                1           4
              (0.99999999999994449,0.0000000000000000)
  -1.5707963267948966        0.0000000000000000     
        (0.18585173100967545,9.62190503125168491E-018)
   0.0000000000000000        0.0000000000000000     
               (4.0459410884536213,0.0000000000000000)
   1.5707963267948966        0.0000000000000000     
       (0.18585173100967545,-9.62190503125168491E-018)
   3.1415926535897931        0.0000000000000000     
        (0.26630123188029142,2.41288414987534678E-016)
   1.0000000000000000                1           4
              (0.99999999999999944,0.0000000000000000)
  -1.5707963267948966        0.0000000000000000     
        (0.18357360219672492,1.20699414971379314E-016)
   0.0000000000000000        0.0000000000000000     
               (4.0449342419329382,0.0000000000000000)
   1.5707963267948966        0.0000000000000000     
       (0.18357360219672492,-1.20699414971379314E-016)
   3.1415926535897931        0.0000000000000000     
        (0.26455503383700885,2.41398829942758627E-016)
   1.0000000000000000                1           4
               (1.0000000000000602,0.0000000000000000)
  -1.5707963267948966        0.0000000000000000     
        (0.18855414908769941,2.31602939712241508E-016)
   0.0000000000000000        0.0000000000000000     
               (4.0448900795483542,0.0000000000000000)
   1.5707963267948966        0.0000000000000000     
       (0.18855414908769941,-2.31602939712241508E-016)
   3.1415926535897931        0.0000000000000000     
        (0.27068071519924131,2.41161274499451757E-016)
   1.0000000000000000                1           4
              (0.99999999999992395,0.0000000000000000)
  -1.5707963267948966        0.0000000000000000     
       (0.18375599046827218,-1.01274962239666372E-016)
   0.0000000000000000        0.0000000000000000     
               (4.0478652609393730,0.0000000000000000)
   1.5707963267948966        0.0000000000000000     
        (0.18375599046827218,1.01274962239666372E-016)
   3.1415926535897931        0.0000000000000000     
        (0.26428260258632097,2.41539285370729922E-016)
   1.0000000000000000                1           4
              (0.99999999999999778,0.0000000000000000)
  -1.5707963267948966        0.0000000000000000     
       (0.18713888232610931,-2.12381374225379746E-016)
   0.0000000000000000        0.0000000000000000     
               (4.0468456632365006,0.0000000000000000)
   1.5707963267948966        0.0000000000000000     
        (0.18713888232610931,2.12381374225379746E-016)
   3.1415926535897931        0.0000000000000000     
        (0.26932075849441828,2.41371066324334482E-016)
   1.0000000000000000                1           4
               (1.0000000000000282,0.0000000000000000)
  -1.5707963267948966        0.0000000000000000     
        (0.18166053155488582,1.20765707338970092E-016)
   0.0000000000000000        0.0000000000000000     
               (4.0443578401382805,0.0000000000000000)
   1.5707963267948966        0.0000000000000000     
       (0.18166053155488582,-1.20765707338970092E-016)
   3.1415926535897931        0.0000000000000000     
        (0.26347056739281860,2.41531414677940183E-016)
   1.0000000000000000                1           4
               (1.0000000000000038,0.0000000000000000)
  -1.5707963267948966        0.0000000000000000     
        (0.18745310497330436,9.61742296745606306E-018)
   0.0000000000000000        0.0000000000000000     
               (4.0465387605021981,0.0000000000000000)
   1.5707963267948966        0.0000000000000000     
       (0.18745310497330436,-9.61742296745606306E-018)
   3.1415926535897931        0.0000000000000000     
        (0.26875991244568753,2.41279450859943434E-016)
   1.0000000000000000                1           4
              (0.99999999999998235,0.0000000000000000)
  -1.5707963267948966        0.0000000000000000     
        (0.18307684346878927,1.20844923213453281E-016)
   0.0000000000000000        0.0000000000000000     
               (4.0469664626212936,0.0000000000000000)
   1.5707963267948966        0.0000000000000000     
       (0.18307684346878927,-1.20844923213453281E-016)
   3.1415926535897931        0.0000000000000000     
        (0.26628195555112710,2.41689846426906561E-016)
   1.0000000000000000                1           4
               (1.0000000000001237,0.0000000000000000)
  -1.5707963267948966        0.0000000000000000     
        (0.18515491458488631,4.53741103796216256E-016)
   0.0000000000000000        0.0000000000000000     
               (4.0460584618057096,0.0000000000000000)
   1.5707963267948966        0.0000000000000000     
       (0.18515491458488631,-4.53741103796216256E-016)
   3.1415926535897931        0.0000000000000000     
        (0.26576973797303738,2.41348392817338489E-016)
   1.0000000000000000                1           4
               (1.0000000000000380,0.0000000000000000)
  -1.5707963267948966        0.0000000000000000     
        (0.18418089915643621,1.20759147430728097E-016)
   0.0000000000000000        0.0000000000000000     
               (4.0464228429365408,0.0000000000000000)
   1.5707963267948966        0.0000000000000000     
       (0.18418089915643621,-1.20759147430728097E-016)
   3.1415926535897931        0.0000000000000000     
        (0.26623203693438802,2.41518294861456194E-016)
   1.0000000000000000                1           4
               (1.0000000000000000,0.0000000000000000)
  -1.5707963267948966        0.0000000000000000     
       (0.17691493974887063,-1.01204716465174593E-016)
   0.0000000000000000        0.0000000000000000     
               (4.0432759019774478,0.0000000000000000)
   1.5707963267948966        0.0000000000000000     
        (0.17691493974887063,1.01204716465174593E-016)
   3.1415926535897931        0.0000000000000000     
        (0.25748426122299561,2.41679776919713480E-016)
   1.0000000000000000                1           4
              (0.99999999999999212,0.0000000000000000)
  -1.5707963267948966        0.0000000000000000     
       (0.18449330274429721,-1.01229320255298038E-016)
   0.0000000000000000        0.0000000000000000     
               (4.0487700600831378,0.0000000000000000)
   1.5707963267948966        0.0000000000000000     
        (0.18449330274429721,1.01229320255298038E-016)
   3.1415926535897931        0.0000000000000000     
        (0.26634320833715508,2.41630569339466589E-016)
   1.0000000000000000                1           4
              (0.99999999999997091,0.0000000000000000)
  -1.5707963267948966        0.0000000000000000     
        (0.18045343596985175,2.31818817485552016E-016)
   0.0000000000000000        0.0000000000000000     
               (4.0448684684098870,0.0000000000000000)
   1.5707963267948966        0.0000000000000000     
       (0.18045343596985175,-2.31818817485552016E-016)
   3.1415926535897931        0.0000000000000000     
        (0.26155200327595007,2.41593030046072626E-016)
   1.0000000000000000                1           4
               (1.0000000000000828,0.0000000000000000)
  -1.5707963267948966        0.0000000000000000     
        (0.18257349602759965,2.31760176120967807E-016)
   0.0000000000000000        0.0000000000000000     
               (4.0460009268843011,0.0000000000000000)
   1.5707963267948966        0.0000000000000000     
       (0.18257349602759965,-2.31760176120967807E-016)
   3.1415926535897931        0.0000000000000000     
        (0.26274429259498788,2.41475747316904307E-016)
   1.0000000000000000                1           4
               (1.0000000000000095,0.0000000000000000)
  -1.5707963267948966        0.0000000000000000     
        (0.18739198579693361,1.20618002922835599E-016)
   0.0000000000000000        0.0000000000000000     
               (4.0467276222192474,0.0000000000000000)
   1.5707963267948966        0.0000000000000000     
       (0.18739198579693361,-1.20618002922835599E-016)
   3.1415926535897931        0.0000000000000000     
        (0.26773930144911351,2.41236005845671197E-016)
   1.0000000000000000                1           4
              (0.99999999999999578,0.0000000000000000)
  -1.5707963267948966        0.0000000000000000     
       (0.17880664315519790,-1.01209302949934705E-016)
   0.0000000000000000        0.0000000000000000     
               (4.0441736190137236,0.0000000000000000)
   1.5707963267948966        0.0000000000000000     
        (0.17880664315519790,1.01209302949934705E-016)
   3.1415926535897931        0.0000000000000000     
        (0.26022014503856028,2.41670603950193206E-016)
   1.0000000000000000                1           4
               (1.0000000000000058,0.0000000000000000)
  -1.5707963267948966        0.0000000000000000     
        (0.18125584458639943,1.20787564125338423E-016)
   0.0000000000000000        0.0000000000000000     
               (4.0444107472126785,0.0000000000000000)
   1.5707963267948966        0.0000000000000000     
       (0.18125584458639943,-1.20787564125338423E-016)
   3.1415926535897931        0.0000000000000000     
        (0.26332218320079170,2.41575128250676845E-016)
   1.0000000000000000                1           4
              (0.99999999999999012,0.0000000000000000)
  -1.5707963267948966        0.0000000000000000     
        (0.17949816006835229,9.77197330190351121E-018)
   0.0000000000000000        0.0000000000000000     
               (4.0440173700124902,0.0000000000000000)
   1.5707963267948966        0.0000000000000000     
       (0.17949816006835229,-9.77197330190351121E-018)
   3.1415926535897931        0.0000000000000000     
        (0.26041941013344616,2.41588551528838380E-016)
   1.0000000000000000                1           4
               (1.0000000000000033,0.0000000000000000)
  -1.5707963267948966        0.0000000000000000     
        (0.18223094002350160,1.20785104803549111E-016)
   0.0000000000000000        0.0000000000000000     
               (4.0477793373892759,0.0000000000000000)
   1.5707963267948966        0.0000000000000000     
       (0.18223094002350160,-1.20785104803549111E-016)
   3.1415926535897931        0.0000000000000000     
        (0.26182345635282411,2.41570209607098222E-016)
   1.0000000000000000                1           4
              (0.99999999999992706,0.0000000000000000)
  -1.5707963267948966        0.0000000000000000     
        (0.18449400061801824,1.20720804135811946E-016)
   0.0000000000000000        0.0000000000000000     
               (4.0456094606540836,0.0000000000000000)
   1.5707963267948966        0.0000000000000000     
       (0.18449400061801824,-1.20720804135811946E-016)
   3.1415926535897931        0.0000000000000000     
        (0.26641923508627818,2.41441608271623891E-016)
   1.0000000000000000                1           4
               (1.0000000000000364,0.0000000000000000)
  -1.5707963267948966        0.0000000000000000     
       (0.18504989514984804,-1.01363078017543633E-016)
   0.0000000000000000        0.0000000000000000     
               (4.0466912714827172,0.0000000000000000)
   1.5707963267948966        0.0000000000000000     
        (0.18504989514984804,1.01363078017543633E-016)
   3.1415926535897931        0.0000000000000000     
        (0.26516632168751597,2.41363053814975400E-016)
   1.0000000000000000                1           4
              (0.99999999999993883,0.0000000000000000)
  -1.5707963267948966        0.0000000000000000     
        (0.18271532531772372,1.20751889376058843E-016)
   0.0000000000000000        0.0000000000000000     
               (4.0451769599689182,0.0000000000000000)
   1.5707963267948966        0.0000000000000000     
       (0.18271532531772372,-1.20751889376058843E-016)
   3.1415926535897931        0.0000000000000000     
        (0.26430970616850169,2.41503778752117687E-016)
   1.0000000000000000                1           4
               (1.0000000000001248,0.0000000000000000)
  -1.5707963267948966        0.0000000000000000     
        (0.18521475859853032,9.70619246675191315E-018)
   0.0000000000000000        0.0000000000000000     
               (4.0482225720240104,0.0000000000000000)
   1.5707963267948966        0.0000000000000000     
       (0.18521475859853032,-9.70619246675191315E-018)
   3.1415926535897931        0.0000000000000000     
        (0.26549884005485369,2.41456989858535184E-016)
   1.0000000000000000                1           4
              (0.99999999999997569,0.0000000000000000)
  -1.5707963267948966        0.0000000000000000     
        (0.18207818608241599,1.20710327264426741E-016)
   0.0000000000000000        0.0000000000000000     
               (4.0440813879533968,0.0000000000000000)
   1.5707963267948966        0.0000000000000000     
       (0.18207818608241599,-1.20710327264426741E-016)
   3.1415926535897931        0.0000000000000000     
        (0.26277347812723140,2.41420654528853482E-016)
   1.0000000000000000                1           4
               (1.0000000000000135,0.0000000000000000)
  -1.5707963267948966        0.0000000000000000     
       (0.18465882017803881,-1.01350466871520581E-016)
   0.0000000000000000        0.0000000000000000     
               (4.0457991657628858,0.0000000000000000)
   1.5707963267948966        0.0000000000000000     
        (0.18465882017803881,1.01350466871520581E-016)
   3.1415926535897931        0.0000000000000000     
        (0.26568818875217004,2.41388276107021504E-016)
   1.0000000000000000                1           4
              (0.99999999999998379,0.0000000000000000)
  -1.5707963267948966        0.0000000000000000     
        (0.18151905358423237,9.74903084998933028E-018)
   0.0000000000000000        0.0000000000000000     
               (4.0455300787909270,0.0000000000000000)
   1.5707963267948966        0.0000000000000000     
       (0.18151905358423237,-9.74903084998933028E-018)
   3.1415926535897931        0.0000000000000000     
        (0.26219913103964976,2.41542666625009969E-016)
   1.0000000000000000                1           4
              (0.99999999999998757,0.0000000000000000)
  -1.5707963267948966        0.0000000000000000     
        (0.18308492264265275,1.20700330812835679E-016)
   0.0000000000000000        0.0000000000000000     
               (4.0455909479900694,0.0000000000000000)
   1.5707963267948966        0.0000000000000000     
       (0.18308492264265275,-1.20700330812835679E-016)
   3.1415926535897931        0.0000000000000000     
        (0.26295088232379915,2.41400661625671357E-016)
   1.0000000000000000                1           4
              (0.99999999999982458,0.0000000000000000)
  -1.5707963267948966        0.0000000000000000     
        (0.18645569344906998,2.31706865027210273E-016)
   0.0000000000000000        0.0000000000000000     
               (4.0466460764229559,0.0000000000000000)
   1.5707963267948966        0.0000000000000000     
       (0.18645569344906998,-2.31706865027210273E-016)
   3.1415926535897931        0.0000000000000000     
        (0.26812226543460282,2.41369125129389237E-016)
   1.0000000000000000                1           4
               (1.0000000000000189,0.0000000000000000)
  -1.5707963267948966        0.0000000000000000     
        (0.18231773746803337,2.31790006308607794E-016)
   0.0000000000000000        0.0000000000000000     
               (4.0466872396370590,0.0000000000000000)
   1.5707963267948966        0.0000000000000000     
       (0.18231773746803337,-2.31790006308607794E-016)
   3.1415926535897931        0.0000000000000000     
        (0.26252079059169520,2.41535407692184280E-016)
   1.0000000000000000                1           4
               (1.0000000000000075,0.0000000000000000)
  -1.5707963267948966        0.0000000000000000     
        (0.18454742396567514,1.20676265506620848E-016)
   0.0000000000000000        0.0000000000000000     
               (4.0451738871217771,0.0000000000000000)
   1.5707963267948966        0.0000000000000000     
       (0.18454742396567514,-1.20676265506620848E-016)
   3.1415926535897931        0.0000000000000000     
        (0.26550691328633180,2.41352531013241696E-016)
   1.0000000000000000                1           4
               (1.0000000000000158,0.0000000000000000)
  -1.5707963267948966        0.0000000000000000     
        (0.18429319242263087,2.31784089271990489E-016)
   0.0000000000000000        0.0000000000000000     
               (4.0463272554930327,0.0000000000000000)
   1.5707963267948966        0.0000000000000000     
       (0.18429319242263087,-2.31784089271990489E-016)
   3.1415926535897931        0.0000000000000000     
        (0.26663841956239942,2.41523573618949669E-016)
   1.0000000000000000                1           4
               (1.0000000000000655,0.0000000000000000)
  -1.5707963267948966        0.0000000000000000     
        (0.17864485064869351,1.20854838316656220E-016)
   0.0000000000000000        0.0000000000000000     
               (4.0443938472649998,0.0000000000000000)
   1.5707963267948966        0.0000000000000000     
       (0.17864485064869351,-1.20854838316656220E-016)
   3.1415926535897931        0.0000000000000000     
        (0.26031443711446656,2.41709676633312440E-016)
   1.0000000000000000                1           4
               (1.0000000000000364,0.0000000000000000)
  -1.5707963267948966        0.0000000000000000     
        (0.18340402365133091,2.31761833481983037E-016)
   0.0000000000000000        0.0000000000000000     
               (4.0451901287827843,0.0000000000000000)
   1.5707963267948966        0.0000000000000000     
       (0.18340402365133091,-2.31761833481983037E-016)
   3.1415926535897931        0.0000000000000000     
        (0.26527027946283543,2.41479062038934814E-016)
   1.0000000000000000                1           4
               (1.0000000000001665,0.0000000000000000)
  -1.5707963267948966        0.0000000000000000     
        (0.18800347140509399,1.20654574225060407E-016)
   0.0000000000000000        0.0000000000000000     
               (4.0469633312301792,0.0000000000000000)
   1.5707963267948966        0.0000000000000000     
       (0.18800347140509399,-1.20654574225060407E-016)
   3.1415926535897931        0.0000000000000000     
        (0.26992107303468527,2.41309148450120814E-016)
   1.0000000000000000                1           4
               (1.0000000000002509,0.0000000000000000)
  -1.5707963267948966        0.0000000000000000     
       (0.18297588957576916,-1.01356945056978306E-016)
   0.0000000000000000        0.0000000000000000     
               (4.0446820849632843,0.0000000000000000)
   1.5707963267948966        0.0000000000000000     
        (0.18297588957576916,1.01356945056978306E-016)
   3.1415926535897931        0.0000000000000000     
        (0.26322781475266388,2.41375319736106053E-016)
   1.0000000000000000                1           4
              (0.99999999999996947,0.0000000000000000)
  -1.5707963267948966        0.0000000000000000     
        (0.18169933679587291,1.20785818626534911E-016)
   0.0000000000000000        0.0000000000000000     
               (4.0462945459091797,0.0000000000000000)
   1.5707963267948966        0.0000000000000000     
       (0.18169933679587291,-1.20785818626534911E-016)
   3.1415926535897931        0.0000000000000000     
        (0.26226835660573655,2.41571637253069822E-016)
   1.0000000000000000                1           4
               (1.0000000000000251,0.0000000000000000)
  -1.5707963267948966        0.0000000000000000     
        (0.17993737417310673,3.42855957685993928E-016)
   0.0000000000000000        0.0000000000000000     
               (4.0436895492788940,0.0000000000000000)
   1.5707963267948966        0.0000000000000000     
       (0.17993737417310673,-3.42855957685993928E-016)
   3.1415926535897931        0.0000000000000000     
        (0.26218343611252148,2.41622705521925241E-016)
   1.0000000000000000                1           4
              (0.99999999999994149,0.0000000000000000)
  -1.5707963267948966        0.0000000000000000     
        (0.18249492235452447,1.20782941667894529E-016)
   0.0000000000000000        0.0000000000000000     
               (4.0456451199004446,0.0000000000000000)
   1.5707963267948966        0.0000000000000000     
       (0.18249492235452447,-1.20782941667894529E-016)
   3.1415926535897931        0.0000000000000000     
        (0.26441498513144479,2.41565883335789058E-016)
   1.0000000000000000                1           4
               (1.0000000000000275,0.0000000000000000)
  -1.5707963267948966        0.0000000000000000     
        (0.18846871691532008,1.20639231014490078E-016)
   0.0000000000000000        0.0000000000000000     
               (4.0464514652855641,0.0000000000000000)
   1.5707963267948966        0.0000000000000000     
       (0.18846871691532008,-1.20639231014490078E-016)
   3.1415926535897931        0.0000000000000000     
        (0.27086228271121171,2.41278462028980155E-016)
   1.0000000000000000                1           4
               (1.0000000000000167,0.0000000000000000)
  -1.5707963267948966        0.0000000000000000     
        (0.18673810424920112,9.62999309964073199E-018)
   0.0000000000000000        0.0000000000000000     
               (4.0449625740260942,0.0000000000000000)
   1.5707963267948966        0.0000000000000000     
       (0.18673810424920112,-9.62999309964073199E-018)
   3.1415926535897931        0.0000000000000000     
        (0.26931666914840313,2.41304591124312821E-016)
   1.0000000000000000                1           4
               (1.0000000000000426,0.0000000000000000)
  -1.5707963267948966        0.0000000000000000     
        (0.18460973046685569,9.70535401795557594E-018)
   0.0000000000000000        0.0000000000000000     
               (4.0464617426532383,0.0000000000000000)
   1.5707963267948966        0.0000000000000000     
       (0.18460973046685569,-9.70535401795557594E-018)
   3.1415926535897931        0.0000000000000000     
        (0.26602222734632053,2.41455312960942509E-016)
   1.0000000000000000                1           4
              (0.99999999999998912,0.0000000000000000)
  -1.5707963267948966        0.0000000000000000     
        (0.18466461705942172,1.20714625414624255E-016)
   0.0000000000000000        0.0000000000000000     
               (4.0454650249424464,0.0000000000000000)
   1.5707963267948966        0.0000000000000000     
       (0.18466461705942172,-1.20714625414624255E-016)
   3.1415926535897931        0.0000000000000000     
        (0.26670309133149561,2.41429250829248510E-016)
   1.0000000000000000                1           4
               (1.0000000000000382,0.0000000000000000)
  -1.5707963267948966        0.0000000000000000     
        (0.18249816038723676,1.20726014083506892E-016)
   0.0000000000000000        0.0000000000000000     
               (4.0444537763309691,0.0000000000000000)
   1.5707963267948966        0.0000000000000000     
       (0.18249816038723676,-1.20726014083506892E-016)
   3.1415926535897931        0.0000000000000000     
        (0.26375340875347664,2.41452028167013784E-016)
   1.0000000000000000                1           4
               (1.0000000000000122,0.0000000000000000)
  -1.5707963267948966        0.0000000000000000     
        (0.18677853796475985,2.31728319856314239E-016)
   0.0000000000000000        0.0000000000000000     
               (4.0470969034508668,0.0000000000000000)
   1.5707963267948966        0.0000000000000000     
       (0.18677853796475985,-2.31728319856314239E-016)
   3.1415926535897931        0.0000000000000000     
        (0.26901789533682985,2.41412034787597220E-016)
   1.0000000000000000                1           4
               (1.0000000000000062,0.0000000000000000)
  -1.5707963267948966        0.0000000000000000     
        (0.18046511883208816,9.76035957380011612E-018)
   0.0000000000000000        0.0000000000000000     
               (4.0448144180832966,0.0000000000000000)
   1.5707963267948966        0.0000000000000000     
       (0.18046511883208816,-9.76035957380011612E-018)
   3.1415926535897931        0.0000000000000000     
        (0.26117694644323319,2.41565324072631540E-016)
   1.0000000000000000                1           4
              (0.99999999999994771,0.0000000000000000)
  -1.5707963267948966        0.0000000000000000     
        (0.18706997329187236,2.31731105794856415E-016)
   0.0000000000000000        0.0000000000000000     
               (4.0482149828106380,0.0000000000000000)
   1.5707963267948966        0.0000000000000000     
       (0.18706997329187236,-2.31731105794856415E-016)
   3.1415926535897931        0.0000000000000000     
        (0.26857368228959377,2.41417606664681521E-016)
   1.0000000000000000                1           4
              (0.99999999999993738,0.0000000000000000)
  -1.5707963267948966        0.0000000000000000     
        (0.18152882085002298,1.20865393812854732E-016)
   0.0000000000000000        0.0000000000000000     
               (4.0470509074343202,0.0000000000000000)
   1.5707963267948966        0.0000000000000000     
       (0.18152882085002298,-1.20865393812854732E-016)
   3.1415926535897931        0.0000000000000000     
        (0.26377008601762486,2.41730787625709464E-016)
   1.0000000000000000                1           4
               (1.0000000000000655,0.0000000000000000)
  -1.5707963267948966        0.0000000000000000     
        (0.18462242237704640,1.20705453490456823E-016)
   0.0000000000000000        0.0000000000000000     
               (4.0457803120174960,0.0000000000000000)
   1.5707963267948966        0.0000000000000000     
       (0.18462242237704640,-1.20705453490456823E-016)
   3.1415926535897931        0.0000000000000000     
        (0.26600383711388054,2.41410906980913645E-016)
   1.0000000000000000                1           4
               (1.0000000000000138,0.0000000000000000)
  -1.5707963267948966        0.0000000000000000     
        (0.18672570066589822,1.20633659141478197E-016)
   0.0000000000000000        0.0000000000000000     
               (4.0460565172859244,0.0000000000000000)
   1.5707963267948966        0.0000000000000000     
       (0.18672570066589822,-1.20633659141478197E-016)
   3.1415926535897931        0.0000000000000000     
        (0.26758920702840250,2.41267318282956393E-016)
   1.0000000000000000                1           4
               (1.0000000000001150,0.0000000000000000)
  -1.5707963267948966        0.0000000000000000     
        (0.18057059521109664,1.20811631325105610E-016)
   0.0000000000000000        0.0000000000000000     
               (4.0469836788494309,0.0000000000000000)
   1.5707963267948966        0.0000000000000000     
       (0.18057059521109664,-1.20811631325105610E-016)
   3.1415926535897931        0.0000000000000000     
        (0.26016484721335253,2.41623262650211219E-016)
   1.0000000000000000                1           4
              (0.99999999999994837,0.0000000000000000)
  -1.5707963267948966        0.0000000000000000     
        (0.18877629356753833,9.61041028035529610E-018)
   0.0000000000000000        0.0000000000000000     
               (4.0470642004950186,0.0000000000000000)
   1.5707963267948966        0.0000000000000000     
       (0.18877629356753833,-9.61041028035529610E-018)
   3.1415926535897931        0.0000000000000000     
        (0.27065179789823157,2.41265425485741900E-016)
   1.0000000000000000                1           4
              (0.99999999999957190,0.0000000000000000)
  -1.5707963267948966        0.0000000000000000     
        (0.18502771194893397,9.67307917920613352E-018)
   0.0000000000000000        0.0000000000000000     
               (4.0448419573990808,0.0000000000000000)
   1.5707963267948966        0.0000000000000000     
       (0.18502771194893397,-9.67307917920613352E-018)
   3.1415926535897931        0.0000000000000000     
        (0.26742379933122828,2.41390763283443575E-016)
   1.0000000000000000                1           4
               (1.0000000000000746,0.0000000000000000)
  -1.5707963267948966        0.0000000000000000     
        (0.18490660113364044,2.31734173606421950E-016)
   0.0000000000000000        0.0000000000000000     
               (4.0463479586252156,0.0000000000000000)
   1.5707963267948966        0.0000000000000000     
       (0.18490660113364044,-2.31734173606421950E-016)
   3.1415926535897931        0.0000000000000000     
        (0.26621416448848800,2.41423742287812640E-016)
   1.0000000000000000                1           4
               (1.0000000000000246,0.0000000000000000)
  -1.5707963267948966        0.0000000000000000     
        (0.18300865228699026,9.74907831209757144E-018)
   0.0000000000000000        0.0000000000000000     
               (4.0470965311491387,0.0000000000000000)
   1.5707963267948966        0.0000000000000000     
       (0.18300865228699026,-9.74907831209757144E-018)
   3.1415926535897931        0.0000000000000000     
        (0.26361342631705365,2.41542761549226451E-016)
   1.0000000000000000                1           4
              (0.99999999999999067,0.0000000000000000)
  -1.5707963267948966        0.0000000000000000     
        (0.17445434934787818,9.83123205022366182E-018)
   0.0000000000000000        0.0000000000000000     
               (4.0434936679225641,0.0000000000000000)
   1.5707963267948966        0.0000000000000000     
       (0.17445434934787818,-9.83123205022366182E-018)
   3.1415926535897931        0.0000000000000000     
        (0.25279102838759826,2.41707069025478632E-016)
   1.0000000000000000                1           4
               (1.0000000000000235,0.0000000000000000)
  -1.5707963267948966        0.0000000000000000     
        (0.17877081561676811,1.20811629420702373E-016)
   0.0000000000000000        0.0000000000000000     
               (4.0439425645696785,0.0000000000000000)
   1.5707963267948966        0.0000000000000000     
       (0.17877081561676811,-1.20811629420702373E-016)
   3.1415926535897931        0.0000000000000000     
        (0.25960634010191741,2.41623258841404746E-016)
   1.0000000000000000                1           4
              (0.99999999999998024,0.0000000000000000)
  -1.5707963267948966        0.0000000000000000     
        (0.18785714861505531,1.20696075444346943E-016)
   0.0000000000000000        0.0000000000000000     
               (4.0475553632614680,0.0000000000000000)
   1.5707963267948966        0.0000000000000000     
       (0.18785714861505531,-1.20696075444346943E-016)
   3.1415926535897931        0.0000000000000000     
        (0.27039192811455437,2.41392150888693887E-016)
   1.0000000000000000                1           4
               (1.0000000000000375,0.0000000000000000)
  -1.5707963267948966        0.0000000000000000     
        (0.18494204819217619,2.31826678679145666E-016)
   0.0000000000000000        0.0000000000000000     
               (4.0469906013949615,0.0000000000000000)
   1.5707963267948966        0.0000000000000000     
       (0.18494204819217619,-2.31826678679145666E-016)
   3.1415926535897931        0.0000000000000000     
        (0.26866386080388349,2.41608752433259925E-016)
   1.0000000000000000                1           4
               (1.0000000000000511,0.0000000000000000)
  -1.5707963267948966        0.0000000000000000     
        (0.18574373663819910,1.20709252611504779E-016)
   0.0000000000000000        0.0000000000000000     
               (4.0466490943711397,0.0000000000000000)
   1.5707963267948966        0.0000000000000000     
       (0.18574373663819910,-1.20709252611504779E-016)
   3.1415926535897931        0.0000000000000000     
        (0.26750177199287384,2.41418505223009557E-016)
   1.0000000000000000                1           4
               (1.0000000000000837,0.0000000000000000)
  -1.5707963267948966        0.0000000000000000     
        (0.18602255316326000,9.72770195112323530E-018)
   0.0000000000000000        0.0000000000000000     
               (4.0491265435794981,0.0000000000000000)
   1.5707963267948966        0.0000000000000000     
       (0.18602255316326000,-9.72770195112323530E-018)
   3.1415926535897931        0.0000000000000000     
        (0.26691301070408968,2.41500008827277779E-016)
   1.0000000000000000                1           4
              (0.99999999999990830,0.0000000000000000)
  -1.5707963267948966        0.0000000000000000     
        (0.18272865504428837,9.70225961683305348E-018)
   0.0000000000000000        0.0000000000000000     
               (4.0457513094736450,0.0000000000000000)
   1.5707963267948966        0.0000000000000000     
       (0.18272865504428837,-9.70225961683305348E-018)
   3.1415926535897931        0.0000000000000000     
        (0.26286943887000558,2.41449124158697464E-016)
   1.0000000000000000                1           4
              (0.99999999999979627,0.0000000000000000)
  -1.5707963267948966        0.0000000000000000     
        (0.18551726948175340,2.31805883074926527E-016)
   0.0000000000000000        0.0000000000000000     
               (4.0469804838247745,0.0000000000000000)
   1.5707963267948966        0.0000000000000000     
       (0.18551726948175340,-2.31805883074926527E-016)
   3.1415926535897931        0.0000000000000000     
        (0.26914518497323137,2.41567161224821697E-016)
   1.0000000000000000                1           4
              (0.99999999999997669,0.0000000000000000)
  -1.5707963267948966        0.0000000000000000     
        (0.18449758069259370,1.20741276291418237E-016)
   0.0000000000000000        0.0000000000000000     
               (4.0458732683501557,0.0000000000000000)
   1.5707963267948966        0.0000000000000000     
       (0.18449758069259370,-1.20741276291418237E-016)
   3.1415926535897931        0.0000000000000000     
        (0.26683125888592119,2.41482552582836474E-016)
   1.0000000000000000                1           4
              (0.99999999999999600,0.0000000000000000)
  -1.5707963267948966        0.0000000000000000     
        (0.18229099621944689,1.20755050491271774E-016)
   0.0000000000000000        0.0000000000000000     
               (4.0446591244966914,0.0000000000000000)
   1.5707963267948966        0.0000000000000000     
       (0.18229099621944689,-1.20755050491271774E-016)
   3.1415926535897931        0.0000000000000000     
        (0.26408213330250485,2.41510100982543549E-016)
   1.0000000000000000                1           4
              (0.99999999999999023,0.0000000000000000)
  -1.5707963267948966        0.0000000000000000     
        (0.18590964960483913,2.31806660391098229E-016)
   0.0000000000000000        0.0000000000000000     
               (4.0470474124406062,0.0000000000000000)
   1.5707963267948966        0.0000000000000000     
       (0.18590964960483913,-2.31806660391098229E-016)
   3.1415926535897931        0.0000000000000000     
        (0.26988840567647687,2.41568715857165101E-016)
   1.0000000000000000                1           4
              (0.99999999999997846,0.0000000000000000)
  -1.5707963267948966        0.0000000000000000     
        (0.18499718828245482,1.20673901179018896E-016)
   0.0000000000000000        0.0000000000000000     
               (4.0444804239373529,0.0000000000000000)
   1.5707963267948966        0.0000000000000000     
       (0.18499718828245482,-1.20673901179018896E-016)
   3.1415926535897931        0.0000000000000000     
        (0.26702268030436116,2.41347802358037793E-016)
   1.0000000000000000                1           4
              (0.99999999999997435,0.0000000000000000)
  -1.5707963267948966        0.0000000000000000     
        (0.18688100349168812,1.20656294850124315E-016)
   0.0000000000000000        0.0000000000000000     
               (4.0469942170619850,0.0000000000000000)
   1.5707963267948966        0.0000000000000000     
       (0.18688100349168812,-1.20656294850124315E-016)
   3.1415926535897931        0.0000000000000000     
        (0.26770145125557865,2.41312589700248631E-016)
   1.0000000000000000                1           4
               (1.0000000000000684,0.0000000000000000)
  -1.5707963267948966        0.0000000000000000     
        (0.18120273507664197,1.20786004010305848E-016)
   0.0000000000000000        0.0000000000000000     
               (4.0447111188945000,0.0000000000000000)
   1.5707963267948966        0.0000000000000000     
       (0.18120273507664197,-1.20786004010305848E-016)
   3.1415926535897931        0.0000000000000000     
        (0.26286463527542503,2.41572008020611695E-016)
   1.0000000000000000                1           4
              (0.99999999999998779,0.0000000000000000)
  -1.5707963267948966        0.0000000000000000     
        (0.18521608001258905,1.20715648275387641E-016)
   0.0000000000000000        0.0000000000000000     
               (4.0476917483851445,0.0000000000000000)
   1.5707963267948966        0.0000000000000000     
       (0.18521608001258905,-1.20715648275387641E-016)
   3.1415926535897931        0.0000000000000000     
        (0.26561270296303596,2.41431296550775282E-016)
   1.0000000000000000                1           4
               (1.0000000000000833,0.0000000000000000)
  -1.5707963267948966        0.0000000000000000     
       (0.17903843187701984,-2.12245260118550153E-016)
   0.0000000000000000        0.0000000000000000     
               (4.0439578204144340,0.0000000000000000)
   1.5707963267948966        0.0000000000000000     
        (0.17903843187701984,2.12245260118550153E-016)
   3.1415926535897931        0.0000000000000000     
        (0.26045352453426607,2.41643294537993668E-016)
   1.0000000000000000                1           4
               (1.0000000000000242,0.0000000000000000)
  -1.5707963267948966        0.0000000000000000     
        (0.18013872998633029,9.74159153973642847E-018)
   0.0000000000000000        0.0000000000000000     
               (4.0433677340703271,0.0000000000000000)
   1.5707963267948966        0.0000000000000000     
       (0.18013872998633029,-9.74159153973642847E-018)
   3.1415926535897931        0.0000000000000000     
        (0.26135784225172021,2.41527788004504165E-016)
   1.0000000000000000                1           4
              (0.99999999999983769,0.0000000000000000)
  -1.5707963267948966        0.0000000000000000     
        (0.19005706806422940,9.64365380668811435E-018)
   0.0000000000000000        0.0000000000000000     
               (4.0479574474331672,0.0000000000000000)
   1.5707963267948966        0.0000000000000000     
       (0.19005706806422940,-9.64365380668811435E-018)
   3.1415926535897931        0.0000000000000000     
        (0.27340591592443575,2.41331912538407537E-016)
   1.0000000000000000                1           4
               (1.0000000000000604,0.0000000000000000)
  -1.5707963267948966        0.0000000000000000     
        (0.18405505943099076,1.20707459613934265E-016)
   0.0000000000000000        0.0000000000000000     
               (4.0450952143812913,0.0000000000000000)
   1.5707963267948966        0.0000000000000000     
       (0.18405505943099076,-1.20707459613934265E-016)
   3.1415926535897931        0.0000000000000000     
        (0.26561973382333759,2.41414919227868531E-016)
   1.0000000000000000                1           4
               (1.0000000000000477,0.0000000000000000)
  -1.5707963267948966        0.0000000000000000     
        (0.18158044149059993,1.20797743803377950E-016)
   0.0000000000000000        0.0000000000000000     
               (4.0450682962166455,0.0000000000000000)
   1.5707963267948966        0.0000000000000000     
       (0.18158044149059993,-1.20797743803377950E-016)
   3.1415926535897931        0.0000000000000000     
        (0.26364632152243073,2.41595487606755901E-016)
   1.0000000000000000                1           4
               (1.0000000000000588,0.0000000000000000)
  -1.5707963267948966        0.0000000000000000     
        (0.18598638673616863,1.20764214990179933E-016)
   0.0000000000000000        0.0000000000000000     
               (4.0481533668808680,0.0000000000000000)
   1.5707963267948966        0.0000000000000000     
       (0.18598638673616863,-1.20764214990179933E-016)
   3.1415926535897931        0.0000000000000000     
        (0.26827800720221440,2.41528429980359867E-016)
   1.0000000000000000                1           4
              (0.99999999999998512,0.0000000000000000)
  -1.5707963267948966        0.0000000000000000     
        (0.18439518409951117,3.42824237008214392E-016)
   0.0000000000000000        0.0000000000000000     
               (4.0466357114200209,0.0000000000000000)
   1.5707963267948966        0.0000000000000000     
       (0.18439518409951117,-3.42824237008214392E-016)
   3.1415926535897931        0.0000000000000000     
        (0.26711681786167640,2.41559264166366169E-016)
   1.0000000000000000                1           4
              (0.99999999999995404,0.0000000000000000)
  -1.5707963267948966        0.0000000000000000     
        (0.17938377020918672,9.80292614862318649E-018)
   0.0000000000000000        0.0000000000000000     
               (4.0426914072676965,0.0000000000000000)
   1.5707963267948966        0.0000000000000000     
       (0.17938377020918672,-9.80292614862318649E-018)
   3.1415926535897931        0.0000000000000000     
        (0.26252758985679192,2.41650457222277681E-016)
   1.0000000000000000                1           4
               (1.0000000000000018,0.0000000000000000)
  -1.5707963267948966        0.0000000000000000     
        (0.18357811216627296,2.31715904504083967E-016)
   0.0000000000000000        0.0000000000000000     
               (4.0436182023709168,0.0000000000000000)
   1.5707963267948966        0.0000000000000000     
       (0.18357811216627296,-2.31715904504083967E-016)
   3.1415926535897931        0.0000000000000000     
        (0.26569022864195169,2.41387204083136625E-016)
   1.0000000000000000                1           4
              (0.99999999999979750,0.0000000000000000)
  -1.5707963267948966        0.0000000000000000     
        (0.18391812452618872,9.70105372723603556E-018)
   0.0000000000000000        0.0000000000000000     
               (4.0452107559044368,0.0000000000000000)
   1.5707963267948966        0.0000000000000000     
       (0.18391812452618872,-9.70105372723603556E-018)
   3.1415926535897931        0.0000000000000000     
        (0.26574954405973050,2.41446712379503379E-016)
   1.0000000000000000                1           4
               (1.0000000000001203,0.0000000000000000)
  -1.5707963267948966        0.0000000000000000     
       (0.18285183416277850,-1.01329866190572038E-016)
   0.0000000000000000        0.0000000000000000     
               (4.0440495437772341,0.0000000000000000)
   1.5707963267948966        0.0000000000000000     
        (0.18285183416277850,1.01329866190572038E-016)
   3.1415926535897931        0.0000000000000000     
        (0.26449670801011971,2.41429477468918541E-016)
   1.0000000000000000                1           4
               (1.0000000000000051,0.0000000000000000)
  -1.5707963267948966        0.0000000000000000     
        (0.18157562305181874,9.75890267511951360E-018)
   0.0000000000000000        0.0000000000000000     
               (4.0449365686697263,0.0000000000000000)
   1.5707963267948966        0.0000000000000000     
       (0.18157562305181874,-9.75890267511951360E-018)
   3.1415926535897931        0.0000000000000000     
        (0.26322821837413213,2.41562410275270335E-016)
   1.0000000000000000                1           4
               (1.0000000000000269,0.0000000000000000)
  -1.5707963267948966        0.0000000000000000     
        (0.18260925910091164,1.20805988287563936E-016)
   0.0000000000000000        0.0000000000000000     
               (4.0471269829591989,0.0000000000000000)
   1.5707963267948966        0.0000000000000000     
       (0.18260925910091164,-1.20805988287563936E-016)
   3.1415926535897931        0.0000000000000000     
        (0.26391455528966956,2.41611976575127873E-016)
   1.0000000000000000                1           4
              (0.99999999999959210,0.0000000000000000)
  -1.5707963267948966        0.0000000000000000     
        (0.18166067911558481,9.74407498418900137E-018)
   0.0000000000000000        0.0000000000000000     
               (4.0447715646728719,0.0000000000000000)
   1.5707963267948966        0.0000000000000000     
       (0.18166067911558481,-9.74407498418900137E-018)
   3.1415926535897931        0.0000000000000000     
        (0.26307902535923489,2.41532754893409311E-016)
   1.0000000000000000                1           4
               (1.0000000000001086,0.0000000000000000)
  -1.5707963267948966        0.0000000000000000     
        (0.18870849546459256,2.31670147551813369E-016)
   0.0000000000000000        0.0000000000000000     
               (4.0460393665776531,0.0000000000000000)
   1.5707963267948966        0.0000000000000000     
       (0.18870849546459256,-2.31670147551813369E-016)
   3.1415926535897931        0.0000000000000000     
        (0.27203529555264738,2.41295690178595430E-016)
   1.0000000000000000                1           4
               (1.0000000000000140,0.0000000000000000)
  -1.5707963267948966        0.0000000000000000     
       (0.18961562724203085,-1.01364390559022590E-016)
   0.0000000000000000        0.0000000000000000     
               (4.0475585309609610,0.0000000000000000)
   1.5707963267948966        0.0000000000000000     
        (0.18961562724203085,1.01364390559022590E-016)
   3.1415926535897931        0.0000000000000000     
        (0.27338765553553013,2.41360428732017485E-016)
   1.0000000000000000                1           4
               (1.0000000000000029,0.0000000000000000)
  -1.5707963267948966        0.0000000000000000     
       (0.18594912748926684,-1.01377773974527380E-016)
   0.0000000000000000        0.0000000000000000     
               (4.0459021988624295,0.0000000000000000)
   1.5707963267948966        0.0000000000000000     
        (0.18594912748926684,1.01377773974527380E-016)
   3.1415926535897931        0.0000000000000000     
        (0.26727385260458925,2.41333661901007906E-016)
   1.0000000000000000                1           4
               (1.0000000000000744,0.0000000000000000)
  -1.5707963267948966        0.0000000000000000     
       (0.18736016244396392,-1.01396504452530526E-016)
   0.0000000000000000        0.0000000000000000     
               (4.0450320435871330,0.0000000000000000)
   1.5707963267948966        0.0000000000000000     
        (0.18736016244396392,1.01396504452530526E-016)
   3.1415926535897931        0.0000000000000000     
        (0.27035429395034172,2.41296200945001614E-016)
   1.0000000000000000                1           4
               (1.0000000000000062,0.0000000000000000)
  -1.5707963267948966        0.0000000000000000     
       (0.18267221356352936,-1.01235289463979176E-016)
   0.0000000000000000        0.0000000000000000     
               (4.0469585740422600,0.0000000000000000)
   1.5707963267948966        0.0000000000000000     
        (0.18267221356352936,1.01235289463979176E-016)
   3.1415926535897931        0.0000000000000000     
        (0.26431754686505526,2.41618630922104265E-016)
   1.0000000000000000                1           4
               (1.0000000000000855,0.0000000000000000)
  -1.5707963267948966        0.0000000000000000     
        (0.18411877842671098,1.20705403540415072E-016)
   0.0000000000000000        0.0000000000000000     
               (4.0471005512574205,0.0000000000000000)
   1.5707963267948966        0.0000000000000000     
       (0.18411877842671098,-1.20705403540415072E-016)
   3.1415926535897931        0.0000000000000000     
        (0.26367467848110981,2.41410807080830144E-016)
   1.0000000000000000                1           4
               (1.0000000000000260,0.0000000000000000)
  -1.5707963267948966        0.0000000000000000     
        (0.17987239269699495,1.20801617686781200E-016)
   0.0000000000000000        0.0000000000000000     
               (4.0439790859913831,0.0000000000000000)
   1.5707963267948966        0.0000000000000000     
       (0.17987239269699495,-1.20801617686781200E-016)
   3.1415926535897931        0.0000000000000000     
        (0.26144596479465187,2.41603235373562400E-016)
   1.0000000000000000                1           4
               (1.0000000000000178,0.0000000000000000)
  -1.5707963267948966        0.0000000000000000     
        (0.18086406274867672,9.79334299135549649E-018)
   0.0000000000000000        0.0000000000000000     
               (4.0440478448021073,0.0000000000000000)
   1.5707963267948966        0.0000000000000000     
       (0.18086406274867672,-9.79334299135549649E-018)
   3.1415926535897931        0.0000000000000000     
        (0.26381872773116566,2.41631290907742301E-016)
   1.0000000000000000                1           4
               (1.0000000000000837,0.0000000000000000)
  -1.5707963267948966        0.0000000000000000     
        (0.18625129181679057,1.20743689182100451E-016)
   0.0000000000000000        0.0000000000000000     
               (4.0469763060535913,0.0000000000000000)
   1.5707963267948966        0.0000000000000000     
       (0.18625129181679057,-1.20743689182100451E-016)
   3.1415926535897931        0.0000000000000000     
        (0.26931445442140778,2.41487378364200903E-016)
   1.0000000000000000                1           4
              (0.99999999999998412,0.0000000000000000)
  -1.5707963267948966        0.0000000000000000     
        (0.18347753709217263,1.20764119025424782E-016)
   0.0000000000000000        0.0000000000000000     
               (4.0457927299758190,0.0000000000000000)
   1.5707963267948966        0.0000000000000000     
       (0.18347753709217263,-1.20764119025424782E-016)
   3.1415926535897931        0.0000000000000000     
        (0.26561781037249976,2.41528238050849564E-016)
   1.0000000000000000                1           4
              (0.99999999999999378,0.0000000000000000)
  -1.5707963267948966        0.0000000000000000     
        (0.17968112065161512,9.71006342914766639E-018)
   0.0000000000000000        0.0000000000000000     
               (4.0442319325096694,0.0000000000000000)
   1.5707963267948966        0.0000000000000000     
       (0.17968112065161512,-9.71006342914766639E-018)
   3.1415926535897931        0.0000000000000000     
        (0.25854863890218949,2.41464731783326641E-016)
   1.0000000000000000                1           4
               (1.0000000000000218,0.0000000000000000)
  -1.5707963267948966        0.0000000000000000     
        (0.18285313202181108,1.20826197181365697E-016)
   0.0000000000000000        0.0000000000000000     
               (4.0476931379358030,0.0000000000000000)
   1.5707963267948966        0.0000000000000000     
       (0.18285313202181108,-1.20826197181365697E-016)
   3.1415926535897931        0.0000000000000000     
        (0.26449621871834494,2.41652394362731394E-016)
   1.0000000000000000                1           4
              (0.99999999999999922,0.0000000000000000)
  -1.5707963267948966        0.0000000000000000     
        (0.18468661480353932,9.67260995280138294E-018)
   0.0000000000000000        0.0000000000000000     
               (4.0462334523012640,0.0000000000000000)
   1.5707963267948966        0.0000000000000000     
       (0.18468661480353932,-9.67260995280138294E-018)
   3.1415926535897931        0.0000000000000000     
        (0.26533478404080257,2.41389824830634074E-016)
   1.0000000000000000                1           4
              (0.99999999999999856,0.0000000000000000)
  -1.5707963267948966        0.0000000000000000     
        (0.18374656009853529,1.20761923598805945E-016)
   0.0000000000000000        0.0000000000000000     
               (4.0457175575515922,0.0000000000000000)
   1.5707963267948966        0.0000000000000000     
       (0.18374656009853529,-1.20761923598805945E-016)
   3.1415926535897931        0.0000000000000000     
        (0.26615932073426363,2.41523847197611891E-016)
   1.0000000000000000                1           4
               (1.0000000000000440,0.0000000000000000)
  -1.5707963267948966        0.0000000000000000     
        (0.18023614544340716,1.20803730392493557E-016)
   0.0000000000000000        0.0000000000000000     
               (4.0438525229501900,0.0000000000000000)
   1.5707963267948966        0.0000000000000000     
       (0.18023614544340716,-1.20803730392493557E-016)
   3.1415926535897931        0.0000000000000000     
        (0.26236903953401236,2.41607460784987114E-016)
   1.0000000000000000                1           4
              (0.99999999999992928,0.0000000000000000)
  -1.5707963267948966        0.0000000000000000     
        (0.18424564034008395,1.20755432898729052E-016)
   0.0000000000000000        0.0000000000000000     
               (4.0476988580011977,0.0000000000000000)
   1.5707963267948966        0.0000000000000000     
       (0.18424564034008395,-1.20755432898729052E-016)
   3.1415926535897931        0.0000000000000000     
        (0.26496417841470310,2.41510865797458104E-016)
   1.0000000000000000                1           4
               (1.0000000000000586,0.0000000000000000)
  -1.5707963267948966        0.0000000000000000     
        (0.18269004352793150,3.42816008743899390E-016)
   0.0000000000000000        0.0000000000000000     
               (4.0452474553813387,0.0000000000000000)
   1.5707963267948966        0.0000000000000000     
       (0.18269004352793150,-3.42816008743899390E-016)
   3.1415926535897931        0.0000000000000000     
        (0.26482603724921994,2.41542807637736163E-016)
   1.0000000000000000                1           4
              (0.99999999999999256,0.0000000000000000)
  -1.5707963267948966        0.0000000000000000     
        (0.18739266093223894,2.31702453661003819E-016)
   0.0000000000000000        0.0000000000000000     
               (4.0479124631597472,0.0000000000000000)
   1.5707963267948966        0.0000000000000000     
       (0.18739266093223894,-2.31702453661003819E-016)
   3.1415926535897931        0.0000000000000000     
        (0.26858572750936494,2.41360302396976330E-016)
   1.0000000000000000                1           4
               (1.0000000000000366,0.0000000000000000)
  -1.5707963267948966        0.0000000000000000     
        (0.18045222327086707,1.20791271021703338E-016)
   0.0000000000000000        0.0000000000000000     
               (4.0443428738409812,0.0000000000000000)
   1.5707963267948966        0.0000000000000000     
       (0.18045222327086707,-1.20791271021703338E-016)
   3.1415926535897931        0.0000000000000000     
        (0.26190389036501094,2.41582542043406676E-016)
   1.0000000000000000                1           4
               (1.0000000000000464,0.0000000000000000)
  -1.5707963267948966        0.0000000000000000     
        (0.18007103936528646,1.20805767461462920E-016)
   0.0000000000000000        0.0000000000000000     
               (4.0441597429977385,0.0000000000000000)
   1.5707963267948966        0.0000000000000000     
       (0.18007103936528646,-1.20805767461462920E-016)
   3.1415926535897931        0.0000000000000000     
        (0.26179814305205795,2.41611534922925839E-016)
   1.0000000000000000                1           4
              (0.99999999999966793,0.0000000000000000)
  -1.5707963267948966        0.0000000000000000     
        (0.18504736255599741,2.31802345792710854E-016)
   0.0000000000000000        0.0000000000000000     
               (4.0471251005501898,0.0000000000000000)
   1.5707963267948966        0.0000000000000000     
       (0.18504736255599741,-2.31802345792710854E-016)
   3.1415926535897931        0.0000000000000000     
        (0.26794521799125615,2.41560086660390301E-016)
   1.0000000000000000                1           4
              (0.99999999999997091,0.0000000000000000)
  -1.5707963267948966        0.0000000000000000     
        (0.18038974252693252,1.20831157384914312E-016)
   0.0000000000000000        0.0000000000000000     
               (4.0461623698107800,0.0000000000000000)
   1.5707963267948966        0.0000000000000000     
       (0.18038974252693252,-1.20831157384914312E-016)
   3.1415926535897931        0.0000000000000000     
        (0.26126222039639657,2.41662314769828624E-016)
   1.0000000000000000                1           4
              (0.99999999999998146,0.0000000000000000)
  -1.5707963267948966        0.0000000000000000     
        (0.18613046545392775,1.20691937277651361E-016)
   0.0000000000000000        0.0000000000000000     
               (4.0451800855419844,0.0000000000000000)
   1.5707963267948966        0.0000000000000000     
       (0.18613046545392775,-1.20691937277651361E-016)
   3.1415926535897931        0.0000000000000000     
        (0.26917867673020446,2.41383874555302721E-016)
   1.0000000000000000                1           4
              (0.99999999999976885,0.0000000000000000)
  -1.5707963267948966        0.0000000000000000     
        (0.17723678617196248,1.20894862686549423E-016)
   0.0000000000000000        0.0000000000000000     
               (4.0463509232308601,0.0000000000000000)
   1.5707963267948966        0.0000000000000000     
       (0.17723678617196248,-1.20894862686549423E-016)
   3.1415926535897931        0.0000000000000000     
        (0.25684852732451702,2.41789725373098846E-016)
   1.0000000000000000                1           4
               (1.0000000000000064,0.0000000000000000)
  -1.5707963267948966        0.0000000000000000     
        (0.18571339268918419,1.20748119213174660E-016)
   0.0000000000000000        0.0000000000000000     
               (4.0467920972618163,0.0000000000000000)
   1.5707963267948966        0.0000000000000000     
       (0.18571339268918419,-1.20748119213174660E-016)
   3.1415926535897931        0.0000000000000000     
        (0.26856756075359967,2.41496238426349319E-016)
   1.0000000000000000                1           4
               (1.0000000000000921,0.0000000000000000)
  -1.5707963267948966        0.0000000000000000     
        (0.17930343321843789,1.20829892530948692E-016)
   0.0000000000000000        0.0000000000000000     
               (4.0454158615766289,0.0000000000000000)
   1.5707963267948966        0.0000000000000000     
       (0.17930343321843789,-1.20829892530948692E-016)
   3.1415926535897931        0.0000000000000000     
        (0.25979479674783967,2.41659785061897385E-016)
   1.0000000000000000                1           4
               (1.0000000000000540,0.0000000000000000)
  -1.5707963267948966        0.0000000000000000     
        (0.18411004886800142,2.31814277840363684E-016)
   0.0000000000000000        0.0000000000000000     
               (4.0464542246569177,0.0000000000000000)
   1.5707963267948966        0.0000000000000000     
       (0.18411004886800142,-2.31814277840363684E-016)
   3.1415926535897931        0.0000000000000000     
        (0.26713119676092012,2.41583950755696060E-016)
   1.0000000000000000                1           4
               (1.0000000000000024,0.0000000000000000)
  -1.5707963267948966        0.0000000000000000     
        (0.18195741514542907,9.76521074586806830E-018)
   0.0000000000000000        0.0000000000000000     
               (4.0456373775577639,0.0000000000000000)
   1.5707963267948966        0.0000000000000000     
       (0.18195741514542907,-9.76521074586806830E-018)
   3.1415926535897931        0.0000000000000000     
        (0.26349703089981735,2.41575026416767445E-016)
   1.0000000000000000                1           4
               (1.0000000000000073,0.0000000000000000)
  -1.5707963267948966        0.0000000000000000     
        (0.18713443416154329,1.20753318684522581E-016)
   0.0000000000000000        0.0000000000000000     
               (4.0478320357546460,0.0000000000000000)
   1.5707963267948966        0.0000000000000000     
       (0.18713443416154329,-1.20753318684522581E-016)
   3.1415926535897931        0.0000000000000000     
        (0.27053953282767407,2.41506637369045163E-016)
   1.0000000000000000                1           4
              (0.99999999999990719,0.0000000000000000)
  -1.5707963267948966        0.0000000000000000     
        (0.18035588909247002,1.20739681098351770E-016)
   0.0000000000000000        0.0000000000000000     
               (4.0448223578432110,0.0000000000000000)
   1.5707963267948966        0.0000000000000000     
       (0.18035588909247002,-1.20739681098351770E-016)
   3.1415926535897931        0.0000000000000000     
        (0.25954668323305274,2.41479362196703539E-016)
   1.0000000000000000                1           4
               (1.0000000000000406,0.0000000000000000)
  -1.5707963267948966        0.0000000000000000     
        (0.18606959578531201,1.20749425382979860E-016)
   0.0000000000000000        0.0000000000000000     
               (4.0457757253220006,0.0000000000000000)
   1.5707963267948966        0.0000000000000000     
       (0.18606959578531201,-1.20749425382979860E-016)
   3.1415926535897931        0.0000000000000000     
        (0.27033900162912050,2.41498850765959721E-016)
   1.0000000000000000                1           4
              (0.99999999999998024,0.0000000000000000)
  -1.5707963267948966        0.0000000000000000     
        (0.18606535144115710,9.69681391562923231E-018)
   0.0000000000000000        0.0000000000000000     
               (4.0463085214344172,0.0000000000000000)
   1.5707963267948966        0.0000000000000000     
       (0.18606535144115710,-9.69681391562923231E-018)
   3.1415926535897931        0.0000000000000000     
        (0.26880774960335985,2.41438232756289822E-016)
   1.0000000000000000                1           4
              (0.99999999999998979,0.0000000000000000)
  -1.5707963267948966        0.0000000000000000     
        (0.18412049321740198,9.70879642839151001E-018)
   0.0000000000000000        0.0000000000000000     
               (4.0462556282678950,0.0000000000000000)
   1.5707963267948966        0.0000000000000000     
       (0.18412049321740198,-9.70879642839151001E-018)
   3.1415926535897931        0.0000000000000000     
        (0.26536230489031887,2.41462197781814328E-016)
   1.0000000000000000                1           4
               (1.0000000000000056,0.0000000000000000)
  -1.5707963267948966        0.0000000000000000     
        (0.18279918427177211,1.20714406751055322E-016)
   0.0000000000000000        0.0000000000000000     
               (4.0439037901053059,0.0000000000000000)
   1.5707963267948966        0.0000000000000000     
       (0.18279918427177211,-1.20714406751055322E-016)
   3.1415926535897931        0.0000000000000000     
        (0.26452631849917252,2.41428813502110644E-016)
   1.0000000000000000                1           4
              (0.99999999999926381,0.0000000000000000)
  -1.5707963267948966        0.0000000000000000     
       (0.18572648126068569,-1.01306293958416746E-016)
   0.0000000000000000        0.0000000000000000     
               (4.0477696666581169,0.0000000000000000)
   1.5707963267948966        0.0000000000000000     
        (0.18572648126068569,1.01306293958416746E-016)
   3.1415926535897931        0.0000000000000000     
        (0.26729580685588650,2.41476621933229125E-016)
   1.0000000000000000                1           4
               (1.0000000000000471,0.0000000000000000)
  -1.5707963267948966        0.0000000000000000     
        (0.19066536438469761,1.20622000470787293E-016)
   0.0000000000000000        0.0000000000000000     
               (4.0477675496494694,0.0000000000000000)
   1.5707963267948966        0.0000000000000000     
       (0.19066536438469761,-1.20622000470787293E-016)
   3.1415926535897931        0.0000000000000000     
        (0.27337670101926892,2.41244000941574586E-016)
   1.0000000000000000                1           4
               (1.0000000000000149,0.0000000000000000)
  -1.5707963267948966        0.0000000000000000     
        (0.18280530553792296,1.20760013759501619E-016)
   0.0000000000000000        0.0000000000000000     
               (4.0449022514317834,0.0000000000000000)
   1.5707963267948966        0.0000000000000000     
       (0.18280530553792296,-1.20760013759501619E-016)
   3.1415926535897931        0.0000000000000000     
        (0.26502973764723736,2.41520027519003238E-016)
   1.0000000000000000                1           4
              (0.99999999999999933,0.0000000000000000)
  -1.5707963267948966        0.0000000000000000     
        (0.19037093891141199,1.20614127623919569E-016)
   0.0000000000000000        0.0000000000000000     
               (4.0483697130457319,0.0000000000000000)
   1.5707963267948966        0.0000000000000000     
       (0.19037093891141199,-1.20614127623919569E-016)
   3.1415926535897931        0.0000000000000000     
        (0.27192853998325972,2.41228255247839138E-016)
   1.0000000000000000                1           4
               (1.0000000000000702,0.0000000000000000)
  -1.5707963267948966        0.0000000000000000     
        (0.17955157656956722,1.20841603087169672E-016)
   0.0000000000000000        0.0000000000000000     
               (4.0447954413951814,0.0000000000000000)
   1.5707963267948966        0.0000000000000000     
       (0.17955157656956722,-1.20841603087169672E-016)
   3.1415926535897931        0.0000000000000000     
        (0.26129399942475362,2.41683206174339344E-016)
   1.0000000000000000                1           4
               (1.0000000000000602,0.0000000000000000)
  -1.5707963267948966        0.0000000000000000     
       (0.18194969311870646,-1.01223886307980622E-016)
   0.0000000000000000        0.0000000000000000     
               (4.0465457280427035,0.0000000000000000)
   1.5707963267948966        0.0000000000000000     
        (0.18194969311870646,1.01223886307980622E-016)
   3.1415926535897931        0.0000000000000000     
        (0.26365780731495414,2.41641437234101372E-016)
   1.0000000000000000                1           4
               (1.0000000000000366,0.0000000000000000)
  -1.5707963267948966        0.0000000000000000     
        (0.18513230775067580,3.42757381796991172E-016)
   0.0000000000000000        0.0000000000000000     
               (4.0479727527279969,0.0000000000000000)
   1.5707963267948966        0.0000000000000000     
       (0.18513230775067580,-3.42757381796991172E-016)
   3.1415926535897931        0.0000000000000000     
        (0.26507036694304043,2.41425553743919729E-016)
   1.0000000000000000                1           4
              (0.99999999999998346,0.0000000000000000)
  -1.5707963267948966        0.0000000000000000     
        (0.18846945173161056,1.20657053693860896E-016)
   0.0000000000000000        0.0000000000000000     
               (4.0465887661491324,0.0000000000000000)
   1.5707963267948966        0.0000000000000000     
       (0.18846945173161056,-1.20657053693860896E-016)
   3.1415926535897931        0.0000000000000000     
        (0.27130858436566374,2.41314107387721793E-016)
   1.0000000000000000                1           4
               (1.0000000000000080,0.0000000000000000)
  -1.5707963267948966        0.0000000000000000     
        (0.18047147758852955,1.20747422746568396E-016)
   0.0000000000000000        0.0000000000000000     
               (4.0439822099088003,0.0000000000000000)
   1.5707963267948966        0.0000000000000000     
       (0.18047147758852955,-1.20747422746568396E-016)
   3.1415926535897931        0.0000000000000000     
        (0.26087086957960970,2.41494845493136793E-016)
   1.0000000000000000                1           4
               (1.0000000000004285,0.0000000000000000)
  -1.5707963267948966        0.0000000000000000     
        (0.18433674871941452,1.20672303775674564E-016)
   0.0000000000000000        0.0000000000000000     
               (4.0454073031220794,0.0000000000000000)
   1.5707963267948966        0.0000000000000000     
       (0.18433674871941452,-1.20672303775674564E-016)
   3.1415926535897931        0.0000000000000000     
        (0.26472274684083441,2.41344607551349127E-016)
   1.0000000000000000                1           4
              (0.99999999999989031,0.0000000000000000)
  -1.5707963267948966        0.0000000000000000     
        (0.18771441583520931,9.64071145679940805E-018)
   0.0000000000000000        0.0000000000000000     
               (4.0466189094686538,0.0000000000000000)
   1.5707963267948966        0.0000000000000000     
       (0.18771441583520931,-9.64071145679940805E-018)
   3.1415926535897931        0.0000000000000000     
        (0.26996304499032264,2.41326027838630124E-016)
   1.0000000000000000                1           4
              (0.99999999999990608,0.0000000000000000)
  -1.5707963267948966        0.0000000000000000     
        (0.18993771161560957,1.20614265598794531E-016)
   0.0000000000000000        0.0000000000000000     
               (4.0481328430683430,0.0000000000000000)
   1.5707963267948966        0.0000000000000000     
       (0.18993771161560957,-1.20614265598794531E-016)
   3.1415926535897931        0.0000000000000000     
        (0.27130346197045929,2.41228531197589063E-016)
   1.0000000000000000                1           4
               (1.0000000000000822,0.0000000000000000)
  -1.5707963267948966        0.0000000000000000     
        (0.18220910604876295,1.20716476784427587E-016)
   0.0000000000000000        0.0000000000000000     
               (4.0445913894492165,0.0000000000000000)
   1.5707963267948966        0.0000000000000000     
       (0.18220910604876295,-1.20716476784427587E-016)
   3.1415926535897931        0.0000000000000000     
        (0.26272617513018748,2.41432953568855173E-016)
   1.0000000000000000                1           4
               (1.0000000000000995,0.0000000000000000)
  -1.5707963267948966        0.0000000000000000     
        (0.18415297784047757,2.31736980898827964E-016)
   0.0000000000000000        0.0000000000000000     
               (4.0453265831807483,0.0000000000000000)
   1.5707963267948966        0.0000000000000000     
       (0.18415297784047757,-2.31736980898827964E-016)
   3.1415926535897931        0.0000000000000000     
        (0.26581998647506333,2.41429356872624619E-016)
   1.0000000000000000                1           4
               (1.0000000000000655,0.0000000000000000)
  -1.5707963267948966        0.0000000000000000     
        (0.18867852501443838,2.31699111383186355E-016)
   0.0000000000000000        0.0000000000000000     
               (4.0467412656695840,0.0000000000000000)
   1.5707963267948966        0.0000000000000000     
       (0.18867852501443838,-2.31699111383186355E-016)
   3.1415926535897931        0.0000000000000000     
        (0.27221948608588376,2.41353617841341402E-016)
   1.0000000000000000                1           4
              (0.99999999999999556,0.0000000000000000)
  -1.5707963267948966        0.0000000000000000     
        (0.18605713839749805,3.42666117275992655E-016)
   0.0000000000000000        0.0000000000000000     
               (4.0456804127765622,0.0000000000000000)
   1.5707963267948966        0.0000000000000000     
       (0.18605713839749805,-3.42666117275992655E-016)
   3.1415926535897931        0.0000000000000000     
        (0.26623144271435639,2.41243024701922694E-016)
   1.0000000000000000                1           4
              (0.99999999999995559,0.0000000000000000)
  -1.5707963267948966        0.0000000000000000     
        (0.18401146528889634,2.31768668405410874E-016)
   0.0000000000000000        0.0000000000000000     
               (4.0465366498798421,0.0000000000000000)
   1.5707963267948966        0.0000000000000000     
       (0.18401146528889634,-2.31768668405410874E-016)
   3.1415926535897931        0.0000000000000000     
        (0.26536188718182974,2.41492731885790440E-016)
   1.0000000000000000                1           4
              (0.99999999999999023,0.0000000000000000)
  -1.5707963267948966        0.0000000000000000     
        (0.17802574859738374,9.83881746190439726E-018)
   0.0000000000000000        0.0000000000000000     
               (4.0445575507282738,0.0000000000000000)
   1.5707963267948966        0.0000000000000000     
       (0.17802574859738374,-9.83881746190439726E-018)
   3.1415926535897931        0.0000000000000000     
        (0.25911770242840049,2.41722239848840152E-016)
   1.0000000000000000                1           4
               (1.0000000000000331,0.0000000000000000)
  -1.5707963267948966        0.0000000000000000     
        (0.18725809888571798,1.20684880277491418E-016)
   0.0000000000000000        0.0000000000000000     
               (4.0469392082141900,0.0000000000000000)
   1.5707963267948966        0.0000000000000000     
       (0.18725809888571798,-1.20684880277491418E-016)
   3.1415926535897931        0.0000000000000000     
        (0.26944432180412492,2.41369760554982835E-016)
   1.0000000000000000                1           4
              (0.99999999999998934,0.0000000000000000)
  -1.5707963267948966        0.0000000000000000     
        (0.17989078771481837,2.31781107376444552E-016)
   0.0000000000000000        0.0000000000000000     
               (4.0432338584630703,0.0000000000000000)
   1.5707963267948966        0.0000000000000000     
       (0.17989078771481837,-2.31781107376444552E-016)
   3.1415926535897931        0.0000000000000000     
        (0.26082961107696179,2.41517609827857795E-016)
   1.0000000000000000                1           4
               (1.0000000000000417,0.0000000000000000)
  -1.5707963267948966        0.0000000000000000     
        (0.18711436194035735,1.20730947941596711E-016)
   0.0000000000000000        0.0000000000000000     
               (4.0473714606496118,0.0000000000000000)
   1.5707963267948966        0.0000000000000000     
       (0.18711436194035735,-1.20730947941596711E-016)
   3.1415926535897931        0.0000000000000000     
        (0.27022927957587417,2.41461895883193422E-016)
   1.0000000000000000                1           4
               (1.0000000000000053,0.0000000000000000)
  -1.5707963267948966        0.0000000000000000     
        (0.18157876948274254,1.20755598194946465E-016)
   0.0000000000000000        0.0000000000000000     
               (4.0439402361375683,0.0000000000000000)
   1.5707963267948966        0.0000000000000000     
       (0.18157876948274254,-1.20755598194946465E-016)
   3.1415926535897931        0.0000000000000000     
        (0.26339445754783164,2.41511196389892930E-016)
   1.0000000000000000                1           4
               (1.0000000000000480,0.0000000000000000)
  -1.5707963267948966        0.0000000000000000     
        (0.17913484755091402,1.20841913592105824E-016)
   0.0000000000000000        0.0000000000000000     
               (4.0444554172090985,0.0000000000000000)
   1.5707963267948966        0.0000000000000000     
       (0.17913484755091402,-1.20841913592105824E-016)
   3.1415926535897931        0.0000000000000000     
        (0.26081070743439527,2.41683827184211649E-016)
   1.0000000000000000                1           4
              (0.99999999999995859,0.0000000000000000)
  -1.5707963267948966        0.0000000000000000     
        (0.18023509071349275,9.77504325466330508E-018)
   0.0000000000000000        0.0000000000000000     
               (4.0457282631229736,0.0000000000000000)
   1.5707963267948966        0.0000000000000000     
       (0.18023509071349275,-9.77504325466330508E-018)
   3.1415926535897931        0.0000000000000000     
        (0.26028265057988986,2.41594691434357918E-016)
   1.0000000000000000                1           4
              (0.99999999999605937,0.0000000000000000)
  -1.5707963267948966        0.0000000000000000     
        (0.18129479295366557,1.20723503309902984E-016)
   0.0000000000000000        0.0000000000000000     
               (4.0424393198136110,0.0000000000000000)
   1.5707963267948966        0.0000000000000000     
       (0.18129479295366557,-1.20723503309902984E-016)
   3.1415926535897931        0.0000000000000000     
        (0.26327912231431816,2.41447006619805968E-016)
   1.0000000000000000                1           4
              (0.99999999999991807,0.0000000000000000)
  -1.5707963267948966        0.0000000000000000     
        (0.18330995204368583,2.31753188080067160E-016)
   0.0000000000000000        0.0000000000000000     
               (4.0448441325554807,0.0000000000000000)
   1.5707963267948966        0.0000000000000000     
       (0.18330995204368583,-2.31753188080067160E-016)
   3.1415926535897931        0.0000000000000000     
        (0.26514575221886372,2.41461771235103012E-016)
   1.0000000000000000                1           4
               (1.0000000000000362,0.0000000000000000)
  -1.5707963267948966        0.0000000000000000     
        (0.18442595401735140,1.20706885448350907E-016)
   0.0000000000000000        0.0000000000000000     
               (4.0457156457541901,0.0000000000000000)
   1.5707963267948966        0.0000000000000000     
       (0.18442595401735140,-1.20706885448350907E-016)
   3.1415926535897931        0.0000000000000000     
        (0.26572233795202060,2.41413770896701814E-016)
   1.0000000000000000                1           4
               (1.0000000000000879,0.0000000000000000)
  -1.5707963267948966        0.0000000000000000     
        (0.18326901086032676,2.31812126923332054E-016)
   0.0000000000000000        0.0000000000000000     
               (4.0465662558300970,0.0000000000000000)
   1.5707963267948966        0.0000000000000000     
       (0.18326901086032676,-2.31812126923332054E-016)
   3.1415926535897931        0.0000000000000000     
        (0.26526683529064810,2.41579648921632849E-016)
   1.0000000000000000                1           4
              (0.99999999999998923,0.0000000000000000)
  -1.5707963267948966        0.0000000000000000     
        (0.17943190137625920,9.79576396929101059E-018)
   0.0000000000000000        0.0000000000000000     
               (4.0453195923205900,0.0000000000000000)
   1.5707963267948966        0.0000000000000000     
       (0.17943190137625920,-9.79576396929101059E-018)
   3.1415926535897931        0.0000000000000000     
        (0.25976173260811519,2.41636132863613329E-016)
   1.0000000000000000                1           4
               (1.0000000000000444,0.0000000000000000)
  -1.5707963267948966        0.0000000000000000     
        (0.18102524790197572,2.31832554356941195E-016)
   0.0000000000000000        0.0000000000000000     
               (4.0456984192620311,0.0000000000000000)
   1.5707963267948966        0.0000000000000000     
       (0.18102524790197572,-2.31832554356941195E-016)
   3.1415926535897931        0.0000000000000000     
        (0.26231435655729540,2.41620503788850983E-016)
   1.0000000000000000                1           4
              (0.99999999999994615,0.0000000000000000)
  -1.5707963267948966        0.0000000000000000     
        (0.18150157607628015,2.31818408145889213E-016)
   0.0000000000000000        0.0000000000000000     
               (4.0456472145695113,0.0000000000000000)
   1.5707963267948966        0.0000000000000000     
       (0.18150157607628015,-2.31818408145889213E-016)
   3.1415926535897931        0.0000000000000000     
        (0.26285616728116257,2.41592211366747118E-016)
   1.0000000000000000                1           4
               (1.0000000000000238,0.0000000000000000)
  -1.5707963267948966        0.0000000000000000     
        (0.18545554344812321,9.71598427124464677E-018)
   0.0000000000000000        0.0000000000000000     
               (4.0456159444546778,0.0000000000000000)
   1.5707963267948966        0.0000000000000000     
       (0.18545554344812321,-9.71598427124464677E-018)
   3.1415926535897931        0.0000000000000000     
        (0.26890686192911439,2.41476573467520602E-016)
   1.0000000000000000                1           4
              (0.99999999999999933,0.0000000000000000)
  -1.5707963267948966        0.0000000000000000     
        (0.18280834796248757,2.31753800770245637E-016)
   0.0000000000000000        0.0000000000000000     
               (4.0440723906927865,0.0000000000000000)
   1.5707963267948966        0.0000000000000000     
       (0.18280834796248757,-2.31753800770245637E-016)
   3.1415926535897931        0.0000000000000000     
        (0.26493429789906819,2.41462996615459966E-016)
   1.0000000000000000                1           4
               (1.0000000000000353,0.0000000000000000)
  -1.5707963267948966        0.0000000000000000     
        (0.18448084297172229,1.20699559660746645E-016)
   0.0000000000000000        0.0000000000000000     
               (4.0452263855860249,0.0000000000000000)
   1.5707963267948966        0.0000000000000000     
       (0.18448084297172229,-1.20699559660746645E-016)
   3.1415926535897931        0.0000000000000000     
        (0.26608209764729540,2.41399119321493289E-016)
   1.0000000000000000                1           4
               (1.0000000000001128,0.0000000000000000)
  -1.5707963267948966        0.0000000000000000     
        (0.18577297543423732,9.67168487908981950E-018)
   0.0000000000000000        0.0000000000000000     
               (4.0468965191891559,0.0000000000000000)
   1.5707963267948966        0.0000000000000000     
       (0.18577297543423732,-9.67168487908981950E-018)
   3.1415926535897931        0.0000000000000000     
        (0.26681422321390103,2.41387974683210947E-016)
   1.0000000000000000                1           4
               (1.0000000000000426,0.0000000000000000)
  -1.5707963267948966        0.0000000000000000     
        (0.18271897299190831,9.67857893488577509E-018)
   0.0000000000000000        0.0000000000000000     
               (4.0443308969443050,0.0000000000000000)
   1.5707963267948966        0.0000000000000000     
       (0.18271897299190831,-9.67857893488577509E-018)
   3.1415926535897931        0.0000000000000000     
        (0.26349701752473054,2.41401762794802858E-016)
   1.0000000000000000                1           4
              (0.99999999999988232,0.0000000000000000)
  -1.5707963267948966        0.0000000000000000     
        (0.18569848000742306,2.31692684955876873E-016)
   0.0000000000000000        0.0000000000000000     
               (4.0450013170854859,0.0000000000000000)
   1.5707963267948966        0.0000000000000000     
       (0.18569848000742306,-2.31692684955876873E-016)
   3.1415926535897931        0.0000000000000000     
        (0.26778944161079743,2.41340764986722488E-016)
   1.0000000000000000                1           4
              (0.99999999999997236,0.0000000000000000)
  -1.5707963267948966        0.0000000000000000     
        (0.18600890773724621,1.20710367576324586E-016)
   0.0000000000000000        0.0000000000000000     
               (4.0470488789295906,0.0000000000000000)
   1.5707963267948966        0.0000000000000000     
       (0.18600890773724621,-1.20710367576324586E-016)
   3.1415926535897931        0.0000000000000000     
        (0.26766874714720212,2.41420735152649172E-016)
   1.0000000000000000                1           4
              (0.99999999999994971,0.0000000000000000)
  -1.5707963267948966        0.0000000000000000     
        (0.18525345659436487,9.74415129380650960E-018)
   0.0000000000000000        0.0000000000000000     
               (4.0477707351046188,0.0000000000000000)
   1.5707963267948966        0.0000000000000000     
       (0.18525345659436487,-9.74415129380650960E-018)
   3.1415926535897931        0.0000000000000000     
        (0.26726790234630571,2.41532907512644327E-016)
   1.0000000000000000                1           4
               (1.0000000000000584,0.0000000000000000)
  -1.5707963267948966        0.0000000000000000     
        (0.18367546770529586,1.20674294036467159E-016)
   0.0000000000000000        0.0000000000000000     
               (4.0445973029353413,0.0000000000000000)
   1.5707963267948966        0.0000000000000000     
       (0.18367546770529586,-1.20674294036467159E-016)
   3.1415926535897931        0.0000000000000000     
        (0.26427519185009363,2.41348588072934317E-016)
   1.0000000000000000                1           4
               (1.0000000000000600,0.0000000000000000)
  -1.5707963267948966        0.0000000000000000     
        (0.18181006760256191,9.69557734396022882E-018)
   0.0000000000000000        0.0000000000000000     
               (4.0455748201959256,0.0000000000000000)
   1.5707963267948966        0.0000000000000000     
       (0.18181006760256191,-9.69557734396022882E-018)
   3.1415926535897931        0.0000000000000000     
        (0.26099049366885341,2.41435759612951766E-016)
   1.0000000000000000                1           4
              (0.99999999999997935,0.0000000000000000)
  -1.5707963267948966        0.0000000000000000     
        (0.18503557156394801,1.20615779096447861E-016)
   0.0000000000000000        0.0000000000000000     
               (4.0464697104687311,0.0000000000000000)
   1.5707963267948966        0.0000000000000000     
       (0.18503557156394801,-1.20615779096447861E-016)
   3.1415926535897931        0.0000000000000000     
        (0.26321174905162170,2.41231558192895722E-016)
   1.0000000000000000                1           4
              (0.99999999999999156,0.0000000000000000)
  -1.5707963267948966        0.0000000000000000     
        (0.18328402522814724,1.20772347682202128E-016)
   0.0000000000000000        0.0000000000000000     
               (4.0454934409583512,0.0000000000000000)
   1.5707963267948966        0.0000000000000000     
       (0.18328402522814724,-1.20772347682202128E-016)
   3.1415926535897931        0.0000000000000000     
        (0.26579884398869014,2.41544695364404256E-016)
   1.0000000000000000                1           4
              (0.99999999999996159,0.0000000000000000)
  -1.5707963267948966        0.0000000000000000     
        (0.18534283282978004,9.69951518780934526E-018)
   0.0000000000000000        0.0000000000000000     
               (4.0448814612169643,0.0000000000000000)
   1.5707963267948966        0.0000000000000000     
       (0.18534283282978004,-9.69951518780934526E-018)
   3.1415926535897931        0.0000000000000000     
        (0.26887800284312102,2.41443635300649999E-016)
   1.0000000000000000                1           4
               (1.0000000000002864,0.0000000000000000)
  -1.5707963267948966        0.0000000000000000     
        (0.18165215305153881,2.31814227893911719E-016)
   0.0000000000000000        0.0000000000000000     
               (4.0454464808249329,0.0000000000000000)
   1.5707963267948966        0.0000000000000000     
       (0.18165215305153881,-2.31814227893911719E-016)
   3.1415926535897931        0.0000000000000000     
        (0.26322151758505719,2.41583850862792131E-016)
   1.0000000000000000                1           4
               (1.0000000000000588,0.0000000000000000)
  -1.5707963267948966        0.0000000000000000     
        (0.18137894293260670,1.20776671856247021E-016)
   0.0000000000000000        0.0000000000000000     
               (4.0444685904456037,0.0000000000000000)
   1.5707963267948966        0.0000000000000000     
       (0.18137894293260670,-1.20776671856247021E-016)
   3.1415926535897931        0.0000000000000000     
        (0.26315476815302019,2.41553343712494042E-016)
   1.0000000000000000                1           4
               (1.0000000000001523,0.0000000000000000)
  -1.5707963267948966        0.0000000000000000     
        (0.18327699250812879,3.42754533362227356E-016)
   0.0000000000000000        0.0000000000000000     
               (4.0458356636239934,0.0000000000000000)
   1.5707963267948966        0.0000000000000000     
       (0.18327699250812879,-3.42754533362227356E-016)
   3.1415926535897931        0.0000000000000000     
        (0.26340378862212988,2.41419856874392096E-016)
   1.0000000000000000                1           4
               (1.0000000000000215,0.0000000000000000)
  -1.5707963267948966        0.0000000000000000     
        (0.18492161377866179,1.20786235647725454E-016)
   0.0000000000000000        0.0000000000000000     
               (4.0467040458004018,0.0000000000000000)
   1.5707963267948966        0.0000000000000000     
       (0.18492161377866179,-1.20786235647725454E-016)
   3.1415926535897931        0.0000000000000000     
        (0.26831703162584808,2.41572471295450909E-016)
   1.0000000000000000                1           4
               (1.0000000000000042,0.0000000000000000)
  -1.5707963267948966        0.0000000000000000     
        (0.18142390843400713,1.20766708252229867E-016)
   0.0000000000000000        0.0000000000000000     
               (4.0449460000496211,0.0000000000000000)
   1.5707963267948966        0.0000000000000000     
       (0.18142390843400713,-1.20766708252229867E-016)
   3.1415926535897931        0.0000000000000000     
        (0.26244185354775340,2.41533416504459735E-016)
   1.0000000000000000                1           4
              (0.99999999999999190,0.0000000000000000)
  -1.5707963267948966        0.0000000000000000     
        (0.18298796666863459,3.42768817030877645E-016)
   0.0000000000000000        0.0000000000000000     
               (4.0449033948675437,0.0000000000000000)
   1.5707963267948966        0.0000000000000000     
       (0.18298796666863459,-3.42768817030877645E-016)
   3.1415926535897931        0.0000000000000000     
        (0.26422454572273113,2.41448424211692674E-016)
   1.0000000000000000                1           4
               (1.0000000000001106,0.0000000000000000)
  -1.5707963267948966        0.0000000000000000     
        (0.18442143725738480,1.20721394067623073E-016)
   0.0000000000000000        0.0000000000000000     
               (4.0462457862214727,0.0000000000000000)
   1.5707963267948966        0.0000000000000000     
       (0.18442143725738480,-1.20721394067623073E-016)
   3.1415926535897931        0.0000000000000000     
        (0.26565705143284102,2.41442788135246145E-016)
   1.0000000000000000                1           4
               (1.0000000000003268,0.0000000000000000)
  -1.5707963267948966        0.0000000000000000     
        (0.18230196188871139,1.20792945047632382E-016)
   0.0000000000000000        0.0000000000000000     
               (4.0458959542215123,0.0000000000000000)
   1.5707963267948966        0.0000000000000000     
       (0.18230196188871139,-1.20792945047632382E-016)
   3.1415926535897931        0.0000000000000000     
        (0.26410496505642911,2.41585890095264763E-016)
   1.0000000000000000                1           4
               (1.0000000000000384,0.0000000000000000)
  -1.5707963267948966        0.0000000000000000     
        (0.18924471220837746,3.42661351338439427E-016)
   0.0000000000000000        0.0000000000000000     
               (4.0471025020604694,0.0000000000000000)
   1.5707963267948966        0.0000000000000000     
       (0.18924471220837746,-3.42661351338439427E-016)
   3.1415926535897931        0.0000000000000000     
        (0.27102883371836028,2.41233492826816237E-016)
   1.0000000000000000                1           4
              (0.99999999999991895,0.0000000000000000)
  -1.5707963267948966        0.0000000000000000     
        (0.18489289469285564,9.68640435341111757E-018)
   0.0000000000000000        0.0000000000000000     
               (4.0481143083860651,0.0000000000000000)
   1.5707963267948966        0.0000000000000000     
       (0.18489289469285564,-9.68640435341111757E-018)
   3.1415926535897931        0.0000000000000000     
        (0.26431704705081727,2.41417413631853543E-016)
   1.0000000000000000                1           4
              (0.99999999999994460,0.0000000000000000)
  -1.5707963267948966        0.0000000000000000     
        (0.18604526861709203,1.20699927303478831E-016)
   0.0000000000000000        0.0000000000000000     
               (4.0474164295009514,0.0000000000000000)
   1.5707963267948966        0.0000000000000000     
       (0.18604526861709203,-1.20699927303478831E-016)
   3.1415926535897931        0.0000000000000000     
        (0.26703291314601996,2.41399854606957661E-016)
   1.0000000000000000                1           4
              (0.99999999999995759,0.0000000000000000)
  -1.5707963267948966        0.0000000000000000     
        (0.18173714446853295,2.31802479840248653E-016)
   0.0000000000000000        0.0000000000000000     
               (4.0451893340811527,0.0000000000000000)
   1.5707963267948966        0.0000000000000000     
       (0.18173714446853295,-2.31802479840248653E-016)
   3.1415926535897931        0.0000000000000000     
        (0.26326492661021372,2.41560354755465997E-016)
   1.0000000000000000                1           4
              (0.99999999999989930,0.0000000000000000)
  -1.5707963267948966        0.0000000000000000     
        (0.18351073946370522,2.31733889845022763E-016)
   0.0000000000000000        0.0000000000000000     
               (4.0445380727890008,0.0000000000000000)
   1.5707963267948966        0.0000000000000000     
       (0.18351073946370522,-2.31733889845022763E-016)
   3.1415926535897931        0.0000000000000000     
        (0.26522305863417273,2.41423174765014219E-016)
   1.0000000000000000                1           4
               (1.0000000000000993,0.0000000000000000)
  -1.5707963267948966        0.0000000000000000     
        (0.18445864221432473,2.31762696537741996E-016)
   0.0000000000000000        0.0000000000000000     
               (4.0470844769457743,0.0000000000000000)
   1.5707963267948966        0.0000000000000000     
       (0.18445864221432473,-2.31762696537741996E-016)
   3.1415926535897931        0.0000000000000000     
        (0.26551335796618170,2.41480788150452585E-016)
   1.0000000000000000                1           4
              (0.99999999999999112,0.0000000000000000)
  -1.5707963267948966        0.0000000000000000     
        (0.18407793907499514,1.20710190049382011E-016)
   0.0000000000000000        0.0000000000000000     
               (4.0457163018080182,0.0000000000000000)
   1.5707963267948966        0.0000000000000000     
       (0.18407793907499514,-1.20710190049382011E-016)
   3.1415926535897931        0.0000000000000000     
        (0.26513358847429158,2.41420380098764022E-016)
   1.0000000000000000                1           4
              (0.99999999999975653,0.0000000000000000)
  -1.5707963267948966        0.0000000000000000     
        (0.18471896987653369,1.20668191375550888E-016)
   0.0000000000000000        0.0000000000000000     
               (4.0446909786765772,0.0000000000000000)
   1.5707963267948966        0.0000000000000000     
       (0.18471896987653369,-1.20668191375550888E-016)
   3.1415926535897931        0.0000000000000000     
        (0.26606919241910343,2.41336382751101776E-016)
   1.0000000000000000                1           4
              (0.99999999999998535,0.0000000000000000)
  -1.5707963267948966        0.0000000000000000     
        (0.18404523940405448,9.71257025515103957E-018)
   0.0000000000000000        0.0000000000000000     
               (4.0445485724638566,0.0000000000000000)
   1.5707963267948966        0.0000000000000000     
       (0.18404523940405448,-9.71257025515103957E-018)
   3.1415926535897931        0.0000000000000000     
        (0.26704211560383739,2.41469745435333387E-016)
   1.0000000000000000                1           4
               (1.0000000000000249,0.0000000000000000)
  -1.5707963267948966        0.0000000000000000     
        (0.18479927098797511,3.42739993426598115E-016)
   0.0000000000000000        0.0000000000000000     
               (4.0454559041586915,0.0000000000000000)
   1.5707963267948966        0.0000000000000000     
       (0.18479927098797511,-3.42739993426598115E-016)
   3.1415926535897931        0.0000000000000000     
        (0.26635319470924124,2.41390777003133515E-016)
   1.0000000000000000                1           4
               (1.0000000000000184,0.0000000000000000)
  -1.5707963267948966        0.0000000000000000     
        (0.18477537663206733,9.75696989273442942E-018)
   0.0000000000000000        0.0000000000000000     
               (4.0467153842240196,0.0000000000000000)
   1.5707963267948966        0.0000000000000000     
       (0.18477537663206733,-9.75696989273442942E-018)
   3.1415926535897931        0.0000000000000000     
        (0.26778578051683954,2.41558544710500167E-016)
   1.0000000000000000                1           4
              (0.99999999999997002,0.0000000000000000)
  -1.5707963267948966        0.0000000000000000     
        (0.18281487256320694,1.20691757785628907E-016)
   0.0000000000000000        0.0000000000000000     
               (4.0442061876314446,0.0000000000000000)
   1.5707963267948966        0.0000000000000000     
       (0.18281487256320694,-1.20691757785628907E-016)
   3.1415926535897931        0.0000000000000000     
        (0.26351552620494190,2.41383515571257813E-016)
   1.0000000000000000                1           4
              (0.99999999999998379,0.0000000000000000)
  -1.5707963267948966        0.0000000000000000     
        (0.18703323571266950,2.31736388977266689E-016)
   0.0000000000000000        0.0000000000000000     
               (4.0488274881617858,0.0000000000000000)
   1.5707963267948966        0.0000000000000000     
       (0.18703323571266950,-2.31736388977266689E-016)
   3.1415926535897931        0.0000000000000000     
        (0.26806026361301827,2.41428173029502071E-016)
   1.0000000000000000                1           4
               (1.0000000000000704,0.0000000000000000)
  -1.5707963267948966        0.0000000000000000     
        (0.18482685631433660,1.20680293950611856E-016)
   0.0000000000000000        0.0000000000000000     
               (4.0467269357763032,0.0000000000000000)
   1.5707963267948966        0.0000000000000000     
       (0.18482685631433660,-1.20680293950611856E-016)
   3.1415926535897931        0.0000000000000000     
        (0.26464430829520491,2.41360587901223713E-016)
   1.0000000000000000                1           4
               (1.0000000000000309,0.0000000000000000)
  -1.5707963267948966        0.0000000000000000     
        (0.18514439934794436,4.53788601767715094E-016)
   0.0000000000000000        0.0000000000000000     
               (4.0478406640150713,0.0000000000000000)
   1.5707963267948966        0.0000000000000000     
       (0.18514439934794436,-4.53788601767715094E-016)
   3.1415926535897931        0.0000000000000000     
        (0.26551790677246845,2.41443388760336164E-016)
   1.0000000000000000                1           4
               (1.0000000000000127,0.0000000000000000)
  -1.5707963267948966        0.0000000000000000     
        (0.18168694504444216,2.31754650385745607E-016)
   0.0000000000000000        0.0000000000000000     
               (4.0440265592199047,0.0000000000000000)
   1.5707963267948966        0.0000000000000000     
       (0.18168694504444216,-2.31754650385745607E-016)
   3.1415926535897931        0.0000000000000000     
        (0.26276507408403615,2.41464695846459905E-016)
   1.0000000000000000                1           4
              (0.99999999999997646,0.0000000000000000)
  -1.5707963267948966        0.0000000000000000     
       (0.18395189991906391,-1.01339095882250032E-016)
   0.0000000000000000        0.0000000000000000     
               (4.0454528295311158,0.0000000000000000)
   1.5707963267948966        0.0000000000000000     
        (0.18395189991906391,1.01339095882250032E-016)
   3.1415926535897931        0.0000000000000000     
        (0.26499208916091077,2.41411018085562601E-016)
   1.0000000000000000                1           4
              (0.99999999999987998,0.0000000000000000)
  -1.5707963267948966        0.0000000000000000     
        (0.18228412147708783,1.20727670903039146E-016)
   0.0000000000000000        0.0000000000000000     
               (4.0441349243128268,0.0000000000000000)
   1.5707963267948966        0.0000000000000000     
       (0.18228412147708783,-1.20727670903039146E-016)
   3.1415926535897931        0.0000000000000000     
        (0.26369829878401396,2.41455341806078291E-016)
   1.0000000000000000                1           4
              (0.99999999999996825,0.0000000000000000)
  -1.5707963267948966        0.0000000000000000     
        (0.18075649020029660,1.20764674453590007E-016)
   0.0000000000000000        0.0000000000000000     
               (4.0445177654769644,0.0000000000000000)
   1.5707963267948966        0.0000000000000000     
       (0.18075649020029660,-1.20764674453590007E-016)
   3.1415926535897931        0.0000000000000000     
        (0.26146882274822214,2.41529348907180014E-016)
   1.0000000000000000                1           4
              (0.99999999999997857,0.0000000000000000)
  -1.5707963267948966        0.0000000000000000     
        (0.18404113541539346,1.20781827614454772E-016)
   0.0000000000000000        0.0000000000000000     
               (4.0461010538717552,0.0000000000000000)
   1.5707963267948966        0.0000000000000000     
       (0.18404113541539346,-1.20781827614454772E-016)
   3.1415926535897931        0.0000000000000000     
        (0.26701508953511710,2.41563655228909545E-016)
   1.0000000000000000                1           4
              (0.99999999999995837,0.0000000000000000)
  -1.5707963267948966        0.0000000000000000     
        (0.18864933822466479,1.20629502596872430E-016)
   0.0000000000000000        0.0000000000000000     
               (4.0481249636840300,0.0000000000000000)
   1.5707963267948966        0.0000000000000000     
       (0.18864933822466479,-1.20629502596872430E-016)
   3.1415926535897931        0.0000000000000000     
        (0.26923227269815109,2.41259005193744861E-016)
   1.0000000000000000                1           4
               (1.0000000000000087,0.0000000000000000)
  -1.5707963267948966        0.0000000000000000     
        (0.18858138123076740,1.20608318592144627E-016)
   0.0000000000000000        0.0000000000000000     
               (4.0459157311305036,0.0000000000000000)
   1.5707963267948966        0.0000000000000000     
       (0.18858138123076740,-1.20608318592144627E-016)
   3.1415926535897931        0.0000000000000000     
        (0.27061366916054508,2.41216637184289254E-016)
   1.0000000000000000                1           4
               (1.0000000000000075,0.0000000000000000)
  -1.5707963267948966        0.0000000000000000     
        (0.18665603535004494,1.20770504288867257E-016)
   0.0000000000000000        0.0000000000000000     
               (4.0482077433339985,0.0000000000000000)
   1.5707963267948966        0.0000000000000000     
       (0.18665603535004494,-1.20770504288867257E-016)
   3.1415926535897931        0.0000000000000000     
        (0.26976835206128957,2.41541008577734513E-016)
   1.0000000000000000                1           4
              (0.99999999999991129,0.0000000000000000)
  -1.5707963267948966        0.0000000000000000     
        (0.18421517709770419,1.20728240938041023E-016)
   0.0000000000000000        0.0000000000000000     
               (4.0453840807999297,0.0000000000000000)
   1.5707963267948966        0.0000000000000000     
       (0.18421517709770419,-1.20728240938041023E-016)
   3.1415926535897931        0.0000000000000000     
        (0.26632987229425453,2.41456481876082046E-016)
   1.0000000000000000                1           4
               (1.0000000000000211,0.0000000000000000)
  -1.5707963267948966        0.0000000000000000     
        (0.17953020799306940,1.20869550370863590E-016)
   0.0000000000000000        0.0000000000000000     
               (4.0455187107280066,0.0000000000000000)
   1.5707963267948966        0.0000000000000000     
       (0.17953020799306940,-1.20869550370863590E-016)
   3.1415926535897931        0.0000000000000000     
        (0.26144082049748651,2.41739100741727180E-016)
   1.0000000000000000                1           4
              (0.99999999999999034,0.0000000000000000)
  -1.5707963267948966        0.0000000000000000     
        (0.18492639731066807,2.31794675568895928E-016)
   0.0000000000000000        0.0000000000000000     
               (4.0453092151519812,0.0000000000000000)
   1.5707963267948966        0.0000000000000000     
       (0.18492639731066807,-2.31794675568895928E-016)
   3.1415926535897931        0.0000000000000000     
        (0.26926864437677789,2.41544746212760450E-016)
   1.0000000000000000                1           4
              (0.99999999999994937,0.0000000000000000)
  -1.5707963267948966        0.0000000000000000     
        (0.18100667622975064,2.31772549489878759E-016)
   0.0000000000000000        0.0000000000000000     
               (4.0447126728457228,0.0000000000000000)
   1.5707963267948966        0.0000000000000000     
       (0.18100667622975064,-2.31772549489878759E-016)
   3.1415926535897931        0.0000000000000000     
        (0.26130305193644754,2.41500494054726209E-016)
   1.0000000000000000                1           4
              (0.99999999999996647,0.0000000000000000)
  -1.5707963267948966        0.0000000000000000     
        (0.18199545854139243,9.82011592105622762E-018)
   0.0000000000000000        0.0000000000000000     
               (4.0459412529445382,0.0000000000000000)
   1.5707963267948966        0.0000000000000000     
       (0.18199545854139243,-9.82011592105622762E-018)
   3.1415926535897931        0.0000000000000000     
        (0.26506258142042372,2.41684836767143813E-016)
   1.0000000000000000                1           4
              (0.99999999999983358,0.0000000000000000)
  -1.5707963267948966        0.0000000000000000     
        (0.17894426915392936,1.20831118361555748E-016)
   0.0000000000000000        0.0000000000000000     
               (4.0435185386537107,0.0000000000000000)
   1.5707963267948966        0.0000000000000000     
       (0.17894426915392936,-1.20831118361555748E-016)
   3.1415926535897931        0.0000000000000000     
        (0.26101383020784064,2.41662236723111496E-016)
   1.0000000000000000                1           4
              (0.99999999999996481,0.0000000000000000)
  -1.5707963267948966        0.0000000000000000     
        (0.18266093010113027,1.20728103425285068E-016)
   0.0000000000000000        0.0000000000000000     
               (4.0459055146098377,0.0000000000000000)
   1.5707963267948966        0.0000000000000000     
       (0.18266093010113027,-1.20728103425285068E-016)
   3.1415926535897931        0.0000000000000000     
        (0.26269545298373564,2.41456206850570137E-016)
   1.0000000000000000                1           4
               (1.0000000000000402,0.0000000000000000)
  -1.5707963267948966        0.0000000000000000     
       (0.18665350246934820,-1.01304395585654514E-016)
   0.0000000000000000        0.0000000000000000     
               (4.0484272678840121,0.0000000000000000)
   1.5707963267948966        0.0000000000000000     
        (0.18665350246934820,1.01304395585654514E-016)
   3.1415926535897931        0.0000000000000000     
        (0.26855425360723906,2.41480418678753638E-016)
   1.0000000000000000                1           4
              (0.99999999999997924,0.0000000000000000)
  -1.5707963267948966        0.0000000000000000     
        (0.18619775119599924,1.20603872097151608E-016)
   0.0000000000000000        0.0000000000000000     
               (4.0447259521384336,0.0000000000000000)
   1.5707963267948966        0.0000000000000000     
       (0.18619775119599924,-1.20603872097151608E-016)
   3.1415926535897931        0.0000000000000000     
        (0.26689095453505163,2.41207744194303216E-016)
   1.0000000000000000                1           4
               (1.0000000000000124,0.0000000000000000)
  -1.5707963267948966        0.0000000000000000     
        (0.18323015288168953,2.31825936427130437E-016)
   0.0000000000000000        0.0000000000000000     
               (4.0459343143229036,0.0000000000000000)
   1.5707963267948966        0.0000000000000000     
       (0.18323015288168953,-2.31825936427130437E-016)
   3.1415926535897931        0.0000000000000000     
        (0.26627211346432678,2.41607267929229567E-016)
   1.0000000000000000                1           4
               (1.0000000000001763,0.0000000000000000)
  -1.5707963267948966        0.0000000000000000     
       (0.18368508616677770,-1.01331628568423561E-016)
   0.0000000000000000        0.0000000000000000     
               (4.0450509460802211,0.0000000000000000)
   1.5707963267948966        0.0000000000000000     
        (0.18368508616677770,1.01331628568423561E-016)
   3.1415926535897931        0.0000000000000000     
        (0.26510424608608318,2.41425952713215494E-016)
   1.0000000000000000                1           4
               (1.0000000000000537,0.0000000000000000)
  -1.5707963267948966        0.0000000000000000     
        (0.18564992030738392,9.69559851024485127E-018)
   0.0000000000000000        0.0000000000000000     
               (4.0462891949618802,0.0000000000000000)
   1.5707963267948966        0.0000000000000000     
       (0.18564992030738392,-9.69559851024485127E-018)
   3.1415926535897931        0.0000000000000000     
        (0.26795651565586387,2.41435801945521011E-016)
   1.0000000000000000                1           4
              (0.99999999999996636,0.0000000000000000)
  -1.5707963267948966        0.0000000000000000     
        (0.18602181483053748,1.20709294198172412E-016)
   0.0000000000000000        0.0000000000000000     
               (4.0478129787154611,0.0000000000000000)
   1.5707963267948966        0.0000000000000000     
       (0.18602181483053748,-1.20709294198172412E-016)
   3.1415926535897931        0.0000000000000000     
        (0.26689540235687570,2.41418588396344825E-016)
   1.0000000000000000                1           4
              (0.99999999999997102,0.0000000000000000)
  -1.5707963267948966        0.0000000000000000     
        (0.18344635547661814,1.20786365276466584E-016)
   0.0000000000000000        0.0000000000000000     
               (4.0477943536840737,0.0000000000000000)
   1.5707963267948966        0.0000000000000000     
       (0.18344635547661814,-1.20786365276466584E-016)
   3.1415926535897931        0.0000000000000000     
        (0.26428044113408666,2.41572730552933168E-016)
   1.0000000000000000                1           4
               (1.0000000000000036,0.0000000000000000)
  -1.5707963267948966        0.0000000000000000     
        (0.18200858627226046,9.72346864276868746E-018)
   0.0000000000000000        0.0000000000000000     
               (4.0448154435254846,0.0000000000000000)
   1.5707963267948966        0.0000000000000000     
       (0.18200858627226046,-9.72346864276868746E-018)
   3.1415926535897931        0.0000000000000000     
        (0.26305790663211648,2.41491542210568732E-016)
   1.0000000000000000                1           4
              (0.99999999999994693,0.0000000000000000)
  -1.5707963267948966        0.0000000000000000     
        (0.18470431969147638,9.65385837732331325E-018)
   0.0000000000000000        0.0000000000000000     
               (4.0448741577736413,0.0000000000000000)
   1.5707963267948966        0.0000000000000000     
       (0.18470431969147638,-9.65385837732331325E-018)
   3.1415926535897931        0.0000000000000000     
        (0.26611701540953592,2.41352321679677935E-016)
   1.0000000000000000                1           4
               (1.0000000000000100,0.0000000000000000)
  -1.5707963267948966        0.0000000000000000     
        (0.18162550311658121,2.31851856612366384E-016)
   0.0000000000000000        0.0000000000000000     
               (4.0471446191828502,0.0000000000000000)
   1.5707963267948966        0.0000000000000000     
       (0.18162550311658121,-2.31851856612366384E-016)
   3.1415926535897931        0.0000000000000000     
        (0.26269912657249861,2.41659108299701461E-016)
   1.0000000000000000                1           4
               (1.0000000000000282,0.0000000000000000)
  -1.5707963267948966        0.0000000000000000     
        (0.18482612271960464,1.20762697572285712E-016)
   0.0000000000000000        0.0000000000000000     
               (4.0457044716282073,0.0000000000000000)
   1.5707963267948966        0.0000000000000000     
       (0.18482612271960464,-1.20762697572285712E-016)
   3.1415926535897931        0.0000000000000000     
        (0.26835681179208892,2.41525395144571425E-016)
   1.0000000000000000                1           4
               (1.0000000000000002,0.0000000000000000)
  -1.5707963267948966        0.0000000000000000     
        (0.17673623205736633,2.31857652787379625E-016)
   0.0000000000000000        0.0000000000000000     
               (4.0426488139747931,0.0000000000000000)
   1.5707963267948966        0.0000000000000000     
       (0.17673623205736633,-2.31857652787379625E-016)
   3.1415926535897931        0.0000000000000000     
        (0.25760570710507458,2.41670700649727942E-016)
   1.0000000000000000                1           4
               (1.0000000000019134,0.0000000000000000)
  -1.5707963267948966        0.0000000000000000     
        (0.18427976765142917,1.20768440662924018E-016)
   0.0000000000000000        0.0000000000000000     
               (4.0465316091376629,0.0000000000000000)
   1.5707963267948966        0.0000000000000000     
       (0.18427976765142917,-1.20768440662924018E-016)
   3.1415926535897931        0.0000000000000000     
        (0.26662454772196487,2.41536881325848035E-016)
   1.0000000000000000                1           4
               (1.0000000000003373,0.0000000000000000)
  -1.5707963267948966        0.0000000000000000     
        (0.18887393458241952,9.49449659024871126E-018)
   0.0000000000000000        0.0000000000000000     
               (4.0460834261745813,0.0000000000000000)
   1.5707963267948966        0.0000000000000000     
       (0.18887393458241952,-9.49449659024871126E-018)
   3.1415926535897931        0.0000000000000000     
        (0.26804182581354585,2.41033598105528780E-016)
   1.0000000000000000                1           4
              (0.99999999999999811,0.0000000000000000)
  -1.5707963267948966        0.0000000000000000     
        (0.17783973126699881,4.53937961208371227E-016)
   0.0000000000000000        0.0000000000000000     
               (4.0434735092928724,0.0000000000000000)
   1.5707963267948966        0.0000000000000000     
       (0.17783973126699881,-4.53937961208371227E-016)
   3.1415926535897931        0.0000000000000000     
        (0.26015417488280701,2.41742107641648530E-016)
   1.0000000000000000                1           4
               (1.0000000000000127,0.0000000000000000)
  -1.5707963267948966        0.0000000000000000     
        (0.18725818474525158,1.20716864835031475E-016)
   0.0000000000000000        0.0000000000000000     
               (4.0498284206918456,0.0000000000000000)
   1.5707963267948966        0.0000000000000000     
       (0.18725818474525158,-1.20716864835031475E-016)
   3.1415926535897931        0.0000000000000000     
        (0.26759997597512208,2.41433729670062949E-016)
   1.0000000000000000                1           4
              (0.99999999999998990,0.0000000000000000)
  -1.5707963267948966        0.0000000000000000     
        (0.18185274291751463,1.20770845168112258E-016)
   0.0000000000000000        0.0000000000000000     
               (4.0438879753134431,0.0000000000000000)
   1.5707963267948966        0.0000000000000000     
       (0.18185274291751463,-1.20770845168112258E-016)
   3.1415926535897931        0.0000000000000000     
        (0.26449266917786651,2.41541690336224516E-016)
   1.0000000000000000                1           4
              (0.99999999999997857,0.0000000000000000)
  -1.5707963267948966        0.0000000000000000     
        (0.18423002334695993,2.31780938155751938E-016)
   0.0000000000000000        0.0000000000000000     
               (4.0463483796251589,0.0000000000000000)
   1.5707963267948966        0.0000000000000000     
       (0.18423002334695993,-2.31780938155751938E-016)
   3.1415926535897931        0.0000000000000000     
        (0.26638803401188671,2.41517271386472568E-016)
   1.0000000000000000                1           4
              (0.99999999999996636,0.0000000000000000)
  -1.5707963267948966        0.0000000000000000     
        (0.18100633848424952,1.20827725402397478E-016)
   0.0000000000000000        0.0000000000000000     
               (4.0458184374630886,0.0000000000000000)
   1.5707963267948966        0.0000000000000000     
       (0.18100633848424952,-1.20827725402397478E-016)
   3.1415926535897931        0.0000000000000000     
        (0.26272724760284594,2.41655450804794956E-016)
   1.0000000000000000                1           4
              (0.99999999999994593,0.0000000000000000)
  -1.5707963267948966        0.0000000000000000     
        (0.18668366873781628,9.69211098919277840E-018)
   0.0000000000000000        0.0000000000000000     
               (4.0493968328723087,0.0000000000000000)
   1.5707963267948966        0.0000000000000000     
       (0.18668366873781628,-9.69211098919277840E-018)
   3.1415926535897931        0.0000000000000000     
        (0.26680246352419790,2.41428826903416914E-016)
   1.0000000000000000                1           4
               (1.0000000000000060,0.0000000000000000)
  -1.5707963267948966        0.0000000000000000     
        (0.18211558448897502,2.31736021786820902E-016)
   0.0000000000000000        0.0000000000000000     
               (4.0449797925048090,0.0000000000000000)
   1.5707963267948966        0.0000000000000000     
       (0.18211558448897502,-2.31736021786820902E-016)
   3.1415926535897931        0.0000000000000000     
        (0.26206066347248969,2.41427438648610497E-016)
   1.0000000000000000                1           4
               (1.0000000000000195,0.0000000000000000)
  -1.5707963267948966        0.0000000000000000     
        (0.18718743608818800,1.20669860095287221E-016)
   0.0000000000000000        0.0000000000000000     
               (4.0473962216116401,0.0000000000000000)
   1.5707963267948966        0.0000000000000000     
       (0.18718743608818800,-1.20669860095287221E-016)
   3.1415926535897931        0.0000000000000000     
        (0.26835538643020440,2.41339720190574441E-016)
   1.0000000000000000                1           4
               (1.0000000000023621,0.0000000000000000)
  -1.5707963267948966        0.0000000000000000     
        (0.17659027606075361,1.20864956987672387E-016)
   0.0000000000000000        0.0000000000000000     
               (4.0437799654093602,0.0000000000000000)
   1.5707963267948966        0.0000000000000000     
       (0.17659027606075361,-1.20864956987672387E-016)
   3.1415926535897931        0.0000000000000000     
        (0.25714967067082894,2.41729913975344775E-016)
   1.0000000000000000                1           4
              (0.99999999999999389,0.0000000000000000)
  -1.5707963267948966        0.0000000000000000     
       (0.18272701238431011,-1.01273492760822712E-016)
   0.0000000000000000        0.0000000000000000     
               (4.0456437158976204,0.0000000000000000)
   1.5707963267948966        0.0000000000000000     
        (0.18272701238431011,1.01273492760822712E-016)
   3.1415926535897931        0.0000000000000000     
        (0.26449418828159055,2.41542224328417241E-016)
   1.0000000000000000                1           4
               (1.0000000000001312,0.0000000000000000)
  -1.5707963267948966        0.0000000000000000     
        (0.18173394865296211,1.20758005797543013E-016)
   0.0000000000000000        0.0000000000000000     
               (4.0455398281028456,0.0000000000000000)
   1.5707963267948966        0.0000000000000000     
       (0.18173394865296211,-1.20758005797543013E-016)
   3.1415926535897931        0.0000000000000000     
        (0.26218386219153644,2.41516011595086026E-016)
   1.0000000000000000                1           4
               (1.0000000000000735,0.0000000000000000)
  -1.5707963267948966        0.0000000000000000     
        (0.17919543790654424,1.20804713358148703E-016)
   0.0000000000000000        0.0000000000000000     
               (4.0433134594010882,0.0000000000000000)
   1.5707963267948966        0.0000000000000000     
       (0.17919543790654424,-1.20804713358148703E-016)
   3.1415926535897931        0.0000000000000000     
        (0.26085879410416923,2.41609426716297407E-016)
   1.0000000000000000                1           4
              (0.99999999999999911,0.0000000000000000)
  -1.5707963267948966        0.0000000000000000     
        (0.17925901426813795,1.20775373675210964E-016)
   0.0000000000000000        0.0000000000000000     
               (4.0429667042175899,0.0000000000000000)
   1.5707963267948966        0.0000000000000000     
       (0.17925901426813795,-1.20775373675210964E-016)
   3.1415926535897931        0.0000000000000000     
        (0.26037439524164852,2.41550747350421928E-016)
   1.0000000000000000                1           4
               (1.0000000000001632,0.0000000000000000)
  -1.5707963267948966        0.0000000000000000     
        (0.18004013146171471,9.77616452519414504E-018)
   0.0000000000000000        0.0000000000000000     
               (4.0449806812248603,0.0000000000000000)
   1.5707963267948966        0.0000000000000000     
       (0.18004013146171471,-9.77616452519414504E-018)
   3.1415926535897931        0.0000000000000000     
        (0.26067693744928455,2.41596933975419647E-016)
   1.0000000000000000                1           4
              (0.99999999999998113,0.0000000000000000)
  -1.5707963267948966        0.0000000000000000     
        (0.18312675965252356,1.20747334109454901E-016)
   0.0000000000000000        0.0000000000000000     
               (4.0467637834245860,0.0000000000000000)
   1.5707963267948966        0.0000000000000000     
       (0.18312675965252356,-1.20747334109454901E-016)
   3.1415926535897931        0.0000000000000000     
        (0.26339696508398014,2.41494668218909802E-016)
   1.0000000000000000                1           4
              (0.99999999999992184,0.0000000000000000)
  -1.5707963267948966        0.0000000000000000     
        (0.18605189653903542,1.20751298530808615E-016)
   0.0000000000000000        0.0000000000000000     
               (4.0473208650764265,0.0000000000000000)
   1.5707963267948966        0.0000000000000000     
       (0.18605189653903542,-1.20751298530808615E-016)
   3.1415926535897931        0.0000000000000000     
        (0.26881964503321276,2.41502597061617231E-016)
   1.0000000000000000                1           4
               (1.0000000000000531,0.0000000000000000)
  -1.5707963267948966        0.0000000000000000     
        (0.18520520204358104,9.69279022656810582E-018)
   0.0000000000000000        0.0000000000000000     
               (4.0463768871998038,0.0000000000000000)
   1.5707963267948966        0.0000000000000000     
       (0.18520520204358104,-9.69279022656810582E-018)
   3.1415926535897931        0.0000000000000000     
        (0.26688766138454112,2.41430185378167520E-016)
   1.0000000000000000                1           4
              (0.99999999999992462,0.0000000000000000)
  -1.5707963267948966        0.0000000000000000     
        (0.18625816167205189,3.42759368671205602E-016)
   0.0000000000000000        0.0000000000000000     
               (4.0465541954502919,0.0000000000000000)
   1.5707963267948966        0.0000000000000000     
       (0.18625816167205189,-3.42759368671205602E-016)
   3.1415926535897931        0.0000000000000000     
        (0.26880552830021809,2.41429527492348490E-016)
   1.0000000000000000                1           4
              (0.99999999999995604,0.0000000000000000)
  -1.5707963267948966        0.0000000000000000     
        (0.18231744451995480,9.69937052104561558E-018)
   0.0000000000000000        0.0000000000000000     
               (4.0446389337589403,0.0000000000000000)
   1.5707963267948966        0.0000000000000000     
       (0.18231744451995480,-9.69937052104561558E-018)
   3.1415926535897931        0.0000000000000000     
        (0.26306502850640601,2.41443345967122539E-016)
   1.0000000000000000                1           4
               (1.0000000000000180,0.0000000000000000)
  -1.5707963267948966        0.0000000000000000     
        (0.18104699008191028,2.31814209048467836E-016)
   0.0000000000000000        0.0000000000000000     
               (4.0460417832413498,0.0000000000000000)
   1.5707963267948966        0.0000000000000000     
       (0.18104699008191028,-2.31814209048467836E-016)
   3.1415926535897931        0.0000000000000000     
        (0.26141527369047435,2.41583813171904365E-016)
   1.0000000000000000                1           4
               (1.0000000000000477,0.0000000000000000)
  -1.5707963267948966        0.0000000000000000     
        (0.18537081289698054,1.20708915166684797E-016)
   0.0000000000000000        0.0000000000000000     
               (4.0463923584419401,0.0000000000000000)
   1.5707963267948966        0.0000000000000000     
       (0.18537081289698054,-1.20708915166684797E-016)
   3.1415926535897931        0.0000000000000000     
        (0.26700163865538851,2.41417830333369594E-016)
   1.0000000000000000                1           4
               (1.0000000000000191,0.0000000000000000)
  -1.5707963267948966        0.0000000000000000     
        (0.18177626864823915,2.31821311744851804E-016)
   0.0000000000000000        0.0000000000000000     
               (4.0459916862046850,0.0000000000000000)
   1.5707963267948966        0.0000000000000000     
       (0.18177626864823915,-2.31821311744851804E-016)
   3.1415926535897931        0.0000000000000000     
        (0.26315591952919626,2.41598018564672348E-016)
   1.0000000000000000                1           4
              (0.99999999999997846,0.0000000000000000)
  -1.5707963267948966        0.0000000000000000     
        (0.18140429064547947,1.20789847512980079E-016)
   0.0000000000000000        0.0000000000000000     
               (4.0457125195220955,0.0000000000000000)
   1.5707963267948966        0.0000000000000000     
       (0.18140429064547947,-1.20789847512980079E-016)
   3.1415926535897931        0.0000000000000000     
        (0.26239188410975955,2.41579695025960159E-016)
   1.0000000000000000                1           4
              (0.99999999999997091,0.0000000000000000)
  -1.5707963267948966        0.0000000000000000     
        (0.18438011568345392,1.20783172933540631E-016)
   0.0000000000000000        0.0000000000000000     
               (4.0474610406694786,0.0000000000000000)
   1.5707963267948966        0.0000000000000000     
       (0.18438011568345392,-1.20783172933540631E-016)
   3.1415926535897931        0.0000000000000000     
        (0.26637700472951065,2.41566345867081262E-016)
   1.0000000000000000                1           4
               (1.0000000000000120,0.0000000000000000)
  -1.5707963267948966        0.0000000000000000     
        (0.18827081483958452,2.31734156156317208E-016)
   0.0000000000000000        0.0000000000000000     
               (4.0471145883635806,0.0000000000000000)
   1.5707963267948966        0.0000000000000000     
       (0.18827081483958452,-2.31734156156317208E-016)
   3.1415926535897931        0.0000000000000000     
        (0.27217539219833498,2.41423707387603058E-016)
   1.0000000000000000                1           4
              (0.99999999999974509,0.0000000000000000)
  -1.5707963267948966        0.0000000000000000     
        (0.18180663823990983,1.20825535196448575E-016)
   0.0000000000000000        0.0000000000000000     
               (4.0466451914536110,0.0000000000000000)
   1.5707963267948966        0.0000000000000000     
       (0.18180663823990983,-1.20825535196448575E-016)
   3.1415926535897931        0.0000000000000000     
        (0.26342955556847480,2.41651070392897150E-016)
   1.0000000000000000                1           4
              (0.99999999999997269,0.0000000000000000)
  -1.5707963267948966        0.0000000000000000     
        (0.18323241931756207,9.70540775808817358E-018)
   0.0000000000000000        0.0000000000000000     
               (4.0455605331154310,0.0000000000000000)
   1.5707963267948966        0.0000000000000000     
       (0.18323241931756207,-9.70540775808817358E-018)
   3.1415926535897931        0.0000000000000000     
        (0.26417056987147791,2.41455420441207655E-016)
   1.0000000000000000                1           4
              (0.99999999999998357,0.0000000000000000)
  -1.5707963267948966        0.0000000000000000     
        (0.18139370866319704,2.31797943865771762E-016)
   0.0000000000000000        0.0000000000000000     
               (4.0447547746416577,0.0000000000000000)
   1.5707963267948966        0.0000000000000000     
       (0.18139370866319704,-2.31797943865771762E-016)
   3.1415926535897931        0.0000000000000000     
        (0.26286445826927118,2.41551282806512118E-016)
   1.0000000000000000                1           4
               (1.0000000000000400,0.0000000000000000)
  -1.5707963267948966        0.0000000000000000     
        (0.18087825850462158,9.80359895960623375E-018)
   0.0000000000000000        0.0000000000000000     
               (4.0450393959043165,0.0000000000000000)
   1.5707963267948966        0.0000000000000000     
       (0.18087825850462158,-9.80359895960623375E-018)
   3.1415926535897931        0.0000000000000000     
        (0.26319055348544917,2.41651802844243776E-016)
   1.0000000000000000                1           4
              (0.99999999999996536,0.0000000000000000)
  -1.5707963267948966        0.0000000000000000     
        (0.18684659466215492,2.31700196930970285E-016)
   0.0000000000000000        0.0000000000000000     
               (4.0472314236838347,0.0000000000000000)
   1.5707963267948966        0.0000000000000000     
       (0.18684659466215492,-2.31700196930970285E-016)
   3.1415926535897931        0.0000000000000000     
        (0.26810092404844277,2.41355788936909262E-016)
   1.0000000000000000                1           4
              (0.99999999999999456,0.0000000000000000)
  -1.5707963267948966        0.0000000000000000     
        (0.18310979640894132,9.74153411902191483E-018)
   0.0000000000000000        0.0000000000000000     
               (4.0452451919838142,0.0000000000000000)
   1.5707963267948966        0.0000000000000000     
       (0.18310979640894132,-9.74153411902191483E-018)
   3.1415926535897931        0.0000000000000000     
        (0.26542064168059065,2.41527673163075138E-016)
   1.0000000000000000                1           4
               (1.0000000000000435,0.0000000000000000)
  -1.5707963267948966        0.0000000000000000     
        (0.18246736864917645,1.20756935397765459E-016)
   0.0000000000000000        0.0000000000000000     
               (4.0470227612679910,0.0000000000000000)
   1.5707963267948966        0.0000000000000000     
       (0.18246736864917645,-1.20756935397765459E-016)
   3.1415926535897931        0.0000000000000000     
        (0.26213280710887910,2.41513870795530919E-016)
   1.0000000000000000                1           4
              (0.99999999999999767,0.0000000000000000)
  -1.5707963267948966        0.0000000000000000     
        (0.18253948895428040,1.20713130748937145E-016)
   0.0000000000000000        0.0000000000000000     
               (4.0453491183490540,0.0000000000000000)
   1.5707963267948966        0.0000000000000000     
       (0.18253948895428040,-1.20713130748937145E-016)
   3.1415926535897931        0.0000000000000000     
        (0.26251992222842713,2.41426261497874289E-016)
   1.0000000000000000                1           4
              (0.99999999999998102,0.0000000000000000)
  -1.5707963267948966        0.0000000000000000     
        (0.17957960005171858,1.20795171800369954E-016)
   0.0000000000000000        0.0000000000000000     
               (4.0463347099719851,0.0000000000000000)
   1.5707963267948966        0.0000000000000000     
       (0.17957960005171858,-1.20795171800369954E-016)
   3.1415926535897931        0.0000000000000000     
        (0.25829421689584631,2.41590343600739909E-016)
   1.0000000000000000                1           4
              (0.99999999999995415,0.0000000000000000)
  -1.5707963267948966        0.0000000000000000     
        (0.18083168081118384,9.79660745232090266E-018)
   0.0000000000000000        0.0000000000000000     
               (4.0469726258665304,0.0000000000000000)
   1.5707963267948966        0.0000000000000000     
       (0.18083168081118384,-9.79660745232090266E-018)
   3.1415926535897931        0.0000000000000000     
        (0.26093580817852791,2.41637819829673113E-016)
   1.0000000000000000                1           4
               (1.0000000000001363,0.0000000000000000)
  -1.5707963267948966        0.0000000000000000     
        (0.17891665425090209,1.20853916170473839E-016)
   0.0000000000000000        0.0000000000000000     
               (4.0451118120901119,0.0000000000000000)
   1.5707963267948966        0.0000000000000000     
       (0.17891665425090209,-1.20853916170473839E-016)
   3.1415926535897931        0.0000000000000000     
        (0.26010995991372521,2.41707832340947678E-016)
   1.0000000000000000                1           4
              (0.99999999999994449,0.0000000000000000)
  -1.5707963267948966        0.0000000000000000     
        (0.18241937169016331,1.20746785561067904E-016)
   0.0000000000000000        0.0000000000000000     
               (4.0453655722477091,0.0000000000000000)
   1.5707963267948966        0.0000000000000000     
       (0.18241937169016331,-1.20746785561067904E-016)
   3.1415926535897931        0.0000000000000000     
        (0.26336248338612644,2.41493571122135807E-016)
   1.0000000000000000                1           4
              (0.99999999999998890,0.0000000000000000)
  -1.5707963267948966        0.0000000000000000     
        (0.18805227132228275,2.31708522047566323E-016)
   0.0000000000000000        0.0000000000000000     
               (4.0479339813003126,0.0000000000000000)
   1.5707963267948966        0.0000000000000000     
       (0.18805227132228275,-2.31708522047566323E-016)
   3.1415926535897931        0.0000000000000000     
        (0.27008163869576729,2.41372439170101338E-016)
   1.0000000000000000                1           4
              (0.99999999999988698,0.0000000000000000)
  -1.5707963267948966        0.0000000000000000     
        (0.18797006537741545,1.20642030938927028E-016)
   0.0000000000000000        0.0000000000000000     
               (4.0461370074311942,0.0000000000000000)
   1.5707963267948966        0.0000000000000000     
       (0.18797006537741545,-1.20642030938927028E-016)
   3.1415926535897931        0.0000000000000000     
        (0.27027088996207405,2.41284061877854056E-016)
   1.0000000000000000                1           4
              (0.99999999999989930,0.0000000000000000)
  -1.5707963267948966        0.0000000000000000     
        (0.18236865508913003,9.70859518978715971E-018)
   0.0000000000000000        0.0000000000000000     
               (4.0450043764936776,0.0000000000000000)
   1.5707963267948966        0.0000000000000000     
       (0.18236865508913003,-9.70859518978715971E-018)
   3.1415926535897931        0.0000000000000000     
        (0.26310330745636246,2.41461795304605628E-016)
   1.0000000000000000                1           4
               (1.0000000000000027,0.0000000000000000)
  -1.5707963267948966        0.0000000000000000     
        (0.18734038139810183,1.20765950338981792E-016)
   0.0000000000000000        0.0000000000000000     
               (4.0494926698118086,0.0000000000000000)
   1.5707963267948966        0.0000000000000000     
       (0.18734038139810183,-1.20765950338981792E-016)
   3.1415926535897931        0.0000000000000000     
        (0.26970337438842917,2.41531900677963584E-016)
   1.0000000000000000                1           4
              (0.99999999999990308,0.0000000000000000)
  -1.5707963267948966        0.0000000000000000     
        (0.18088087386032525,3.42853439963015205E-016)
   0.0000000000000000        0.0000000000000000     
               (4.0449560436451488,0.0000000000000000)
   1.5707963267948966        0.0000000000000000     
       (0.18088087386032525,-3.42853439963015205E-016)
   3.1415926535897931        0.0000000000000000     
        (0.26272170604752210,2.41617670075967793E-016)
   1.0000000000000000                1           4
              (0.99999999999996114,0.0000000000000000)
  -1.5707963267948966        0.0000000000000000     
        (0.18164589456892710,1.20786552909355224E-016)
   0.0000000000000000        0.0000000000000000     
               (4.0444517151438450,0.0000000000000000)
   1.5707963267948966        0.0000000000000000     
       (0.18164589456892710,-1.20786552909355224E-016)
   3.1415926535897931        0.0000000000000000     
        (0.26402828641416198,2.41573105818710447E-016)
   1.0000000000000000                1           4
               (1.0000000000000635,0.0000000000000000)
  -1.5707963267948966        0.0000000000000000     
        (0.18175032977575944,9.81144796936029857E-018)
   0.0000000000000000        0.0000000000000000     
               (4.0465391590183293,0.0000000000000000)
   1.5707963267948966        0.0000000000000000     
       (0.18175032977575944,-9.81144796936029857E-018)
   3.1415926535897931        0.0000000000000000     
        (0.26369130102767013,2.41667500863751905E-016)
   1.0000000000000000                1           4
              (0.99999999999926392,0.0000000000000000)
  -1.5707963267948966        0.0000000000000000     
        (0.18282891016045388,1.20811086537474706E-016)
   0.0000000000000000        0.0000000000000000     
               (4.0467587322272882,0.0000000000000000)
   1.5707963267948966        0.0000000000000000     
       (0.18282891016045388,-1.20811086537474706E-016)
   3.1415926535897931        0.0000000000000000     
        (0.26488862961981563,2.41622173074949411E-016)
   1.0000000000000000                1           4
               (1.0000000000000022,0.0000000000000000)
  -1.5707963267948966        0.0000000000000000     
        (0.18707763500530372,9.61960267527445957E-018)
   0.0000000000000000        0.0000000000000000     
               (4.0457770139230860,0.0000000000000000)
   1.5707963267948966        0.0000000000000000     
       (0.18707763500530372,-9.61960267527445957E-018)
   3.1415926535897931        0.0000000000000000     
        (0.26884191374900257,2.41283810275580227E-016)
   1.0000000000000000                1           4
               (1.0000000000000375,0.0000000000000000)
  -1.5707963267948966        0.0000000000000000     
        (0.18060472232682478,9.77638853524298963E-018)
   0.0000000000000000        0.0000000000000000     
               (4.0468078126003224,0.0000000000000000)
   1.5707963267948966        0.0000000000000000     
       (0.18060472232682478,-9.77638853524298963E-018)
   3.1415926535897931        0.0000000000000000     
        (0.25998630452749361,2.41597381995517337E-016)
   1.0000000000000000                1           4
               (1.0000000000000069,0.0000000000000000)
  -1.5707963267948966        0.0000000000000000     
        (0.18171938856115910,1.20823819690510329E-016)
   0.0000000000000000        0.0000000000000000     
               (4.0468537311561814,0.0000000000000000)
   1.5707963267948966        0.0000000000000000     
       (0.18171938856115910,-1.20823819690510329E-016)
   3.1415926535897931        0.0000000000000000     
        (0.26299048383222445,2.41647639381020659E-016)
   1.0000000000000000                1           4
               (1.0000000000000295,0.0000000000000000)
  -1.5707963267948966        0.0000000000000000     
        (0.18049589019990286,2.31807293978390524E-016)
   0.0000000000000000        0.0000000000000000     
               (4.0453265063472275,0.0000000000000000)
   1.5707963267948966        0.0000000000000000     
       (0.18049589019990286,-2.31807293978390524E-016)
   3.1415926535897931        0.0000000000000000     
        (0.26080248749142698,2.41569983031749691E-016)
   1.0000000000000000                1           4
               (1.0000000000000395,0.0000000000000000)
  -1.5707963267948966        0.0000000000000000     
        (0.18670015246586125,1.20656424911600617E-016)
   0.0000000000000000        0.0000000000000000     
               (4.0454127763004921,0.0000000000000000)
   1.5707963267948966        0.0000000000000000     
       (0.18670015246586125,-1.20656424911600617E-016)
   3.1415926535897931        0.0000000000000000     
        (0.26892543809561886,2.41312849823201234E-016)
   1.0000000000000000                1           4
              (0.99999999999993228,0.0000000000000000)
  -1.5707963267948966        0.0000000000000000     
        (0.18053852562091599,2.31831827362419334E-016)
   0.0000000000000000        0.0000000000000000     
               (4.0453316259919934,0.0000000000000000)
   1.5707963267948966        0.0000000000000000     
       (0.18053852562091599,-2.31831827362419334E-016)
   3.1415926535897931        0.0000000000000000     
        (0.26168395982212422,2.41619049799807359E-016)
   1.0000000000000000                1           4
               (1.0000000000000109,0.0000000000000000)
  -1.5707963267948966        0.0000000000000000     
        (0.18253287705617582,1.20734812929731522E-016)
   0.0000000000000000        0.0000000000000000     
               (4.0444427156129601,0.0000000000000000)
   1.5707963267948966        0.0000000000000000     
       (0.18253287705617582,-1.20734812929731522E-016)
   3.1415926535897931        0.0000000000000000     
        (0.26412129493681635,2.41469625859463045E-016)
   1.0000000000000000                1           4
              (0.99999999999977685,0.0000000000000000)
  -1.5707963267948966        0.0000000000000000     
        (0.18623303187555140,2.31738565479779835E-016)
   0.0000000000000000        0.0000000000000000     
               (4.0468062481584912,0.0000000000000000)
   1.5707963267948966        0.0000000000000000     
       (0.18623303187555140,-2.31738565479779835E-016)
   3.1415926535897931        0.0000000000000000     
        (0.26855218590906771,2.41432526034528362E-016)
   1.0000000000000000                1           4
               (1.0000000000000111,0.0000000000000000)
  -1.5707963267948966        0.0000000000000000     
        (0.18241193801010824,2.31790245951434607E-016)
   0.0000000000000000        0.0000000000000000     
               (4.0454553615550788,0.0000000000000000)
   1.5707963267948966        0.0000000000000000     
       (0.18241193801010824,-2.31790245951434607E-016)
   3.1415926535897931        0.0000000000000000     
        (0.26394889708655356,2.41535886977837956E-016)
   1.0000000000000000                1           4
              (0.99999999999992484,0.0000000000000000)
  -1.5707963267948966        0.0000000000000000     
        (0.18343768501546509,1.20714109775902827E-016)
   0.0000000000000000        0.0000000000000000     
               (4.0445015982318555,0.0000000000000000)
   1.5707963267948966        0.0000000000000000     
       (0.18343768501546509,-1.20714109775902827E-016)
   3.1415926535897931        0.0000000000000000     
        (0.26519581191541497,2.41428219551805655E-016)
   1.0000000000000000                1           4
               (1.0000000000000433,0.0000000000000000)
  -1.5707963267948966        0.0000000000000000     
        (0.18255937835177127,1.20740504081232265E-016)
   0.0000000000000000        0.0000000000000000     
               (4.0448936545225020,0.0000000000000000)
   1.5707963267948966        0.0000000000000000     
       (0.18255937835177127,-1.20740504081232265E-016)
   3.1415926535897931        0.0000000000000000     
        (0.26390924573317320,2.41481008162464530E-016)
   1.0000000000000000                1           4
               (1.0000000000000331,0.0000000000000000)
  -1.5707963267948966        0.0000000000000000     
        (0.18431523688328344,1.20662419767211738E-016)
   0.0000000000000000        0.0000000000000000     
               (4.0448282007669034,0.0000000000000000)
   1.5707963267948966        0.0000000000000000     
       (0.18431523688328344,-1.20662419767211738E-016)
   3.1415926535897931        0.0000000000000000     
        (0.26493598930779805,2.41324839534423475E-016)
   1.0000000000000000                1           4
               (1.0000000000000242,0.0000000000000000)
  -1.5707963267948966        0.0000000000000000     
        (0.18554382891959720,9.72061417331765259E-018)
   0.0000000000000000        0.0000000000000000     
               (4.0472263768862700,0.0000000000000000)
   1.5707963267948966        0.0000000000000000     
       (0.18554382891959720,-9.72061417331765259E-018)
   3.1415926535897931        0.0000000000000000     
        (0.26762422451834167,2.41485833271666663E-016)
   1.0000000000000000                1           4
              (0.99999999999999400,0.0000000000000000)
  -1.5707963267948966        0.0000000000000000     
        (0.18224194314528364,9.77433245655409500E-018)
   0.0000000000000000        0.0000000000000000     
               (4.0450496402680720,0.0000000000000000)
   1.5707963267948966        0.0000000000000000     
       (0.18224194314528364,-9.77433245655409500E-018)
   3.1415926535897931        0.0000000000000000     
        (0.26495176187026659,2.41593269838139498E-016)
   1.0000000000000000                1           4
               (1.0000000000000016,0.0000000000000000)
  -1.5707963267948966        0.0000000000000000     
        (0.18143398154341017,2.31790044251645285E-016)
   0.0000000000000000        0.0000000000000000     
               (4.0458441839426342,0.0000000000000000)
   1.5707963267948966        0.0000000000000000     
       (0.18143398154341017,-2.31790044251645285E-016)
   3.1415926535897931        0.0000000000000000     
        (0.26159757375052783,2.41535483578259312E-016)
   1.0000000000000000                1           4
              (0.99999999999997391,0.0000000000000000)
  -1.5707963267948966        0.0000000000000000     
        (0.18401406724420477,9.67670657162149298E-018)
   0.0000000000000000        0.0000000000000000     
               (4.0443008033636456,0.0000000000000000)
   1.5707963267948966        0.0000000000000000     
       (0.18401406724420477,-9.67670657162149298E-018)
   3.1415926535897931        0.0000000000000000     
        (0.26605614358473162,2.41398018068274294E-016)
   1.0000000000000000                1           4
               (1.0000000000003424,0.0000000000000000)
  -1.5707963267948966        0.0000000000000000     
        (0.18830626758549707,1.20593366072040685E-016)
   0.0000000000000000        0.0000000000000000     
               (4.0470956242371514,0.0000000000000000)
   1.5707963267948966        0.0000000000000000     
       (0.18830626758549707,-1.20593366072040685E-016)
   3.1415926535897931        0.0000000000000000     
        (0.26839516239385441,2.41186732144081369E-016)
   1.0000000000000000                1           4
               (1.0000000000000315,0.0000000000000000)
  -1.5707963267948966        0.0000000000000000     
        (0.18222134339212437,1.20798115014392821E-016)
   0.0000000000000000        0.0000000000000000     
               (4.0453803399872807,0.0000000000000000)
   1.5707963267948966        0.0000000000000000     
       (0.18222134339212437,-1.20798115014392821E-016)
   3.1415926535897931        0.0000000000000000     
        (0.26462820622671235,2.41596230028785643E-016)
   1.0000000000000000                1           4
               (1.0000000000000013,0.0000000000000000)
  -1.5707963267948966        0.0000000000000000     
        (0.18482791041735380,9.68129484276506288E-018)
   0.0000000000000000        0.0000000000000000     
               (4.0468462864623707,0.0000000000000000)
   1.5707963267948966        0.0000000000000000     
       (0.18482791041735380,-9.68129484276506288E-018)
   3.1415926535897931        0.0000000000000000     
        (0.26528821114083112,2.41407194610561483E-016)
   1.0000000000000000                1           4
              (0.99999999999996125,0.0000000000000000)
  -1.5707963267948966        0.0000000000000000     
        (0.18246958405767733,1.20699711842101613E-016)
   0.0000000000000000        0.0000000000000000     
               (4.0443262966412155,0.0000000000000000)
   1.5707963267948966        0.0000000000000000     
       (0.18246958405767733,-1.20699711842101613E-016)
   3.1415926535897931        0.0000000000000000     
        (0.26296463938428127,2.41399423684203225E-016)
   1.0000000000000000                1           4
               (1.0000000000000451,0.0000000000000000)
  -1.5707963267948966        0.0000000000000000     
        (0.18388480897921555,3.42740234966086457E-016)
   0.0000000000000000        0.0000000000000000     
               (4.0450352134400571,0.0000000000000000)
   1.5707963267948966        0.0000000000000000     
       (0.18388480897921555,-3.42740234966086457E-016)
   3.1415926535897931        0.0000000000000000     
        (0.26495285068875307,2.41391260082110297E-016)
   1.0000000000000000                1           4
              (0.99999999999977118,0.0000000000000000)
  -1.5707963267948966        0.0000000000000000     
        (0.18149564436110011,9.74215274769290080E-018)
   0.0000000000000000        0.0000000000000000     
               (4.0446315677100788,0.0000000000000000)
   1.5707963267948966        0.0000000000000000     
       (0.18149564436110011,-9.74215274769290080E-018)
   3.1415926535897931        0.0000000000000000     
        (0.26282616780443613,2.41528910420417110E-016)
   1.0000000000000000                1           4
              (0.99999999999999722,0.0000000000000000)
  -1.5707963267948966        0.0000000000000000     
        (0.18467493032098881,1.20716985362353364E-016)
   0.0000000000000000        0.0000000000000000     
               (4.0462689280050022,0.0000000000000000)
   1.5707963267948966        0.0000000000000000     
       (0.18467493032098881,-1.20716985362353364E-016)
   3.1415926535897931        0.0000000000000000     
        (0.26599689653452419,2.41433970724706729E-016)
   1.0000000000000000                1           4
              (0.99999999999998301,0.0000000000000000)
  -1.5707963267948966        0.0000000000000000     
        (0.18368708100108277,2.31775865513130793E-016)
   0.0000000000000000        0.0000000000000000     
               (4.0456091184068530,0.0000000000000000)
   1.5707963267948966        0.0000000000000000     
       (0.18368708100108277,-2.31775865513130793E-016)
   3.1415926535897931        0.0000000000000000     
        (0.26587572545684135,2.41507126101230278E-016)
   1.0000000000000000                1           4
              (0.99999999999997102,0.0000000000000000)
  -1.5707963267948966        0.0000000000000000     
        (0.18743336574784464,1.20585363811753930E-016)
   0.0000000000000000        0.0000000000000000     
               (4.0465787764096675,0.0000000000000000)
   1.5707963267948966        0.0000000000000000     
       (0.18743336574784464,-1.20585363811753930E-016)
   3.1415926535897931        0.0000000000000000     
        (0.26690483288981426,2.41170727623507859E-016)
   1.0000000000000000                1           4
               (1.0000000000000284,0.0000000000000000)
  -1.5707963267948966        0.0000000000000000     
        (0.18289417268381480,1.20785126920443344E-016)
   0.0000000000000000        0.0000000000000000     
               (4.0472932395403758,0.0000000000000000)
   1.5707963267948966        0.0000000000000000     
       (0.18289417268381480,-1.20785126920443344E-016)
   3.1415926535897931        0.0000000000000000     
        (0.26363674191493780,2.41570253840886689E-016)
   1.0000000000000000                1           4
              (0.99999999999986422,0.0000000000000000)
  -1.5707963267948966        0.0000000000000000     
        (0.18068078871757254,2.31723409205822935E-016)
   0.0000000000000000        0.0000000000000000     
               (4.0433590445457197,0.0000000000000000)
   1.5707963267948966        0.0000000000000000     
       (0.18068078871757254,-2.31723409205822935E-016)
   3.1415926535897931        0.0000000000000000     
        (0.26039986173049512,2.41402213486614563E-016)
   1.0000000000000000                1           4
               (1.0000000000000127,0.0000000000000000)
  -1.5707963267948966        0.0000000000000000     
        (0.18212441587188499,9.76743523442712870E-018)
   0.0000000000000000        0.0000000000000000     
               (4.0451410219796422,0.0000000000000000)
   1.5707963267948966        0.0000000000000000     
       (0.18212441587188499,-9.76743523442712870E-018)
   3.1415926535897931        0.0000000000000000     
        (0.26440004524104332,2.41579475393885565E-016)
   1.0000000000000000                1           4
              (0.99999999999997968,0.0000000000000000)
  -1.5707963267948966        0.0000000000000000     
        (0.18189284555316021,1.20709990919504919E-016)
   0.0000000000000000        0.0000000000000000     
               (4.0432888895585544,0.0000000000000000)
   1.5707963267948966        0.0000000000000000     
       (0.18189284555316021,-1.20709990919504919E-016)
   3.1415926535897931        0.0000000000000000     
        (0.26318430960471495,2.41419981839009838E-016)
   1.0000000000000000                1           4
               (1.0000000000000191,0.0000000000000000)
  -1.5707963267948966        0.0000000000000000     
       (0.18652896542938613,-1.01345850204169669E-016)
   0.0000000000000000        0.0000000000000000     
               (4.0481255059615373,0.0000000000000000)
   1.5707963267948966        0.0000000000000000     
        (0.18652896542938613,1.01345850204169669E-016)
   3.1415926535897931        0.0000000000000000     
        (0.26725293085525770,2.41397509441723327E-016)
   1.0000000000000000                1           4
              (0.99999999999996492,0.0000000000000000)
  -1.5707963267948966        0.0000000000000000     
        (0.18260104956266110,1.20807050117442602E-016)
   0.0000000000000000        0.0000000000000000     
               (4.0458338954106692,0.0000000000000000)
   1.5707963267948966        0.0000000000000000     
       (0.18260104956266110,-1.20807050117442602E-016)
   3.1415926535897931        0.0000000000000000     
        (0.26522590575750105,2.41614100234885205E-016)
   1.0000000000000000                1           4
               (1.0000000000000033,0.0000000000000000)
  -1.5707963267948966        0.0000000000000000     
        (0.18494044045310787,9.74911810838266641E-018)
   0.0000000000000000        0.0000000000000000     
               (4.0471744229322768,0.0000000000000000)
   1.5707963267948966        0.0000000000000000     
       (0.18494044045310787,-9.74911810838266641E-018)
   3.1415926535897931        0.0000000000000000     
        (0.26740041071146636,2.41542841141796641E-016)
   1.0000000000000000                1           4
               (1.0000000000000004,0.0000000000000000)
  -1.5707963267948966        0.0000000000000000     
        (0.17973962323471349,2.31843128628839214E-016)
   0.0000000000000000        0.0000000000000000     
               (4.0442970593448493,0.0000000000000000)
   1.5707963267948966        0.0000000000000000     
       (0.17973962323471349,-2.31843128628839214E-016)
   3.1415926535897931        0.0000000000000000     
        (0.26148984907065909,2.41641652332647169E-016)
   1.0000000000000000                1           4
              (0.99999999999999312,0.0000000000000000)
  -1.5707963267948966        0.0000000000000000     
       (0.18493280838164594,-1.01301203059405076E-016)
   0.0000000000000000        0.0000000000000000     
               (4.0481916269107430,0.0000000000000000)
   1.5707963267948966        0.0000000000000000     
        (0.18493280838164594,1.01301203059405076E-016)
   3.1415926535897931        0.0000000000000000     
        (0.26545278222574553,2.41486803731252513E-016)
   1.0000000000000000                1           4
              (0.99999999999999545,0.0000000000000000)
  -1.5707963267948966        0.0000000000000000     
        (0.18704384989808920,9.62054931614978945E-018)
   0.0000000000000000        0.0000000000000000     
               (4.0461285297509644,0.0000000000000000)
   1.5707963267948966        0.0000000000000000     
       (0.18704384989808920,-9.62054931614978945E-018)
   3.1415926535897931        0.0000000000000000     
        (0.26845374734412841,2.41285703557330887E-016)
   1.0000000000000000                1           4
              (0.99999999999997724,0.0000000000000000)
  -1.5707963267948966        0.0000000000000000     
        (0.18493432393235321,2.31736587494499537E-016)
   0.0000000000000000        0.0000000000000000     
               (4.0462242670046482,0.0000000000000000)
   1.5707963267948966        0.0000000000000000     
       (0.18493432393235321,-2.31736587494499537E-016)
   3.1415926535897931        0.0000000000000000     
        (0.26647214527441387,2.41428570063967766E-016)
   1.0000000000000000                1           4
               (1.0000000000000300,0.0000000000000000)
  -1.5707963267948966        0.0000000000000000     
        (0.18024335170316141,2.31863687862177343E-016)
   0.0000000000000000        0.0000000000000000     
               (4.0453759868557864,0.0000000000000000)
   1.5707963267948966        0.0000000000000000     
       (0.18024335170316141,-2.31863687862177343E-016)
   3.1415926535897931        0.0000000000000000     
        (0.26208989401774330,2.41682770799323379E-016)
   1.0000000000000000                1           4
              (0.99999999999999190,0.0000000000000000)
  -1.5707963267948966        0.0000000000000000     
        (0.18272392620324296,2.31730580405629925E-016)
   0.0000000000000000        0.0000000000000000     
               (4.0454375226797961,0.0000000000000000)
   1.5707963267948966        0.0000000000000000     
       (0.18272392620324296,-2.31730580405629925E-016)
   3.1415926535897931        0.0000000000000000     
        (0.26264188772875363,2.41416555886228543E-016)
   1.0000000000000000                1           4
               (1.0000000000000382,0.0000000000000000)
  -1.5707963267948966        0.0000000000000000     
        (0.18271529115801077,1.20733388170133689E-016)
   0.0000000000000000        0.0000000000000000     
               (4.0439568938039478,0.0000000000000000)
   1.5707963267948966        0.0000000000000000     
       (0.18271529115801077,-1.20733388170133689E-016)
   3.1415926535897931        0.0000000000000000     
        (0.26492540876947279,2.41466776340267377E-016)
   1.0000000000000000                1           4
              (0.99999999999968692,0.0000000000000000)
  -1.5707963267948966        0.0000000000000000     
        (0.18707687279635432,1.20599370239074989E-016)
   0.0000000000000000        0.0000000000000000     
               (4.0447620721012711,0.0000000000000000)
   1.5707963267948966        0.0000000000000000     
       (0.18707687279635432,-1.20599370239074989E-016)
   3.1415926535897931        0.0000000000000000     
        (0.26846603592935714,2.41198740478149977E-016)
   1.0000000000000000                1           4
              (0.99999999999999634,0.0000000000000000)
  -1.5707963267948966        0.0000000000000000     
        (0.18747373951226376,1.20750970839023227E-016)
   0.0000000000000000        0.0000000000000000     
               (4.0495886193211366,0.0000000000000000)
   1.5707963267948966        0.0000000000000000     
       (0.18747373951226376,-1.20750970839023227E-016)
   3.1415926535897931        0.0000000000000000     
        (0.26938487350899665,2.41501941678046454E-016)
   1.0000000000000000                1           4
              (0.99999999999995404,0.0000000000000000)
  -1.5707963267948966        0.0000000000000000     
        (0.18266402701945350,1.20735290027236212E-016)
   0.0000000000000000        0.0000000000000000     
               (4.0455074293217201,0.0000000000000000)
   1.5707963267948966        0.0000000000000000     
       (0.18266402701945350,-1.20735290027236212E-016)
   3.1415926535897931        0.0000000000000000     
        (0.26333446434169994,2.41470580054472424E-016)
   1.0000000000000000                1           4
              (0.99999999999996669,0.0000000000000000)
  -1.5707963267948966        0.0000000000000000     
        (0.18768494797357616,1.20692377343406979E-016)
   0.0000000000000000        0.0000000000000000     
               (4.0472269033330672,0.0000000000000000)
   1.5707963267948966        0.0000000000000000     
       (0.18768494797357616,-1.20692377343406979E-016)
   3.1415926535897931        0.0000000000000000     
        (0.27025519761679162,2.41384754686813959E-016)
