   1.0000000000000000                1           4
               (0.0000000000000000,0.0000000000000000)
  -1.5707963267948966        0.0000000000000000     
        (1.0000000000004439,-1.21663790153547779E-012)
   0.0000000000000000        0.0000000000000000     
               (1.7088007553914804,0.0000000000000000)
   1.5707963267948966        0.0000000000000000     
         (1.0000000000004439,1.21663790153547779E-012)
   3.1415926535897931        0.0000000000000000     
        (0.29119924460762814,4.00366222621067787E-029)
   1.0000000000000000                1           4
               (0.0000000000000000,0.0000000000000000)
  -1.5707963267948966        0.0000000000000000     
        (1.0000000000001836,-2.59514632006130341E-013)
   0.0000000000000000        0.0000000000000000     
               (1.7329311051544716,0.0000000000000000)
   1.5707963267948966        0.0000000000000000     
         (1.0000000000001836,2.59514632006130341E-013)
   3.1415926535897931        0.0000000000000000     
       (0.26706889484520663,-1.04143710476272677E-029)
   1.0000000000000000                1           4
               (0.0000000000000000,0.0000000000000000)
  -1.5707963267948966        0.0000000000000000     
         (1.0000000000001703,1.30956356869660340E-012)
   0.0000000000000000        0.0000000000000000     
               (1.7126938940555985,0.0000000000000000)
   1.5707963267948966        0.0000000000000000     
        (1.0000000000001703,-1.30956356869660340E-012)
   3.1415926535897931        0.0000000000000000     
       (0.28730610594383704,-2.15809883843989081E-028)
   1.0000000000000000                1           4
               (0.0000000000000000,0.0000000000000000)
  -1.5707963267948966        0.0000000000000000     
         (1.0000000000007414,1.23556720410533671E-012)
   0.0000000000000000        0.0000000000000000     
               (1.7315396070229285,0.0000000000000000)
   1.5707963267948966        0.0000000000000000     
        (1.0000000000007414,-1.23556720410533671E-012)
   3.1415926535897931        0.0000000000000000     
       (0.26846039297548385,-3.39342992106529819E-028)
   1.0000000000000000                1           4
               (0.0000000000000000,0.0000000000000000)
  -1.5707963267948966        0.0000000000000000     
         (1.0000000000006506,1.42535983016500722E-012)
   0.0000000000000000        0.0000000000000000     
               (1.7428201821747413,0.0000000000000000)
   1.5707963267948966        0.0000000000000000     
        (1.0000000000006506,-1.42535983016500722E-012)
   3.1415926535897931        0.0000000000000000     
       (0.25717981782358779,-3.56550680358131500E-028)
   1.0000000000000000                1           4
               (0.0000000000000000,0.0000000000000000)
  -1.5707963267948966        0.0000000000000000     
        (0.99999999999951206,1.98174809895590442E-012)
   0.0000000000000000        0.0000000000000000     
               (1.7348679964103986,0.0000000000000000)
   1.5707963267948966        0.0000000000000000     
       (0.99999999999951206,-1.98174809895590442E-012)
   3.1415926535897931        0.0000000000000000     
       (0.26513200358974753,-1.73989075424939186E-028)
   1.0000000000000000                1           4
               (0.0000000000000000,0.0000000000000000)
  -1.5707963267948966        0.0000000000000000     
        (1.0000000000047815,-2.62345700718925096E-013)
   0.0000000000000000        0.0000000000000000     
               (1.7147073928312733,0.0000000000000000)
   1.5707963267948966        0.0000000000000000     
         (1.0000000000047815,2.62345700718925096E-013)
   3.1415926535897931        0.0000000000000000     
       (0.28529260715873278,-1.16538529135338554E-027)
   1.0000000000000000                1           4
               (0.0000000000000000,0.0000000000000000)
  -1.5707963267948966        0.0000000000000000     
        (0.99999999999921285,2.52908805009610761E-013)
   0.0000000000000000        0.0000000000000000     
               (1.7159622702823061,0.0000000000000000)
   1.5707963267948966        0.0000000000000000     
       (0.99999999999921285,-2.52908805009610761E-013)
   3.1415926535897931        0.0000000000000000     
        (0.28403772971997698,2.05215226445997666E-028)
   1.0000000000000000                1           4
               (0.0000000000000000,0.0000000000000000)
  -1.5707963267948966        0.0000000000000000     
        (0.99999999999999922,1.06792352738693808E-012)
   0.0000000000000000        0.0000000000000000     
               (1.7174255927671520,0.0000000000000000)
   1.5707963267948966        0.0000000000000000     
       (0.99999999999999922,-1.06792352738693808E-012)
   3.1415926535897931        0.0000000000000000     
       (0.28257440723256616,-1.47949370978148496E-028)
   1.0000000000000000                1           4
               (0.0000000000000000,0.0000000000000000)
  -1.5707963267948966        0.0000000000000000     
       (0.99999999999962041,-7.71271935207096249E-013)
   0.0000000000000000        0.0000000000000000     
               (1.7278662140866974,0.0000000000000000)
   1.5707963267948966        0.0000000000000000     
        (0.99999999999962041,7.71271935207096249E-013)
   3.1415926535897931        0.0000000000000000     
        (0.27213378591355064,1.56130092351435567E-028)
   1.0000000000000000                1           4
               (0.0000000000000000,0.0000000000000000)
  -1.5707963267948966        0.0000000000000000     
       (0.99999999999990963,-4.88276086230143846E-013)
   0.0000000000000000        0.0000000000000000     
               (1.7373360124069546,0.0000000000000000)
   1.5707963267948966        0.0000000000000000     
        (0.99999999999990963,4.88276086230143846E-013)
   3.1415926535897931        0.0000000000000000     
        (0.26266398759332749,8.81294686096643713E-029)
   1.0000000000000000                1           4
               (0.0000000000000000,0.0000000000000000)
  -1.5707963267948966        0.0000000000000000     
        (0.99999999999999334,4.19886347913234204E-013)
   0.0000000000000000        0.0000000000000000     
               (1.7104099360767264,0.0000000000000000)
   1.5707963267948966        0.0000000000000000     
       (0.99999999999999334,-4.19886347913234204E-013)
   3.1415926535897931        0.0000000000000000     
       (0.28959006392331799,-4.78772249321471749E-029)
   1.0000000000000000                1           4
               (0.0000000000000000,0.0000000000000000)
  -1.5707963267948966        0.0000000000000000     
         (1.0000000000016598,2.58149057685841399E-012)
   0.0000000000000000        0.0000000000000000     
               (1.7358134355500823,0.0000000000000000)
   1.5707963267948966        0.0000000000000000     
        (1.0000000000016598,-2.58149057685841399E-012)
   3.1415926535897931        0.0000000000000000     
       (0.26418656444779892,-6.49150166350327084E-028)
   1.0000000000000000                1           4
               (0.0000000000000000,0.0000000000000000)
  -1.5707963267948966        0.0000000000000000     
       (0.99999999999502087,-1.65417679554025138E-012)
   0.0000000000000000        0.0000000000000000     
               (1.7207684201205726,0.0000000000000000)
   1.5707963267948966        0.0000000000000000     
        (0.99999999999502087,1.65417679554025138E-012)
   3.1415926535897931        0.0000000000000000     
        (0.27923157989071967,1.50380093996047784E-027)
   1.0000000000000000                1           4
               (0.0000000000000000,0.0000000000000000)
  -1.5707963267948966        0.0000000000000000     
       (0.99999999999913103,-6.05293593025635245E-013)
   0.0000000000000000        0.0000000000000000     
               (1.7210594860761805,0.0000000000000000)
   1.5707963267948966        0.0000000000000000     
        (0.99999999999913103,6.05293593025635245E-013)
   3.1415926535897931        0.0000000000000000     
        (0.27894051392555524,2.86833643086056591E-028)
   1.0000000000000000                1           4
               (0.0000000000000000,0.0000000000000000)
  -1.5707963267948966        0.0000000000000000     
        (1.0000000000006271,-1.98618899105440581E-013)
   0.0000000000000000        0.0000000000000000     
               (1.7382914899735320,0.0000000000000000)
   1.5707963267948966        0.0000000000000000     
         (1.0000000000006271,1.98618899105440581E-013)
   3.1415926535897931        0.0000000000000000     
       (0.26170851002508533,-1.37136866147639238E-028)
   1.0000000000000000                1           4
               (0.0000000000000000,0.0000000000000000)
  -1.5707963267948966        0.0000000000000000     
        (0.99999999999849565,2.06429318083678481E-012)
   0.0000000000000000        0.0000000000000000     
               (1.7318150936673327,0.0000000000000000)
   1.5707963267948966        0.0000000000000000     
       (0.99999999999849565,-2.06429318083678481E-012)
   3.1415926535897931        0.0000000000000000     
        (0.26818490633624270,1.50362877846602038E-028)
   1.0000000000000000                1           4
               (0.0000000000000000,0.0000000000000000)
  -1.5707963267948966        0.0000000000000000     
       (0.99999999999910905,-6.07680572528579331E-013)
   0.0000000000000000        0.0000000000000000     
               (1.7270728352232141,0.0000000000000000)
   1.5707963267948966        0.0000000000000000     
        (0.99999999999910905,6.07680572528579331E-013)
   3.1415926535897931        0.0000000000000000     
        (0.27292716477836987,2.80522565942366149E-028)
   1.0000000000000000                1           4
               (0.0000000000000000,0.0000000000000000)
  -1.5707963267948966        0.0000000000000000     
        (1.0000000000005704,-4.18187706685557714E-012)
   0.0000000000000000        0.0000000000000000     
               (1.7313581717044575,0.0000000000000000)
   1.5707963267948966        0.0000000000000000     
         (1.0000000000005704,4.18187706685557714E-012)
   3.1415926535897931        0.0000000000000000     
        (0.26864182829497363,4.07463372255859649E-028)
   1.0000000000000000                1           4
               (0.0000000000000000,0.0000000000000000)
  -1.5707963267948966        0.0000000000000000     
       (0.99999999999986744,-1.77724501781995059E-012)
   0.0000000000000000        0.0000000000000000     
               (1.7188125907586296,0.0000000000000000)
   1.5707963267948966        0.0000000000000000     
        (0.99999999999986744,1.77724501781995059E-012)
   3.1415926535897931        0.0000000000000000     
        (0.28118740924179458,2.59849040791027834E-028)
   1.0000000000000000                1           4
               (0.0000000000000000,0.0000000000000000)
  -1.5707963267948966        0.0000000000000000     
        (1.0000000000003770,-1.97175609173427802E-012)
   0.0000000000000000        0.0000000000000000     
               (1.7197869769519873,0.0000000000000000)
   1.5707963267948966        0.0000000000000000     
         (1.0000000000003770,1.97175609173427802E-012)
   3.1415926535897931        0.0000000000000000     
        (0.28021302304758278,1.68974713610723624E-028)
   1.0000000000000000                1           4
               (0.0000000000000000,0.0000000000000000)
  -1.5707963267948966        0.0000000000000000     
       (0.99999999999980116,-1.95066185426639979E-013)
   0.0000000000000000        0.0000000000000000     
               (1.7276810836356629,0.0000000000000000)
   1.5707963267948966        0.0000000000000000     
        (0.99999999999980116,1.95066185426639979E-013)
   3.1415926535897931        0.0000000000000000     
        (0.27231891636480771,7.70660533416227309E-029)
   1.0000000000000000                1           4
               (0.0000000000000000,0.0000000000000000)
  -1.5707963267948966        0.0000000000000000     
         (1.0000000000001690,1.43940415142651545E-012)
   0.0000000000000000        0.0000000000000000     
               (1.7267919119837853,0.0000000000000000)
   1.5707963267948966        0.0000000000000000     
        (1.0000000000001690,-1.43940415142651545E-012)
   3.1415926535897931        0.0000000000000000     
       (0.27320808801584556,-2.19556927628548568E-028)
   1.0000000000000000                1           4
               (0.0000000000000000,0.0000000000000000)
  -1.5707963267948966        0.0000000000000000     
        (1.0000000000002505,-4.94659868621738598E-013)
   0.0000000000000000        0.0000000000000000     
               (1.7297223432324280,0.0000000000000000)
   1.5707963267948966        0.0000000000000000     
         (1.0000000000002505,4.94659868621738598E-013)
   3.1415926535897931        0.0000000000000000     
       (0.27027765676625048,-5.10336218257506311E-029)
   1.0000000000000000                1           4
               (0.0000000000000000,0.0000000000000000)
  -1.5707963267948966        0.0000000000000000     
       (0.99999999999939493,-3.44113626482567169E-013)
   0.0000000000000000        0.0000000000000000     
               (1.7168942328447014,0.0000000000000000)
   1.5707963267948966        0.0000000000000000     
        (0.99999999999939493,3.44113626482567169E-013)
   3.1415926535897931        0.0000000000000000     
        (0.28310576715660368,1.96154190303548665E-028)
   1.0000000000000000                1           4
               (0.0000000000000000,0.0000000000000000)
  -1.5707963267948966        0.0000000000000000     
       (0.99999999999926081,-2.10498285468929604E-013)
   0.0000000000000000        0.0000000000000000     
               (1.7207021831040927,0.0000000000000000)
   1.5707963267948966        0.0000000000000000     
        (0.99999999999926081,2.10498285468929604E-013)
   3.1415926535897931        0.0000000000000000     
        (0.27929781689698330,1.82187173345289964E-028)
   1.0000000000000000                1           4
               (0.0000000000000000,0.0000000000000000)
  -1.5707963267948966        0.0000000000000000     
         (1.0000000000006453,7.51010365007687041E-013)
   0.0000000000000000        0.0000000000000000     
               (1.7407133324568020,0.0000000000000000)
   1.5707963267948966        0.0000000000000000     
        (1.0000000000006453,-7.51010365007687041E-013)
   3.1415926535897931        0.0000000000000000     
       (0.25928666754193314,-2.48435193928276528E-028)
   1.0000000000000000                1           4
               (0.0000000000000000,0.0000000000000000)
  -1.5707963267948966        0.0000000000000000     
         (1.0000000000004758,2.69784194983912989E-013)
   0.0000000000000000        0.0000000000000000     
               (1.7219121318399440,0.0000000000000000)
   1.5707963267948966        0.0000000000000000     
        (1.0000000000004758,-2.69784194983912989E-013)
   3.1415926535897931        0.0000000000000000     
       (0.27808786815908770,-1.50597293106270869E-028)
   1.0000000000000000                1           4
               (0.0000000000000000,0.0000000000000000)
  -1.5707963267948966        0.0000000000000000     
         (1.0000000000000178,1.40448763730205428E-012)
   0.0000000000000000        0.0000000000000000     
               (1.7328626257702340,0.0000000000000000)
   1.5707963267948966        0.0000000000000000     
        (1.0000000000000178,-1.40448763730205428E-012)
   3.1415926535897931        0.0000000000000000     
       (0.26713737422977230,-1.73772575188402175E-028)
   1.0000000000000000                1           4
               (0.0000000000000000,0.0000000000000000)
  -1.5707963267948966        0.0000000000000000     
        (0.99999999999840627,3.64991370460643338E-012)
   0.0000000000000000        0.0000000000000000     
               (1.7202137942603293,0.0000000000000000)
   1.5707963267948966        0.0000000000000000     
       (0.99999999999840627,-3.64991370460643338E-012)
   3.1415926535897931        0.0000000000000000     
       (0.27978620574340074,-2.34127391249229706E-029)
   1.0000000000000000                1           4
               (0.0000000000000000,0.0000000000000000)
  -1.5707963267948966        0.0000000000000000     
        (1.0000000000002021,-2.97650792902004519E-013)
   0.0000000000000000        0.0000000000000000     
               (1.7205217344382175,0.0000000000000000)
   1.5707963267948966        0.0000000000000000     
         (1.0000000000002021,2.97650792902004519E-013)
   3.1415926535897931        0.0000000000000000     
       (0.27947826556128841,-1.85357618727526769E-029)
   1.0000000000000000                1           4
               (0.0000000000000000,0.0000000000000000)
  -1.5707963267948966        0.0000000000000000     
        (0.99999999999990330,8.90787443807994350E-013)
   0.0000000000000000        0.0000000000000000     
               (1.7283178954833454,0.0000000000000000)
   1.5707963267948966        0.0000000000000000     
       (0.99999999999990330,-8.90787443807994350E-013)
   3.1415926535897931        0.0000000000000000     
       (0.27168210451679581,-8.86090630108458374E-029)
   1.0000000000000000                1           4
               (0.0000000000000000,0.0000000000000000)
  -1.5707963267948966        0.0000000000000000     
       (0.99999999999897449,-1.23551169295410525E-012)
   0.0000000000000000        0.0000000000000000     
               (1.7190737020745845,0.0000000000000000)
   1.5707963267948966        0.0000000000000000     
        (0.99999999999897449,1.23551169295410525E-012)
   3.1415926535897931        0.0000000000000000     
        (0.28092629792755019,4.07610677017637765E-028)
   1.0000000000000000                1           4
               (0.0000000000000000,0.0000000000000000)
  -1.5707963267948966        0.0000000000000000     
        (0.99999999999801736,1.82344694898972648E-011)
   0.0000000000000000        0.0000000000000000     
               (1.7408556472265944,0.0000000000000000)
   1.5707963267948966        0.0000000000000000     
       (0.99999999999801736,-1.82344694898972648E-011)
   3.1415926535897931        0.0000000000000000     
       (0.25914435277760006,-1.73344386134344794E-027)
   1.0000000000000000                1           4
               (0.0000000000000000,0.0000000000000000)
  -1.5707963267948966        0.0000000000000000     
         (1.0000000000060254,6.36934949227452226E-012)
   0.0000000000000000        0.0000000000000000     
               (1.7207043298412461,0.0000000000000000)
   1.5707963267948966        0.0000000000000000     
        (1.0000000000060254,-6.36934949227452226E-012)
   3.1415926535897931        0.0000000000000000     
       (0.27929567014389206,-2.42792911679493216E-027)
   1.0000000000000000                1           4
               (0.0000000000000000,0.0000000000000000)
  -1.5707963267948966        0.0000000000000000     
        (0.99999999999975242,9.66171587180042479E-013)
   0.0000000000000000        0.0000000000000000     
               (1.7278274490959460,0.0000000000000000)
   1.5707963267948966        0.0000000000000000     
       (0.99999999999975242,-9.66171587180042479E-013)
   3.1415926535897931        0.0000000000000000     
       (0.27217255090431797,-7.18429778965945456E-029)
   1.0000000000000000                1           4
               (0.0000000000000000,0.0000000000000000)
  -1.5707963267948966        0.0000000000000000     
       (0.99999999999859168,-1.47903911340563334E-012)
   0.0000000000000000        0.0000000000000000     
               (1.7225254611688980,0.0000000000000000)
   1.5707963267948966        0.0000000000000000     
        (0.99999999999859168,1.47903911340563334E-012)
   3.1415926535897931        0.0000000000000000     
        (0.27747453883399548,5.30789449246193160E-028)
   1.0000000000000000                1           4
               (0.0000000000000000,0.0000000000000000)
  -1.5707963267948966        0.0000000000000000     
         (1.0000000000001352,5.44175815520020478E-013)
   0.0000000000000000        0.0000000000000000     
               (1.7235055445955734,0.0000000000000000)
   1.5707963267948966        0.0000000000000000     
        (1.0000000000001352,-5.44175815520020478E-013)
   3.1415926535897931        0.0000000000000000     
       (0.27649445540391732,-1.14384052922446030E-028)
   1.0000000000000000                1           4
               (0.0000000000000000,0.0000000000000000)
  -1.5707963267948966        0.0000000000000000     
        (1.0000000000014009,-7.84095011141517009E-013)
   0.0000000000000000        0.0000000000000000     
               (1.7301640981600555,0.0000000000000000)
   1.5707963267948966        0.0000000000000000     
         (1.0000000000014009,7.84095011141517009E-013)
   3.1415926535897931        0.0000000000000000     
       (0.26983590183692074,-2.60701452200533401E-028)
   1.0000000000000000                1           4
               (0.0000000000000000,0.0000000000000000)
  -1.5707963267948966        0.0000000000000000     
       (0.99999999999949807,-3.07531777821167731E-014)
   0.0000000000000000        0.0000000000000000     
               (1.7283988223361275,0.0000000000000000)
   1.5707963267948966        0.0000000000000000     
        (0.99999999999949807,3.07531777821167731E-014)
   3.1415926535897931        0.0000000000000000     
        (0.27160117766487413,1.26566508767258387E-028)
   1.0000000000000000                1           4
               (0.0000000000000000,0.0000000000000000)
  -1.5707963267948966        0.0000000000000000     
       (0.99999999999987754,-4.07784916944819997E-013)
   0.0000000000000000        0.0000000000000000     
               (1.7469690746618027,0.0000000000000000)
   1.5707963267948966        0.0000000000000000     
        (0.99999999999987754,4.07784916944819997E-013)
   3.1415926535897931        0.0000000000000000     
        (0.25303092533868315,9.46829484382929470E-029)
   1.0000000000000000                1           4
               (0.0000000000000000,0.0000000000000000)
  -1.5707963267948966        0.0000000000000000     
        (1.0000000000007003,-1.69864122767649052E-013)
   0.0000000000000000        0.0000000000000000     
               (1.7171567354612889,0.0000000000000000)
   1.5707963267948966        0.0000000000000000     
         (1.0000000000007003,1.69864122767649052E-013)
   3.1415926535897931        0.0000000000000000     
       (0.28284326453700648,-1.69350492294296479E-028)
   1.0000000000000000                1           4
               (0.0000000000000000,0.0000000000000000)
  -1.5707963267948966        0.0000000000000000     
         (1.0000000000003413,7.14761583253675781E-013)
   0.0000000000000000        0.0000000000000000     
               (1.7402414461030327,0.0000000000000000)
   1.5707963267948966        0.0000000000000000     
        (1.0000000000003413,-7.14761583253675781E-013)
   3.1415926535897931        0.0000000000000000     
       (0.25975855389627583,-1.71685348894523196E-028)
   1.0000000000000000                1           4
               (0.0000000000000000,0.0000000000000000)
  -1.5707963267948966        0.0000000000000000     
         (1.0000000000001761,4.62963001268690277E-013)
   0.0000000000000000        0.0000000000000000     
               (1.7245395848170322,0.0000000000000000)
   1.5707963267948966        0.0000000000000000     
        (1.0000000000001761,-4.62963001268690277E-013)
   3.1415926535897931        0.0000000000000000     
       (0.27546041518272824,-9.29206725508539726E-029)
   1.0000000000000000                1           4
               (0.0000000000000000,0.0000000000000000)
  -1.5707963267948966        0.0000000000000000     
        (1.0000000000008931,-1.38905553725976481E-012)
   0.0000000000000000        0.0000000000000000     
               (1.7368840445947904,0.0000000000000000)
   1.5707963267948966        0.0000000000000000     
         (1.0000000000008931,1.38905553725976481E-012)
   3.1415926535897931        0.0000000000000000     
       (0.26311595540343874,-4.76961609556663889E-029)
   1.0000000000000000                1           4
               (0.0000000000000000,0.0000000000000000)
  -1.5707963267948966        0.0000000000000000     
         (1.0000000000008999,8.15014722377327315E-013)
   0.0000000000000000        0.0000000000000000     
               (1.7243221242630606,0.0000000000000000)
   1.5707963267948966        0.0000000000000000     
        (1.0000000000008999,-8.15014722377327315E-013)
   3.1415926535897931        0.0000000000000000     
       (0.27567787573506897,-3.24538900462013258E-028)
   1.0000000000000000                1           4
               (0.0000000000000000,0.0000000000000000)
  -1.5707963267948966        0.0000000000000000     
        (0.99999999999908407,1.48681067457800984E-012)
   0.0000000000000000        0.0000000000000000     
               (1.7288043679062557,0.0000000000000000)
   1.5707963267948966        0.0000000000000000     
       (0.99999999999908407,-1.48681067457800984E-012)
   3.1415926535897931        0.0000000000000000     
        (0.27119563209607084,7.25492391500567960E-029)
   1.0000000000000000                1           4
               (0.0000000000000000,0.0000000000000000)
  -1.5707963267948966        0.0000000000000000     
         (1.0000000000017468,1.42508227440885073E-012)
   0.0000000000000000        0.0000000000000000     
               (1.7269399216454164,0.0000000000000000)
   1.5707963267948966        0.0000000000000000     
        (1.0000000000017468,-1.42508227440885073E-012)
   3.1415926535897931        0.0000000000000000     
       (0.27306007835124174,-5.93077813550063467E-028)
   1.0000000000000000                1           4
               (0.0000000000000000,0.0000000000000000)
  -1.5707963267948966        0.0000000000000000     
       (0.99999999999992062,-1.16351372980716405E-013)
   0.0000000000000000        0.0000000000000000     
               (1.7106524274517894,0.0000000000000000)
   1.5707963267948966        0.0000000000000000     
        (0.99999999999992062,1.16351372980716405E-013)
   3.1415926535897931        0.0000000000000000     
        (0.28934757254836929,3.36830328969053888E-029)
   1.0000000000000000                1           4
               (0.0000000000000000,0.0000000000000000)
  -1.5707963267948966        0.0000000000000000     
        (0.99999999999971945,1.33332234142358175E-012)
   0.0000000000000000        0.0000000000000000     
               (1.7228922120141719,0.0000000000000000)
   1.5707963267948966        0.0000000000000000     
       (0.99999999999971945,-1.33332234142358175E-012)
   3.1415926535897931        0.0000000000000000     
       (0.27710778798635766,-9.64940897876331250E-029)
   1.0000000000000000                1           4
               (0.0000000000000000,0.0000000000000000)
  -1.5707963267948966        0.0000000000000000     
        (1.0000000000005718,-5.87696558085326716E-013)
   0.0000000000000000        0.0000000000000000     
               (1.7213913046409508,0.0000000000000000)
   1.5707963267948966        0.0000000000000000     
         (1.0000000000005718,5.87696558085326716E-013)
   3.1415926535897931        0.0000000000000000     
       (0.27860869535778920,-7.52055061458545220E-029)
   1.0000000000000000                1           4
               (0.0000000000000000,0.0000000000000000)
  -1.5707963267948966        0.0000000000000000     
         (1.0000000000000544,1.73566716554773848E-012)
   0.0000000000000000        0.0000000000000000     
               (1.7240052892039950,0.0000000000000000)
   1.5707963267948966        0.0000000000000000     
        (1.0000000000000544,-1.73566716554773848E-012)
   3.1415926535897931        0.0000000000000000     
       (0.27599471079622762,-2.05581795122323542E-028)
   1.0000000000000000                1           4
               (0.0000000000000000,0.0000000000000000)
  -1.5707963267948966        0.0000000000000000     
         (1.0000000000000950,3.39783756686529159E-013)
   0.0000000000000000        0.0000000000000000     
               (1.7351471229517910,0.0000000000000000)
   1.5707963267948966        0.0000000000000000     
        (1.0000000000000950,-3.39783756686529159E-013)
   3.1415926535897931        0.0000000000000000     
       (0.26485287704805710,-6.25482353348388299E-029)
   1.0000000000000000                1           4
               (0.0000000000000000,0.0000000000000000)
  -1.5707963267948966        0.0000000000000000     
        (0.99999999999884770,7.30637772505815620E-013)
   0.0000000000000000        0.0000000000000000     
               (1.7139187449997497,0.0000000000000000)
   1.5707963267948966        0.0000000000000000     
       (0.99999999999884770,-7.30637772505815620E-013)
   3.1415926535897931        0.0000000000000000     
        (0.28608125500253823,1.91726829946971995E-028)
   1.0000000000000000                1           4
               (0.0000000000000000,0.0000000000000000)
  -1.5707963267948966        0.0000000000000000     
        (1.0000000000043334,-1.39122047215778427E-012)
   0.0000000000000000        0.0000000000000000     
               (1.7313761245513031,0.0000000000000000)
   1.5707963267948966        0.0000000000000000     
         (1.0000000000043334,1.39122047215778427E-012)
   3.1415926535897931        0.0000000000000000     
       (0.26862387544005328,-8.89593170284086992E-028)
   1.0000000000000000                1           4
               (0.0000000000000000,0.0000000000000000)
  -1.5707963267948966        0.0000000000000000     
         (1.0000000000009952,2.25153229393981620E-013)
   0.0000000000000000        0.0000000000000000     
               (1.7209185182980089,0.0000000000000000)
   1.5707963267948966        0.0000000000000000     
        (1.0000000000009952,-2.25153229393981620E-013)
   3.1415926535897931        0.0000000000000000     
       (0.27908148169996139,-2.73730455341228696E-028)
   1.0000000000000000                1           4
               (0.0000000000000000,0.0000000000000000)
  -1.5707963267948966        0.0000000000000000     
       (0.99999999999889055,-2.07128758589192330E-012)
   0.0000000000000000        0.0000000000000000     
               (1.7130888167221687,0.0000000000000000)
   1.5707963267948966        0.0000000000000000     
        (0.99999999999889055,2.07128758589192330E-012)
   3.1415926535897931        0.0000000000000000     
        (0.28691118328006321,5.26205375777965662E-028)
   1.0000000000000000                1           4
               (0.0000000000000000,0.0000000000000000)
  -1.5707963267948966        0.0000000000000000     
        (1.0000000000001414,-5.17974552138866784E-013)
   0.0000000000000000        0.0000000000000000     
               (1.7324973300450213,0.0000000000000000)
   1.5707963267948966        0.0000000000000000     
         (1.0000000000001414,5.17974552138866784E-013)
   3.1415926535897931        0.0000000000000000     
        (0.26750266995440430,1.09294878423010966E-029)
   1.0000000000000000                1           4
               (0.0000000000000000,0.0000000000000000)
  -1.5707963267948966        0.0000000000000000     
         (1.0000000000006801,2.85660384236052778E-012)
   0.0000000000000000        0.0000000000000000     
               (1.7231828639535456,0.0000000000000000)
   1.5707963267948966        0.0000000000000000     
        (1.0000000000006801,-2.85660384236052778E-012)
   3.1415926535897931        0.0000000000000000     
       (0.27681713604523978,-5.07514994289646733E-028)
   1.0000000000000000                1           4
               (0.0000000000000000,0.0000000000000000)
  -1.5707963267948966        0.0000000000000000     
        (0.99999999999954980,2.76306755253585834E-012)
   0.0000000000000000        0.0000000000000000     
               (1.7283947444760419,0.0000000000000000)
   1.5707963267948966        0.0000000000000000     
       (0.99999999999954980,-2.76306755253585834E-012)
   3.1415926535897931        0.0000000000000000     
       (0.27160525552461395,-2.43087546616733203E-028)
   1.0000000000000000                1           4
               (0.0000000000000000,0.0000000000000000)
  -1.5707963267948966        0.0000000000000000     
         (1.0000000000000635,2.33801866755811716E-012)
   0.0000000000000000        0.0000000000000000     
               (1.7209255985709149,0.0000000000000000)
   1.5707963267948966        0.0000000000000000     
        (1.0000000000000635,-2.33801866755811716E-012)
   3.1415926535897931        0.0000000000000000     
       (0.27907440142945750,-2.71289264051254223E-028)
   1.0000000000000000                1           4
               (0.0000000000000000,0.0000000000000000)
  -1.5707963267948966        0.0000000000000000     
        (0.99999999999625799,5.26118038024492388E-012)
   0.0000000000000000        0.0000000000000000     
               (1.7249244284409941,0.0000000000000000)
   1.5707963267948966        0.0000000000000000     
       (0.99999999999625799,-5.26118038024492388E-012)
   3.1415926535897931        0.0000000000000000     
        (0.27507557156639273,2.66273337204491977E-028)
   1.0000000000000000                1           4
               (0.0000000000000000,0.0000000000000000)
  -1.5707963267948966        0.0000000000000000     
         (1.0000000000002658,8.42881320295418845E-013)
   0.0000000000000000        0.0000000000000000     
               (1.7310554668441351,0.0000000000000000)
   1.5707963267948966        0.0000000000000000     
        (1.0000000000002658,-8.42881320295418845E-013)
   3.1415926535897931        0.0000000000000000     
       (0.26894453315538747,-1.65021716103511469E-028)
   1.0000000000000000                1           4
               (0.0000000000000000,0.0000000000000000)
  -1.5707963267948966        0.0000000000000000     
         (1.0000000000006395,1.88110638177363398E-012)
   0.0000000000000000        0.0000000000000000     
               (1.7250237139440363,0.0000000000000000)
   1.5707963267948966        0.0000000000000000     
        (1.0000000000006395,-1.88110638177363398E-012)
   3.1415926535897931        0.0000000000000000     
       (0.27497628605461993,-3.90974962417231177E-028)
   1.0000000000000000                1           4
               (0.0000000000000000,0.0000000000000000)
  -1.5707963267948966        0.0000000000000000     
        (0.99999999999817712,1.44750877950627930E-012)
   0.0000000000000000        0.0000000000000000     
               (1.7191143715326220,0.0000000000000000)
   1.5707963267948966        0.0000000000000000     
       (0.99999999999817712,-1.44750877950627930E-012)
   3.1415926535897931        0.0000000000000000     
        (0.28088562847097415,2.66171430567720048E-028)
   1.0000000000000000                1           4
               (0.0000000000000000,0.0000000000000000)
  -1.5707963267948966        0.0000000000000000     
       (0.99999999999859779,-2.90989454754253378E-013)
   0.0000000000000000        0.0000000000000000     
               (1.7300680519048466,0.0000000000000000)
   1.5707963267948966        0.0000000000000000     
        (0.99999999999859779,2.90989454754253378E-013)
   3.1415926535897931        0.0000000000000000     
        (0.26993194809725624,3.36101713209078416E-028)
   1.0000000000000000                1           4
               (0.0000000000000000,0.0000000000000000)
  -1.5707963267948966        0.0000000000000000     
        (1.0000000000001705,-1.72006853205175503E-012)
   0.0000000000000000        0.0000000000000000     
               (1.7127810991428680,0.0000000000000000)
   1.5707963267948966        0.0000000000000000     
         (1.0000000000001705,1.72006853205175503E-012)
   3.1415926535897931        0.0000000000000000     
        (0.28721890085686635,1.73505659333855902E-028)
   1.0000000000000000                1           4
               (0.0000000000000000,0.0000000000000000)
  -1.5707963267948966        0.0000000000000000     
        (0.99999999999992661,2.24043006369356590E-013)
   0.0000000000000000        0.0000000000000000     
               (1.7284757910161013,0.0000000000000000)
   1.5707963267948966        0.0000000000000000     
       (0.99999999999992661,-2.24043006369356590E-013)
   3.1415926535897931        0.0000000000000000     
       (0.27152420898407548,-7.62554802100287231E-030)
   1.0000000000000000                1           4
               (0.0000000000000000,0.0000000000000000)
  -1.5707963267948966        0.0000000000000000     
         (1.0000000000004174,1.23678844943242439E-012)
   0.0000000000000000        0.0000000000000000     
               (1.7266219662451294,0.0000000000000000)
   1.5707963267948966        0.0000000000000000     
        (1.0000000000004174,-1.23678844943242439E-012)
   3.1415926535897931        0.0000000000000000     
       (0.27337803375409875,-2.49856899328288902E-028)
   1.0000000000000000                1           4
               (0.0000000000000000,0.0000000000000000)
  -1.5707963267948966        0.0000000000000000     
        (0.99999999999966704,6.66688926287406503E-013)
   0.0000000000000000        0.0000000000000000     
               (1.7122214511228757,0.0000000000000000)
   1.5707963267948966        0.0000000000000000     
       (0.99999999999966704,-6.66688926287406503E-013)
   3.1415926535897931        0.0000000000000000     
        (0.28777854887805215,1.59361130861032911E-029)
   1.0000000000000000                1           4
               (0.0000000000000000,0.0000000000000000)
  -1.5707963267948966        0.0000000000000000     
         (1.0000000000024210,1.63091762317435193E-013)
   0.0000000000000000        0.0000000000000000     
               (1.7314213431342851,0.0000000000000000)
   1.5707963267948966        0.0000000000000000     
        (1.0000000000024210,-1.63091762317435193E-013)
   3.1415926535897931        0.0000000000000000     
       (0.26857865686101873,-6.04019902144296455E-028)
   1.0000000000000000                1           4
               (0.0000000000000000,0.0000000000000000)
  -1.5707963267948966        0.0000000000000000     
       (0.99999999999959255,-1.58101309821745417E-012)
   0.0000000000000000        0.0000000000000000     
               (1.7387309856209126,0.0000000000000000)
   1.5707963267948966        0.0000000000000000     
        (0.99999999999959255,1.58101309821745417E-012)
   3.1415926535897931        0.0000000000000000     
        (0.26126901438056854,3.34200987789794540E-028)
   1.0000000000000000                1           4
               (0.0000000000000000,0.0000000000000000)
  -1.5707963267948966        0.0000000000000000     
        (1.0000000000004194,-2.78443934575989260E-012)
   0.0000000000000000        0.0000000000000000     
               (1.7220520361276710,0.0000000000000000)
   1.5707963267948966        0.0000000000000000     
         (1.0000000000004194,2.78443934575989260E-012)
   3.1415926535897931        0.0000000000000000     
        (0.27794796387249365,2.99746067808414937E-028)
   1.0000000000000000                1           4
               (0.0000000000000000,0.0000000000000000)
  -1.5707963267948966        0.0000000000000000     
       (0.99999999999991485,-1.71923586478328616E-012)
   0.0000000000000000        0.0000000000000000     
               (1.7163761322624351,0.0000000000000000)
   1.5707963267948966        0.0000000000000000     
        (0.99999999999991485,1.71923586478328616E-012)
   3.1415926535897931        0.0000000000000000     
        (0.28362386773761294,2.23919224559993077E-028)
   1.0000000000000000                1           4
               (0.0000000000000000,0.0000000000000000)
  -1.5707963267948966        0.0000000000000000     
        (1.0000000000012532,-1.49519285841392977E-012)
   0.0000000000000000        0.0000000000000000     
               (1.7229601358106126,0.0000000000000000)
   1.5707963267948966        0.0000000000000000     
         (1.0000000000012532,1.49519285841392977E-012)
   3.1415926535897931        0.0000000000000000     
       (0.27703986418698157,-1.17680323308449744E-028)
   1.0000000000000000                1           4
               (0.0000000000000000,0.0000000000000000)
  -1.5707963267948966        0.0000000000000000     
         (1.0000000000001217,6.95055124566579252E-013)
   0.0000000000000000        0.0000000000000000     
               (1.7267510551103675,0.0000000000000000)
   1.5707963267948966        0.0000000000000000     
        (1.0000000000001217,-6.95055124566579252E-013)
   3.1415926535897931        0.0000000000000000     
       (0.27324894488915497,-1.29277654688323514E-028)
   1.0000000000000000                1           4
               (0.0000000000000000,0.0000000000000000)
  -1.5707963267948966        0.0000000000000000     
         (1.0000000000003215,3.31568106304302950E-013)
   0.0000000000000000        0.0000000000000000     
               (1.7427570397666050,0.0000000000000000)
   1.5707963267948966        0.0000000000000000     
        (1.0000000000003215,-3.31568106304302950E-013)
   3.1415926535897931        0.0000000000000000     
       (0.25724296023286208,-1.12610085351357346E-028)
   1.0000000000000000                1           4
               (0.0000000000000000,0.0000000000000000)
  -1.5707963267948966        0.0000000000000000     
        (1.0000000000003855,-1.11072262498623786E-012)
   0.0000000000000000        0.0000000000000000     
               (1.7377360633068923,0.0000000000000000)
   1.5707963267948966        0.0000000000000000     
         (1.0000000000003855,1.11072262498623786E-012)
   3.1415926535897931        0.0000000000000000     
        (0.26226393669240317,4.56794094755403294E-029)
   1.0000000000000000                1           4
               (0.0000000000000000,0.0000000000000000)
  -1.5707963267948966        0.0000000000000000     
         (1.0000000000000655,5.11202191688653329E-013)
   0.0000000000000000        0.0000000000000000     
               (1.7250057271722856,0.0000000000000000)
   1.5707963267948966        0.0000000000000000     
        (1.0000000000000655,-5.11202191688653329E-013)
   3.1415926535897931        0.0000000000000000     
       (0.27499427282775385,-6.81927570911926795E-029)
   1.0000000000000000                1           4
               (0.0000000000000000,0.0000000000000000)
  -1.5707963267948966        0.0000000000000000     
         (1.0000000000009619,2.89768209427165756E-013)
   0.0000000000000000        0.0000000000000000     
               (1.7293135926196774,0.0000000000000000)
   1.5707963267948966        0.0000000000000000     
        (1.0000000000009619,-2.89768209427165756E-013)
   3.1415926535897931        0.0000000000000000     
       (0.27068640737835536,-2.73735950961310175E-028)
   1.0000000000000000                1           4
               (0.0000000000000000,0.0000000000000000)
  -1.5707963267948966        0.0000000000000000     
       (0.99999999999959610,-3.63653551715969974E-013)
   0.0000000000000000        0.0000000000000000     
               (1.7282034875835659,0.0000000000000000)
   1.5707963267948966        0.0000000000000000     
        (0.99999999999959610,3.63653551715969974E-013)
   3.1415926535897931        0.0000000000000000     
        (0.27179651241739450,1.52803233289517721E-028)
   1.0000000000000000                1           4
               (0.0000000000000000,0.0000000000000000)
  -1.5707963267948966        0.0000000000000000     
       (0.99999999999987277,-1.22796217638665439E-012)
   0.0000000000000000        0.0000000000000000     
               (1.7386179845957113,0.0000000000000000)
   1.5707963267948966        0.0000000000000000     
        (0.99999999999987277,1.22796217638665439E-012)
   3.1415926535897931        0.0000000000000000     
        (0.26138201540459194,1.84539897647745272E-028)
   1.0000000000000000                1           4
               (0.0000000000000000,0.0000000000000000)
  -1.5707963267948966        0.0000000000000000     
       (0.99999999999985401,-2.38420394538252367E-013)
   0.0000000000000000        0.0000000000000000     
               (1.7175683844018144,0.0000000000000000)
   1.5707963267948966        0.0000000000000000     
        (0.99999999999985401,2.38420394538252367E-013)
   3.1415926535897931        0.0000000000000000     
        (0.28243161559850249,6.64876852684847933E-029)
   1.0000000000000000                1           4
               (0.0000000000000000,0.0000000000000000)
  -1.5707963267948966        0.0000000000000000     
         (1.0000000000004927,3.45057316053498602E-013)
   0.0000000000000000        0.0000000000000000     
               (1.7273130551526825,0.0000000000000000)
   1.5707963267948966        0.0000000000000000     
        (1.0000000000004927,-3.45057316053498602E-013)
   3.1415926535897931        0.0000000000000000     
       (0.27268694484612266,-1.75768144430228486E-028)
   1.0000000000000000                1           4
               (0.0000000000000000,0.0000000000000000)
  -1.5707963267948966        0.0000000000000000     
       (0.99999999999923450,-4.32986979603802452E-015)
   0.0000000000000000        0.0000000000000000     
               (1.7208729367092885,0.0000000000000000)
   1.5707963267948966        0.0000000000000000     
        (0.99999999999923450,4.32986979603802452E-015)
   3.1415926535897931        0.0000000000000000     
        (0.27912706329199199,1.72684219569256354E-028)
   1.0000000000000000                1           4
               (0.0000000000000000,0.0000000000000000)
  -1.5707963267948966        0.0000000000000000     
        (1.0000000000007638,-1.64596114515802583E-012)
   0.0000000000000000        0.0000000000000000     
               (1.7298565878295358,0.0000000000000000)
   1.5707963267948966        0.0000000000000000     
         (1.0000000000007638,1.64596114515802583E-012)
   3.1415926535897931        0.0000000000000000     
        (0.27014341216919846,3.05283163214160037E-029)
   1.0000000000000000                1           4
               (0.0000000000000000,0.0000000000000000)
  -1.5707963267948966        0.0000000000000000     
       (0.99999999999990830,-7.51676498822462236E-013)
   0.0000000000000000        0.0000000000000000     
               (1.7351370638756087,0.0000000000000000)
   1.5707963267948966        0.0000000000000000     
        (0.99999999999990830,7.51676498822462236E-013)
   3.1415926535897931        0.0000000000000000     
        (0.26486293612462980,1.17886270837177309E-028)
   1.0000000000000000                1           4
               (0.0000000000000000,0.0000000000000000)
  -1.5707963267948966        0.0000000000000000     
       (0.99999999999986322,-6.55531184889923679E-013)
   0.0000000000000000        0.0000000000000000     
               (1.7088231209297482,0.0000000000000000)
   1.5707963267948966        0.0000000000000000     
        (0.99999999999986322,6.55531184889923679E-013)
   3.1415926535897931        0.0000000000000000     
        (0.29117687907098555,1.41945432630519555E-028)
   1.0000000000000000                1           4
               (0.0000000000000000,0.0000000000000000)
  -1.5707963267948966        0.0000000000000000     
         (1.0000000000000830,4.72233363524310334E-013)
   0.0000000000000000        0.0000000000000000     
               (1.7387503791313543,0.0000000000000000)
   1.5707963267948966        0.0000000000000000     
        (1.0000000000000830,-4.72233363524310334E-013)
   3.1415926535897931        0.0000000000000000     
       (0.26124962086827308,-9.08275105534653542E-029)
   1.0000000000000000                1           4
               (0.0000000000000000,0.0000000000000000)
  -1.5707963267948966        0.0000000000000000     
        (0.99999999999783717,5.74851277690413554E-012)
   0.0000000000000000        0.0000000000000000     
               (1.7376677470551620,0.0000000000000000)
   1.5707963267948966        0.0000000000000000     
       (0.99999999999783717,-5.74851277690413554E-012)
   3.1415926535897931        0.0000000000000000     
       (0.26233225294745133,-2.79103336801939156E-028)
   1.0000000000000000                1           4
               (0.0000000000000000,0.0000000000000000)
  -1.5707963267948966        0.0000000000000000     
         (1.0000000000002223,6.74460487459782598E-013)
   0.0000000000000000        0.0000000000000000     
               (1.7315388896898587,0.0000000000000000)
   1.5707963267948966        0.0000000000000000     
        (1.0000000000002223,-6.74460487459782598E-013)
   3.1415926535897931        0.0000000000000000     
       (0.26846111030999503,-1.18795444892889690E-028)
   1.0000000000000000                1           4
               (0.0000000000000000,0.0000000000000000)
  -1.5707963267948966        0.0000000000000000     
       (0.99999999999958167,-8.70137295549966338E-013)
   0.0000000000000000        0.0000000000000000     
               (1.7209741415699464,0.0000000000000000)
   1.5707963267948966        0.0000000000000000     
        (0.99999999999958167,8.70137295549966338E-013)
   3.1415926535897931        0.0000000000000000     
        (0.27902585843098876,2.15052842852964289E-028)
   1.0000000000000000                1           4
               (0.0000000000000000,0.0000000000000000)
  -1.5707963267948966        0.0000000000000000     
        (1.0000000000007649,-8.57314219615545981E-013)
   0.0000000000000000        0.0000000000000000     
               (1.7041797024833647,0.0000000000000000)
   1.5707963267948966        0.0000000000000000     
         (1.0000000000007649,8.57314219615545981E-013)
   3.1415926535897931        0.0000000000000000     
       (0.29582029751506828,-8.46273548503515917E-029)
   1.0000000000000000                1           4
               (0.0000000000000000,0.0000000000000000)
  -1.5707963267948966        0.0000000000000000     
        (0.99999999999960931,7.31525950925515745E-013)
   0.0000000000000000        0.0000000000000000     
               (1.7152927796041963,0.0000000000000000)
   1.5707963267948966        0.0000000000000000     
       (0.99999999999960931,-7.31525950925515745E-013)
   3.1415926535897931        0.0000000000000000     
        (0.28470722039667901,1.18649533499320950E-029)
   1.0000000000000000                1           4
               (0.0000000000000000,0.0000000000000000)
  -1.5707963267948966        0.0000000000000000     
       (0.99999999999978750,-6.36324326563908471E-013)
   0.0000000000000000        0.0000000000000000     
               (1.7338353655465604,0.0000000000000000)
   1.5707963267948966        0.0000000000000000     
        (0.99999999999978750,6.36324326563908471E-013)
   3.1415926535897931        0.0000000000000000     
        (0.26616463445378552,1.25132377897502641E-028)
   1.0000000000000000                1           4
               (0.0000000000000000,0.0000000000000000)
  -1.5707963267948966        0.0000000000000000     
        (1.0000000000027249,-3.71147557132190185E-013)
   0.0000000000000000        0.0000000000000000     
               (1.7328393290335036,0.0000000000000000)
   1.5707963267948966        0.0000000000000000     
         (1.0000000000027249,3.71147557132190185E-013)
   3.1415926535897931        0.0000000000000000     
       (0.26716067096119672,-6.12774933198084668E-028)
   1.0000000000000000                1           4
               (0.0000000000000000,0.0000000000000000)
  -1.5707963267948966        0.0000000000000000     
        (0.99999999999985234,8.04245559038463398E-013)
   0.0000000000000000        0.0000000000000000     
               (1.7297909675179033,0.0000000000000000)
   1.5707963267948966        0.0000000000000000     
       (0.99999999999985234,-8.04245559038463398E-013)
   3.1415926535897931        0.0000000000000000     
       (0.27020903248259626,-4.98171962025413779E-029)
   1.0000000000000000                1           4
               (0.0000000000000000,0.0000000000000000)
  -1.5707963267948966        0.0000000000000000     
        (1.0000000000003588,-4.44866365967300276E-013)
   0.0000000000000000        0.0000000000000000     
               (1.7207734910423289,0.0000000000000000)
   1.5707963267948966        0.0000000000000000     
         (1.0000000000003588,4.44866365967300276E-013)
   3.1415926535897931        0.0000000000000000     
       (0.27922650895728834,-1.29167603677178617E-029)
   1.0000000000000000                1           4
               (0.0000000000000000,0.0000000000000000)
  -1.5707963267948966        0.0000000000000000     
        (1.0000000000007572,-1.44884104713582949E-012)
   0.0000000000000000        0.0000000000000000     
               (1.7189260543048237,0.0000000000000000)
   1.5707963267948966        0.0000000000000000     
         (1.0000000000007572,1.44884104713582949E-012)
   3.1415926535897931        0.0000000000000000     
       (0.28107394569329530,-3.04568045182533418E-029)
   1.0000000000000000                1           4
               (0.0000000000000000,0.0000000000000000)
  -1.5707963267948966        0.0000000000000000     
       (0.99999999999993738,-6.79012401860745740E-013)
   0.0000000000000000        0.0000000000000000     
               (1.7340763116897320,0.0000000000000000)
   1.5707963267948966        0.0000000000000000     
        (0.99999999999993738,6.79012401860745740E-013)
   3.1415926535897931        0.0000000000000000     
        (0.26592368830957819,4.85905826380153040E-029)
   1.0000000000000000                1           4
               (0.0000000000000000,0.0000000000000000)
  -1.5707963267948966        0.0000000000000000     
        (0.99999999999926403,3.79163367369983462E-012)
   0.0000000000000000        0.0000000000000000     
               (1.7333975741323731,0.0000000000000000)
   1.5707963267948966        0.0000000000000000     
       (0.99999999999926403,-3.79163367369983462E-012)
   3.1415926535897931        0.0000000000000000     
       (0.26660242586900573,-2.89783321233470660E-028)
   1.0000000000000000                1           4
               (0.0000000000000000,0.0000000000000000)
  -1.5707963267948966        0.0000000000000000     
        (1.0000000000000364,-7.55284723652493994E-013)
   0.0000000000000000        0.0000000000000000     
               (1.7314681418020004,0.0000000000000000)
   1.5707963267948966        0.0000000000000000     
         (1.0000000000000364,7.55284723652493994E-013)
   3.1415926535897931        0.0000000000000000     
        (0.26853185819791059,8.25766967170684631E-029)
   1.0000000000000000                1           4
               (0.0000000000000000,0.0000000000000000)
  -1.5707963267948966        0.0000000000000000     
         (1.0000000000005325,5.65658631046516563E-014)
   0.0000000000000000        0.0000000000000000     
               (1.7373625153597585,0.0000000000000000)
   1.5707963267948966        0.0000000000000000     
        (1.0000000000005325,-5.65658631046516563E-014)
   3.1415926535897931        0.0000000000000000     
       (0.26263748463913750,-1.39743514808954899E-028)
   1.0000000000000000                1           4
               (0.0000000000000000,0.0000000000000000)
  -1.5707963267948966        0.0000000000000000     
         (1.0000000000016087,6.11455330812304763E-013)
   0.0000000000000000        0.0000000000000000     
               (1.7334549061741917,0.0000000000000000)
   1.5707963267948966        0.0000000000000000     
        (1.0000000000016087,-6.11455330812304763E-013)
   3.1415926535897931        0.0000000000000000     
       (0.26654509382250463,-4.74167036792226570E-028)
   1.0000000000000000                1           4
               (0.0000000000000000,0.0000000000000000)
  -1.5707963267948966        0.0000000000000000     
        (1.0000000000002911,-1.25555121854858953E-012)
   0.0000000000000000        0.0000000000000000     
               (1.7316277924767400,0.0000000000000000)
   1.5707963267948966        0.0000000000000000     
         (1.0000000000002911,1.25555121854858953E-012)
   3.1415926535897931        0.0000000000000000     
        (0.26837220752257501,7.61635298469589450E-029)
   1.0000000000000000                1           4
               (0.0000000000000000,0.0000000000000000)
  -1.5707963267948966        0.0000000000000000     
        (0.99999999999990241,3.65263375101676691E-014)
   0.0000000000000000        0.0000000000000000     
               (1.7195079830204383,0.0000000000000000)
   1.5707963267948966        0.0000000000000000     
       (0.99999999999990241,-3.65263375101676691E-014)
   3.1415926535897931        0.0000000000000000     
        (0.28049201698003023,3.61738959711262512E-029)
   1.0000000000000000                1           4
               (0.0000000000000000,0.0000000000000000)
  -1.5707963267948966        0.0000000000000000     
        (0.99999999999800049,8.34099456170633857E-012)
   0.0000000000000000        0.0000000000000000     
               (1.7207746879904149,0.0000000000000000)
   1.5707963267948966        0.0000000000000000     
       (0.99999999999800049,-8.34099456170633857E-012)
   3.1415926535897931        0.0000000000000000     
       (0.27922531201353512,-5.34738756882455962E-028)
   1.0000000000000000                1           4
               (0.0000000000000000,0.0000000000000000)
  -1.5707963267948966        0.0000000000000000     
       (0.99999999999942690,-4.35779190510743319E-012)
   0.0000000000000000        0.0000000000000000     
               (1.7203630616904468,0.0000000000000000)
   1.5707963267948966        0.0000000000000000     
        (0.99999999999942690,4.35779190510743319E-012)
   3.1415926535897931        0.0000000000000000     
        (0.27963693831103253,6.94434201324427291E-028)
   1.0000000000000000                1           4
               (0.0000000000000000,0.0000000000000000)
  -1.5707963267948966        0.0000000000000000     
        (0.99999999999944933,8.33000335376255053E-013)
   0.0000000000000000        0.0000000000000000     
               (1.7260596032290578,0.0000000000000000)
   1.5707963267948966        0.0000000000000000     
       (0.99999999999944933,-8.33000335376255053E-013)
   3.1415926535897931        0.0000000000000000     
        (0.27394039677214027,3.87815857880928690E-029)
   1.0000000000000000                1           4
               (0.0000000000000000,0.0000000000000000)
  -1.5707963267948966        0.0000000000000000     
       (0.99999999999887845,-1.44895206943829160E-012)
   0.0000000000000000        0.0000000000000000     
               (1.7433847131313778,0.0000000000000000)
   1.5707963267948966        0.0000000000000000     
        (0.99999999999887845,1.44895206943829160E-012)
   3.1415926535897931        0.0000000000000000     
        (0.25661528687021612,4.12389924612652684E-028)
   1.0000000000000000                1           4
               (0.0000000000000000,0.0000000000000000)
  -1.5707963267948966        0.0000000000000000     
         (1.0000000000008378,3.35842464949108907E-014)
   0.0000000000000000        0.0000000000000000     
               (1.7311967360410436,0.0000000000000000)
   1.5707963267948966        0.0000000000000000     
        (1.0000000000008378,-3.35842464949108907E-014)
   3.1415926535897931        0.0000000000000000     
       (0.26880326395752241,-1.94496931407436411E-028)
   1.0000000000000000                1           4
               (0.0000000000000000,0.0000000000000000)
  -1.5707963267948966        0.0000000000000000     
         (1.0000000000002127,2.24964491479795470E-012)
   0.0000000000000000        0.0000000000000000     
               (1.7238251755852692,0.0000000000000000)
   1.5707963267948966        0.0000000000000000     
        (1.0000000000002127,-2.24964491479795470E-012)
   3.1415926535897931        0.0000000000000000     
       (0.27617482441449642,-3.15905298750050646E-028)
   1.0000000000000000                1           4
               (0.0000000000000000,0.0000000000000000)
  -1.5707963267948966        0.0000000000000000     
         (1.0000000000006892,3.16802140076788318E-013)
   0.0000000000000000        0.0000000000000000     
               (1.7300711861118117,0.0000000000000000)
   1.5707963267948966        0.0000000000000000     
        (1.0000000000006892,-3.16802140076788318E-013)
   3.1415926535897931        0.0000000000000000     
       (0.26992881388704548,-1.93170585293875713E-028)
   1.0000000000000000                1           4
               (0.0000000000000000,0.0000000000000000)
  -1.5707963267948966        0.0000000000000000     
        (0.99999999999966049,1.14258602579297985E-012)
   0.0000000000000000        0.0000000000000000     
               (1.7297304088959764,0.0000000000000000)
   1.5707963267948966        0.0000000000000000     
       (0.99999999999966049,-1.14258602579297985E-012)
   3.1415926535897931        0.0000000000000000     
       (0.27026959110464288,-6.04306960836341118E-029)
   1.0000000000000000                1           4
               (0.0000000000000000,0.0000000000000000)
  -1.5707963267948966        0.0000000000000000     
       (0.99999999999916123,-1.34608990620677105E-012)
   0.0000000000000000        0.0000000000000000     
               (1.7258205157673105,0.0000000000000000)
   1.5707963267948966        0.0000000000000000     
        (0.99999999999916123,1.34608990620677105E-012)
   3.1415926535897931        0.0000000000000000     
        (0.27417948423418304,3.59021493475452196E-028)
   1.0000000000000000                1           4
               (0.0000000000000000,0.0000000000000000)
  -1.5707963267948966        0.0000000000000000     
        (0.99999999999946232,2.37515562773182864E-012)
   0.0000000000000000        0.0000000000000000     
               (1.7384329807330472,0.0000000000000000)
   1.5707963267948966        0.0000000000000000     
       (0.99999999999946232,-2.37515562773182864E-012)
   3.1415926535897931        0.0000000000000000     
       (0.26156701926803533,-1.58733073382914294E-028)
   1.0000000000000000                1           4
               (0.0000000000000000,0.0000000000000000)
  -1.5707963267948966        0.0000000000000000     
         (1.0000000000004059,6.13836759200125925E-012)
   0.0000000000000000        0.0000000000000000     
               (1.7356213644511780,0.0000000000000000)
   1.5707963267948966        0.0000000000000000     
        (1.0000000000004059,-6.13836759200125925E-012)
   3.1415926535897931        0.0000000000000000     
       (0.26437863554719998,-9.00761274718418009E-028)
   1.0000000000000000                1           4
               (0.0000000000000000,0.0000000000000000)
  -1.5707963267948966        0.0000000000000000     
        (0.99999999999954658,9.61175583569229275E-013)
   0.0000000000000000        0.0000000000000000     
               (1.7289444915789223,0.0000000000000000)
   1.5707963267948966        0.0000000000000000     
       (0.99999999999954658,-9.61175583569229275E-013)
   3.1415926535897931        0.0000000000000000     
        (0.27105550842246590,2.28308151617828256E-029)
   1.0000000000000000                1           4
               (0.0000000000000000,0.0000000000000000)
  -1.5707963267948966        0.0000000000000000     
         (1.0000000000000109,6.65023591750468768E-014)
   0.0000000000000000        0.0000000000000000     
               (1.7268827526154504,0.0000000000000000)
   1.5707963267948966        0.0000000000000000     
        (1.0000000000000109,-6.65023591750468768E-014)
   3.1415926535897931        0.0000000000000000     
       (0.27311724738454840,-9.53922530851543016E-030)
   1.0000000000000000                1           4
               (0.0000000000000000,0.0000000000000000)
  -1.5707963267948966        0.0000000000000000     
       (0.99999999999948608,-2.28372876165394700E-012)
   0.0000000000000000        0.0000000000000000     
               (1.7161403108169266,0.0000000000000000)
   1.5707963267948966        0.0000000000000000     
        (0.99999999999948608,2.28372876165394700E-012)
   3.1415926535897931        0.0000000000000000     
        (0.28385968918420873,4.12132134970005819E-028)
   1.0000000000000000                1           4
               (0.0000000000000000,0.0000000000000000)
  -1.5707963267948966        0.0000000000000000     
        (0.99999999999993794,1.14119824701219841E-012)
   0.0000000000000000        0.0000000000000000     
               (1.7259387199291856,0.0000000000000000)
   1.5707963267948966        0.0000000000000000     
       (0.99999999999993794,-1.14119824701219841E-012)
   3.1415926535897931        0.0000000000000000     
       (0.27406128006930669,-2.24473640337168660E-028)
   1.0000000000000000                1           4
               (0.0000000000000000,0.0000000000000000)
  -1.5707963267948966        0.0000000000000000     
         (1.0000000000003917,8.09241562649276602E-013)
   0.0000000000000000        0.0000000000000000     
               (1.7493312508579477,0.0000000000000000)
   1.5707963267948966        0.0000000000000000     
        (1.0000000000003917,-8.09241562649276602E-013)
   3.1415926535897931        0.0000000000000000     
       (0.25066874914170334,-1.68445324829598146E-028)
   1.0000000000000000                1           4
               (0.0000000000000000,0.0000000000000000)
  -1.5707963267948966        0.0000000000000000     
        (0.99999999999964939,7.59836638053457136E-013)
   0.0000000000000000        0.0000000000000000     
               (1.7462014787525757,0.0000000000000000)
   1.5707963267948966        0.0000000000000000     
       (0.99999999999964939,-7.59836638053457136E-013)
   3.1415926535897931        0.0000000000000000     
       (0.25379852124818147,-3.75391520785095406E-030)
   1.0000000000000000                1           4
               (0.0000000000000000,0.0000000000000000)
  -1.5707963267948966        0.0000000000000000     
        (1.0000000000002995,-6.97830682128142143E-013)
   0.0000000000000000        0.0000000000000000     
               (1.7308335569148952,0.0000000000000000)
   1.5707963267948966        0.0000000000000000     
         (1.0000000000002995,6.97830682128142143E-013)
   3.1415926535897931        0.0000000000000000     
        (0.26916644308451715,1.27934175184924808E-029)
   1.0000000000000000                1           4
               (0.0000000000000000,0.0000000000000000)
  -1.5707963267948966        0.0000000000000000     
        (1.0000000000062650,-1.52822199339652879E-012)
   0.0000000000000000        0.0000000000000000     
               (1.7483243714880796,0.0000000000000000)
   1.5707963267948966        0.0000000000000000     
         (1.0000000000062650,1.52822199339652879E-012)
   3.1415926535897931        0.0000000000000000     
       (0.25167562849968789,-1.32910628166576129E-027)
   1.0000000000000000                1           4
               (0.0000000000000000,0.0000000000000000)
  -1.5707963267948966        0.0000000000000000     
        (1.0000000000002256,-4.28546087505310475E-013)
   0.0000000000000000        0.0000000000000000     
               (1.7185896755869225,0.0000000000000000)
   1.5707963267948966        0.0000000000000000     
         (1.0000000000002256,4.28546087505310475E-013)
   3.1415926535897931        0.0000000000000000     
       (0.28141032441265107,-1.24849222611869291E-030)
   1.0000000000000000                1           4
               (0.0000000000000000,0.0000000000000000)
  -1.5707963267948966        0.0000000000000000     
         (1.0000000000018479,5.66213742558827690E-014)
   0.0000000000000000        0.0000000000000000     
               (1.7258968030685227,0.0000000000000000)
   1.5707963267948966        0.0000000000000000     
        (1.0000000000018479,-5.66213742558827690E-014)
   3.1415926535897931        0.0000000000000000     
       (0.27410319692812385,-4.38571375364363458E-028)
   1.0000000000000000                1           4
               (0.0000000000000000,0.0000000000000000)
  -1.5707963267948966        0.0000000000000000     
         (1.0000000000002538,2.72670774847938396E-013)
   0.0000000000000000        0.0000000000000000     
               (1.7212590682731224,0.0000000000000000)
   1.5707963267948966        0.0000000000000000     
        (1.0000000000002538,-2.72670774847938396E-013)
   3.1415926535897931        0.0000000000000000     
       (0.27874093172647391,-8.91981566253797186E-029)
   1.0000000000000000                1           4
               (0.0000000000000000,0.0000000000000000)
  -1.5707963267948966        0.0000000000000000     
       (0.99999999999948230,-1.57318602589384682E-012)
   0.0000000000000000        0.0000000000000000     
               (1.7303576397143001,0.0000000000000000)
   1.5707963267948966        0.0000000000000000     
        (0.99999999999948230,1.57318602589384682E-012)
   3.1415926535897931        0.0000000000000000     
        (0.26964236028680644,3.23819755579494055E-028)
   1.0000000000000000                1           4
               (0.0000000000000000,0.0000000000000000)
  -1.5707963267948966        0.0000000000000000     
        (1.0000000000007163,-1.38833389229375901E-013)
   0.0000000000000000        0.0000000000000000     
               (1.7366831828333140,0.0000000000000000)
   1.5707963267948966        0.0000000000000000     
         (1.0000000000007163,1.38833389229375901E-013)
   3.1415926535897931        0.0000000000000000     
       (0.26331681716558836,-1.37924141924096041E-028)
   1.0000000000000000                1           4
               (0.0000000000000000,0.0000000000000000)
  -1.5707963267948966        0.0000000000000000     
        (1.0000000000001004,-5.20444798368657757E-012)
   0.0000000000000000        0.0000000000000000     
               (1.7298213892397170,0.0000000000000000)
   1.5707963267948966        0.0000000000000000     
         (1.0000000000001004,5.20444798368657757E-012)
   3.1415926535897931        0.0000000000000000     
        (0.27017861076001887,6.08902256227038408E-028)
   1.0000000000000000                1           4
               (0.0000000000000000,0.0000000000000000)
  -1.5707963267948966        0.0000000000000000     
        (1.0000000000016680,-9.00390872971003974E-014)
   0.0000000000000000        0.0000000000000000     
               (1.7102872179909634,0.0000000000000000)
   1.5707963267948966        0.0000000000000000     
         (1.0000000000016680,9.00390872971003974E-014)
   3.1415926535897931        0.0000000000000000     
       (0.28971278200567574,-3.99055521743076772E-028)
   1.0000000000000000                1           4
               (0.0000000000000000,0.0000000000000000)
  -1.5707963267948966        0.0000000000000000     
       (0.99999999999817857,-1.05605524325369515E-011)
   0.0000000000000000        0.0000000000000000     
               (1.7203298665778579,0.0000000000000000)
   1.5707963267948966        0.0000000000000000     
        (0.99999999999817857,1.05605524325369515E-011)
   3.1415926535897931        0.0000000000000000     
        (0.27967013342587199,1.74475955371644125E-027)
   1.0000000000000000                1           4
               (0.0000000000000000,0.0000000000000000)
  -1.5707963267948966        0.0000000000000000     
        (0.99999999999874456,8.33222379981181498E-014)
   0.0000000000000000        0.0000000000000000     
               (1.7276656761384546,0.0000000000000000)
   1.5707963267948966        0.0000000000000000     
       (0.99999999999874456,-8.33222379981181498E-014)
   3.1415926535897931        0.0000000000000000     
        (0.27233432386405299,2.97092851339711166E-028)
   1.0000000000000000                1           4
               (0.0000000000000000,0.0000000000000000)
  -1.5707963267948966        0.0000000000000000     
         (1.0000000000002360,3.14415160573844282E-013)
   0.0000000000000000        0.0000000000000000     
               (1.7268226898961099,0.0000000000000000)
   1.5707963267948966        0.0000000000000000     
        (1.0000000000002360,-3.14415160573844282E-013)
   3.1415926535897931        0.0000000000000000     
       (0.27317731010341251,-9.66567786292572068E-029)
   1.0000000000000000                1           4
               (0.0000000000000000,0.0000000000000000)
  -1.5707963267948966        0.0000000000000000     
       (0.99999999999931488,-4.47308856621475469E-013)
   0.0000000000000000        0.0000000000000000     
               (1.7265932555683721,0.0000000000000000)
   1.5707963267948966        0.0000000000000000     
        (0.99999999999931488,4.47308856621475469E-013)
   3.1415926535897931        0.0000000000000000     
        (0.27340674443317431,2.33358908583244123E-028)
   1.0000000000000000                1           4
               (0.0000000000000000,0.0000000000000000)
  -1.5707963267948966        0.0000000000000000     
        (1.0000000000005231,-2.55129251058861023E-013)
   0.0000000000000000        0.0000000000000000     
               (1.7174431142041224,0.0000000000000000)
   1.5707963267948966        0.0000000000000000     
         (1.0000000000005231,2.55129251058861023E-013)
   3.1415926535897931        0.0000000000000000     
       (0.28255688579454824,-1.14210213736560577E-028)
   1.0000000000000000                1           4
               (0.0000000000000000,0.0000000000000000)
  -1.5707963267948966        0.0000000000000000     
         (1.0000000000007205,3.30346860977215228E-013)
   0.0000000000000000        0.0000000000000000     
               (1.7266238576137487,0.0000000000000000)
   1.5707963267948966        0.0000000000000000     
        (1.0000000000007205,-3.30346860977215228E-013)
   3.1415926535897931        0.0000000000000000     
       (0.27337614238504471,-2.02591002801315874E-028)
   1.0000000000000000                1           4
               (0.0000000000000000,0.0000000000000000)
  -1.5707963267948966        0.0000000000000000     
        (1.0000000000015388,-1.31045174711630372E-012)
   0.0000000000000000        0.0000000000000000     
               (1.7345375967460959,0.0000000000000000)
   1.5707963267948966        0.0000000000000000     
         (1.0000000000015388,1.31045174711630372E-012)
   3.1415926535897931        0.0000000000000000     
       (0.26546240325079695,-2.18222139087136181E-028)
   1.0000000000000000                1           4
               (0.0000000000000000,0.0000000000000000)
  -1.5707963267948966        0.0000000000000000     
        (1.0000000000002016,-2.49045228883915115E-012)
   0.0000000000000000        0.0000000000000000     
               (1.7236804078937582,0.0000000000000000)
   1.5707963267948966        0.0000000000000000     
         (1.0000000000002016,2.49045228883915115E-012)
   3.1415926535897931        0.0000000000000000     
        (0.27631959210598511,2.64594679943320786E-028)
   1.0000000000000000                1           4
               (0.0000000000000000,0.0000000000000000)
  -1.5707963267948966        0.0000000000000000     
        (1.0000000000006892,-3.75194320056948527E-012)
   0.0000000000000000        0.0000000000000000     
               (1.7212425586283906,0.0000000000000000)
   1.5707963267948966        0.0000000000000000     
         (1.0000000000006892,3.75194320056948527E-012)
   3.1415926535897931        0.0000000000000000     
        (0.27875744137041647,3.02052564895896575E-028)
   1.0000000000000000                1           4
               (0.0000000000000000,0.0000000000000000)
  -1.5707963267948966        0.0000000000000000     
        (1.0000000000069664,-5.89256421434925040E-012)
   0.0000000000000000        0.0000000000000000     
               (1.7358319397627398,0.0000000000000000)
   1.5707963267948966        0.0000000000000000     
         (1.0000000000069664,5.89256421434925040E-012)
   3.1415926535897931        0.0000000000000000     
       (0.26416806022199874,-1.06601127816167633E-027)
   1.0000000000000000                1           4
               (0.0000000000000000,0.0000000000000000)
  -1.5707963267948966        0.0000000000000000     
        (0.99999999999986489,4.77173855983892281E-013)
   0.0000000000000000        0.0000000000000000     
               (1.7146545778486781,0.0000000000000000)
   1.5707963267948966        0.0000000000000000     
       (0.99999999999986489,-4.77173855983892281E-013)
   3.1415926535897931        0.0000000000000000     
       (0.28534542215147579,-3.24624114871342401E-029)
   1.0000000000000000                1           4
               (0.0000000000000000,0.0000000000000000)
  -1.5707963267948966        0.0000000000000000     
        (1.0000000000004583,-9.88431558823776868E-013)
   0.0000000000000000        0.0000000000000000     
               (1.7371752670301053,0.0000000000000000)
   1.5707963267948966        0.0000000000000000     
         (1.0000000000004583,9.88431558823776868E-013)
   3.1415926535897931        0.0000000000000000     
        (0.26282473296890396,4.23214228942565166E-030)
   1.0000000000000000                1           4
               (0.0000000000000000,0.0000000000000000)
  -1.5707963267948966        0.0000000000000000     
       (0.99999999999066025,-4.76846340191627779E-012)
   0.0000000000000000        0.0000000000000000     
               (1.7004532990565129,0.0000000000000000)
   1.5707963267948966        0.0000000000000000     
        (0.99999999999066025,4.76846340191627779E-012)
   3.1415926535897931        0.0000000000000000     
        (0.29954670096124225,2.81494431084656122E-027)
   1.0000000000000000                1           4
               (0.0000000000000000,0.0000000000000000)
  -1.5707963267948966        0.0000000000000000     
         (1.0000000000015825,1.39999123405232220E-012)
   0.0000000000000000        0.0000000000000000     
               (1.7339800840490698,0.0000000000000000)
   1.5707963267948966        0.0000000000000000     
        (1.0000000000015825,-1.39999123405232220E-012)
   3.1415926535897931        0.0000000000000000     
       (0.26601991594779101,-5.57455068220933603E-028)
   1.0000000000000000                1           4
               (0.0000000000000000,0.0000000000000000)
  -1.5707963267948966        0.0000000000000000     
       (0.99999999999821754,-1.95399252334025248E-014)
   0.0000000000000000        0.0000000000000000     
               (1.7174830889873882,0.0000000000000000)
   1.5707963267948966        0.0000000000000000     
        (0.99999999999821754,1.95399252334025248E-014)
   3.1415926535897931        0.0000000000000000     
        (0.28251691101654519,4.61532102594824347E-028)
   1.0000000000000000                1           4
               (0.0000000000000000,0.0000000000000000)
  -1.5707963267948966        0.0000000000000000     
         (1.0000000000000575,4.34841052054935062E-012)
   0.0000000000000000        0.0000000000000000     
               (1.7338686260665839,0.0000000000000000)
   1.5707963267948966        0.0000000000000000     
        (1.0000000000000575,-4.34841052054935062E-012)
   3.1415926535897931        0.0000000000000000     
       (0.26613137393351710,-5.33377545525728289E-028)
   1.0000000000000000                1           4
               (0.0000000000000000,0.0000000000000000)
  -1.5707963267948966        0.0000000000000000     
         (1.0000000000008793,5.70987701564717908E-013)
   0.0000000000000000        0.0000000000000000     
               (1.7171718167994416,0.0000000000000000)
   1.5707963267948966        0.0000000000000000     
        (1.0000000000008793,-5.70987701564717908E-013)
   3.1415926535897931        0.0000000000000000     
       (0.28282818319880970,-2.84674828658940940E-028)
   1.0000000000000000                1           4
               (0.0000000000000000,0.0000000000000000)
  -1.5707963267948966        0.0000000000000000     
         (1.0000000000004010,8.02413691047831890E-013)
   0.0000000000000000        0.0000000000000000     
               (1.7325486984308669,0.0000000000000000)
   1.5707963267948966        0.0000000000000000     
        (1.0000000000004010,-8.02413691047831890E-013)
   3.1415926535897931        0.0000000000000000     
       (0.26745130156836039,-1.94694182806087625E-028)
   1.0000000000000000                1           4
               (0.0000000000000000,0.0000000000000000)
  -1.5707963267948966        0.0000000000000000     
        (1.0000000000010698,-3.50053319664312009E-013)
   0.0000000000000000        0.0000000000000000     
               (1.7134335180479148,0.0000000000000000)
   1.5707963267948966        0.0000000000000000     
         (1.0000000000010698,3.50053319664312009E-013)
   3.1415926535897931        0.0000000000000000     
       (0.28656648194957424,-2.41900824931330477E-028)
   1.0000000000000000                1           4
               (0.0000000000000000,0.0000000000000000)
  -1.5707963267948966        0.0000000000000000     
         (1.0000000000002092,7.87148124459235735E-014)
   0.0000000000000000        0.0000000000000000     
               (1.7404399258050032,0.0000000000000000)
   1.5707963267948966        0.0000000000000000     
        (1.0000000000002092,-7.87148124459235735E-014)
   3.1415926535897931        0.0000000000000000     
       (0.25956007419474092,-5.09244340509011190E-029)
   1.0000000000000000                1           4
               (0.0000000000000000,0.0000000000000000)
  -1.5707963267948966        0.0000000000000000     
        (0.99999999999993194,8.43825009866350229E-013)
   0.0000000000000000        0.0000000000000000     
               (1.7332049303430501,0.0000000000000000)
   1.5707963267948966        0.0000000000000000     
       (0.99999999999993194,-8.43825009866350229E-013)
   3.1415926535897931        0.0000000000000000     
       (0.26679506965700672,-9.15241558465952733E-029)
   1.0000000000000000                1           4
               (0.0000000000000000,0.0000000000000000)
  -1.5707963267948966        0.0000000000000000     
        (1.0000000000007201,-7.39575067854048130E-013)
   0.0000000000000000        0.0000000000000000     
               (1.7252508157920221,0.0000000000000000)
   1.5707963267948966        0.0000000000000000     
         (1.0000000000007201,7.39575067854048130E-013)
   3.1415926535897931        0.0000000000000000     
       (0.27474918420649674,-8.83176791104356438E-029)
   1.0000000000000000                1           4
               (0.0000000000000000,0.0000000000000000)
  -1.5707963267948966        0.0000000000000000     
        (0.99999999999994782,1.92401650167539628E-013)
   0.0000000000000000        0.0000000000000000     
               (1.7286666778436623,0.0000000000000000)
   1.5707963267948966        0.0000000000000000     
       (0.99999999999994782,-1.92401650167539628E-013)
   3.1415926535897931        0.0000000000000000     
       (0.27133332215646416,-9.42460030361138065E-030)
   1.0000000000000000                1           4
               (0.0000000000000000,0.0000000000000000)
  -1.5707963267948966        0.0000000000000000     
        (1.0000000000195184,-1.32660549212459987E-011)
   0.0000000000000000        0.0000000000000000     
               (1.7260805105778070,0.0000000000000000)
   1.5707963267948966        0.0000000000000000     
         (1.0000000000195184,1.32660549212459987E-011)
   3.1415926535897931        0.0000000000000000     
       (0.27391948938021149,-3.33631841418828305E-027)
   1.0000000000000000                1           4
               (0.0000000000000000,0.0000000000000000)
  -1.5707963267948966        0.0000000000000000     
         (1.0000000000069218,1.28347332761791141E-012)
   0.0000000000000000        0.0000000000000000     
               (1.7412597738993203,0.0000000000000000)
   1.5707963267948966        0.0000000000000000     
        (1.0000000000069218,-1.28347332761791141E-012)
   3.1415926535897931        0.0000000000000000     
       (0.25874022608702429,-1.84102549560087132E-027)
   1.0000000000000000                1           4
               (0.0000000000000000,0.0000000000000000)
  -1.5707963267948966        0.0000000000000000     
       (0.99999999999946232,-1.66261449052740318E-012)
   0.0000000000000000        0.0000000000000000     
               (1.7320205111478129,0.0000000000000000)
   1.5707963267948966        0.0000000000000000     
        (0.99999999999946232,1.66261449052740318E-012)
   3.1415926535897931        0.0000000000000000     
        (0.26797948885332212,3.38952740754710085E-028)
   1.0000000000000000                1           4
               (0.0000000000000000,0.0000000000000000)
  -1.5707963267948966        0.0000000000000000     
       (0.99999999999951339,-2.19657625422087171E-013)
   0.0000000000000000        0.0000000000000000     
               (1.7396336481050301,0.0000000000000000)
   1.5707963267948966        0.0000000000000000     
        (0.99999999999951339,2.19657625422087171E-013)
   3.1415926535897931        0.0000000000000000     
        (0.26036635189594015,1.45911834679786305E-028)
   1.0000000000000000                1           4
               (0.0000000000000000,0.0000000000000000)
  -1.5707963267948966        0.0000000000000000     
        (1.0000000000002769,-6.48536779834785193E-013)
   0.0000000000000000        0.0000000000000000     
               (1.7132806522287578,0.0000000000000000)
   1.5707963267948966        0.0000000000000000     
         (1.0000000000002769,6.48536779834785193E-013)
   3.1415926535897931        0.0000000000000000     
        (0.28671934777096914,2.88076977879246324E-029)
   1.0000000000000000                1           4
               (0.0000000000000000,0.0000000000000000)
  -1.5707963267948966        0.0000000000000000     
        (1.0000000000008127,-6.02906613522691360E-013)
   0.0000000000000000        0.0000000000000000     
               (1.7201893539361583,0.0000000000000000)
   1.5707963267948966        0.0000000000000000     
         (1.0000000000008127,6.02906613522691360E-013)
   3.1415926535897931        0.0000000000000000     
       (0.27981064606245692,-1.10480683552557529E-028)
   1.0000000000000000                1           4
               (0.0000000000000000,0.0000000000000000)
  -1.5707963267948966        0.0000000000000000     
        (0.99999999999948741,1.83264514674874590E-012)
   0.0000000000000000        0.0000000000000000     
               (1.7263203523182069,0.0000000000000000)
   1.5707963267948966        0.0000000000000000     
       (0.99999999999948741,-1.83264514674874590E-012)
   3.1415926535897931        0.0000000000000000     
       (0.27367964768296488,-8.99095416311299992E-029)
   1.0000000000000000                1           4
               (0.0000000000000000,0.0000000000000000)
  -1.5707963267948966        0.0000000000000000     
        (0.99999999999971256,1.79356529628194064E-013)
   0.0000000000000000        0.0000000000000000     
               (1.7385890560171395,0.0000000000000000)
   1.5707963267948966        0.0000000000000000     
       (0.99999999999971256,-1.79356529628194064E-013)
   3.1415926535897931        0.0000000000000000     
        (0.26141094398336917,4.43793133923668361E-029)
   1.0000000000000000                1           4
               (0.0000000000000000,0.0000000000000000)
  -1.5707963267948966        0.0000000000000000     
        (0.99999999999968459,4.83169060316868126E-013)
   0.0000000000000000        0.0000000000000000     
               (1.7207860685456029,0.0000000000000000)
   1.5707963267948966        0.0000000000000000     
       (0.99999999999968459,-4.83169060316868126E-013)
   3.1415926535897931        0.0000000000000000     
        (0.27921393145505979,2.00402123291641561E-029)
   1.0000000000000000                1           4
               (0.0000000000000000,0.0000000000000000)
  -1.5707963267948966        0.0000000000000000     
        (0.99999999999969102,9.36695165876244573E-013)
   0.0000000000000000        0.0000000000000000     
               (1.7284075271355170,0.0000000000000000)
   1.5707963267948966        0.0000000000000000     
       (0.99999999999969102,-9.36695165876244573E-013)
   3.1415926535897931        0.0000000000000000     
        (0.27159247286681487,6.59235962826656172E-029)
   1.0000000000000000                1           4
               (0.0000000000000000,0.0000000000000000)
  -1.5707963267948966        0.0000000000000000     
        (1.0000000000013347,-3.80528941690272606E-013)
   0.0000000000000000        0.0000000000000000     
               (1.7355775237867535,0.0000000000000000)
   1.5707963267948966        0.0000000000000000     
         (1.0000000000013347,3.80528941690272606E-013)
   3.1415926535897931        0.0000000000000000     
       (0.26442247621013831,-3.07189252053760866E-028)
   1.0000000000000000                1           4
               (0.0000000000000000,0.0000000000000000)
  -1.5707963267948966        0.0000000000000000     
        (1.0000000000047042,-2.11985984321927430E-012)
   0.0000000000000000        0.0000000000000000     
               (1.7345327800601267,0.0000000000000000)
   1.5707963267948966        0.0000000000000000     
         (1.0000000000047042,2.11985984321927430E-012)
   3.1415926535897931        0.0000000000000000     
       (0.26546721993008915,-9.15604565155514541E-028)
   1.0000000000000000                1           4
               (0.0000000000000000,0.0000000000000000)
  -1.5707963267948966        0.0000000000000000     
       (0.99999999999973133,-2.28206342711700927E-012)
   0.0000000000000000        0.0000000000000000     
               (1.7232365690204978,0.0000000000000000)
   1.5707963267948966        0.0000000000000000     
        (0.99999999999973133,2.28206342711700927E-012)
   3.1415926535897931        0.0000000000000000     
        (0.27676343098036799,3.65388007609528209E-028)
   1.0000000000000000                1           4
               (0.0000000000000000,0.0000000000000000)
  -1.5707963267948966        0.0000000000000000     
        (0.99999999999971123,2.89879231729628423E-013)
   0.0000000000000000        0.0000000000000000     
               (1.7299137338028292,0.0000000000000000)
   1.5707963267948966        0.0000000000000000     
       (0.99999999999971123,-2.89879231729628423E-013)
   3.1415926535897931        0.0000000000000000     
        (0.27008626619814641,5.95989945767918277E-029)
   1.0000000000000000                1           4
               (0.0000000000000000,0.0000000000000000)
  -1.5707963267948966        0.0000000000000000     
       (0.99999999999979294,-4.95381513587744848E-013)
   0.0000000000000000        0.0000000000000000     
               (1.7457799381555374,0.0000000000000000)
   1.5707963267948966        0.0000000000000000     
        (0.99999999999979294,4.95381513587744848E-013)
   3.1415926535897931        0.0000000000000000     
        (0.25422006184513901,1.27430174580104523E-028)
   1.0000000000000000                1           4
               (0.0000000000000000,0.0000000000000000)
  -1.5707963267948966        0.0000000000000000     
         (1.0000000000001676,4.54580817432770345E-013)
   0.0000000000000000        0.0000000000000000     
               (1.7296428419999694,0.0000000000000000)
   1.5707963267948966        0.0000000000000000     
        (1.0000000000001676,-4.54580817432770345E-013)
   3.1415926535897931        0.0000000000000000     
       (0.27035715799967741,-9.78425093071912466E-029)
   1.0000000000000000                1           4
               (0.0000000000000000,0.0000000000000000)
  -1.5707963267948966        0.0000000000000000     
         (1.0000000000000284,1.51062495845621925E-012)
   0.0000000000000000        0.0000000000000000     
               (1.7264937504159628,0.0000000000000000)
   1.5707963267948966        0.0000000000000000     
        (1.0000000000000284,-1.51062495845621925E-012)
   3.1415926535897931        0.0000000000000000     
       (0.27350624958380260,-2.02862426227739302E-028)
   1.0000000000000000                1           4
               (0.0000000000000000,0.0000000000000000)
  -1.5707963267948966        0.0000000000000000     
       (0.99999999999962363,-2.78221889971064229E-012)
   0.0000000000000000        0.0000000000000000     
               (1.7104862110656300,0.0000000000000000)
   1.5707963267948966        0.0000000000000000     
        (0.99999999999962363,2.78221889971064229E-012)
   3.1415926535897931        0.0000000000000000     
        (0.28951378893508373,4.30520696486831622E-028)
   1.0000000000000000                1           4
               (0.0000000000000000,0.0000000000000000)
  -1.5707963267948966        0.0000000000000000     
       (0.99999999999955913,-2.06046291140182802E-012)
   0.0000000000000000        0.0000000000000000     
               (1.7360290772599289,0.0000000000000000)
   1.5707963267948966        0.0000000000000000     
        (0.99999999999955913,2.06046291140182802E-012)
   3.1415926535897931        0.0000000000000000     
        (0.26397092274108519,3.68423475196577150E-028)
   1.0000000000000000                1           4
               (0.0000000000000000,0.0000000000000000)
  -1.5707963267948966        0.0000000000000000     
         (1.0000000000002640,1.95610194708706331E-012)
   0.0000000000000000        0.0000000000000000     
               (1.7250474856662952,0.0000000000000000)
   1.5707963267948966        0.0000000000000000     
        (1.0000000000002640,-1.95610194708706331E-012)
   3.1415926535897931        0.0000000000000000     
       (0.27495251433313400,-3.06850725096757007E-028)
   1.0000000000000000                1           4
               (0.0000000000000000,0.0000000000000000)
  -1.5707963267948966        0.0000000000000000     
        (1.0000000000001306,-2.48301379457416260E-013)
   0.0000000000000000        0.0000000000000000     
               (1.7414109289797923,0.0000000000000000)
   1.5707963267948966        0.0000000000000000     
         (1.0000000000001306,2.48301379457416260E-013)
   3.1415926535897931        0.0000000000000000     
        (0.25858907102011369,8.67013166292195825E-030)
   1.0000000000000000                1           4
               (0.0000000000000000,0.0000000000000000)
  -1.5707963267948966        0.0000000000000000     
        (1.0000000000006437,-1.02512442978763829E-012)
   0.0000000000000000        0.0000000000000000     
               (1.7225494964171697,0.0000000000000000)
   1.5707963267948966        0.0000000000000000     
         (1.0000000000006437,1.02512442978763829E-012)
   3.1415926535897931        0.0000000000000000     
       (0.27745050358156420,-3.08015635677276428E-029)
   1.0000000000000000                1           4
               (0.0000000000000000,0.0000000000000000)
  -1.5707963267948966        0.0000000000000000     
        (1.0000000000000975,-9.27924403981705836E-013)
   0.0000000000000000        0.0000000000000000     
               (1.7195593999985777,0.0000000000000000)
   1.5707963267948966        0.0000000000000000     
         (1.0000000000000975,9.27924403981705836E-013)
   3.1415926535897931        0.0000000000000000     
        (0.28044060000141918,1.01507998541188391E-028)
   1.0000000000000000                1           4
               (0.0000000000000000,0.0000000000000000)
  -1.5707963267948966        0.0000000000000000     
         (1.0000000000000588,8.26727575287122818E-013)
   0.0000000000000000        0.0000000000000000     
               (1.7162200860274957,0.0000000000000000)
   1.5707963267948966        0.0000000000000000     
        (1.0000000000000588,-8.26727575287122818E-013)
   3.1415926535897931        0.0000000000000000     
       (0.28377991397222097,-1.25812958976421521E-028)
   1.0000000000000000                1           4
               (0.0000000000000000,0.0000000000000000)
  -1.5707963267948966        0.0000000000000000     
       (0.99999999992493327,-1.35430500147748489E-010)
   0.0000000000000000        0.0000000000000000     
               (1.7289337376181364,0.0000000000000000)
   1.5707963267948966        0.0000000000000000     
        (0.99999999992493327,1.35430500147748489E-010)
   3.1415926535897931        0.0000000000000000     
        (0.27106626251623461,3.40063211776029729E-026)
   1.0000000000000000                1           4
               (0.0000000000000000,0.0000000000000000)
  -1.5707963267948966        0.0000000000000000     
       (0.99999999999901223,-1.29080079958043805E-012)
   0.0000000000000000        0.0000000000000000     
               (1.7315179623590025,0.0000000000000000)
   1.5707963267948966        0.0000000000000000     
        (0.99999999999901223,1.29080079958043805E-012)
   3.1415926535897931        0.0000000000000000     
        (0.26848203764264544,3.79951272614392976E-028)
   1.0000000000000000                1           4
               (0.0000000000000000,0.0000000000000000)
  -1.5707963267948966        0.0000000000000000     
        (0.99999999999999134,4.27768931388072815E-013)
   0.0000000000000000        0.0000000000000000     
               (1.7298375210002743,0.0000000000000000)
   1.5707963267948966        0.0000000000000000     
       (0.99999999999999134,-4.27768931388072815E-013)
   3.1415926535897931        0.0000000000000000     
       (0.27016247899988793,-4.13931418724835762E-029)
   1.0000000000000000                1           4
               (0.0000000000000000,0.0000000000000000)
  -1.5707963267948966        0.0000000000000000     
       (0.99999999999979128,-2.29494201420266108E-012)
   0.0000000000000000        0.0000000000000000     
               (1.7302731183011986,0.0000000000000000)
   1.5707963267948966        0.0000000000000000     
        (0.99999999999979128,2.29494201420266108E-012)
   3.1415926535897931        0.0000000000000000     
        (0.26972688169957043,3.53699509204802890E-028)
   1.0000000000000000                1           4
               (0.0000000000000000,0.0000000000000000)
  -1.5707963267948966        0.0000000000000000     
        (0.99999999999632805,6.11383166315704410E-012)
   0.0000000000000000        0.0000000000000000     
               (1.7148972027992195,0.0000000000000000)
   1.5707963267948966        0.0000000000000000     
       (0.99999999999632805,-6.11383166315704410E-012)
   3.1415926535897931        0.0000000000000000     
        (0.28510279720808102,1.47991350406564847E-028)
   1.0000000000000000                1           4
               (0.0000000000000000,0.0000000000000000)
  -1.5707963267948966        0.0000000000000000     
        (1.0000000000025777,-1.99767979935927582E-012)
   0.0000000000000000        0.0000000000000000     
               (1.7184560066902210,0.0000000000000000)
   1.5707963267948966        0.0000000000000000     
         (1.0000000000025777,1.99767979935927582E-012)
   3.1415926535897931        0.0000000000000000     
       (0.28154399330480118,-3.75838295520748432E-028)
   1.0000000000000000                1           4
               (0.0000000000000000,0.0000000000000000)
  -1.5707963267948966        0.0000000000000000     
        (1.0000000000005029,-2.06779038336435481E-013)
   0.0000000000000000        0.0000000000000000     
               (1.7180456597992562,0.0000000000000000)
   1.5707963267948966        0.0000000000000000     
         (1.0000000000005029,2.06779038336435481E-013)
   3.1415926535897931        0.0000000000000000     
       (0.28195434019952265,-1.11045926236533782E-028)
   1.0000000000000000                1           4
               (0.0000000000000000,0.0000000000000000)
  -1.5707963267948966        0.0000000000000000     
        (0.99999999999955314,3.18634008067419978E-013)
   0.0000000000000000        0.0000000000000000     
               (1.7388121448858782,0.0000000000000000)
   1.5707963267948966        0.0000000000000000     
       (0.99999999999955314,-3.18634008067419978E-013)
   3.1415926535897931        0.0000000000000000     
        (0.26118785511511078,7.62569145592682995E-029)
   1.0000000000000000                1           4
               (0.0000000000000000,0.0000000000000000)
  -1.5707963267948966        0.0000000000000000     
        (0.99999999999999756,1.33748567776592608E-012)
   0.0000000000000000        0.0000000000000000     
               (1.7325578486610858,0.0000000000000000)
   1.5707963267948966        0.0000000000000000     
       (0.99999999999999756,-1.33748567776592608E-012)
   3.1415926535897931        0.0000000000000000     
       (0.26744215133891636,-1.63362437923703150E-028)
   1.0000000000000000                1           4
               (0.0000000000000000,0.0000000000000000)
  -1.5707963267948966        0.0000000000000000     
        (0.99999999999913836,2.31586971821684529E-012)
   0.0000000000000000        0.0000000000000000     
               (1.7318784127079423,0.0000000000000000)
   1.5707963267948966        0.0000000000000000     
       (0.99999999999913836,-2.31586971821684529E-012)
   3.1415926535897931        0.0000000000000000     
       (0.26812158729392194,-6.39284933102331956E-029)
   1.0000000000000000                1           4
               (0.0000000000000000,0.0000000000000000)
  -1.5707963267948966        0.0000000000000000     
        (1.0000000000010389,-7.86481990644460994E-013)
   0.0000000000000000        0.0000000000000000     
               (1.7304998322592107,0.0000000000000000)
   1.5707963267948966        0.0000000000000000     
         (1.0000000000010389,7.86481990644460994E-013)
   3.1415926535897931        0.0000000000000000     
       (0.26950016773916274,-1.30493815616126837E-028)
   1.0000000000000000                1           4
               (0.0000000000000000,0.0000000000000000)
  -1.5707963267948966        0.0000000000000000     
         (1.0000000000005500,1.94400051611864910E-012)
   0.0000000000000000        0.0000000000000000     
               (1.7229322074479014,0.0000000000000000)
   1.5707963267948966        0.0000000000000000     
        (1.0000000000005500,-1.94400051611864910E-012)
   3.1415926535897931        0.0000000000000000     
       (0.27706779255116909,-3.62336069883052439E-028)
   1.0000000000000000                1           4
               (0.0000000000000000,0.0000000000000000)
  -1.5707963267948966        0.0000000000000000     
       (0.99999999999718880,-7.37465644107259929E-013)
   0.0000000000000000        0.0000000000000000     
               (1.7368389752760942,0.0000000000000000)
   1.5707963267948966        0.0000000000000000     
        (0.99999999999718880,7.37465644107259929E-013)
   3.1415926535897931        0.0000000000000000     
        (0.26316102472905767,7.50045066838374480E-028)
   1.0000000000000000                1           4
               (0.0000000000000000,0.0000000000000000)
  -1.5707963267948966        0.0000000000000000     
         (1.0000000000004099,4.31155111613179492E-013)
   0.0000000000000000        0.0000000000000000     
               (1.7339348837709225,0.0000000000000000)
   1.5707963267948966        0.0000000000000000     
        (1.0000000000004099,-4.31155111613179492E-013)
   3.1415926535897931        0.0000000000000000     
       (0.26606511622814688,-1.59985855962471358E-028)
   1.0000000000000000                1           4
               (0.0000000000000000,0.0000000000000000)
  -1.5707963267948966        0.0000000000000000     
       (0.99999999999977218,-2.78876921555593071E-012)
   0.0000000000000000        0.0000000000000000     
               (1.7284904121033930,0.0000000000000000)
   1.5707963267948966        0.0000000000000000     
        (0.99999999999977218,2.78876921555593071E-012)
   3.1415926535897931        0.0000000000000000     
        (0.27150958789686119,3.84997506815770866E-028)
   1.0000000000000000                1           4
               (0.0000000000000000,0.0000000000000000)
  -1.5707963267948966        0.0000000000000000     
        (0.99999999999968259,3.27127214205802425E-013)
   0.0000000000000000        0.0000000000000000     
               (1.7287447341193196,0.0000000000000000)
   1.5707963267948966        0.0000000000000000     
       (0.99999999999968259,-3.27127214205802425E-013)
   3.1415926535897931        0.0000000000000000     
        (0.27125526588154886,5.19917572004240125E-029)
   1.0000000000000000                1           4
               (0.0000000000000000,0.0000000000000000)
  -1.5707963267948966        0.0000000000000000     
        (1.0000000000010316,-5.42343947529389071E-013)
   0.0000000000000000        0.0000000000000000     
               (1.7126133639762182,0.0000000000000000)
   1.5707963267948966        0.0000000000000000     
         (1.0000000000010316,5.42343947529389071E-013)
   3.1415926535897931        0.0000000000000000     
       (0.28738663602195830,-1.71558263538604833E-028)
   1.0000000000000000                1           4
               (0.0000000000000000,0.0000000000000000)
  -1.5707963267948966        0.0000000000000000     
         (1.0000000000007785,6.84619028135102680E-013)
   0.0000000000000000        0.0000000000000000     
               (1.7203699419542715,0.0000000000000000)
   1.5707963267948966        0.0000000000000000     
        (1.0000000000007785,-6.84619028135102680E-013)
   3.1415926535897931        0.0000000000000000     
       (0.27963005804408897,-2.79572852101489679E-028)
   1.0000000000000000                1           4
               (0.0000000000000000,0.0000000000000000)
  -1.5707963267948966        0.0000000000000000     
        (1.0000000000032132,-3.00653946183615557E-012)
   0.0000000000000000        0.0000000000000000     
               (1.7313411091083866,0.0000000000000000)
   1.5707963267948966        0.0000000000000000     
         (1.0000000000032132,3.00653946183615557E-012)
   3.1415926535897931        0.0000000000000000     
       (0.26865889088515332,-4.20871650535822232E-028)
   1.0000000000000000                1           4
               (0.0000000000000000,0.0000000000000000)
  -1.5707963267948966        0.0000000000000000     
       (0.99999999999844857,-3.51019213695735743E-012)
   0.0000000000000000        0.0000000000000000     
               (1.7359671279440929,0.0000000000000000)
   1.5707963267948966        0.0000000000000000     
        (0.99999999999844857,3.51019213695735743E-012)
   3.1415926535897931        0.0000000000000000     
        (0.26403287205885617,8.00450394985040020E-028)
   1.0000000000000000                1           4
               (0.0000000000000000,0.0000000000000000)
  -1.5707963267948966        0.0000000000000000     
       (0.99999999999972478,-1.55891966002741356E-012)
   0.0000000000000000        0.0000000000000000     
               (1.7240334705722302,0.0000000000000000)
   1.5707963267948966        0.0000000000000000     
        (0.99999999999972478,1.55891966002741356E-012)
   3.1415926535897931        0.0000000000000000     
        (0.27596652942946592,3.28469790168077877E-028)
   1.0000000000000000                1           4
               (0.0000000000000000,0.0000000000000000)
  -1.5707963267948966        0.0000000000000000     
       (0.99999999999918154,-4.77784478647436016E-013)
   0.0000000000000000        0.0000000000000000     
               (1.7287309996645275,0.0000000000000000)
   1.5707963267948966        0.0000000000000000     
        (0.99999999999918154,4.77784478647436016E-013)
   3.1415926535897931        0.0000000000000000     
        (0.27126900033734491,2.73383037195261202E-028)
   1.0000000000000000                1           4
               (0.0000000000000000,0.0000000000000000)
  -1.5707963267948966        0.0000000000000000     
        (0.99999999999925682,1.05471187339390976E-014)
   0.0000000000000000        0.0000000000000000     
               (1.7228181767353248,0.0000000000000000)
   1.5707963267948966        0.0000000000000000     
       (0.99999999999925682,-1.05471187339390976E-014)
   3.1415926535897931        0.0000000000000000     
        (0.27718182326677088,2.18052002578674482E-028)
   1.0000000000000000                1           4
               (0.0000000000000000,0.0000000000000000)
  -1.5707963267948966        0.0000000000000000     
        (0.99999999999875644,1.14047660204619226E-012)
   0.0000000000000000        0.0000000000000000     
               (1.7331637271580156,0.0000000000000000)
   1.5707963267948966        0.0000000000000000     
       (0.99999999999875644,-1.14047660204619226E-012)
   3.1415926535897931        0.0000000000000000     
        (0.26683627284455780,1.70196489082179047E-028)
   1.0000000000000000                1           4
               (0.0000000000000000,0.0000000000000000)
  -1.5707963267948966        0.0000000000000000     
        (1.0000000000024958,-3.29952731803473438E-012)
   0.0000000000000000        0.0000000000000000     
               (1.7207007392141593,0.0000000000000000)
   1.5707963267948966        0.0000000000000000     
         (1.0000000000024958,3.29952731803473438E-012)
   3.1415926535897931        0.0000000000000000     
       (0.27929926078086598,-2.06164473496770561E-028)
   1.0000000000000000                1           4
               (0.0000000000000000,0.0000000000000000)
  -1.5707963267948966        0.0000000000000000     
        (0.99999999999895572,1.28541621791100644E-012)
   0.0000000000000000        0.0000000000000000     
               (1.7288214567090487,0.0000000000000000)
   1.5707963267948966        0.0000000000000000     
       (0.99999999999895572,-1.28541621791100644E-012)
   3.1415926535897931        0.0000000000000000     
        (0.27117854329300750,9.63751712741671272E-029)
   1.0000000000000000                1           4
               (0.0000000000000000,0.0000000000000000)
  -1.5707963267948966        0.0000000000000000     
       (0.99999999999789124,-7.11042336121181203E-013)
   0.0000000000000000        0.0000000000000000     
               (1.7280390810947515,0.0000000000000000)
   1.5707963267948966        0.0000000000000000     
        (0.99999999999789124,7.11042336121181203E-013)
   3.1415926535897931        0.0000000000000000     
        (0.27196091890990853,6.30672898332569181E-028)
   1.0000000000000000                1           4
               (0.0000000000000000,0.0000000000000000)
  -1.5707963267948966        0.0000000000000000     
        (0.99999999999465250,4.39626113291069568E-012)
   0.0000000000000000        0.0000000000000000     
               (1.7216890146179391,0.0000000000000000)
   1.5707963267948966        0.0000000000000000     
       (0.99999999999465250,-4.39626113291069568E-012)
   3.1415926535897931        0.0000000000000000     
        (0.27831098539406324,8.51422039858184642E-028)
   1.0000000000000000                1           4
               (0.0000000000000000,0.0000000000000000)
  -1.5707963267948966        0.0000000000000000     
       (0.99999999999946376,-2.92654789291191214E-013)
   0.0000000000000000        0.0000000000000000     
               (1.7396888401426829,0.0000000000000000)
   1.5707963267948966        0.0000000000000000     
        (0.99999999999946376,2.92654789291191214E-013)
   3.1415926535897931        0.0000000000000000     
        (0.26031115985854331,1.76582112860501907E-028)
   1.0000000000000000                1           4
               (0.0000000000000000,0.0000000000000000)
  -1.5707963267948966        0.0000000000000000     
         (1.0000000000000091,2.76562106549249620E-012)
   0.0000000000000000        0.0000000000000000     
               (1.7218650395405901,0.0000000000000000)
   1.5707963267948966        0.0000000000000000     
        (1.0000000000000091,-2.76562106549249620E-012)
   3.1415926535897931        0.0000000000000000     
       (0.27813496045906744,-3.60765683169144758E-028)
   1.0000000000000000                1           4
               (0.0000000000000000,0.0000000000000000)
  -1.5707963267948966        0.0000000000000000     
        (0.99999999999937950,1.60105262381193825E-012)
   0.0000000000000000        0.0000000000000000     
               (1.7274532580544923,0.0000000000000000)
   1.5707963267948966        0.0000000000000000     
       (0.99999999999937950,-1.60105262381193825E-012)
   3.1415926535897931        0.0000000000000000     
       (0.27254674194652712,-5.76560792019999183E-029)
   1.0000000000000000                1           4
               (0.0000000000000000,0.0000000000000000)
  -1.5707963267948966        0.0000000000000000     
        (1.0000000000003202,-2.72687428193307824E-012)
   0.0000000000000000        0.0000000000000000     
               (1.7210271531402681,0.0000000000000000)
   1.5707963267948966        0.0000000000000000     
         (1.0000000000003202,2.72687428193307824E-012)
   3.1415926535897931        0.0000000000000000     
        (0.27897284685892182,2.45145785375454787E-028)
   1.0000000000000000                1           4
               (0.0000000000000000,0.0000000000000000)
  -1.5707963267948966        0.0000000000000000     
        (1.0000000000001681,-4.53692639013070271E-013)
   0.0000000000000000        0.0000000000000000     
               (1.7281522951400135,0.0000000000000000)
   1.5707963267948966        0.0000000000000000     
         (1.0000000000001681,4.53692639013070271E-013)
   3.1415926535897931        0.0000000000000000     
       (0.27184770485924764,-1.02697465297304562E-029)
   1.0000000000000000                1           4
               (0.0000000000000000,0.0000000000000000)
  -1.5707963267948966        0.0000000000000000     
         (1.0000000000007885,5.93081139754758523E-013)
   0.0000000000000000        0.0000000000000000     
               (1.7200713899056415,0.0000000000000000)
   1.5707963267948966        0.0000000000000000     
        (1.0000000000007885,-5.93081139754758523E-013)
   3.1415926535897931        0.0000000000000000     
       (0.27992861009317854,-2.41451731754613724E-028)
   1.0000000000000000                1           4
               (0.0000000000000000,0.0000000000000000)
  -1.5707963267948966        0.0000000000000000     
       (0.99999999999998679,-3.79696274421803537E-013)
   0.0000000000000000        0.0000000000000000     
               (1.7269502776078010,0.0000000000000000)
   1.5707963267948966        0.0000000000000000     
        (0.99999999999998679,3.79696274421803537E-013)
   3.1415926535897931        0.0000000000000000     
        (0.27304972239218983,4.75467953580100167E-029)
   1.0000000000000000                1           4
               (0.0000000000000000,0.0000000000000000)
  -1.5707963267948966        0.0000000000000000     
        (0.99999999999943978,1.23856480627182464E-012)
   0.0000000000000000        0.0000000000000000     
               (1.7358196915368946,0.0000000000000000)
   1.5707963267948966        0.0000000000000000     
       (0.99999999999943978,-1.23856480627182464E-012)
   3.1415926535897931        0.0000000000000000     
       (0.26418030846325169,-7.41064674126793229E-029)
   1.0000000000000000                1           4
               (0.0000000000000000,0.0000000000000000)
  -1.5707963267948966        0.0000000000000000     
        (1.0000000000029696,-3.94795307556706019E-013)
   0.0000000000000000        0.0000000000000000     
               (1.7360556127715765,0.0000000000000000)
   1.5707963267948966        0.0000000000000000     
         (1.0000000000029696,3.94795307556706019E-013)
   3.1415926535897931        0.0000000000000000     
       (0.26394438722242569,-6.82568705587594833E-028)
   1.0000000000000000                1           4
               (0.0000000000000000,0.0000000000000000)
  -1.5707963267948966        0.0000000000000000     
        (1.0000000000008440,-8.91453577622769545E-013)
   0.0000000000000000        0.0000000000000000     
               (1.7292386000282596,0.0000000000000000)
   1.5707963267948966        0.0000000000000000     
         (1.0000000000008440,8.91453577622769545E-013)
   3.1415926535897931        0.0000000000000000     
       (0.27076139997015181,-9.14681790104114425E-029)
   1.0000000000000000                1           4
               (0.0000000000000000,0.0000000000000000)
  -1.5707963267948966        0.0000000000000000     
       (0.99999999999988487,-1.30417898702717139E-012)
   0.0000000000000000        0.0000000000000000     
               (1.7319881119684759,0.0000000000000000)
   1.5707963267948966        0.0000000000000000     
        (0.99999999999988487,1.30417898702717139E-012)
   3.1415926535897931        0.0000000000000000     
        (0.26801188803182813,1.92431735369139402E-028)
   1.0000000000000000                1           4
               (0.0000000000000000,0.0000000000000000)
  -1.5707963267948966        0.0000000000000000     
        (0.99999999999992961,2.58737475888892732E-013)
   0.0000000000000000        0.0000000000000000     
               (1.7285729562929033,0.0000000000000000)
   1.5707963267948966        0.0000000000000000     
       (0.99999999999992961,-2.58737475888892732E-013)
   3.1415926535897931        0.0000000000000000     
       (0.27142704370711757,-2.17932898451963583E-029)
   1.0000000000000000                1           4
               (0.0000000000000000,0.0000000000000000)
  -1.5707963267948966        0.0000000000000000     
         (1.0000000000049498,1.05460085109143559E-012)
   0.0000000000000000        0.0000000000000000     
               (1.7242860827444950,0.0000000000000000)
   1.5707963267948966        0.0000000000000000     
        (1.0000000000049498,-1.05460085109143559E-012)
   3.1415926535897931        0.0000000000000000     
       (0.27571391724554056,-1.34547595859714676E-027)
   1.0000000000000000                1           4
               (0.0000000000000000,0.0000000000000000)
  -1.5707963267948966        0.0000000000000000     
        (1.0000000000025644,-2.83001400092075568E-012)
   0.0000000000000000        0.0000000000000000     
               (1.7260035060643375,0.0000000000000000)
   1.5707963267948966        0.0000000000000000     
         (1.0000000000025644,2.83001400092075568E-012)
   3.1415926535897931        0.0000000000000000     
       (0.27399649393081532,-2.64267670120763803E-028)
   1.0000000000000000                1           4
               (0.0000000000000000,0.0000000000000000)
  -1.5707963267948966        0.0000000000000000     
        (0.99999999999708378,1.15379927834169434E-012)
   0.0000000000000000        0.0000000000000000     
               (1.7243538176116424,0.0000000000000000)
   1.5707963267948966        0.0000000000000000     
       (0.99999999999708378,-1.15379927834169434E-012)
   3.1415926535897931        0.0000000000000000     
        (0.27564618239431377,5.80531315298420040E-028)
   1.0000000000000000                1           4
               (0.0000000000000000,0.0000000000000000)
  -1.5707963267948966        0.0000000000000000     
         (1.0000000000006699,2.92821322744884937E-013)
   0.0000000000000000        0.0000000000000000     
               (1.7287838953613588,0.0000000000000000)
   1.5707963267948966        0.0000000000000000     
        (1.0000000000006699,-2.92821322744884937E-013)
   3.1415926535897931        0.0000000000000000     
       (0.27121610463735202,-1.96836902687880250E-028)
   1.0000000000000000                1           4
               (0.0000000000000000,0.0000000000000000)
  -1.5707963267948966        0.0000000000000000     
         (1.0000000000004039,9.95592497332609128E-013)
   0.0000000000000000        0.0000000000000000     
               (1.7304131166715633,0.0000000000000000)
   1.5707963267948966        0.0000000000000000     
        (1.0000000000004039,-9.95592497332609128E-013)
   3.1415926535897931        0.0000000000000000     
       (0.26958688332753494,-2.26591518185551770E-028)
   1.0000000000000000                1           4
               (0.0000000000000000,0.0000000000000000)
  -1.5707963267948966        0.0000000000000000     
        (1.0000000000012972,-7.07212066686224918E-013)
   0.0000000000000000        0.0000000000000000     
               (1.7307449414181373,0.0000000000000000)
   1.5707963267948966        0.0000000000000000     
         (1.0000000000012972,7.07212066686224918E-013)
   3.1415926535897931        0.0000000000000000     
       (0.26925505857878856,-2.60488078015042661E-028)
   1.0000000000000000                1           4
               (0.0000000000000000,0.0000000000000000)
  -1.5707963267948966        0.0000000000000000     
         (1.0000000000004541,1.23356880266101143E-012)
   0.0000000000000000        0.0000000000000000     
               (1.7237956485209995,0.0000000000000000)
   1.5707963267948966        0.0000000000000000     
        (1.0000000000004541,-1.23356880266101143E-012)
   3.1415926535897931        0.0000000000000000     
       (0.27620435147796513,-2.70077839240559554E-028)
   1.0000000000000000                1           4
               (0.0000000000000000,0.0000000000000000)
  -1.5707963267948966        0.0000000000000000     
       (0.99999999999854083,-1.10467190950202899E-013)
   0.0000000000000000        0.0000000000000000     
               (1.7294462202830327,0.0000000000000000)
   1.5707963267948966        0.0000000000000000     
        (0.99999999999854083,1.10467190950202899E-013)
   3.1415926535897931        0.0000000000000000     
        (0.27055377971979983,3.65661498693148942E-028)
   1.0000000000000000                1           4
               (0.0000000000000000,0.0000000000000000)
  -1.5707963267948966        0.0000000000000000     
       (0.99999999999967759,-1.47037937381355732E-012)
   0.0000000000000000        0.0000000000000000     
               (1.7357393951083291,0.0000000000000000)
   1.5707963267948966        0.0000000000000000     
        (0.99999999999967759,1.47037937381355732E-012)
   3.1415926535897931        0.0000000000000000     
        (0.26426060489214920,2.48834087379717519E-028)
   1.0000000000000000                1           4
               (0.0000000000000000,0.0000000000000000)
  -1.5707963267948966        0.0000000000000000     
        (1.0000000000026805,-4.02755606643268038E-012)
   0.0000000000000000        0.0000000000000000     
               (1.7418233105150174,0.0000000000000000)
   1.5707963267948966        0.0000000000000000     
         (1.0000000000026805,4.02755606643268038E-012)
   3.1415926535897931        0.0000000000000000     
       (0.25817668947965627,-1.61184215102619008E-028)
   1.0000000000000000                1           4
               (0.0000000000000000,0.0000000000000000)
  -1.5707963267948966        0.0000000000000000     
         (1.0000000000007638,3.15658610361424508E-012)
   0.0000000000000000        0.0000000000000000     
               (1.7300358331116530,0.0000000000000000)
   1.5707963267948966        0.0000000000000000     
        (1.0000000000007638,-3.15658610361424508E-012)
   3.1415926535897931        0.0000000000000000     
       (0.26996416688684949,-5.71818352390717896E-028)
   1.0000000000000000                1           4
               (0.0000000000000000,0.0000000000000000)
  -1.5707963267948966        0.0000000000000000     
       (0.99999999999923717,-1.24900090270329290E-014)
   0.0000000000000000        0.0000000000000000     
               (1.7297072655634509,0.0000000000000000)
   1.5707963267948966        0.0000000000000000     
        (0.99999999999923717,1.24900090270329290E-014)
   3.1415926535897931        0.0000000000000000     
        (0.27029273443771989,1.66654586677693169E-028)
   1.0000000000000000                1           4
               (0.0000000000000000,0.0000000000000000)
  -1.5707963267948966        0.0000000000000000     
         (1.0000000000010101,4.91273688396630570E-014)
   0.0000000000000000        0.0000000000000000     
               (1.7136620255284112,0.0000000000000000)
   1.5707963267948966        0.0000000000000000     
        (1.0000000000010101,-4.91273688396630570E-014)
   3.1415926535897931        0.0000000000000000     
       (0.28633797446965287,-2.48257506743140890E-028)
   1.0000000000000000                1           4
               (0.0000000000000000,0.0000000000000000)
  -1.5707963267948966        0.0000000000000000     
        (0.99999999999978206,1.00525143764684799E-012)
   0.0000000000000000        0.0000000000000000     
               (1.7388965474898568,0.0000000000000000)
   1.5707963267948966        0.0000000000000000     
       (0.99999999999978206,-1.00525143764684799E-012)
   3.1415926535897931        0.0000000000000000     
       (0.26110345251054046,-7.21050229736878009E-029)
   1.0000000000000000                1           4
               (0.0000000000000000,0.0000000000000000)
  -1.5707963267948966        0.0000000000000000     
        (1.0000000000002931,-1.01835206933742484E-012)
   0.0000000000000000        0.0000000000000000     
               (1.7191678140059543,0.0000000000000000)
   1.5707963267948966        0.0000000000000000     
         (1.0000000000002931,1.01835206933742484E-012)
   3.1415926535897931        0.0000000000000000     
        (0.28083218599325716,4.05464413504880210E-029)
   1.0000000000000000                1           4
               (0.0000000000000000,0.0000000000000000)
  -1.5707963267948966        0.0000000000000000     
       (0.99999999999932210,-5.01154673315795561E-013)
   0.0000000000000000        0.0000000000000000     
               (1.7263296901026979,0.0000000000000000)
   1.5707963267948966        0.0000000000000000     
        (0.99999999999932210,5.01154673315795561E-013)
   3.1415926535897931        0.0000000000000000     
        (0.27367030989852376,2.19208024832161357E-028)
   1.0000000000000000                1           4
               (0.0000000000000000,0.0000000000000000)
  -1.5707963267948966        0.0000000000000000     
        (1.0000000000024354,-1.37229116958792515E-012)
   0.0000000000000000        0.0000000000000000     
               (1.7206670796885626,0.0000000000000000)
   1.5707963267948966        0.0000000000000000     
         (1.0000000000024354,1.37229116958792515E-012)
   3.1415926535897931        0.0000000000000000     
       (0.27933292030590112,-4.69188060885564671E-028)
   1.0000000000000000                1           4
               (0.0000000000000000,0.0000000000000000)
  -1.5707963267948966        0.0000000000000000     
       (0.99999999999827127,-9.75330927133198001E-014)
   0.0000000000000000        0.0000000000000000     
               (1.7229746423166392,0.0000000000000000)
   1.5707963267948966        0.0000000000000000     
        (0.99999999999827127,9.75330927133198001E-014)
   3.1415926535897931        0.0000000000000000     
        (0.27702535768667763,4.26735250453702996E-028)
   1.0000000000000000                1           4
               (0.0000000000000000,0.0000000000000000)
  -1.5707963267948966        0.0000000000000000     
         (1.0000000000000422,1.10245146345278044E-013)
   0.0000000000000000        0.0000000000000000     
               (1.7278222494959057,0.0000000000000000)
   1.5707963267948966        0.0000000000000000     
        (1.0000000000000422,-1.10245146345278044E-013)
   3.1415926535897931        0.0000000000000000     
       (0.27217775050417081,-1.39705673242833059E-029)
   1.0000000000000000                1           4
               (0.0000000000000000,0.0000000000000000)
  -1.5707963267948966        0.0000000000000000     
       (0.99999999999784106,-4.25942614512564433E-012)
   0.0000000000000000        0.0000000000000000     
               (1.7303369908412831,0.0000000000000000)
   1.5707963267948966        0.0000000000000000     
        (0.99999999999784106,4.25942614512564433E-012)
   3.1415926535897931        0.0000000000000000     
        (0.26966300916295138,1.04532027511440584E-027)
   1.0000000000000000                1           4
               (0.0000000000000000,0.0000000000000000)
  -1.5707963267948966        0.0000000000000000     
        (0.99999999999901268,1.14147580276835490E-012)
   0.0000000000000000        0.0000000000000000     
               (1.7292610979258196,0.0000000000000000)
   1.5707963267948966        0.0000000000000000     
       (0.99999999999901268,-1.14147580276835490E-012)
   3.1415926535897931        0.0000000000000000     
        (0.27073890207620449,1.05064846228199578E-028)
   1.0000000000000000                1           4
               (0.0000000000000000,0.0000000000000000)
  -1.5707963267948966        0.0000000000000000     
         (1.0000000000002103,2.83323364769216823E-012)
   0.0000000000000000        0.0000000000000000     
               (1.7285552666538744,0.0000000000000000)
   1.5707963267948966        0.0000000000000000     
        (1.0000000000002103,-2.83323364769216823E-012)
   3.1415926535897931        0.0000000000000000     
       (0.27144473334641023,-3.55266687586420818E-028)
   1.0000000000000000                1           4
               (0.0000000000000000,0.0000000000000000)
  -1.5707963267948966        0.0000000000000000     
         (1.0000000000008114,6.28275209635375985E-013)
   0.0000000000000000        0.0000000000000000     
               (1.7344645282024329,0.0000000000000000)
   1.5707963267948966        0.0000000000000000     
        (1.0000000000008114,-6.28275209635375985E-013)
   3.1415926535897931        0.0000000000000000     
       (0.26553547179615927,-2.62529455207575965E-028)
   1.0000000000000000                1           4
               (0.0000000000000000,0.0000000000000000)
  -1.5707963267948966        0.0000000000000000     
        (0.99999999999694011,1.93778326718074863E-012)
   0.0000000000000000        0.0000000000000000     
               (1.7303850455164278,0.0000000000000000)
   1.5707963267948966        0.0000000000000000     
       (0.99999999999694011,-1.93778326718074863E-012)
   3.1415926535897931        0.0000000000000000     
        (0.26961495448955730,5.03891948755257164E-028)
   1.0000000000000000                1           4
               (0.0000000000000000,0.0000000000000000)
  -1.5707963267948966        0.0000000000000000     
        (1.0000000000006721,-7.40019157063898193E-013)
   0.0000000000000000        0.0000000000000000     
               (1.7148975169502461,0.0000000000000000)
   1.5707963267948966        0.0000000000000000     
         (1.0000000000006721,7.40019157063898193E-013)
   3.1415926535897931        0.0000000000000000     
       (0.28510248304829405,-8.10739411281512769E-029)
   1.0000000000000000                1           4
               (0.0000000000000000,0.0000000000000000)
  -1.5707963267948966        0.0000000000000000     
        (0.99999999999804723,1.32172051081624906E-012)
   0.0000000000000000        0.0000000000000000     
               (1.7211497111112717,0.0000000000000000)
   1.5707963267948966        0.0000000000000000     
       (0.99999999999804723,-1.32172051081624906E-012)
   3.1415926535897931        0.0000000000000000     
        (0.27885028889264807,3.17299510658647253E-028)
   1.0000000000000000                1           4
               (0.0000000000000000,0.0000000000000000)
  -1.5707963267948966        0.0000000000000000     
         (1.0000000000004561,7.83484388477972870E-013)
   0.0000000000000000        0.0000000000000000     
               (1.7360906344713749,0.0000000000000000)
   1.5707963267948966        0.0000000000000000     
        (1.0000000000004561,-7.83484388477972870E-013)
   3.1415926535897931        0.0000000000000000     
       (0.26390936552750066,-2.20647030274439109E-028)
   1.0000000000000000                1           4
               (0.0000000000000000,0.0000000000000000)
  -1.5707963267948966        0.0000000000000000     
       (0.99999999999741995,-2.87880830285302788E-013)
   0.0000000000000000        0.0000000000000000     
               (1.7150862319307505,0.0000000000000000)
   1.5707963267948966        0.0000000000000000     
        (0.99999999999741995,2.87880830285302788E-013)
   3.1415926535897931        0.0000000000000000     
        (0.28491376807444935,6.69624510158153224E-028)
   1.0000000000000000                1           4
               (0.0000000000000000,0.0000000000000000)
  -1.5707963267948966        0.0000000000000000     
        (1.0000000000003990,-4.09894340691607845E-013)
   0.0000000000000000        0.0000000000000000     
               (1.7371999209408175,0.0000000000000000)
   1.5707963267948966        0.0000000000000000     
         (1.0000000000003990,4.09894340691607845E-013)
   3.1415926535897931        0.0000000000000000     
       (0.26280007905849728,-4.06113879492417784E-029)
   1.0000000000000000                1           4
               (0.0000000000000000,0.0000000000000000)
  -1.5707963267948966        0.0000000000000000     
         (1.0000000000002542,5.85476112036076302E-013)
   0.0000000000000000        0.0000000000000000     
               (1.7137278163309735,0.0000000000000000)
   1.5707963267948966        0.0000000000000000     
        (1.0000000000002542,-5.85476112036076302E-013)
   3.1415926535897931        0.0000000000000000     
       (0.28627218366851892,-1.33921942655892181E-028)
   1.0000000000000000                1           4
               (0.0000000000000000,0.0000000000000000)
  -1.5707963267948966        0.0000000000000000     
        (0.99999999998601208,2.93336466228311110E-011)
   0.0000000000000000        0.0000000000000000     
               (1.7256218030249311,0.0000000000000000)
   1.5707963267948966        0.0000000000000000     
       (0.99999999998601208,-2.93336466228311110E-011)
   3.1415926535897931        0.0000000000000000     
        (0.27437819701069815,3.02349516936468714E-028)
   1.0000000000000000                1           4
               (0.0000000000000000,0.0000000000000000)
  -1.5707963267948966        0.0000000000000000     
       (0.99999999999936950,-5.09614572763439355E-012)
   0.0000000000000000        0.0000000000000000     
               (1.7330623558170173,0.0000000000000000)
   1.5707963267948966        0.0000000000000000     
        (0.99999999999936950,5.09614572763439355E-012)
   3.1415926535897931        0.0000000000000000     
        (0.26693764418559290,8.61143007875214305E-028)
   1.0000000000000000                1           4
               (0.0000000000000000,0.0000000000000000)
  -1.5707963267948966        0.0000000000000000     
         (1.0000000000008671,2.14495088357580143E-013)
   0.0000000000000000        0.0000000000000000     
               (1.7207845139432980,0.0000000000000000)
   1.5707963267948966        0.0000000000000000     
        (1.0000000000008671,-2.14495088357580143E-013)
   3.1415926535897931        0.0000000000000000     
       (0.27921548605496038,-2.39077013415589235E-028)
   1.0000000000000000                1           4
               (0.0000000000000000,0.0000000000000000)
  -1.5707963267948966        0.0000000000000000     
         (1.0000000000005775,6.51700915454966258E-014)
   0.0000000000000000        0.0000000000000000     
               (1.7229293455026440,0.0000000000000000)
   1.5707963267948966        0.0000000000000000     
        (1.0000000000005775,-6.51700915454966258E-014)
   3.1415926535897931        0.0000000000000000     
       (0.27707065449625151,-1.46317314946828628E-028)
   1.0000000000000000                1           4
               (0.0000000000000000,0.0000000000000000)
  -1.5707963267948966        0.0000000000000000     
       (0.99999999999985045,-3.46334072531817583E-013)
   0.0000000000000000        0.0000000000000000     
               (1.7310796476228743,0.0000000000000000)
   1.5707963267948966        0.0000000000000000     
        (0.99999999999985045,3.46334072531817583E-013)
   3.1415926535897931        0.0000000000000000     
        (0.26892035237738426,7.65620443887510762E-029)
   1.0000000000000000                1           4
               (0.0000000000000000,0.0000000000000000)
  -1.5707963267948966        0.0000000000000000     
        (0.99999999999998002,4.34430269535823754E-013)
   0.0000000000000000        0.0000000000000000     
               (1.7276265290301460,0.0000000000000000)
   1.5707963267948966        0.0000000000000000     
       (0.99999999999998002,-4.34430269535823754E-013)
   3.1415926535897931        0.0000000000000000     
       (0.27237347096980807,-5.35687857818564729E-029)
   1.0000000000000000                1           4
               (0.0000000000000000,0.0000000000000000)
  -1.5707963267948966        0.0000000000000000     
        (1.0000000000001299,-2.08982831040316341E-012)
   0.0000000000000000        0.0000000000000000     
               (1.7203989938030742,0.0000000000000000)
   1.5707963267948966        0.0000000000000000     
         (1.0000000000001299,2.08982831040316341E-012)
   3.1415926535897931        0.0000000000000000     
        (0.27960100619653133,2.15855423698314618E-028)
   1.0000000000000000                1           4
               (0.0000000000000000,0.0000000000000000)
  -1.5707963267948966        0.0000000000000000     
        (0.99999999999966693,1.33110189537433143E-012)
   0.0000000000000000        0.0000000000000000     
               (1.7230848046271710,0.0000000000000000)
   1.5707963267948966        0.0000000000000000     
       (0.99999999999966693,-1.33110189537433143E-012)
   3.1415926535897931        0.0000000000000000     
       (0.27691519537327924,-9.46661912442910455E-029)
   1.0000000000000000                1           4
               (0.0000000000000000,0.0000000000000000)
  -1.5707963267948966        0.0000000000000000     
         (1.0000000000005040,1.94844140821714922E-013)
   0.0000000000000000        0.0000000000000000     
               (1.7254065350795456,0.0000000000000000)
   1.5707963267948966        0.0000000000000000     
        (1.0000000000005040,-1.94844140821714922E-013)
   3.1415926535897931        0.0000000000000000     
       (0.27459346491947012,-1.45868735964975809E-028)
   1.0000000000000000                1           4
               (0.0000000000000000,0.0000000000000000)
  -1.5707963267948966        0.0000000000000000     
       (0.99999999999387734,-1.40371048118481586E-012)
   0.0000000000000000        0.0000000000000000     
               (1.7317983214149124,0.0000000000000000)
   1.5707963267948966        0.0000000000000000     
        (0.99999999999387734,1.40371048118481586E-012)
   3.1415926535897931        0.0000000000000000     
        (0.26820167859741106,1.67630528553960556E-027)
   1.0000000000000000                1           4
               (0.0000000000000000,0.0000000000000000)
  -1.5707963267948966        0.0000000000000000     
        (0.99999999999252209,1.44151357517330446E-012)
   0.0000000000000000        0.0000000000000000     
               (1.7045441749076635,0.0000000000000000)
   1.5707963267948966        0.0000000000000000     
       (0.99999999999252209,-1.44151357517330446E-012)
   3.1415926535897931        0.0000000000000000     
        (0.29545582511674057,2.23357307485176776E-027)
   1.0000000000000000                1           4
               (0.0000000000000000,0.0000000000000000)
  -1.5707963267948966        0.0000000000000000     
        (0.99999999999661460,2.41140440948584404E-013)
   0.0000000000000000        0.0000000000000000     
               (1.7278661788196770,0.0000000000000000)
   1.5707963267948966        0.0000000000000000     
       (0.99999999999661460,-2.41140440948584404E-013)
   3.1415926535897931        0.0000000000000000     
        (0.27213382118706958,7.98163725670535499E-028)
   1.0000000000000000                1           4
               (0.0000000000000000,0.0000000000000000)
  -1.5707963267948966        0.0000000000000000     
        (0.99999999999711908,1.01452179990246845E-012)
   0.0000000000000000        0.0000000000000000     
               (1.7152020388958100,0.0000000000000000)
   1.5707963267948966        0.0000000000000000     
       (0.99999999999711908,-1.01452179990246845E-012)
   3.1415926535897931        0.0000000000000000     
        (0.28479796111047651,6.13504654552492064E-028)
   1.0000000000000000                1           4
               (0.0000000000000000,0.0000000000000000)
  -1.5707963267948966        0.0000000000000000     
       (0.99999999999944045,-3.20188320301895045E-013)
   0.0000000000000000        0.0000000000000000     
               (1.7229155220567836,0.0000000000000000)
   1.5707963267948966        0.0000000000000000     
        (0.99999999999944045,3.20188320301895045E-013)
   3.1415926535897931        0.0000000000000000     
        (0.27708447794462959,1.94260617202907060E-028)
   1.0000000000000000                1           4
               (0.0000000000000000,0.0000000000000000)
  -1.5707963267948966        0.0000000000000000     
         (1.0000000000014158,4.60281812664220524E-012)
   0.0000000000000000        0.0000000000000000     
               (1.7268875770889969,0.0000000000000000)
   1.5707963267948966        0.0000000000000000     
        (1.0000000000014158,-4.60281812664220524E-012)
   3.1415926535897931        0.0000000000000000     
       (0.27311242290816806,-9.10660813081866516E-028)
   1.0000000000000000                1           4
               (0.0000000000000000,0.0000000000000000)
  -1.5707963267948966        0.0000000000000000     
         (1.0000000000021050,8.00037813775134055E-012)
   0.0000000000000000        0.0000000000000000     
               (1.7173141519053357,0.0000000000000000)
   1.5707963267948966        0.0000000000000000     
        (1.0000000000021050,-8.00037813775134055E-012)
   3.1415926535897931        0.0000000000000000     
       (0.28268584809110725,-1.45536681116629225E-027)
   1.0000000000000000                1           4
               (0.0000000000000000,0.0000000000000000)
  -1.5707963267948966        0.0000000000000000     
        (1.0000000000012366,-2.78055356517370607E-013)
   0.0000000000000000        0.0000000000000000     
               (1.7204369801388579,0.0000000000000000)
   1.5707963267948966        0.0000000000000000     
         (1.0000000000012366,2.78055356517370607E-013)
   3.1415926535897931        0.0000000000000000     
       (0.27956301985859355,-2.73426912837655720E-028)
   1.0000000000000000                1           4
               (0.0000000000000000,0.0000000000000000)
  -1.5707963267948966        0.0000000000000000     
         (1.0000000000003633,8.64308624670683862E-014)
   0.0000000000000000        0.0000000000000000     
               (1.7310080145054265,0.0000000000000000)
   1.5707963267948966        0.0000000000000000     
        (1.0000000000003633,-8.64308624670683862E-014)
   3.1415926535897931        0.0000000000000000     
       (0.26899198549353431,-1.18691690588871076E-028)
   1.0000000000000000                1           4
               (0.0000000000000000,0.0000000000000000)
  -1.5707963267948966        0.0000000000000000     
         (1.0000000000007552,5.36015676289025477E-013)
   0.0000000000000000        0.0000000000000000     
               (1.7333856861654515,0.0000000000000000)
   1.5707963267948966        0.0000000000000000     
        (1.0000000000007552,-5.36015676289025477E-013)
   3.1415926535897931        0.0000000000000000     
       (0.26661431383325046,-2.37589687752765176E-028)
   1.0000000000000000                1           4
               (0.0000000000000000,0.0000000000000000)
  -1.5707963267948966        0.0000000000000000     
        (0.99999999999840694,5.95279381343516434E-012)
   0.0000000000000000        0.0000000000000000     
               (1.7307887231746590,0.0000000000000000)
   1.5707963267948966        0.0000000000000000     
       (0.99999999999840694,-5.95279381343516434E-012)
   3.1415926535897931        0.0000000000000000     
       (0.26921127682822565,-3.57280392183303253E-028)
   1.0000000000000000                1           4
               (0.0000000000000000,0.0000000000000000)
  -1.5707963267948966        0.0000000000000000     
        (0.99999999999972355,9.35640454002850674E-013)
   0.0000000000000000        0.0000000000000000     
               (1.7259761201014325,0.0000000000000000)
   1.5707963267948966        0.0000000000000000     
       (0.99999999999972355,-9.35640454002850674E-013)
   3.1415926535897931        0.0000000000000000     
       (0.27402387989894456,-5.76387379977022372E-029)
   1.0000000000000000                1           4
               (0.0000000000000000,0.0000000000000000)
  -1.5707963267948966        0.0000000000000000     
        (1.0000000000010203,-8.80406858527750399E-014)
   0.0000000000000000        0.0000000000000000     
               (1.7174297371322211,0.0000000000000000)
   1.5707963267948966        0.0000000000000000     
         (1.0000000000010203,8.80406858527750399E-014)
   3.1415926535897931        0.0000000000000000     
       (0.28257026286581022,-2.34704905199527187E-028)
   1.0000000000000000                1           4
               (0.0000000000000000,0.0000000000000000)
  -1.5707963267948966        0.0000000000000000     
        (1.0000000000000118,-9.47908418424958654E-013)
   0.0000000000000000        0.0000000000000000     
               (1.7390706793261557,0.0000000000000000)
   1.5707963267948966        0.0000000000000000     
         (1.0000000000000118,9.47908418424958654E-013)
   3.1415926535897931        0.0000000000000000     
        (0.26092932067401170,1.24888493972280162E-028)
   1.0000000000000000                1           4
               (0.0000000000000000,0.0000000000000000)
  -1.5707963267948966        0.0000000000000000     
       (0.99999999999959199,-1.66089364483923368E-013)
   0.0000000000000000        0.0000000000000000     
               (1.7212723824698553,0.0000000000000000)
   1.5707963267948966        0.0000000000000000     
        (0.99999999999959199,1.66089364483923368E-013)
   3.1415926535897931        0.0000000000000000     
        (0.27872761753103747,1.24959782716358062E-028)
   1.0000000000000000                1           4
               (0.0000000000000000,0.0000000000000000)
  -1.5707963267948966        0.0000000000000000     
         (1.0000000000001192,1.37223565843669323E-013)
   0.0000000000000000        0.0000000000000000     
               (1.7181720462179420,0.0000000000000000)
   1.5707963267948966        0.0000000000000000     
        (1.0000000000001192,-1.37223565843669323E-013)
   3.1415926535897931        0.0000000000000000     
       (0.28182795378173353,-5.12607284469715200E-029)
   1.0000000000000000                1           4
               (0.0000000000000000,0.0000000000000000)
  -1.5707963267948966        0.0000000000000000     
        (0.99999999999998312,5.71931391135649392E-013)
   0.0000000000000000        0.0000000000000000     
               (1.7313843429372004,0.0000000000000000)
   1.5707963267948966        0.0000000000000000     
       (0.99999999999998312,-5.71931391135649392E-013)
   3.1415926535897931        0.0000000000000000     
       (0.26861565706271678,-7.30435928736842756E-029)
   1.0000000000000000                1           4
               (0.0000000000000000,0.0000000000000000)
  -1.5707963267948966        0.0000000000000000     
       (0.99999999999988154,-3.99125177352743587E-014)
   0.0000000000000000        0.0000000000000000     
               (1.7451001051621766,0.0000000000000000)
   1.5707963267948966        0.0000000000000000     
        (0.99999999999988154,3.99125177352743587E-014)
   3.1415926535897931        0.0000000000000000     
        (0.25489989483810838,3.68449485797708170E-029)
   1.0000000000000000                1           4
               (0.0000000000000000,0.0000000000000000)
  -1.5707963267948966        0.0000000000000000     
         (1.0000000000036755,4.35484981409217572E-012)
   0.0000000000000000        0.0000000000000000     
               (1.7186584253592685,0.0000000000000000)
   1.5707963267948966        0.0000000000000000     
        (1.0000000000036755,-4.35484981409217572E-012)
   3.1415926535897931        0.0000000000000000     
       (0.28134157463236081,-1.49599600572392648E-027)
   1.0000000000000000                1           4
               (0.0000000000000000,0.0000000000000000)
  -1.5707963267948966        0.0000000000000000     
       (0.99999999999997335,-1.36779476633819286E-013)
   0.0000000000000000        0.0000000000000000     
               (1.7266553235853146,0.0000000000000000)
   1.5707963267948966        0.0000000000000000     
        (0.99999999999997335,1.36779476633819286E-013)
   3.1415926535897931        0.0000000000000000     
        (0.27334467641462945,1.65774634604188520E-029)
   1.0000000000000000                1           4
               (0.0000000000000000,0.0000000000000000)
  -1.5707963267948966        0.0000000000000000     
        (0.99999999999826517,2.56661358832843729E-012)
   0.0000000000000000        0.0000000000000000     
               (1.7280974972258947,0.0000000000000000)
   1.5707963267948966        0.0000000000000000     
       (0.99999999999826517,-2.56661358832843729E-012)
   3.1415926535897931        0.0000000000000000     
        (0.27190250277750927,1.06580314833071437E-028)
   1.0000000000000000                1           4
               (0.0000000000000000,0.0000000000000000)
  -1.5707963267948966        0.0000000000000000     
         (1.0000000000013092,2.94275714907143993E-012)
   0.0000000000000000        0.0000000000000000     
               (1.7228750437528431,0.0000000000000000)
   1.5707963267948966        0.0000000000000000     
        (1.0000000000013092,-2.94275714907143993E-012)
   3.1415926535897931        0.0000000000000000     
       (0.27712495624469852,-6.71226219707413556E-028)
   1.0000000000000000                1           4
               (0.0000000000000000,0.0000000000000000)
  -1.5707963267948966        0.0000000000000000     
        (1.0000000000011258,-2.62456723021387158E-013)
   0.0000000000000000        0.0000000000000000     
               (1.7253641089325917,0.0000000000000000)
   1.5707963267948966        0.0000000000000000     
         (1.0000000000011258,2.62456723021387158E-013)
   3.1415926535897931        0.0000000000000000     
       (0.27463589106501818,-2.52096279783319458E-028)
   1.0000000000000000                1           4
               (0.0000000000000000,0.0000000000000000)
  -1.5707963267948966        0.0000000000000000     
         (1.0000000000000533,7.45126182977173812E-013)
   0.0000000000000000        0.0000000000000000     
               (1.7311802848876767,0.0000000000000000)
   1.5707963267948966        0.0000000000000000     
        (1.0000000000000533,-7.45126182977173812E-013)
   3.1415926535897931        0.0000000000000000     
       (0.26881971511219510,-1.05620796831735572E-028)
   1.0000000000000000                1           4
               (0.0000000000000000,0.0000000000000000)
  -1.5707963267948966        0.0000000000000000     
       (0.99999999999992628,-5.06539254985227672E-013)
   0.0000000000000000        0.0000000000000000     
               (1.7166935041247033,0.0000000000000000)
   1.5707963267948966        0.0000000000000000     
        (0.99999999999992628,5.06539254985227672E-013)
   3.1415926535897931        0.0000000000000000     
        (0.28330649587561813,9.07323148682448833E-029)
   1.0000000000000000                1           4
               (0.0000000000000000,0.0000000000000000)
  -1.5707963267948966        0.0000000000000000     
       (0.99999999999746181,-3.66323638090193526E-012)
   0.0000000000000000        0.0000000000000000     
               (1.7188909893835276,0.0000000000000000)
   1.5707963267948966        0.0000000000000000     
        (0.99999999999746181,3.66323638090193526E-012)
   3.1415926535897931        0.0000000000000000     
        (0.28110901062153926,1.06971710770754448E-027)
   1.0000000000000000                1           4
               (0.0000000000000000,0.0000000000000000)
  -1.5707963267948966        0.0000000000000000     
        (0.99999999999931222,5.18474152499948205E-013)
   0.0000000000000000        0.0000000000000000     
               (1.7063558005564725,0.0000000000000000)
   1.5707963267948966        0.0000000000000000     
       (0.99999999999931222,-5.18474152499948205E-013)
   3.1415926535897931        0.0000000000000000     
        (0.29364419944482695,1.00306037762270602E-028)
   1.0000000000000000                1           4
               (0.0000000000000000,0.0000000000000000)
  -1.5707963267948966        0.0000000000000000     
        (1.0000000000001044,-1.48564494040215322E-012)
   0.0000000000000000        0.0000000000000000     
               (1.7082913360927148,0.0000000000000000)
   1.5707963267948966        0.0000000000000000     
         (1.0000000000001044,1.48564494040215322E-012)
   3.1415926535897931        0.0000000000000000     
        (0.29170866390689298,1.45131930359825038E-028)
   1.0000000000000000                1           4
               (0.0000000000000000,0.0000000000000000)
  -1.5707963267948966        0.0000000000000000     
        (0.99999999999921163,4.14318579444739044E-012)
   0.0000000000000000        0.0000000000000000     
               (1.7128801798111783,0.0000000000000000)
   1.5707963267948966        0.0000000000000000     
       (0.99999999999921163,-4.14318579444739044E-012)
   3.1415926535897931        0.0000000000000000     
       (0.28711982019094395,-2.80898834799362097E-028)
   1.0000000000000000                1           4
               (0.0000000000000000,0.0000000000000000)
  -1.5707963267948966        0.0000000000000000     
       (0.99999999999825262,-5.87613291358479728E-012)
   0.0000000000000000        0.0000000000000000     
               (1.7272746553970308,0.0000000000000000)
   1.5707963267948966        0.0000000000000000     
        (0.99999999999825262,5.87613291358479728E-012)
   3.1415926535897931        0.0000000000000000     
        (0.27272534460624193,1.13402133885898453E-027)
   1.0000000000000000                1           4
               (0.0000000000000000,0.0000000000000000)
  -1.5707963267948966        0.0000000000000000     
        (0.99999999999913314,4.37927472063393098E-013)
   0.0000000000000000        0.0000000000000000     
               (1.7377720643414496,0.0000000000000000)
   1.5707963267948966        0.0000000000000000     
       (0.99999999999913314,-4.37927472063393098E-013)
   3.1415926535897931        0.0000000000000000     
        (0.26222793566023961,1.55957714673070551E-028)
   1.0000000000000000                1           4
               (0.0000000000000000,0.0000000000000000)
  -1.5707963267948966        0.0000000000000000     
        (0.99999999999923550,3.41782158130854441E-012)
   0.0000000000000000        0.0000000000000000     
               (1.7435666486165540,0.0000000000000000)
   1.5707963267948966        0.0000000000000000     
       (0.99999999999923550,-3.41782158130854441E-012)
   3.1415926535897931        0.0000000000000000     
       (0.25643335138452289,-2.59002183548729027E-028)
   1.0000000000000000                1           4
               (0.0000000000000000,0.0000000000000000)
  -1.5707963267948966        0.0000000000000000     
        (1.0000000000002547,-7.29860616388577910E-013)
   0.0000000000000000        0.0000000000000000     
               (1.7242864771641477,0.0000000000000000)
   1.5707963267948966        0.0000000000000000     
         (1.0000000000002547,7.29860616388577910E-013)
   3.1415926535897931        0.0000000000000000     
        (0.27571352283494038,2.35977888572487723E-030)
   1.0000000000000000                1           4
               (0.0000000000000000,0.0000000000000000)
  -1.5707963267948966        0.0000000000000000     
        (0.99999999999914024,7.49045270254100615E-012)
   0.0000000000000000        0.0000000000000000     
               (1.7278711533629441,0.0000000000000000)
   1.5707963267948966        0.0000000000000000     
       (0.99999999999914024,-7.49045270254100615E-012)
   3.1415926535897931        0.0000000000000000     
       (0.27212884663878623,-7.06070532268081683E-028)
   1.0000000000000000                1           4
               (0.0000000000000000,0.0000000000000000)
  -1.5707963267948966        0.0000000000000000     
        (0.99999999999823364,2.50477416585681607E-012)
   0.0000000000000000        0.0000000000000000     
               (1.7261759117083957,0.0000000000000000)
   1.5707963267948966        0.0000000000000000     
       (0.99999999999823364,-2.50477416585681607E-012)
   3.1415926535897931        0.0000000000000000     
        (0.27382408829474952,1.02159668379276090E-028)
   1.0000000000000000                1           4
               (0.0000000000000000,0.0000000000000000)
  -1.5707963267948966        0.0000000000000000     
        (1.0000000000007836,-9.37250277388557151E-013)
   0.0000000000000000        0.0000000000000000     
               (1.7266898033804563,0.0000000000000000)
   1.5707963267948966        0.0000000000000000     
         (1.0000000000007836,9.37250277388557151E-013)
   3.1415926535897931        0.0000000000000000     
       (0.27331019661782135,-8.66515911216388788E-029)
   1.0000000000000000                1           4
               (0.0000000000000000,0.0000000000000000)
  -1.5707963267948966        0.0000000000000000     
       (0.99999999999996514,-1.28563826251593127E-013)
   0.0000000000000000        0.0000000000000000     
               (1.7167392522287068,0.0000000000000000)
   1.5707963267948966        0.0000000000000000     
        (0.99999999999996514,1.28563826251593127E-013)
   3.1415926535897931        0.0000000000000000     
        (0.28326074777161697,3.98489625081720540E-029)
   1.0000000000000000                1           4
               (0.0000000000000000,0.0000000000000000)
  -1.5707963267948966        0.0000000000000000     
        (0.99999999999691347,3.27332605465358069E-012)
   0.0000000000000000        0.0000000000000000     
               (1.7234294341383478,0.0000000000000000)
   1.5707963267948966        0.0000000000000000     
       (0.99999999999691347,-3.27332605465358069E-012)
   3.1415926535897931        0.0000000000000000     
        (0.27657056586488094,1.74833510377600490E-028)
   1.0000000000000000                1           4
               (0.0000000000000000,0.0000000000000000)
  -1.5707963267948966        0.0000000000000000     
        (0.99999999999876021,6.65301147506625259E-013)
   0.0000000000000000        0.0000000000000000     
               (1.7424027304356451,0.0000000000000000)
   1.5707963267948966        0.0000000000000000     
       (0.99999999999876021,-6.65301147506625259E-013)
   3.1415926535897931        0.0000000000000000     
        (0.25759726956684348,2.22731787266220859E-028)
   1.0000000000000000                1           4
               (0.0000000000000000,0.0000000000000000)
  -1.5707963267948966        0.0000000000000000     
       (0.99999999999907663,-5.61439783552941562E-013)
   0.0000000000000000        0.0000000000000000     
               (1.7078029537782464,0.0000000000000000)
   1.5707963267948966        0.0000000000000000     
        (0.99999999999907663,5.61439783552941562E-013)
   3.1415926535897931        0.0000000000000000     
        (0.29219704622375015,3.04098597200249229E-028)
   1.0000000000000000                1           4
               (0.0000000000000000,0.0000000000000000)
  -1.5707963267948966        0.0000000000000000     
        (1.0000000000005786,-1.96193061796634538E-012)
   0.0000000000000000        0.0000000000000000     
               (1.7175638092070020,0.0000000000000000)
   1.5707963267948966        0.0000000000000000     
         (1.0000000000005786,1.96193061796634538E-012)
   3.1415926535897931        0.0000000000000000     
        (0.28243619079186816,1.00201763436447682E-028)
   1.0000000000000000                1           4
               (0.0000000000000000,0.0000000000000000)
  -1.5707963267948966        0.0000000000000000     
       (0.99999999999806255,-5.89528426075955725E-014)
   0.0000000000000000        0.0000000000000000     
               (1.7181321124851423,0.0000000000000000)
   1.5707963267948966        0.0000000000000000     
        (0.99999999999806255,5.89528426075955725E-014)
   3.1415926535897931        0.0000000000000000     
        (0.28186788751885061,4.88980290962888465E-028)
   1.0000000000000000                1           4
               (0.0000000000000000,0.0000000000000000)
  -1.5707963267948966        0.0000000000000000     
        (0.99999999999966638,1.13387077504967237E-012)
   0.0000000000000000        0.0000000000000000     
               (1.7340615139022599,0.0000000000000000)
   1.5707963267948966        0.0000000000000000     
       (0.99999999999966638,-1.13387077504967237E-012)
   3.1415926535897931        0.0000000000000000     
       (0.26593848609856513,-4.74752729319909371E-029)
   1.0000000000000000                1           4
               (0.0000000000000000,0.0000000000000000)
  -1.5707963267948966        0.0000000000000000     
        (1.0000000000008857,-1.50407464261093103E-012)
   0.0000000000000000        0.0000000000000000     
               (1.7150951858202641,0.0000000000000000)
   1.5707963267948966        0.0000000000000000     
         (1.0000000000008857,1.50407464261093103E-012)
   3.1415926535897931        0.0000000000000000     
       (0.28490481417769342,-4.93426320492626821E-029)
   1.0000000000000000                1           4
               (0.0000000000000000,0.0000000000000000)
  -1.5707963267948966        0.0000000000000000     
        (1.0000000000018257,-2.03281835808866390E-013)
   0.0000000000000000        0.0000000000000000     
               (1.7303131608565432,0.0000000000000000)
   1.5707963267948966        0.0000000000000000     
         (1.0000000000018257,2.03281835808866390E-013)
   3.1415926535897931        0.0000000000000000     
       (0.26968683913984914,-4.19587088727211930E-028)
   1.0000000000000000                1           4
               (0.0000000000000000,0.0000000000000000)
  -1.5707963267948966        0.0000000000000000     
        (0.99999999999915279,1.85518267414863734E-013)
   0.0000000000000000        0.0000000000000000     
               (1.7313765256186451,0.0000000000000000)
   1.5707963267948966        0.0000000000000000     
       (0.99999999999915279,-1.85518267414863734E-013)
   3.1415926535897931        0.0000000000000000     
        (0.26862347438215695,1.30136258844162468E-028)
   1.0000000000000000                1           4
               (0.0000000000000000,0.0000000000000000)
  -1.5707963267948966        0.0000000000000000     
        (0.99999999999849498,3.60739216276328989E-012)
   0.0000000000000000        0.0000000000000000     
               (1.7232254755627565,0.0000000000000000)
   1.5707963267948966        0.0000000000000000     
       (0.99999999999849498,-3.60739216276328989E-012)
   3.1415926535897931        0.0000000000000000     
       (0.27677452444029815,-7.04200724610946017E-029)
   1.0000000000000000                1           4
               (0.0000000000000000,0.0000000000000000)
  -1.5707963267948966        0.0000000000000000     
       (0.99999999999934164,-6.39321928730396293E-013)
   0.0000000000000000        0.0000000000000000     
               (1.7349290026207691,0.0000000000000000)
   1.5707963267948966        0.0000000000000000     
        (0.99999999999934164,6.39321928730396293E-013)
   3.1415926535897931        0.0000000000000000     
        (0.26507099738024731,2.21146554594711374E-028)
   1.0000000000000000                1           4
               (0.0000000000000000,0.0000000000000000)
  -1.5707963267948966        0.0000000000000000     
        (1.0000000000005080,-6.55253629133767491E-013)
   0.0000000000000000        0.0000000000000000     
               (1.7310774448491257,0.0000000000000000)
   1.5707963267948966        0.0000000000000000     
         (1.0000000000005080,6.55253629133767491E-013)
   3.1415926535897931        0.0000000000000000     
       (0.26892255515003111,-3.36002925783638832E-029)
   1.0000000000000000                1           4
               (0.0000000000000000,0.0000000000000000)
  -1.5707963267948966        0.0000000000000000     
       (0.99999999999967515,-9.16311471144126699E-012)
   0.0000000000000000        0.0000000000000000     
               (1.7276248002004104,0.0000000000000000)
   1.5707963267948966        0.0000000000000000     
        (0.99999999999967515,9.16311471144126699E-012)
   3.1415926535897931        0.0000000000000000     
        (0.27237519980037161,1.20983470180501193E-027)
   1.0000000000000000                1           4
               (0.0000000000000000,0.0000000000000000)
  -1.5707963267948966        0.0000000000000000     
       (0.99999999999919642,-7.84650122653829284E-013)
   0.0000000000000000        0.0000000000000000     
               (1.7322065880363822,0.0000000000000000)
   1.5707963267948966        0.0000000000000000     
        (0.99999999999919642,7.84650122653829284E-013)
   3.1415926535897931        0.0000000000000000     
        (0.26779341196532203,2.98844298102676717E-028)
   1.0000000000000000                1           4
               (0.0000000000000000,0.0000000000000000)
  -1.5707963267948966        0.0000000000000000     
         (1.0000000000003446,9.53404022396853179E-013)
   0.0000000000000000        0.0000000000000000     
               (1.7281608789133716,0.0000000000000000)
   1.5707963267948966        0.0000000000000000     
        (1.0000000000003446,-9.53404022396853179E-013)
   3.1415926535897931        0.0000000000000000     
       (0.27183912108591518,-2.02621625162679879E-028)
   1.0000000000000000                1           4
               (0.0000000000000000,0.0000000000000000)
  -1.5707963267948966        0.0000000000000000     
         (1.0000000000031100,1.62976299122874480E-011)
   0.0000000000000000        0.0000000000000000     
               (1.7198049038908931,0.0000000000000000)
   1.5707963267948966        0.0000000000000000     
        (1.0000000000031100,-1.62976299122874480E-011)
   3.1415926535897931        0.0000000000000000     
       (0.28019509610289317,-2.75724095331175005E-027)
   1.0000000000000000                1           4
               (0.0000000000000000,0.0000000000000000)
  -1.5707963267948966        0.0000000000000000     
        (0.99999999999950118,4.06064071256651055E-013)
   0.0000000000000000        0.0000000000000000     
               (1.7339983406822930,0.0000000000000000)
   1.5707963267948966        0.0000000000000000     
       (0.99999999999950118,-4.06064071256651055E-013)
   3.1415926535897931        0.0000000000000000     
        (0.26600165931860026,6.60596225981790501E-029)
   1.0000000000000000                1           4
               (0.0000000000000000,0.0000000000000000)
  -1.5707963267948966        0.0000000000000000     
        (1.0000000000005171,-6.14280848409975988E-012)
   0.0000000000000000        0.0000000000000000     
               (1.7356813788619267,0.0000000000000000)
   1.5707963267948966        0.0000000000000000     
         (1.0000000000005171,6.14280848409975988E-012)
   3.1415926535897931        0.0000000000000000     
        (0.26431862113840837,7.09451579677264226E-028)
   1.0000000000000000                1           4
               (0.0000000000000000,0.0000000000000000)
  -1.5707963267948966        0.0000000000000000     
         (1.0000000000004154,1.36786137971967037E-011)
   0.0000000000000000        0.0000000000000000     
               (1.7283239815985296,0.0000000000000000)
   1.5707963267948966        0.0000000000000000     
        (1.0000000000004154,-1.36786137971967037E-011)
   3.1415926535897931        0.0000000000000000     
       (0.27167601840076555,-1.76918538330908727E-027)
   1.0000000000000000                1           4
               (0.0000000000000000,0.0000000000000000)
  -1.5707963267948966        0.0000000000000000     
       (0.99999999999996581,-1.64246394263045659E-012)
   0.0000000000000000        0.0000000000000000     
               (1.7246136546380322,0.0000000000000000)
   1.5707963267948966        0.0000000000000000     
        (0.99999999999996581,1.64246394263045659E-012)
   3.1415926535897931        0.0000000000000000     
        (0.27538634536204148,2.09831767085911144E-028)
   1.0000000000000000                1           4
               (0.0000000000000000,0.0000000000000000)
  -1.5707963267948966        0.0000000000000000     
       (0.99999999999964040,-1.20264909142520082E-012)
   0.0000000000000000        0.0000000000000000     
               (1.7210555684783972,0.0000000000000000)
   1.5707963267948966        0.0000000000000000     
        (0.99999999999964040,1.20264909142520082E-012)
   3.1415926535897931        0.0000000000000000     
        (0.27894443152216686,2.25867274489892299E-028)
   1.0000000000000000                1           4
               (0.0000000000000000,0.0000000000000000)
  -1.5707963267948966        0.0000000000000000     
        (1.0000000000002842,-9.55346912689947203E-013)
   0.0000000000000000        0.0000000000000000     
               (1.7303663287951159,0.0000000000000000)
   1.5707963267948966        0.0000000000000000     
         (1.0000000000002842,9.55346912689947203E-013)
   3.1415926535897931        0.0000000000000000     
        (0.26963367120449594,5.84344286395718380E-029)
   1.0000000000000000                1           4
               (0.0000000000000000,0.0000000000000000)
  -1.5707963267948966        0.0000000000000000     
       (0.99999999999812328,-2.77988743135892946E-012)
   0.0000000000000000        0.0000000000000000     
               (1.7199037449791226,0.0000000000000000)
   1.5707963267948966        0.0000000000000000     
        (0.99999999999812328,2.77988743135892946E-012)
   3.1415926535897931        0.0000000000000000     
        (0.28009625502371549,7.44056428041736619E-028)
   1.0000000000000000                1           4
               (0.0000000000000000,0.0000000000000000)
  -1.5707963267948966        0.0000000000000000     
         (1.0000000000002292,2.47268872044514865E-012)
   0.0000000000000000        0.0000000000000000     
               (1.7266443304898162,0.0000000000000000)
   1.5707963267948966        0.0000000000000000     
        (1.0000000000002292,-2.47268872044514865E-012)
   3.1415926535897931        0.0000000000000000     
       (0.27335566950971407,-3.59637599016381083E-028)
   1.0000000000000000                1           4
               (0.0000000000000000,0.0000000000000000)
  -1.5707963267948966        0.0000000000000000     
       (0.99999999999919753,-7.34967642301852620E-014)
   0.0000000000000000        0.0000000000000000     
               (1.7294597170830079,0.0000000000000000)
   1.5707963267948966        0.0000000000000000     
        (0.99999999999919753,7.34967642301852620E-014)
   3.1415926535897931        0.0000000000000000     
        (0.27054028291852900,2.01379314110875008E-028)
   1.0000000000000000                1           4
               (0.0000000000000000,0.0000000000000000)
  -1.5707963267948966        0.0000000000000000     
         (1.0000000000026330,1.65362168402793901E-012)
   0.0000000000000000        0.0000000000000000     
               (1.7330596259033515,0.0000000000000000)
   1.5707963267948966        0.0000000000000000     
        (1.0000000000026330,-1.65362168402793901E-012)
   3.1415926535897931        0.0000000000000000     
       (0.26694037409126653,-8.54523916808123599E-028)
   1.0000000000000000                1           4
               (0.0000000000000000,0.0000000000000000)
  -1.5707963267948966        0.0000000000000000     
        (0.99999999999906286,2.16493489801917358E-015)
   0.0000000000000000        0.0000000000000000     
               (1.7162537726187155,0.0000000000000000)
   1.5707963267948966        0.0000000000000000     
       (0.99999999999906286,-2.16493489801917358E-015)
   3.1415926535897931        0.0000000000000000     
        (0.28374622738327271,2.36234259573697078E-028)
   1.0000000000000000                1           4
               (0.0000000000000000,0.0000000000000000)
  -1.5707963267948966        0.0000000000000000     
        (0.99999999999987998,1.97425409353968462E-012)
   0.0000000000000000        0.0000000000000000     
               (1.7198273970980156,0.0000000000000000)
   1.5707963267948966        0.0000000000000000     
       (0.99999999999987998,-1.97425409353968462E-012)
   3.1415926535897931        0.0000000000000000     
       (0.28017260290168122,-2.45637538787252370E-028)
   1.0000000000000000                1           4
               (0.0000000000000000,0.0000000000000000)
  -1.5707963267948966        0.0000000000000000     
         (1.0000000000012050,2.81441536742475731E-014)
   0.0000000000000000        0.0000000000000000     
               (1.7255053832763263,0.0000000000000000)
   1.5707963267948966        0.0000000000000000     
        (1.0000000000012050,-2.81441536742475731E-014)
   3.1415926535897931        0.0000000000000000     
       (0.27449461672131426,-2.95512541607911483E-028)
   1.0000000000000000                1           4
               (0.0000000000000000,0.0000000000000000)
  -1.5707963267948966        0.0000000000000000     
        (1.0000000000007898,-6.91779966643935141E-013)
   0.0000000000000000        0.0000000000000000     
               (1.7328176050589035,0.0000000000000000)
   1.5707963267948966        0.0000000000000000     
         (1.0000000000007898,6.91779966643935141E-013)
   3.1415926535897931        0.0000000000000000     
       (0.26718239493943541,-1.13723355447457355E-028)
   1.0000000000000000                1           4
               (0.0000000000000000,0.0000000000000000)
  -1.5707963267948966        0.0000000000000000     
        (1.0000000000002678,-5.86752868514395484E-014)
   0.0000000000000000        0.0000000000000000     
               (1.7296152702902527,0.0000000000000000)
   1.5707963267948966        0.0000000000000000     
         (1.0000000000002678,5.86752868514395484E-014)
   3.1415926535897931        0.0000000000000000     
       (0.27038472970928829,-5.37010603413435640E-029)
   1.0000000000000000                1           4
               (0.0000000000000000,0.0000000000000000)
  -1.5707963267948966        0.0000000000000000     
        (1.0000000000014850,-1.72339920112563070E-012)
   0.0000000000000000        0.0000000000000000     
               (1.7276900078804416,0.0000000000000000)
   1.5707963267948966        0.0000000000000000     
         (1.0000000000014850,1.72339920112563070E-012)
   3.1415926535897931        0.0000000000000000     
       (0.27230999211644791,-1.61288852064444470E-028)
   1.0000000000000000                1           4
               (0.0000000000000000,0.0000000000000000)
  -1.5707963267948966        0.0000000000000000     
        (0.99999999999945077,2.15716333684667992E-013)
   0.0000000000000000        0.0000000000000000     
               (1.7252549580219121,0.0000000000000000)
   1.5707963267948966        0.0000000000000000     
       (0.99999999999945077,-2.15716333684667992E-013)
   3.1415926535897931        0.0000000000000000     
        (0.27474504197919941,1.08909056166922751E-028)
   1.0000000000000000                1           4
               (0.0000000000000000,0.0000000000000000)
  -1.5707963267948966        0.0000000000000000     
       (0.99999999999848133,-2.87436741075452826E-013)
   0.0000000000000000        0.0000000000000000     
               (1.7251211040259566,0.0000000000000000)
   1.5707963267948966        0.0000000000000000     
        (0.99999999999848133,2.87436741075452826E-013)
   3.1415926535897931        0.0000000000000000     
        (0.27487889597708243,4.07274587509975938E-028)
   1.0000000000000000                1           4
               (0.0000000000000000,0.0000000000000000)
  -1.5707963267948966        0.0000000000000000     
         (1.0000000000006171,3.19189119579732404E-013)
   0.0000000000000000        0.0000000000000000     
               (1.7233780416393141,0.0000000000000000)
   1.5707963267948966        0.0000000000000000     
        (1.0000000000006171,-3.19189119579732404E-013)
   3.1415926535897931        0.0000000000000000     
       (0.27662195835942416,-1.91934417646373270E-028)
   1.0000000000000000                1           4
               (0.0000000000000000,0.0000000000000000)
  -1.5707963267948966        0.0000000000000000     
        (0.99999999999971489,7.41740002752067085E-013)
   0.0000000000000000        0.0000000000000000     
               (1.7374083751882319,0.0000000000000000)
   1.5707963267948966        0.0000000000000000     
       (0.99999999999971489,-7.41740002752067085E-013)
   3.1415926535897931        0.0000000000000000     
       (0.26259162481231996,-2.21264210090153199E-029)
   1.0000000000000000                1           4
               (0.0000000000000000,0.0000000000000000)
  -1.5707963267948966        0.0000000000000000     
         (1.0000000000009823,1.17794662912728983E-013)
   0.0000000000000000        0.0000000000000000     
               (1.7232035637617789,0.0000000000000000)
   1.5707963267948966        0.0000000000000000     
        (1.0000000000009823,-1.17794662912728983E-013)
   3.1415926535897931        0.0000000000000000     
       (0.27679643623616534,-2.60616041506128243E-028)
   1.0000000000000000                1           4
               (0.0000000000000000,0.0000000000000000)
  -1.5707963267948966        0.0000000000000000     
        (0.99999999999423894,1.55077062302666491E-011)
   0.0000000000000000        0.0000000000000000     
               (1.7203655107362126,0.0000000000000000)
   1.5707963267948966        0.0000000000000000     
       (0.99999999999423894,-1.55077062302666491E-011)
   3.1415926535897931        0.0000000000000000     
       (0.27963448927542955,-4.80738089893139240E-028)
   1.0000000000000000                1           4
               (0.0000000000000000,0.0000000000000000)
  -1.5707963267948966        0.0000000000000000     
         (1.0000000000011875,1.99501526410017505E-012)
   0.0000000000000000        0.0000000000000000     
               (1.7205166863816510,0.0000000000000000)
   1.5707963267948966        0.0000000000000000     
        (1.0000000000011875,-1.99501526410017505E-012)
   3.1415926535897931        0.0000000000000000     
       (0.27948331361594164,-5.37161128258719091E-028)
   1.0000000000000000                1           4
               (0.0000000000000000,0.0000000000000000)
  -1.5707963267948966        0.0000000000000000     
         (1.0000000000000528,2.78610468029683034E-013)
   0.0000000000000000        0.0000000000000000     
               (1.7325645162392738,0.0000000000000000)
   1.5707963267948966        0.0000000000000000     
        (1.0000000000000528,-2.78610468029683034E-013)
   3.1415926535897931        0.0000000000000000     
       (0.26743548376077336,-3.77030392208334241E-029)
   1.0000000000000000                1           4
               (0.0000000000000000,0.0000000000000000)
  -1.5707963267948966        0.0000000000000000     
       (0.99999999999980727,-4.03010957938931824E-012)
   0.0000000000000000        0.0000000000000000     
               (1.7440648641767873,0.0000000000000000)
   1.5707963267948966        0.0000000000000000     
        (0.99999999999980727,4.03010957938931824E-012)
   3.1415926535897931        0.0000000000000000     
        (0.25593513582234562,4.64077866674548314E-028)
   1.0000000000000000                1           4
               (0.0000000000000000,0.0000000000000000)
  -1.5707963267948966        0.0000000000000000     
       (0.99999999999926581,-5.34461364054550258E-013)
   0.0000000000000000        0.0000000000000000     
               (1.7261533039182657,0.0000000000000000)
   1.5707963267948966        0.0000000000000000     
        (0.99999999999926581,5.34461364054550258E-013)
   3.1415926535897931        0.0000000000000000     
        (0.27384669608318812,2.44380198686935924E-028)
   1.0000000000000000                1           4
               (0.0000000000000000,0.0000000000000000)
  -1.5707963267948966        0.0000000000000000     
       (0.99999999999932321,-2.56283883004471136E-012)
   0.0000000000000000        0.0000000000000000     
               (1.7263339534565469,0.0000000000000000)
   1.5707963267948966        0.0000000000000000     
        (0.99999999999932321,2.56283883004471136E-012)
   3.1415926535897931        0.0000000000000000     
        (0.27366604654462279,4.68356226522823722E-028)
   1.0000000000000000                1           4
               (0.0000000000000000,0.0000000000000000)
  -1.5707963267948966        0.0000000000000000     
       (0.99999999999996692,-6.77846667684889326E-013)
   0.0000000000000000        0.0000000000000000     
               (1.7384561354676320,0.0000000000000000)
   1.5707963267948966        0.0000000000000000     
        (0.99999999999996692,6.77846667684889326E-013)
   3.1415926535897931        0.0000000000000000     
        (0.26154386453230094,8.29628182747756741E-029)
