   1.0000000000000000                1           4
               (0.0000000000000000,0.0000000000000000)
  -1.5707963267948966        0.0000000000000000     
        (1.0000000000032829,-3.67594843453389734E-013)
   0.0000000000000000        0.0000000000000000     
               (1.7939770878554895,0.0000000000000000)
   1.5707963267948966        0.0000000000000000     
         (1.0000000000032829,3.67594843453389734E-013)
   3.1415926535897931        0.0000000000000000     
       (0.20602291213799170,-7.56205500164676419E-028)
   1.0000000000000000                1           4
               (0.0000000000000000,0.0000000000000000)
  -1.5707963267948966        0.0000000000000000     
        (0.99999999999997513,2.94726465455141806E-011)
   0.0000000000000000        0.0000000000000000     
               (1.8125192017056693,0.0000000000000000)
   1.5707963267948966        0.0000000000000000     
       (0.99999999999997513,-2.94726465455141806E-011)
   3.1415926535897931        0.0000000000000000     
       (0.18748079829426631,-3.61026405664059363E-027)
   1.0000000000000000                1           4
               (0.0000000000000000,0.0000000000000000)
  -1.5707963267948966        0.0000000000000000     
       (0.99999999999983313,-6.07458527923654401E-013)
   0.0000000000000000        0.0000000000000000     
               (1.7976500693521607,0.0000000000000000)
   1.5707963267948966        0.0000000000000000     
        (0.99999999999983313,6.07458527923654401E-013)
   3.1415926535897931        0.0000000000000000     
        (0.20234993064823947,1.19331755268210132E-028)
   1.0000000000000000                1           4
               (0.0000000000000000,0.0000000000000000)
  -1.5707963267948966        0.0000000000000000     
         (1.0000000000022955,1.65134572682745764E-012)
   0.0000000000000000        0.0000000000000000     
               (1.7971972071248190,0.0000000000000000)
   1.5707963267948966        0.0000000000000000     
        (1.0000000000022955,-1.65134572682745764E-012)
   3.1415926535897931        0.0000000000000000     
       (0.20280279287168129,-6.97643949366448699E-028)
   1.0000000000000000                1           4
               (0.0000000000000000,0.0000000000000000)
  -1.5707963267948966        0.0000000000000000     
       (0.99999999999676892,-8.18789480661048910E-014)
   0.0000000000000000        0.0000000000000000     
               (1.8012029558885989,0.0000000000000000)
   1.5707963267948966        0.0000000000000000     
        (0.99999999999676892,8.18789480661048910E-014)
   3.1415926535897931        0.0000000000000000     
        (0.19879704411816726,8.20021027981571482E-028)
   1.0000000000000000                1           4
               (0.0000000000000000,0.0000000000000000)
  -1.5707963267948966        0.0000000000000000     
         (1.0000000000035087,5.69672087280537117E-012)
   0.0000000000000000        0.0000000000000000     
               (1.8027664995933672,0.0000000000000000)
   1.5707963267948966        0.0000000000000000     
        (1.0000000000035087,-5.69672087280537117E-012)
   3.1415926535897931        0.0000000000000000     
       (0.19723350039975659,-1.54837003494049997E-027)
   1.0000000000000000                1           4
               (0.0000000000000000,0.0000000000000000)
  -1.5707963267948966        0.0000000000000000     
         (1.0000000000028744,2.80386824869082931E-013)
   0.0000000000000000        0.0000000000000000     
               (1.7796526728386168,0.0000000000000000)
   1.5707963267948966        0.0000000000000000     
        (1.0000000000028744,-2.80386824869082931E-013)
   3.1415926535897931        0.0000000000000000     
       (0.22034732715590619,-7.21727934578571586E-028)
   1.0000000000000000                1           4
               (0.0000000000000000,0.0000000000000000)
  -1.5707963267948966        0.0000000000000000     
        (1.0000000000102878,-1.31672450720543687E-012)
   0.0000000000000000        0.0000000000000000     
               (1.8139824094961698,0.0000000000000000)
   1.5707963267948966        0.0000000000000000     
         (1.0000000000102878,1.31672450720543687E-012)
   3.1415926535897931        0.0000000000000000     
       (0.18601759048321087,-2.36120458408474150E-027)
   1.0000000000000000                1           4
               (0.0000000000000000,0.0000000000000000)
  -1.5707963267948966        0.0000000000000000     
        (0.99999999999895561,3.21576099082676743E-013)
   0.0000000000000000        0.0000000000000000     
               (1.8183193754948550,0.0000000000000000)
   1.5707963267948966        0.0000000000000000     
       (0.99999999999895561,-3.21576099082676743E-013)
   3.1415926535897931        0.0000000000000000     
        (0.18168062450720762,2.14803190378017181E-028)
   1.0000000000000000                1           4
               (0.0000000000000000,0.0000000000000000)
  -1.5707963267948966        0.0000000000000000     
        (0.99999999999825417,2.11686224105278638E-012)
   0.0000000000000000        0.0000000000000000     
               (1.8124142448109719,0.0000000000000000)
   1.5707963267948966        0.0000000000000000     
       (0.99999999999825417,-2.11686224105278638E-012)
   3.1415926535897931        0.0000000000000000     
        (0.18758575519257312,1.71637816609527498E-028)
   1.0000000000000000                1           4
               (0.0000000000000000,0.0000000000000000)
  -1.5707963267948966        0.0000000000000000     
         (1.0000000000011009,1.02085007114283124E-012)
   0.0000000000000000        0.0000000000000000     
               (1.7934440582630422,0.0000000000000000)
   1.5707963267948966        0.0000000000000000     
        (1.0000000000011009,-1.02085007114283124E-012)
   3.1415926535897931        0.0000000000000000     
       (0.20655594173479591,-3.92209467943622015E-028)
   1.0000000000000000                1           4
               (0.0000000000000000,0.0000000000000000)
  -1.5707963267948966        0.0000000000000000     
        (0.99999999999947065,1.65212288294469545E-012)
   0.0000000000000000        0.0000000000000000     
               (1.8105616858280396,0.0000000000000000)
   1.5707963267948966        0.0000000000000000     
       (0.99999999999947065,-1.65212288294469545E-012)
   3.1415926535897931        0.0000000000000000     
       (0.18943831417300441,-7.35781505577614748E-029)
   1.0000000000000000                1           4
               (0.0000000000000000,0.0000000000000000)
  -1.5707963267948966        0.0000000000000000     
       (0.99999999999794720,-2.17265094804019969E-012)
   0.0000000000000000        0.0000000000000000     
               (1.7987012271111897,0.0000000000000000)
   1.5707963267948966        0.0000000000000000     
        (0.99999999999794720,2.17265094804019969E-012)
   3.1415926535897931        0.0000000000000000     
        (0.20129877289291129,7.68586660728194206E-028)
   1.0000000000000000                1           4
               (0.0000000000000000,0.0000000000000000)
  -1.5707963267948966        0.0000000000000000     
         (1.0000000000031761,8.15292278133483302E-013)
   0.0000000000000000        0.0000000000000000     
               (1.7999329231684853,0.0000000000000000)
   1.5707963267948966        0.0000000000000000     
        (1.0000000000031761,-8.15292278133483302E-013)
   3.1415926535897931        0.0000000000000000     
       (0.20006707682516250,-8.77774523606554528E-028)
   1.0000000000000000                1           4
               (0.0000000000000000,0.0000000000000000)
  -1.5707963267948966        0.0000000000000000     
        (0.99999999999945166,3.50230955348251882E-012)
   0.0000000000000000        0.0000000000000000     
               (1.7936777688130563,0.0000000000000000)
   1.5707963267948966        0.0000000000000000     
       (0.99999999999945166,-3.50230955348251882E-012)
   3.1415926535897931        0.0000000000000000     
       (0.20632223118813917,-2.88564737297685297E-028)
   1.0000000000000000                1           4
               (0.0000000000000000,0.0000000000000000)
  -1.5707963267948966        0.0000000000000000     
       (0.99999999999971900,-1.06026298851702103E-014)
   0.0000000000000000        0.0000000000000000     
               (1.8047307182385262,0.0000000000000000)
   1.5707963267948966        0.0000000000000000     
        (0.99999999999971900,1.06026298851702103E-014)
   3.1415926535897931        0.0000000000000000     
        (0.19526928176205191,7.11054203082687640E-029)
   1.0000000000000000                1           4
               (0.0000000000000000,0.0000000000000000)
  -1.5707963267948966        0.0000000000000000     
         (1.0000000000005338,4.51250148358894825E-013)
   0.0000000000000000        0.0000000000000000     
               (1.7872419635476380,0.0000000000000000)
   1.5707963267948966        0.0000000000000000     
        (1.0000000000005338,-4.51250148358894825E-013)
   3.1415926535897931        0.0000000000000000     
       (0.21275803645134589,-1.82862077624490943E-028)
   1.0000000000000000                1           4
               (0.0000000000000000,0.0000000000000000)
  -1.5707963267948966        0.0000000000000000     
        (0.99999999999876454,3.76593201067976224E-012)
   0.0000000000000000        0.0000000000000000     
               (1.8019953306113969,0.0000000000000000)
   1.5707963267948966        0.0000000000000000     
       (0.99999999999876454,-3.76593201067976224E-012)
   3.1415926535897931        0.0000000000000000     
       (0.19800466939108993,-1.57605466937733894E-028)
   1.0000000000000000                1           4
               (0.0000000000000000,0.0000000000000000)
  -1.5707963267948966        0.0000000000000000     
         (1.0000000000016676,3.93374222085185465E-012)
   0.0000000000000000        0.0000000000000000     
               (1.7929147809421029,0.0000000000000000)
   1.5707963267948966        0.0000000000000000     
        (1.0000000000016676,-3.93374222085185465E-012)
   3.1415926535897931        0.0000000000000000     
       (0.20708521905452185,-8.92649769772334017E-028)
   1.0000000000000000                1           4
               (0.0000000000000000,0.0000000000000000)
  -1.5707963267948966        0.0000000000000000     
         (1.0000000000016580,1.00752739484732754E-013)
   0.0000000000000000        0.0000000000000000     
               (1.8004169773449863,0.0000000000000000)
   1.5707963267948966        0.0000000000000000     
        (1.0000000000016580,-1.00752739484732754E-013)
   3.1415926535897931        0.0000000000000000     
       (0.19958302265173580,-4.16112904800953767E-028)
   1.0000000000000000                1           4
               (0.0000000000000000,0.0000000000000000)
  -1.5707963267948966        0.0000000000000000     
         (1.0000000000020424,1.76947345664757429E-012)
   0.0000000000000000        0.0000000000000000     
               (1.8043121355679497,0.0000000000000000)
   1.5707963267948966        0.0000000000000000     
        (1.0000000000020424,-1.76947345664757429E-012)
   3.1415926535897931        0.0000000000000000     
       (0.19568786442765812,-7.35752069295994515E-028)
   1.0000000000000000                1           4
               (0.0000000000000000,0.0000000000000000)
  -1.5707963267948966        0.0000000000000000     
        (0.99999999999916023,8.22508727793547324E-013)
   0.0000000000000000        0.0000000000000000     
               (1.8011535568786570,0.0000000000000000)
   1.5707963267948966        0.0000000000000000     
       (0.99999999999916023,-8.22508727793547324E-013)
   3.1415926535897931        0.0000000000000000     
        (0.19884644312301797,1.04668868435504120E-028)
   1.0000000000000000                1           4
               (0.0000000000000000,0.0000000000000000)
  -1.5707963267948966        0.0000000000000000     
        (0.99999999999953482,1.45006229246291696E-012)
   0.0000000000000000        0.0000000000000000     
               (1.8061156761384909,0.0000000000000000)
   1.5707963267948966        0.0000000000000000     
       (0.99999999999953482,-1.45006229246291696E-012)
   3.1415926535897931        0.0000000000000000     
       (0.19388432386259216,-5.42888321728732972E-029)
   1.0000000000000000                1           4
               (0.0000000000000000,0.0000000000000000)
  -1.5707963267948966        0.0000000000000000     
        (0.99999999999926181,8.15347789284715064E-013)
   0.0000000000000000        0.0000000000000000     
               (1.7985935928804606,0.0000000000000000)
   1.5707963267948966        0.0000000000000000     
       (0.99999999999926181,-8.15347789284715064E-013)
   3.1415926535897931        0.0000000000000000     
        (0.20140640712101501,8.09029596933696160E-029)
   1.0000000000000000                1           4
               (0.0000000000000000,0.0000000000000000)
  -1.5707963267948966        0.0000000000000000     
       (0.99999999999230282,-3.67311736582109835E-012)
   0.0000000000000000        0.0000000000000000     
               (1.8040301520242286,0.0000000000000000)
   1.5707963267948966        0.0000000000000000     
        (0.99999999999230282,3.67311736582109835E-012)
   3.1415926535897931        0.0000000000000000     
        (0.19596984799337649,2.47046382538835493E-027)
   1.0000000000000000                1           4
               (0.0000000000000000,0.0000000000000000)
  -1.5707963267948966        0.0000000000000000     
         (1.0000000000025844,1.50379708685477125E-013)
   0.0000000000000000        0.0000000000000000     
               (1.7998555590537082,0.0000000000000000)
   1.5707963267948966        0.0000000000000000     
        (1.0000000000025844,-1.50379708685477125E-013)
   3.1415926535897931        0.0000000000000000     
       (0.20014444094110595,-6.52468411547176369E-028)
   1.0000000000000000                1           4
               (0.0000000000000000,0.0000000000000000)
  -1.5707963267948966        0.0000000000000000     
       (0.99999999999968192,-1.18688392447552360E-012)
   0.0000000000000000        0.0000000000000000     
               (1.7950389052884259,0.0000000000000000)
   1.5707963267948966        0.0000000000000000     
        (0.99999999999968192,1.18688392447552360E-012)
   3.1415926535897931        0.0000000000000000     
        (0.20496109471221044,2.23267000588892041E-028)
   1.0000000000000000                1           4
               (0.0000000000000000,0.0000000000000000)
  -1.5707963267948966        0.0000000000000000     
         (1.0000000000020297,7.06157354812830616E-013)
   0.0000000000000000        0.0000000000000000     
               (1.8077176313594372,0.0000000000000000)
   1.5707963267948966        0.0000000000000000     
        (1.0000000000020297,-7.06157354812830616E-013)
   3.1415926535897931        0.0000000000000000     
       (0.19228236863650691,-5.83377591564089416E-028)
   1.0000000000000000                1           4
               (0.0000000000000000,0.0000000000000000)
  -1.5707963267948966        0.0000000000000000     
        (0.99999999999963241,2.73336908662713591E-013)
   0.0000000000000000        0.0000000000000000     
               (1.7941654293118134,0.0000000000000000)
   1.5707963267948966        0.0000000000000000     
       (0.99999999999963241,-2.73336908662713591E-013)
   3.1415926535897931        0.0000000000000000     
        (0.20583457068900005,6.13503374500346749E-029)
   1.0000000000000000                1           4
               (0.0000000000000000,0.0000000000000000)
  -1.5707963267948966        0.0000000000000000     
        (1.0000000000006732,-2.01644256847544057E-012)
   0.0000000000000000        0.0000000000000000     
               (1.7971126145468621,0.0000000000000000)
   1.5707963267948966        0.0000000000000000     
         (1.0000000000006732,2.01644256847544057E-012)
   3.1415926535897931        0.0000000000000000     
        (0.20288738545184637,8.54127447817401192E-029)
   1.0000000000000000                1           4
               (0.0000000000000000,0.0000000000000000)
  -1.5707963267948966        0.0000000000000000     
         (1.0000000000072393,6.98124891229667729E-012)
   0.0000000000000000        0.0000000000000000     
               (1.8047625919060302,0.0000000000000000)
   1.5707963267948966        0.0000000000000000     
        (1.0000000000072393,-6.98124891229667729E-012)
   3.1415926535897931        0.0000000000000000     
       (0.19523740807953219,-2.62555012670656201E-027)
   1.0000000000000000                1           4
               (0.0000000000000000,0.0000000000000000)
  -1.5707963267948966        0.0000000000000000     
        (0.99999999999982858,1.79837811309369044E-011)
   0.0000000000000000        0.0000000000000000     
               (1.7935552969448334,0.0000000000000000)
   1.5707963267948966        0.0000000000000000     
       (0.99999999999982858,-1.79837811309369044E-011)
   3.1415926535897931        0.0000000000000000     
       (0.20644470305566848,-2.15065547290263517E-027)
   1.0000000000000000                1           4
               (0.0000000000000000,0.0000000000000000)
  -1.5707963267948966        0.0000000000000000     
       (0.99999999999919886,-6.00741678624672103E-013)
   0.0000000000000000        0.0000000000000000     
               (1.8044391282445904,0.0000000000000000)
   1.5707963267948966        0.0000000000000000     
        (0.99999999999919886,6.00741678624672103E-013)
   3.1415926535897931        0.0000000000000000     
        (0.19556087175709344,2.74787587308841075E-028)
   1.0000000000000000                1           4
               (0.0000000000000000,0.0000000000000000)
  -1.5707963267948966        0.0000000000000000     
        (0.99999999999964340,1.67177383048056072E-012)
   0.0000000000000000        0.0000000000000000     
               (1.8035843213957798,0.0000000000000000)
   1.5707963267948966        0.0000000000000000     
       (0.99999999999964340,-1.67177383048056072E-012)
   3.1415926535897931        0.0000000000000000     
       (0.19641567860495290,-1.16200109955580330E-028)
   1.0000000000000000                1           4
               (0.0000000000000000,0.0000000000000000)
  -1.5707963267948966        0.0000000000000000     
        (1.0000000000013882,-1.50923717967543800E-012)
   0.0000000000000000        0.0000000000000000     
               (1.7943566112990597,0.0000000000000000)
   1.5707963267948966        0.0000000000000000     
         (1.0000000000013882,1.50923717967543800E-012)
   3.1415926535897931        0.0000000000000000     
       (0.20564338869820661,-1.52557146582960642E-028)
   1.0000000000000000                1           4
               (0.0000000000000000,0.0000000000000000)
  -1.5707963267948966        0.0000000000000000     
         (1.0000000000004048,5.50015588629548802E-012)
   0.0000000000000000        0.0000000000000000     
               (1.7879036339108711,0.0000000000000000)
   1.5707963267948966        0.0000000000000000     
        (1.0000000000004048,-5.50015588629548802E-012)
   3.1415926535897931        0.0000000000000000     
       (0.21209636608831040,-7.73291523078450521E-028)
   1.0000000000000000                1           4
               (0.0000000000000000,0.0000000000000000)
  -1.5707963267948966        0.0000000000000000     
        (0.99999999999936473,1.10611519943404346E-012)
   0.0000000000000000        0.0000000000000000     
               (1.8001331420217035,0.0000000000000000)
   1.5707963267948966        0.0000000000000000     
       (0.99999999999936473,-1.10611519943404346E-012)
   3.1415926535897931        0.0000000000000000     
        (0.19986685797961137,2.28482931992062648E-029)
   1.0000000000000000                1           4
               (0.0000000000000000,0.0000000000000000)
  -1.5707963267948966        0.0000000000000000     
        (0.99999999999286648,1.49121825998577151E-011)
   0.0000000000000000        0.0000000000000000     
               (1.7910238069661233,0.0000000000000000)
   1.5707963267948966        0.0000000000000000     
       (0.99999999999286648,-1.49121825998577151E-011)
   3.1415926535897931        0.0000000000000000     
       (0.20897619304819434,-7.59207103660663382E-029)
   1.0000000000000000                1           4
               (0.0000000000000000,0.0000000000000000)
  -1.5707963267948966        0.0000000000000000     
         (1.0000000000025970,6.57918164392867463E-013)
   0.0000000000000000        0.0000000000000000     
               (1.8073501150375455,0.0000000000000000)
   1.5707963267948966        0.0000000000000000     
        (1.0000000000025970,-6.57918164392867463E-013)
   3.1415926535897931        0.0000000000000000     
       (0.19264988495731647,-7.13225452021147122E-028)
   1.0000000000000000                1           4
               (0.0000000000000000,0.0000000000000000)
  -1.5707963267948966        0.0000000000000000     
       (0.99999999999698264,-6.83547662916339505E-012)
   0.0000000000000000        0.0000000000000000     
               (1.7968480112764540,0.0000000000000000)
   1.5707963267948966        0.0000000000000000     
        (0.99999999999698264,6.83547662916339505E-012)
   3.1415926535897931        0.0000000000000000     
        (0.20315198872962162,1.57865315269501633E-027)
   1.0000000000000000                1           4
               (0.0000000000000000,0.0000000000000000)
  -1.5707963267948966        0.0000000000000000     
       (0.99999999999938993,-6.61359855769205751E-012)
   0.0000000000000000        0.0000000000000000     
               (1.8006386056663224,0.0000000000000000)
   1.5707963267948966        0.0000000000000000     
        (0.99999999999938993,6.61359855769205751E-012)
   3.1415926535897931        0.0000000000000000     
        (0.19936139433481925,9.54542530381514368E-028)
   1.0000000000000000                1           4
               (0.0000000000000000,0.0000000000000000)
  -1.5707963267948966        0.0000000000000000     
         (1.0000000000009357,1.03972386256145890E-012)
   0.0000000000000000        0.0000000000000000     
               (1.7929333066184521,0.0000000000000000)
   1.5707963267948966        0.0000000000000000     
        (1.0000000000009357,-1.03972386256145890E-012)
   3.1415926535897931        0.0000000000000000     
       (0.20706669337964281,-3.58552106902253570E-028)
   1.0000000000000000                1           4
               (0.0000000000000000,0.0000000000000000)
  -1.5707963267948966        0.0000000000000000     
        (1.0000000000174076,-8.29649682287936230E-011)
   0.0000000000000000        0.0000000000000000     
               (1.8066432375615140,0.0000000000000000)
   1.5707963267948966        0.0000000000000000     
         (1.0000000000174076,8.29649682287936230E-011)
   3.1415926535897931        0.0000000000000000     
        (0.19335676240366176,5.89606875000415802E-027)
   1.0000000000000000                1           4
               (0.0000000000000000,0.0000000000000000)
  -1.5707963267948966        0.0000000000000000     
        (1.0000000000006199,-1.33132393997925647E-012)
   0.0000000000000000        0.0000000000000000     
               (1.7959718530736946,0.0000000000000000)
   1.5707963267948966        0.0000000000000000     
         (1.0000000000006199,1.33132393997925647E-012)
   3.1415926535897931        0.0000000000000000     
        (0.20402814692506638,1.12361628557543520E-029)
   1.0000000000000000                1           4
               (0.0000000000000000,0.0000000000000000)
  -1.5707963267948966        0.0000000000000000     
         (1.0000000000032776,3.02319280720553211E-012)
   0.0000000000000000        0.0000000000000000     
               (1.8068316177557882,0.0000000000000000)
   1.5707963267948966        0.0000000000000000     
        (1.0000000000032776,-3.02319280720553211E-012)
   3.1415926535897931        0.0000000000000000     
       (0.19316838223768942,-1.17102339629871484E-027)
   1.0000000000000000                1           4
               (0.0000000000000000,0.0000000000000000)
  -1.5707963267948966        0.0000000000000000     
        (0.99999999999728373,5.74362779559578485E-012)
   0.0000000000000000        0.0000000000000000     
               (1.7987163020025898,0.0000000000000000)
   1.5707963267948966        0.0000000000000000     
       (0.99999999999728373,-5.74362779559578485E-012)
   3.1415926535897931        0.0000000000000000     
       (0.20128369800283452,-3.85869922052287667E-029)
   1.0000000000000000                1           4
               (0.0000000000000000,0.0000000000000000)
  -1.5707963267948966        0.0000000000000000     
         (1.0000000000017641,6.72878419649691750E-012)
   0.0000000000000000        0.0000000000000000     
               (1.8191381784761920,0.0000000000000000)
   1.5707963267948966        0.0000000000000000     
        (1.0000000000017641,-6.72878419649691750E-012)
   3.1415926535897931        0.0000000000000000     
       (0.18086182152030472,-1.25459467767032684E-027)
   1.0000000000000000                1           4
               (0.0000000000000000,0.0000000000000000)
  -1.5707963267948966        0.0000000000000000     
         (1.0000000000019575,6.13065154198011240E-013)
   0.0000000000000000        0.0000000000000000     
               (1.7893177217806187,0.0000000000000000)
   1.5707963267948966        0.0000000000000000     
        (1.0000000000019575,-6.13065154198011240E-013)
   3.1415926535897931        0.0000000000000000     
       (0.21068227821550342,-5.52274128383478630E-028)
   1.0000000000000000                1           4
               (0.0000000000000000,0.0000000000000000)
  -1.5707963267948966        0.0000000000000000     
         (1.0000000000038165,8.54449844212012977E-011)
   0.0000000000000000        0.0000000000000000     
               (1.8154450934185844,0.0000000000000000)
   1.5707963267948966        0.0000000000000000     
        (1.0000000000038165,-8.54449844212012977E-011)
   3.1415926535897931        0.0000000000000000     
       (0.18455490657390705,-1.13911384949721484E-026)
   1.0000000000000000                1           4
               (0.0000000000000000,0.0000000000000000)
  -1.5707963267948966        0.0000000000000000     
        (1.0000000000010094,-2.67069699688704532E-012)
   0.0000000000000000        0.0000000000000000     
               (1.7947693189605420,0.0000000000000000)
   1.5707963267948966        0.0000000000000000     
         (1.0000000000010094,2.67069699688704532E-012)
   3.1415926535897931        0.0000000000000000     
        (0.20523068103744097,7.99578543340349551E-029)
   1.0000000000000000                1           4
               (0.0000000000000000,0.0000000000000000)
  -1.5707963267948966        0.0000000000000000     
         (1.0000000000002900,1.51534340631087616E-012)
   0.0000000000000000        0.0000000000000000     
               (1.8175494778693397,0.0000000000000000)
   1.5707963267948966        0.0000000000000000     
        (1.0000000000002900,-1.51534340631087616E-012)
   3.1415926535897931        0.0000000000000000     
       (0.18245052213017007,-2.51116366797553410E-028)
   1.0000000000000000                1           4
               (0.0000000000000000,0.0000000000000000)
  -1.5707963267948966        0.0000000000000000     
        (1.0000000000004012,-1.28697053014548146E-012)
   0.0000000000000000        0.0000000000000000     
               (1.8071476970640872,0.0000000000000000)
   1.5707963267948966        0.0000000000000000     
         (1.0000000000004012,1.28697053014548146E-012)
   3.1415926535897931        0.0000000000000000     
        (0.19285230293518707,6.40327439041807550E-029)
   1.0000000000000000                1           4
               (0.0000000000000000,0.0000000000000000)
  -1.5707963267948966        0.0000000000000000     
       (0.99999999999992717,-5.83694204081552925E-012)
   0.0000000000000000        0.0000000000000000     
               (1.7914644959749590,0.0000000000000000)
   1.5707963267948966        0.0000000000000000     
        (0.99999999999992717,5.83694204081552925E-012)
   3.1415926535897931        0.0000000000000000     
        (0.20853550402532967,7.41412815550997320E-028)
   1.0000000000000000                1           4
               (0.0000000000000000,0.0000000000000000)
  -1.5707963267948966        0.0000000000000000     
        (0.99999999999937306,1.17084120176969009E-012)
   0.0000000000000000        0.0000000000000000     
               (1.8005305617356859,0.0000000000000000)
   1.5707963267948966        0.0000000000000000     
       (0.99999999999937306,-1.17084120176969009E-012)
   3.1415926535897931        0.0000000000000000     
        (0.19946943826599436,3.62846830494200873E-029)
   1.0000000000000000                1           4
               (0.0000000000000000,0.0000000000000000)
  -1.5707963267948966        0.0000000000000000     
         (1.0000000000020119,1.31313848683589640E-011)
   0.0000000000000000        0.0000000000000000     
               (1.8043057148156700,0.0000000000000000)
   1.5707963267948966        0.0000000000000000     
        (1.0000000000020119,-1.31313848683589640E-011)
   3.1415926535897931        0.0000000000000000     
       (0.19569428518034868,-2.09832121667753455E-027)
   1.0000000000000000                1           4
               (0.0000000000000000,0.0000000000000000)
  -1.5707963267948966        0.0000000000000000     
        (1.0000000000005824,-2.39863684470265071E-012)
   0.0000000000000000        0.0000000000000000     
               (1.8019281384251582,0.0000000000000000)
   1.5707963267948966        0.0000000000000000     
         (1.0000000000005824,2.39863684470265071E-012)
   3.1415926535897931        0.0000000000000000     
        (0.19807186157405079,1.74000629702383824E-028)
   1.0000000000000000                1           4
               (0.0000000000000000,0.0000000000000000)
  -1.5707963267948966        0.0000000000000000     
         (1.0000000000028368,4.71661598666628379E-012)
   0.0000000000000000        0.0000000000000000     
               (1.8095478016388475,0.0000000000000000)
   1.5707963267948966        0.0000000000000000     
        (1.0000000000028368,-4.71661598666628379E-012)
   3.1415926535897931        0.0000000000000000     
       (0.19045219835545268,-1.27404794376382905E-027)
   1.0000000000000000                1           4
               (0.0000000000000000,0.0000000000000000)
  -1.5707963267948966        0.0000000000000000     
       (0.99999999999866040,-1.88878357398891694E-011)
   0.0000000000000000        0.0000000000000000     
               (1.8021490584912456,0.0000000000000000)
   1.5707963267948966        0.0000000000000000     
        (0.99999999999866040,1.88878357398891694E-011)
   3.1415926535897931        0.0000000000000000     
        (0.19785094151148863,2.64456929907453877E-027)
   1.0000000000000000                1           4
               (0.0000000000000000,0.0000000000000000)
  -1.5707963267948966        0.0000000000000000     
        (0.99999999999998046,7.20012938160152771E-012)
   0.0000000000000000        0.0000000000000000     
               (1.7914895657207228,0.0000000000000000)
   1.5707963267948966        0.0000000000000000     
       (0.99999999999998046,-7.20012938160152771E-012)
   3.1415926535897931        0.0000000000000000     
       (0.20851043427949664,-8.65930549817846908E-028)
   1.0000000000000000                1           4
               (0.0000000000000000,0.0000000000000000)
  -1.5707963267948966        0.0000000000000000     
       (0.99999999999906863,-3.90459886645544429E-012)
   0.0000000000000000        0.0000000000000000     
               (1.7987429737980878,0.0000000000000000)
   1.5707963267948966        0.0000000000000000     
        (0.99999999999906863,3.90459886645544429E-012)
   3.1415926535897931        0.0000000000000000     
        (0.20125702620384242,7.10416644390488520E-028)
   1.0000000000000000                1           4
               (0.0000000000000000,0.0000000000000000)
  -1.5707963267948966        0.0000000000000000     
       (0.99999999999921141,-4.18681755931515909E-012)
   0.0000000000000000        0.0000000000000000     
               (1.7914301742885526,0.0000000000000000)
   1.5707963267948966        0.0000000000000000     
        (0.99999999999921141,4.18681755931515909E-012)
   3.1415926535897931        0.0000000000000000     
        (0.20856982571315705,7.13994859091144879E-028)
   1.0000000000000000                1           4
               (0.0000000000000000,0.0000000000000000)
  -1.5707963267948966        0.0000000000000000     
        (0.99999999999959044,4.15389944663502370E-013)
   0.0000000000000000        0.0000000000000000     
               (1.7942104721066174,0.0000000000000000)
   1.5707963267948966        0.0000000000000000     
       (0.99999999999959044,-4.15389944663502370E-013)
   3.1415926535897931        0.0000000000000000     
        (0.20578952789423161,5.12756863091596063E-029)
   1.0000000000000000                1           4
               (0.0000000000000000,0.0000000000000000)
  -1.5707963267948966        0.0000000000000000     
        (1.0000000000005302,-4.56518156610741244E-012)
   0.0000000000000000        0.0000000000000000     
               (1.8052167310085188,0.0000000000000000)
   1.5707963267948966        0.0000000000000000     
         (1.0000000000005302,4.56518156610741244E-012)
   3.1415926535897931        0.0000000000000000     
        (0.19478326899040066,4.27966153481537001E-028)
   1.0000000000000000                1           4
               (0.0000000000000000,0.0000000000000000)
  -1.5707963267948966        0.0000000000000000     
         (1.0000000000000624,2.69395616925294235E-012)
   0.0000000000000000        0.0000000000000000     
               (1.7988605612209194,0.0000000000000000)
   1.5707963267948966        0.0000000000000000     
        (1.0000000000000624,-2.69395616925294235E-012)
   3.1415926535897931        0.0000000000000000     
       (0.20113943877925156,-3.27109275673758194E-028)
   1.0000000000000000                1           4
               (0.0000000000000000,0.0000000000000000)
  -1.5707963267948966        0.0000000000000000     
        (1.0000000000008158,-1.90991666926265680E-012)
   0.0000000000000000        0.0000000000000000     
               (1.7979371858390139,0.0000000000000000)
   1.5707963267948966        0.0000000000000000     
         (1.0000000000008158,1.90991666926265680E-012)
   3.1415926535897931        0.0000000000000000     
        (0.20206281415966357,5.30214227747858377E-029)
   1.0000000000000000                1           4
               (0.0000000000000000,0.0000000000000000)
  -1.5707963267948966        0.0000000000000000     
        (0.99999999999928335,1.36524125338155500E-012)
   0.0000000000000000        0.0000000000000000     
               (1.7951285671525208,0.0000000000000000)
   1.5707963267948966        0.0000000000000000     
       (0.99999999999928335,-1.36524125338155500E-012)
   3.1415926535897931        0.0000000000000000     
        (0.20487143284895495,1.09443827685940927E-029)
   1.0000000000000000                1           4
               (0.0000000000000000,0.0000000000000000)
  -1.5707963267948966        0.0000000000000000     
        (1.0000000000011995,-8.61755111714046608E-013)
   0.0000000000000000        0.0000000000000000     
               (1.8075876072665864,0.0000000000000000)
   1.5707963267948966        0.0000000000000000     
         (1.0000000000011995,8.61755111714046608E-013)
   3.1415926535897931        0.0000000000000000     
       (0.19241239273107383,-1.84628539446078013E-028)
   1.0000000000000000                1           4
               (0.0000000000000000,0.0000000000000000)
  -1.5707963267948966        0.0000000000000000     
         (1.0000000000066092,2.30021557356963058E-011)
   0.0000000000000000        0.0000000000000000     
               (1.7984358271151775,0.0000000000000000)
   1.5707963267948966        0.0000000000000000     
        (1.0000000000066092,-2.30021557356963058E-011)
   3.1415926535897931        0.0000000000000000     
       (0.20156417287157702,-4.43738530354684933E-027)
   1.0000000000000000                1           4
               (0.0000000000000000,0.0000000000000000)
  -1.5707963267948966        0.0000000000000000     
         (1.0000000000024620,2.74574807335170549E-012)
   0.0000000000000000        0.0000000000000000     
               (1.7949265423957397,0.0000000000000000)
   1.5707963267948966        0.0000000000000000     
        (1.0000000000024620,-2.74574807335170549E-012)
   3.1415926535897931        0.0000000000000000     
       (0.20507345759939671,-9.35595111765452475E-028)
   1.0000000000000000                1           4
               (0.0000000000000000,0.0000000000000000)
  -1.5707963267948966        0.0000000000000000     
         (1.0000000000043274,3.18856052672344918E-012)
   0.0000000000000000        0.0000000000000000     
               (1.7829652667874292,0.0000000000000000)
   1.5707963267948966        0.0000000000000000     
        (1.0000000000043274,-3.18856052672344918E-012)
   3.1415926535897931        0.0000000000000000     
       (0.21703473320391964,-1.45015794407333081E-027)
   1.0000000000000000                1           4
               (0.0000000000000000,0.0000000000000000)
  -1.5707963267948966        0.0000000000000000     
        (1.0000000000088241,-4.92939022933570615E-013)
   0.0000000000000000        0.0000000000000000     
               (1.8084336344787735,0.0000000000000000)
   1.5707963267948966        0.0000000000000000     
         (1.0000000000088241,4.92939022933570615E-013)
   3.1415926535897931        0.0000000000000000     
       (0.19156636550350900,-2.10514343714008163E-027)
   1.0000000000000000                1           4
               (0.0000000000000000,0.0000000000000000)
  -1.5707963267948966        0.0000000000000000     
        (0.99999999999924039,9.88376047672545610E-013)
   0.0000000000000000        0.0000000000000000     
               (1.7925439854147540,0.0000000000000000)
   1.5707963267948966        0.0000000000000000     
       (0.99999999999924039,-9.88376047672545610E-013)
   3.1415926535897931        0.0000000000000000     
        (0.20745601458678464,6.61972387220653142E-029)
   1.0000000000000000                1           4
               (0.0000000000000000,0.0000000000000000)
  -1.5707963267948966        0.0000000000000000     
         (1.0000000000045379,1.32299726729456719E-012)
   0.0000000000000000        0.0000000000000000     
               (1.8031198625288669,0.0000000000000000)
   1.5707963267948966        0.0000000000000000     
        (1.0000000000045379,-1.32299726729456719E-012)
   3.1415926535897931        0.0000000000000000     
       (0.19688013746207422,-1.27247103918508228E-027)
   1.0000000000000000                1           4
               (0.0000000000000000,0.0000000000000000)
  -1.5707963267948966        0.0000000000000000     
         (1.0000000000080160,3.42174066858547121E-011)
   0.0000000000000000        0.0000000000000000     
               (1.7886055673188082,0.0000000000000000)
   1.5707963267948966        0.0000000000000000     
        (1.0000000000080160,-3.42174066858547121E-011)
   3.1415926535897931        0.0000000000000000     
       (0.21139443266529487,-6.14552180821153436E-027)
   1.0000000000000000                1           4
               (0.0000000000000000,0.0000000000000000)
  -1.5707963267948966        0.0000000000000000     
         (1.0000000000006843,4.32137658989972806E-012)
   0.0000000000000000        0.0000000000000000     
               (1.8058256214011092,0.0000000000000000)
   1.5707963267948966        0.0000000000000000     
        (1.0000000000006843,-4.32137658989972806E-012)
   3.1415926535897931        0.0000000000000000     
       (0.19417437859750222,-6.98036770326246725E-028)
   1.0000000000000000                1           4
               (0.0000000000000000,0.0000000000000000)
  -1.5707963267948966        0.0000000000000000     
        (0.99999999999913325,5.61678481503236071E-012)
   0.0000000000000000        0.0000000000000000     
               (1.8019582400562102,0.0000000000000000)
   1.5707963267948966        0.0000000000000000     
       (0.99999999999913325,-5.61678481503236071E-012)
   3.1415926535897931        0.0000000000000000     
       (0.19804175994446419,-5.40410624157202014E-028)
   1.0000000000000000                1           4
               (0.0000000000000000,0.0000000000000000)
  -1.5707963267948966        0.0000000000000000     
        (0.99999999999945111,3.22536441998977352E-012)
   0.0000000000000000        0.0000000000000000     
               (1.7950083160880284,0.0000000000000000)
   1.5707963267948966        0.0000000000000000     
       (0.99999999999945111,-3.22536441998977352E-012)
   3.1415926535897931        0.0000000000000000     
       (0.20499168391310507,-2.58373216898182740E-028)
   1.0000000000000000                1           4
               (0.0000000000000000,0.0000000000000000)
  -1.5707963267948966        0.0000000000000000     
        (0.99999999999880917,4.43023395746422466E-012)
   0.0000000000000000        0.0000000000000000     
               (1.8011684832051447,0.0000000000000000)
   1.5707963267948966        0.0000000000000000     
       (0.99999999999880917,-4.43023395746422466E-012)
   3.1415926535897931        0.0000000000000000     
       (0.19883151679727512,-2.48551020040837206E-028)
   1.0000000000000000                1           4
               (0.0000000000000000,0.0000000000000000)
  -1.5707963267948966        0.0000000000000000     
        (1.0000000000050215,-1.09274811421755658E-011)
   0.0000000000000000        0.0000000000000000     
               (1.7981530896502691,0.0000000000000000)
   1.5707963267948966        0.0000000000000000     
         (1.0000000000050215,1.09274811421755658E-011)
   3.1415926535897931        0.0000000000000000     
        (0.20184691033983085,1.17069368876694355E-028)
   1.0000000000000000                1           4
               (0.0000000000000000,0.0000000000000000)
  -1.5707963267948966        0.0000000000000000     
       (0.99999999999786582,-8.86674067501758145E-012)
   0.0000000000000000        0.0000000000000000     
               (1.8017873129192008,0.0000000000000000)
   1.5707963267948966        0.0000000000000000     
        (0.99999999999786582,8.86674067501758145E-012)
   3.1415926535897931        0.0000000000000000     
        (0.19821268708505732,1.60796424013483717E-027)
   1.0000000000000000                1           4
               (0.0000000000000000,0.0000000000000000)
  -1.5707963267948966        0.0000000000000000     
         (1.0000000000011895,4.72238914639433460E-012)
   0.0000000000000000        0.0000000000000000     
               (1.7989944440473069,0.0000000000000000)
   1.5707963267948966        0.0000000000000000     
        (1.0000000000011895,-4.72238914639433460E-012)
   3.1415926535897931        0.0000000000000000     
       (0.20100555595033803,-8.68184037478977587E-028)
   1.0000000000000000                1           4
               (0.0000000000000000,0.0000000000000000)
  -1.5707963267948966        0.0000000000000000     
        (0.99999999999821887,1.08385522779030927E-012)
   0.0000000000000000        0.0000000000000000     
               (1.7918623046777378,0.0000000000000000)
   1.5707963267948966        0.0000000000000000     
       (0.99999999999821887,-1.08385522779030927E-012)
   3.1415926535897931        0.0000000000000000     
        (0.20813769532590692,3.08569670007074702E-028)
   1.0000000000000000                1           4
               (0.0000000000000000,0.0000000000000000)
  -1.5707963267948966        0.0000000000000000     
         (1.0000000000033160,1.19799170583689829E-011)
   0.0000000000000000        0.0000000000000000     
               (1.8074473915475533,0.0000000000000000)
   1.5707963267948966        0.0000000000000000     
        (1.0000000000033160,-1.19799170583689829E-011)
   3.1415926535897931        0.0000000000000000     
       (0.19255260844583597,-2.27797575306846001E-027)
   1.0000000000000000                1           4
               (0.0000000000000000,0.0000000000000000)
  -1.5707963267948966        0.0000000000000000     
       (0.99999999999974587,-1.01402219954138673E-012)
   0.0000000000000000        0.0000000000000000     
               (1.8041269756558520,0.0000000000000000)
   1.5707963267948966        0.0000000000000000     
        (0.99999999999974587,1.01402219954138673E-012)
   3.1415926535897931        0.0000000000000000     
        (0.19587302434466852,1.87171492928650495E-028)
   1.0000000000000000                1           4
               (0.0000000000000000,0.0000000000000000)
  -1.5707963267948966        0.0000000000000000     
         (1.0000000000005067,2.80442336020314542E-012)
   0.0000000000000000        0.0000000000000000     
               (1.7954933012372836,0.0000000000000000)
   1.5707963267948966        0.0000000000000000     
        (1.0000000000005067,-2.80442336020314542E-012)
   3.1415926535897931        0.0000000000000000     
       (0.20450669876166774,-4.69716699017837792E-028)
   1.0000000000000000                1           4
               (0.0000000000000000,0.0000000000000000)
  -1.5707963267948966        0.0000000000000000     
        (1.0000000000006888,-1.10000897279860510E-012)
   0.0000000000000000        0.0000000000000000     
               (1.7906203294974938,0.0000000000000000)
   1.5707963267948966        0.0000000000000000     
         (1.0000000000006888,1.10000897279860510E-012)
   3.1415926535897931        0.0000000000000000     
       (0.20937967050127879,-2.47788493724067556E-029)
   1.0000000000000000                1           4
               (0.0000000000000000,0.0000000000000000)
  -1.5707963267948966        0.0000000000000000     
       (0.99999999999949019,-4.55913085062320432E-013)
   0.0000000000000000        0.0000000000000000     
               (1.7987207873659026,0.0000000000000000)
   1.5707963267948966        0.0000000000000000     
        (0.99999999999949019,4.55913085062320432E-013)
   3.1415926535897931        0.0000000000000000     
        (0.20127921263512943,1.81478976315846836E-028)
   1.0000000000000000                1           4
               (0.0000000000000000,0.0000000000000000)
  -1.5707963267948966        0.0000000000000000     
       (0.99999999999721312,-6.50202114371722928E-012)
   0.0000000000000000        0.0000000000000000     
               (1.7973653877573892,0.0000000000000000)
   1.5707963267948966        0.0000000000000000     
        (0.99999999999721312,6.50202114371722928E-012)
   3.1415926535897931        0.0000000000000000     
        (0.20263461224818974,1.47917300313440084E-027)
   1.0000000000000000                1           4
               (0.0000000000000000,0.0000000000000000)
  -1.5707963267948966        0.0000000000000000     
       (0.99999999999859124,-4.50306458787963341E-013)
   0.0000000000000000        0.0000000000000000     
               (1.7986502796493133,0.0000000000000000)
   1.5707963267948966        0.0000000000000000     
        (0.99999999999859124,4.50306458787963341E-013)
   3.1415926535897931        0.0000000000000000     
        (0.20134972035351653,4.00949516054771163E-028)
   1.0000000000000000                1           4
               (0.0000000000000000,0.0000000000000000)
  -1.5707963267948966        0.0000000000000000     
       (0.99999999999841305,-8.48432435418544426E-013)
   0.0000000000000000        0.0000000000000000     
               (1.8163730818794401,0.0000000000000000)
   1.5707963267948966        0.0000000000000000     
        (0.99999999999841305,8.48432435418544426E-013)
   3.1415926535897931        0.0000000000000000     
        (0.18362691812377188,4.94927934762255014E-028)
   1.0000000000000000                1           4
               (0.0000000000000000,0.0000000000000000)
  -1.5707963267948966        0.0000000000000000     
       (0.99999999999867684,-2.19768647724549586E-013)
   0.0000000000000000        0.0000000000000000     
               (1.8053862651901365,0.0000000000000000)
   1.5707963267948966        0.0000000000000000     
        (0.99999999999867684,2.19768647724549586E-013)
   3.1415926535897931        0.0000000000000000     
        (0.19461373481231908,3.39314443170722196E-028)
   1.0000000000000000                1           4
               (0.0000000000000000,0.0000000000000000)
  -1.5707963267948966        0.0000000000000000     
        (1.0000000000056672,-1.69486646939276458E-012)
   0.0000000000000000        0.0000000000000000     
               (1.7918547349133607,0.0000000000000000)
   1.5707963267948966        0.0000000000000000     
         (1.0000000000056672,1.69486646939276458E-012)
   3.1415926535897931        0.0000000000000000     
       (0.20814526507545680,-1.17120568133348811E-027)
   1.0000000000000000                1           4
               (0.0000000000000000,0.0000000000000000)
  -1.5707963267948966        0.0000000000000000     
         (1.0000000000000138,4.03010957938931824E-013)
   0.0000000000000000        0.0000000000000000     
               (1.8013186021434315,0.0000000000000000)
   1.5707963267948966        0.0000000000000000     
        (1.0000000000000138,-4.03010957938931824E-013)
   3.1415926535897931        0.0000000000000000     
       (0.19868139785664682,-4.62650075482322271E-029)
   1.0000000000000000                1           4
               (0.0000000000000000,0.0000000000000000)
  -1.5707963267948966        0.0000000000000000     
        (0.99999999999745581,3.10312886497854419E-012)
   0.0000000000000000        0.0000000000000000     
               (1.8098156769005189,0.0000000000000000)
   1.5707963267948966        0.0000000000000000     
       (0.99999999999745581,-3.10312886497854419E-012)
   3.1415926535897931        0.0000000000000000     
        (0.19018432310453087,2.40772113906018126E-028)
   1.0000000000000000                1           4
               (0.0000000000000000,0.0000000000000000)
  -1.5707963267948966        0.0000000000000000     
        (1.0000000000023721,-2.46314080243337270E-012)
   0.0000000000000000        0.0000000000000000     
               (1.8012562495531372,0.0000000000000000)
   1.5707963267948966        0.0000000000000000     
         (1.0000000000023721,2.46314080243337270E-012)
   3.1415926535897931        0.0000000000000000     
       (0.19874375044203688,-2.84360366224006207E-028)
   1.0000000000000000                1           4
               (0.0000000000000000,0.0000000000000000)
  -1.5707963267948966        0.0000000000000000     
        (1.0000000000032621,-2.44665399051768913E-012)
   0.0000000000000000        0.0000000000000000     
               (1.8053776369819428,0.0000000000000000)
   1.5707963267948966        0.0000000000000000     
         (1.0000000000032621,2.44665399051768913E-012)
   3.1415926535897931        0.0000000000000000     
       (0.19462236301152908,-4.99602060346263931E-028)
   1.0000000000000000                1           4
               (0.0000000000000000,0.0000000000000000)
  -1.5707963267948966        0.0000000000000000     
        (0.99999999999922851,1.00136565706065994E-012)
   0.0000000000000000        0.0000000000000000     
               (1.7968458415100834,0.0000000000000000)
   1.5707963267948966        0.0000000000000000     
       (0.99999999999922851,-1.00136565706065994E-012)
   3.1415926535897931        0.0000000000000000     
        (0.20315415849151575,6.97699707013475666E-029)
   1.0000000000000000                1           4
               (0.0000000000000000,0.0000000000000000)
  -1.5707963267948966        0.0000000000000000     
         (1.0000000000008413,2.24187335362557860E-012)
   0.0000000000000000        0.0000000000000000     
               (1.7994105017985180,0.0000000000000000)
   1.5707963267948966        0.0000000000000000     
        (1.0000000000008413,-2.24187335362557860E-012)
   3.1415926535897931        0.0000000000000000     
       (0.20058949819979252,-4.81046841221256907E-028)
   1.0000000000000000                1           4
               (0.0000000000000000,0.0000000000000000)
  -1.5707963267948966        0.0000000000000000     
       (0.99999999999883371,-9.17599329852691679E-013)
   0.0000000000000000        0.0000000000000000     
               (1.7823615820480709,0.0000000000000000)
   1.5707963267948966        0.0000000000000000     
        (0.99999999999883371,9.17599329852691679E-013)
   3.1415926535897931        0.0000000000000000     
        (0.21763841795431738,4.01459017626631983E-028)
   1.0000000000000000                1           4
               (0.0000000000000000,0.0000000000000000)
  -1.5707963267948966        0.0000000000000000     
         (1.0000000000023688,2.47230014238652944E-012)
   0.0000000000000000        0.0000000000000000     
               (1.7991652172448731,0.0000000000000000)
   1.5707963267948966        0.0000000000000000     
        (1.0000000000023688,-2.47230014238652944E-012)
   3.1415926535897931        0.0000000000000000     
       (0.20083478275077388,-8.59413687045288450E-028)
   1.0000000000000000                1           4
               (0.0000000000000000,0.0000000000000000)
  -1.5707963267948966        0.0000000000000000     
         (1.0000000000029377,8.97598662064069686E-012)
   0.0000000000000000        0.0000000000000000     
               (1.8030733530239527,0.0000000000000000)
   1.5707963267948966        0.0000000000000000     
        (1.0000000000029377,-8.97598662064069686E-012)
   3.1415926535897931        0.0000000000000000     
       (0.19692664697013473,-1.82104396356651938E-027)
   1.0000000000000000                1           4
               (0.0000000000000000,0.0000000000000000)
  -1.5707963267948966        0.0000000000000000     
         (1.0000000000028335,4.22845092273860246E-012)
   0.0000000000000000        0.0000000000000000     
               (1.7885833035773624,0.0000000000000000)
   1.5707963267948966        0.0000000000000000     
        (1.0000000000028335,-4.22845092273860246E-012)
   3.1415926535897931        0.0000000000000000     
       (0.21141669641699012,-1.21063721790709749E-027)
   1.0000000000000000                1           4
               (0.0000000000000000,0.0000000000000000)
  -1.5707963267948966        0.0000000000000000     
       (0.99999999999965516,-4.98173724494677117E-012)
   0.0000000000000000        0.0000000000000000     
               (1.8099850603580456,0.0000000000000000)
   1.5707963267948966        0.0000000000000000     
        (0.99999999999965516,4.98173724494677117E-012)
   3.1415926535897931        0.0000000000000000     
        (0.19001493964264266,6.94452718332705077E-028)
   1.0000000000000000                1           4
               (0.0000000000000000,0.0000000000000000)
  -1.5707963267948966        0.0000000000000000     
       (0.99999999999847355,-5.49227330282064739E-013)
   0.0000000000000000        0.0000000000000000     
               (1.7875233416898482,0.0000000000000000)
   1.5707963267948966        0.0000000000000000     
        (0.99999999999847355,5.49227330282064739E-013)
   3.1415926535897931        0.0000000000000000     
        (0.21247665831323687,4.43095219068307092E-028)
   1.0000000000000000                1           4
               (0.0000000000000000,0.0000000000000000)
  -1.5707963267948966        0.0000000000000000     
        (1.0000000000011173,-8.58535464942633654E-013)
   0.0000000000000000        0.0000000000000000     
               (1.7910024750872828,0.0000000000000000)
   1.5707963267948966        0.0000000000000000     
         (1.0000000000011173,8.58535464942633654E-013)
   3.1415926535897931        0.0000000000000000     
       (0.20899752491045834,-1.70014643162900385E-028)
   1.0000000000000000                1           4
               (0.0000000000000000,0.0000000000000000)
  -1.5707963267948966        0.0000000000000000     
         (1.0000000000008706,9.26370091747230415E-013)
   0.0000000000000000        0.0000000000000000     
               (1.8036730400834171,0.0000000000000000)
   1.5707963267948966        0.0000000000000000     
        (1.0000000000008706,-9.26370091747230415E-013)
   3.1415926535897931        0.0000000000000000     
       (0.19632695991493410,-3.21024480005111082E-028)
   1.0000000000000000                1           4
               (0.0000000000000000,0.0000000000000000)
  -1.5707963267948966        0.0000000000000000     
         (1.0000000000017610,1.62797553215909809E-012)
   0.0000000000000000        0.0000000000000000     
               (1.7987798158845960,0.0000000000000000)
   1.5707963267948966        0.0000000000000000     
        (1.0000000000017610,-1.62797553215909809E-012)
   3.1415926535897931        0.0000000000000000     
       (0.20122018411190060,-6.29569038686360318E-028)
   1.0000000000000000                1           4
               (0.0000000000000000,0.0000000000000000)
  -1.5707963267948966        0.0000000000000000     
        (1.0000000000026943,-1.40387701463851373E-013)
   0.0000000000000000        0.0000000000000000     
               (1.8034674131452491,0.0000000000000000)
   1.5707963267948966        0.0000000000000000     
         (1.0000000000026943,1.40387701463851373E-013)
   3.1415926535897931        0.0000000000000000     
       (0.19653258684941202,-6.39688963439541570E-028)
   1.0000000000000000                1           4
               (0.0000000000000000,0.0000000000000000)
  -1.5707963267948966        0.0000000000000000     
       (0.99999999999485378,-1.12537756891128993E-011)
   0.0000000000000000        0.0000000000000000     
               (1.7994474738067996,0.0000000000000000)
   1.5707963267948966        0.0000000000000000     
        (0.99999999999485378,1.12537756891128993E-011)
   3.1415926535897931        0.0000000000000000     
        (0.20055252620344380,2.63565722539102333E-027)
   1.0000000000000000                1           4
               (0.0000000000000000,0.0000000000000000)
  -1.5707963267948966        0.0000000000000000     
        (0.99999999999007538,4.79838391242992818E-012)
   0.0000000000000000        0.0000000000000000     
               (1.8038945855232364,0.0000000000000000)
   1.5707963267948966        0.0000000000000000     
       (0.99999999999007538,-4.79838391242992818E-012)
   3.1415926535897931        0.0000000000000000     
        (0.19610541449665259,1.84563069243704551E-027)
   1.0000000000000000                1           4
               (0.0000000000000000,0.0000000000000000)
  -1.5707963267948966        0.0000000000000000     
         (1.0000000000025959,2.82085466096759733E-012)
   0.0000000000000000        0.0000000000000000     
               (1.7983798872496835,0.0000000000000000)
   1.5707963267948966        0.0000000000000000     
        (1.0000000000025959,-2.82085466096759733E-012)
   3.1415926535897931        0.0000000000000000     
       (0.20162011274514588,-9.79945537884061798E-028)
   1.0000000000000000                1           4
               (0.0000000000000000,0.0000000000000000)
  -1.5707963267948966        0.0000000000000000     
         (1.0000000000005902,2.60097499094058549E-012)
   0.0000000000000000        0.0000000000000000     
               (1.8087063868761688,0.0000000000000000)
   1.5707963267948966        0.0000000000000000     
        (1.0000000000005902,-2.60097499094058549E-012)
   3.1415926535897931        0.0000000000000000     
       (0.19129361312265791,-4.62663008161626559E-028)
   1.0000000000000000                1           4
               (0.0000000000000000,0.0000000000000000)
  -1.5707963267948966        0.0000000000000000     
        (1.0000000000071050,-1.16001652727959562E-012)
   0.0000000000000000        0.0000000000000000     
               (1.8087538625066224,0.0000000000000000)
   1.5707963267948966        0.0000000000000000     
         (1.0000000000071050,1.16001652727959562E-012)
   3.1415926535897931        0.0000000000000000     
       (0.19124613747938785,-1.58464342302484127E-027)
   1.0000000000000000                1           4
               (0.0000000000000000,0.0000000000000000)
  -1.5707963267948966        0.0000000000000000     
        (0.99999999999975597,4.22628598784058340E-012)
   0.0000000000000000        0.0000000000000000     
               (1.7913707415145341,0.0000000000000000)
   1.5707963267948966        0.0000000000000000     
       (0.99999999999975597,-4.22628598784058340E-012)
   3.1415926535897931        0.0000000000000000     
       (0.20862925848593691,-4.58844749149044573E-028)
   1.0000000000000000                1           4
               (0.0000000000000000,0.0000000000000000)
  -1.5707963267948966        0.0000000000000000     
        (0.99999999999605071,7.30095983669798443E-011)
   0.0000000000000000        0.0000000000000000     
               (1.7922789243690058,0.0000000000000000)
   1.5707963267948966        0.0000000000000000     
       (0.99999999999605071,-7.30095983669798443E-011)
   3.1415926535897931        0.0000000000000000     
       (0.20772107563910425,-7.96084460938554147E-027)
   1.0000000000000000                1           4
               (0.0000000000000000,0.0000000000000000)
  -1.5707963267948966        0.0000000000000000     
       (0.99999999999962763,-6.29996055323545079E-013)
   0.0000000000000000        0.0000000000000000     
               (1.8087208280497884,0.0000000000000000)
   1.5707963267948966        0.0000000000000000     
        (0.99999999999962763,6.29996055323545079E-013)
   3.1415926535897931        0.0000000000000000     
        (0.19127917195095370,1.68195721125970687E-028)
   1.0000000000000000                1           4
               (0.0000000000000000,0.0000000000000000)
  -1.5707963267948966        0.0000000000000000     
        (0.99999999999663802,2.58870702651847791E-012)
   0.0000000000000000        0.0000000000000000     
               (1.8049498597042948,0.0000000000000000)
   1.5707963267948966        0.0000000000000000     
       (0.99999999999663802,-2.58870702651847791E-012)
   3.1415926535897931        0.0000000000000000     
        (0.19505014030241041,5.05262160917554653E-028)
   1.0000000000000000                1           4
               (0.0000000000000000,0.0000000000000000)
  -1.5707963267948966        0.0000000000000000     
       (0.99999999999977529,-1.69979585962209967E-011)
   0.0000000000000000        0.0000000000000000     
               (1.7987420476616736,0.0000000000000000)
   1.5707963267948966        0.0000000000000000     
        (0.99999999999977529,1.69979585962209967E-011)
   3.1415926535897931        0.0000000000000000     
        (0.20125795233870664,2.13244536671061655E-027)
   1.0000000000000000                1           4
               (0.0000000000000000,0.0000000000000000)
  -1.5707963267948966        0.0000000000000000     
        (0.99999999999881717,8.27227175648204239E-013)
   0.0000000000000000        0.0000000000000000     
               (1.8059891450425107,0.0000000000000000)
   1.5707963267948966        0.0000000000000000     
       (0.99999999999881717,-8.27227175648204239E-013)
   3.1415926535897931        0.0000000000000000     
        (0.19401085495986992,1.89316738410771835E-028)
   1.0000000000000000                1           4
               (0.0000000000000000,0.0000000000000000)
  -1.5707963267948966        0.0000000000000000     
        (1.0000000000076656,-5.77138337121141457E-012)
   0.0000000000000000        0.0000000000000000     
               (1.7912439388804471,0.0000000000000000)
   1.5707963267948966        0.0000000000000000     
         (1.0000000000076656,5.77138337121141457E-012)
   3.1415926535897931        0.0000000000000000     
       (0.20875606110413905,-1.17582115677988431E-027)
   1.0000000000000000                1           4
               (0.0000000000000000,0.0000000000000000)
  -1.5707963267948966        0.0000000000000000     
        (1.0000000000010671,-8.65640892300234656E-013)
   0.0000000000000000        0.0000000000000000     
               (1.8027380264663662,0.0000000000000000)
   1.5707963267948966        0.0000000000000000     
         (1.0000000000010671,8.65640892300234656E-013)
   3.1415926535897931        0.0000000000000000     
       (0.19726197353140537,-1.61146621839080925E-028)
   1.0000000000000000                1           4
               (0.0000000000000000,0.0000000000000000)
  -1.5707963267948966        0.0000000000000000     
       (0.99999999999924871,-4.13169498614251906E-013)
   0.0000000000000000        0.0000000000000000     
               (1.8070509645696802,0.0000000000000000)
   1.5707963267948966        0.0000000000000000     
        (0.99999999999924871,4.13169498614251906E-013)
   3.1415926535897931        0.0000000000000000     
        (0.19294903543151487,2.15780757139790703E-028)
   1.0000000000000000                1           4
               (0.0000000000000000,0.0000000000000000)
  -1.5707963267948966        0.0000000000000000     
         (1.0000000000005906,2.63800092881183446E-012)
   0.0000000000000000        0.0000000000000000     
               (1.8078675180287735,0.0000000000000000)
   1.5707963267948966        0.0000000000000000     
        (1.0000000000005906,-2.63800092881183446E-012)
   3.1415926535897931        0.0000000000000000     
       (0.19213248197008267,-4.65414040234295875E-028)
   1.0000000000000000                1           4
               (0.0000000000000000,0.0000000000000000)
  -1.5707963267948966        0.0000000000000000     
         (1.0000000000002016,1.80355730350356655E-013)
   0.0000000000000000        0.0000000000000000     
               (1.8048961195483062,0.0000000000000000)
   1.5707963267948966        0.0000000000000000     
        (1.0000000000002016,-1.80355730350356655E-013)
   3.1415926535897931        0.0000000000000000     
       (0.19510388045135726,-6.73700603534796119E-029)
   1.0000000000000000                1           4
               (0.0000000000000000,0.0000000000000000)
  -1.5707963267948966        0.0000000000000000     
        (1.0000000000032829,-3.67594843453389734E-013)
   0.0000000000000000        0.0000000000000000     
               (1.7939770878554895,0.0000000000000000)
   1.5707963267948966        0.0000000000000000     
         (1.0000000000032829,3.67594843453389734E-013)
   3.1415926535897931        0.0000000000000000     
       (0.20602291213799170,-7.56205500164676419E-028)
   1.0000000000000000                1           4
               (0.0000000000000000,0.0000000000000000)
  -1.5707963267948966        0.0000000000000000     
        (0.99999999999997513,2.94726465455141806E-011)
   0.0000000000000000        0.0000000000000000     
               (1.8125192017056693,0.0000000000000000)
   1.5707963267948966        0.0000000000000000     
       (0.99999999999997513,-2.94726465455141806E-011)
   3.1415926535897931        0.0000000000000000     
       (0.18748079829426631,-3.61026405664059363E-027)
   1.0000000000000000                1           4
               (0.0000000000000000,0.0000000000000000)
  -1.5707963267948966        0.0000000000000000     
       (0.99999999999983313,-6.07458527923654401E-013)
   0.0000000000000000        0.0000000000000000     
               (1.7976500693521607,0.0000000000000000)
   1.5707963267948966        0.0000000000000000     
        (0.99999999999983313,6.07458527923654401E-013)
   3.1415926535897931        0.0000000000000000     
        (0.20234993064823947,1.19331755268210132E-028)
   1.0000000000000000                1           4
               (0.0000000000000000,0.0000000000000000)
  -1.5707963267948966        0.0000000000000000     
         (1.0000000000022955,1.65134572682745764E-012)
   0.0000000000000000        0.0000000000000000     
               (1.7971972071248190,0.0000000000000000)
   1.5707963267948966        0.0000000000000000     
        (1.0000000000022955,-1.65134572682745764E-012)
   3.1415926535897931        0.0000000000000000     
       (0.20280279287168129,-6.97643949366448699E-028)
   1.0000000000000000                1           4
               (0.0000000000000000,0.0000000000000000)
  -1.5707963267948966        0.0000000000000000     
       (0.99999999999676892,-8.18789480661048910E-014)
   0.0000000000000000        0.0000000000000000     
               (1.8012029558885989,0.0000000000000000)
   1.5707963267948966        0.0000000000000000     
        (0.99999999999676892,8.18789480661048910E-014)
   3.1415926535897931        0.0000000000000000     
        (0.19879704411816726,8.20021027981571482E-028)
   1.0000000000000000                1           4
               (0.0000000000000000,0.0000000000000000)
  -1.5707963267948966        0.0000000000000000     
         (1.0000000000035087,5.69672087280537117E-012)
   0.0000000000000000        0.0000000000000000     
               (1.8027664995933672,0.0000000000000000)
   1.5707963267948966        0.0000000000000000     
        (1.0000000000035087,-5.69672087280537117E-012)
   3.1415926535897931        0.0000000000000000     
       (0.19723350039975659,-1.54837003494049997E-027)
   1.0000000000000000                1           4
               (0.0000000000000000,0.0000000000000000)
  -1.5707963267948966        0.0000000000000000     
         (1.0000000000028744,2.80386824869082931E-013)
   0.0000000000000000        0.0000000000000000     
               (1.7796526728386168,0.0000000000000000)
   1.5707963267948966        0.0000000000000000     
        (1.0000000000028744,-2.80386824869082931E-013)
   3.1415926535897931        0.0000000000000000     
       (0.22034732715590619,-7.21727934578571586E-028)
   1.0000000000000000                1           4
               (0.0000000000000000,0.0000000000000000)
  -1.5707963267948966        0.0000000000000000     
        (1.0000000000102878,-1.31672450720543687E-012)
   0.0000000000000000        0.0000000000000000     
               (1.8139824094961698,0.0000000000000000)
   1.5707963267948966        0.0000000000000000     
         (1.0000000000102878,1.31672450720543687E-012)
   3.1415926535897931        0.0000000000000000     
       (0.18601759048321087,-2.36120458408474150E-027)
   1.0000000000000000                1           4
               (0.0000000000000000,0.0000000000000000)
  -1.5707963267948966        0.0000000000000000     
        (0.99999999999895561,3.21576099082676743E-013)
   0.0000000000000000        0.0000000000000000     
               (1.8183193754948550,0.0000000000000000)
   1.5707963267948966        0.0000000000000000     
       (0.99999999999895561,-3.21576099082676743E-013)
   3.1415926535897931        0.0000000000000000     
        (0.18168062450720762,2.14803190378017181E-028)
   1.0000000000000000                1           4
               (0.0000000000000000,0.0000000000000000)
  -1.5707963267948966        0.0000000000000000     
        (0.99999999999825417,2.11686224105278638E-012)
   0.0000000000000000        0.0000000000000000     
               (1.8124142448109719,0.0000000000000000)
   1.5707963267948966        0.0000000000000000     
       (0.99999999999825417,-2.11686224105278638E-012)
   3.1415926535897931        0.0000000000000000     
        (0.18758575519257312,1.71637816609527498E-028)
   1.0000000000000000                1           4
               (0.0000000000000000,0.0000000000000000)
  -1.5707963267948966        0.0000000000000000     
         (1.0000000000011009,1.02085007114283124E-012)
   0.0000000000000000        0.0000000000000000     
               (1.7934440582630422,0.0000000000000000)
   1.5707963267948966        0.0000000000000000     
        (1.0000000000011009,-1.02085007114283124E-012)
   3.1415926535897931        0.0000000000000000     
       (0.20655594173479591,-3.92209467943622015E-028)
   1.0000000000000000                1           4
               (0.0000000000000000,0.0000000000000000)
  -1.5707963267948966        0.0000000000000000     
        (0.99999999999947065,1.65212288294469545E-012)
   0.0000000000000000        0.0000000000000000     
               (1.8105616858280396,0.0000000000000000)
   1.5707963267948966        0.0000000000000000     
       (0.99999999999947065,-1.65212288294469545E-012)
   3.1415926535897931        0.0000000000000000     
       (0.18943831417300441,-7.35781505577614748E-029)
   1.0000000000000000                1           4
               (0.0000000000000000,0.0000000000000000)
  -1.5707963267948966        0.0000000000000000     
       (0.99999999999794720,-2.17265094804019969E-012)
   0.0000000000000000        0.0000000000000000     
               (1.7987012271111897,0.0000000000000000)
   1.5707963267948966        0.0000000000000000     
        (0.99999999999794720,2.17265094804019969E-012)
   3.1415926535897931        0.0000000000000000     
        (0.20129877289291129,7.68586660728194206E-028)
   1.0000000000000000                1           4
               (0.0000000000000000,0.0000000000000000)
  -1.5707963267948966        0.0000000000000000     
         (1.0000000000031761,8.15292278133483302E-013)
   0.0000000000000000        0.0000000000000000     
               (1.7999329231684853,0.0000000000000000)
   1.5707963267948966        0.0000000000000000     
        (1.0000000000031761,-8.15292278133483302E-013)
   3.1415926535897931        0.0000000000000000     
       (0.20006707682516250,-8.77774523606554528E-028)
   1.0000000000000000                1           4
               (0.0000000000000000,0.0000000000000000)
  -1.5707963267948966        0.0000000000000000     
        (0.99999999999945166,3.50230955348251882E-012)
   0.0000000000000000        0.0000000000000000     
               (1.7936777688130563,0.0000000000000000)
   1.5707963267948966        0.0000000000000000     
       (0.99999999999945166,-3.50230955348251882E-012)
   3.1415926535897931        0.0000000000000000     
       (0.20632223118813917,-2.88564737297685297E-028)
   1.0000000000000000                1           4
               (0.0000000000000000,0.0000000000000000)
  -1.5707963267948966        0.0000000000000000     
       (0.99999999999971900,-1.06026298851702103E-014)
   0.0000000000000000        0.0000000000000000     
               (1.8047307182385262,0.0000000000000000)
   1.5707963267948966        0.0000000000000000     
        (0.99999999999971900,1.06026298851702103E-014)
   3.1415926535897931        0.0000000000000000     
        (0.19526928176205191,7.11054203082687640E-029)
   1.0000000000000000                1           4
               (0.0000000000000000,0.0000000000000000)
  -1.5707963267948966        0.0000000000000000     
         (1.0000000000005338,4.51250148358894825E-013)
   0.0000000000000000        0.0000000000000000     
               (1.7872419635476380,0.0000000000000000)
   1.5707963267948966        0.0000000000000000     
        (1.0000000000005338,-4.51250148358894825E-013)
   3.1415926535897931        0.0000000000000000     
       (0.21275803645134589,-1.82862077624490943E-028)
   1.0000000000000000                1           4
               (0.0000000000000000,0.0000000000000000)
  -1.5707963267948966        0.0000000000000000     
        (0.99999999999876454,3.76593201067976224E-012)
   0.0000000000000000        0.0000000000000000     
               (1.8019953306113969,0.0000000000000000)
   1.5707963267948966        0.0000000000000000     
       (0.99999999999876454,-3.76593201067976224E-012)
   3.1415926535897931        0.0000000000000000     
       (0.19800466939108993,-1.57605466937733894E-028)
   1.0000000000000000                1           4
               (0.0000000000000000,0.0000000000000000)
  -1.5707963267948966        0.0000000000000000     
         (1.0000000000016676,3.93374222085185465E-012)
   0.0000000000000000        0.0000000000000000     
               (1.7929147809421029,0.0000000000000000)
   1.5707963267948966        0.0000000000000000     
        (1.0000000000016676,-3.93374222085185465E-012)
   3.1415926535897931        0.0000000000000000     
       (0.20708521905452185,-8.92649769772334017E-028)
   1.0000000000000000                1           4
               (0.0000000000000000,0.0000000000000000)
  -1.5707963267948966        0.0000000000000000     
         (1.0000000000016580,1.00752739484732754E-013)
   0.0000000000000000        0.0000000000000000     
               (1.8004169773449863,0.0000000000000000)
   1.5707963267948966        0.0000000000000000     
        (1.0000000000016580,-1.00752739484732754E-013)
   3.1415926535897931        0.0000000000000000     
       (0.19958302265173580,-4.16112904800953767E-028)
   1.0000000000000000                1           4
               (0.0000000000000000,0.0000000000000000)
  -1.5707963267948966        0.0000000000000000     
         (1.0000000000020424,1.76947345664757429E-012)
   0.0000000000000000        0.0000000000000000     
               (1.8043121355679497,0.0000000000000000)
   1.5707963267948966        0.0000000000000000     
        (1.0000000000020424,-1.76947345664757429E-012)
   3.1415926535897931        0.0000000000000000     
       (0.19568786442765812,-7.35752069295994515E-028)
   1.0000000000000000                1           4
               (0.0000000000000000,0.0000000000000000)
  -1.5707963267948966        0.0000000000000000     
        (0.99999999999916023,8.22508727793547324E-013)
   0.0000000000000000        0.0000000000000000     
               (1.8011535568786570,0.0000000000000000)
   1.5707963267948966        0.0000000000000000     
       (0.99999999999916023,-8.22508727793547324E-013)
   3.1415926535897931        0.0000000000000000     
        (0.19884644312301797,1.04668868435504120E-028)
   1.0000000000000000                1           4
               (0.0000000000000000,0.0000000000000000)
  -1.5707963267948966        0.0000000000000000     
        (0.99999999999953482,1.45006229246291696E-012)
   0.0000000000000000        0.0000000000000000     
               (1.8061156761384909,0.0000000000000000)
   1.5707963267948966        0.0000000000000000     
       (0.99999999999953482,-1.45006229246291696E-012)
   3.1415926535897931        0.0000000000000000     
       (0.19388432386259216,-5.42888321728732972E-029)
   1.0000000000000000                1           4
               (0.0000000000000000,0.0000000000000000)
  -1.5707963267948966        0.0000000000000000     
        (0.99999999999926181,8.15347789284715064E-013)
   0.0000000000000000        0.0000000000000000     
               (1.7985935928804606,0.0000000000000000)
   1.5707963267948966        0.0000000000000000     
       (0.99999999999926181,-8.15347789284715064E-013)
   3.1415926535897931        0.0000000000000000     
        (0.20140640712101501,8.09029596933696160E-029)
   1.0000000000000000                1           4
               (0.0000000000000000,0.0000000000000000)
  -1.5707963267948966        0.0000000000000000     
       (0.99999999999230282,-3.67311736582109835E-012)
   0.0000000000000000        0.0000000000000000     
               (1.8040301520242286,0.0000000000000000)
   1.5707963267948966        0.0000000000000000     
        (0.99999999999230282,3.67311736582109835E-012)
   3.1415926535897931        0.0000000000000000     
        (0.19596984799337649,2.47046382538835493E-027)
   1.0000000000000000                1           4
               (0.0000000000000000,0.0000000000000000)
  -1.5707963267948966        0.0000000000000000     
         (1.0000000000025844,1.50379708685477125E-013)
   0.0000000000000000        0.0000000000000000     
               (1.7998555590537082,0.0000000000000000)
   1.5707963267948966        0.0000000000000000     
        (1.0000000000025844,-1.50379708685477125E-013)
   3.1415926535897931        0.0000000000000000     
       (0.20014444094110595,-6.52468411547176369E-028)
   1.0000000000000000                1           4
               (0.0000000000000000,0.0000000000000000)
  -1.5707963267948966        0.0000000000000000     
       (0.99999999999968192,-1.18688392447552360E-012)
   0.0000000000000000        0.0000000000000000     
               (1.7950389052884259,0.0000000000000000)
   1.5707963267948966        0.0000000000000000     
        (0.99999999999968192,1.18688392447552360E-012)
   3.1415926535897931        0.0000000000000000     
        (0.20496109471221044,2.23267000588892041E-028)
   1.0000000000000000                1           4
               (0.0000000000000000,0.0000000000000000)
  -1.5707963267948966        0.0000000000000000     
         (1.0000000000020297,7.06157354812830616E-013)
   0.0000000000000000        0.0000000000000000     
               (1.8077176313594372,0.0000000000000000)
   1.5707963267948966        0.0000000000000000     
        (1.0000000000020297,-7.06157354812830616E-013)
   3.1415926535897931        0.0000000000000000     
       (0.19228236863650691,-5.83377591564089416E-028)
   1.0000000000000000                1           4
               (0.0000000000000000,0.0000000000000000)
  -1.5707963267948966        0.0000000000000000     
        (0.99999999999963241,2.73336908662713591E-013)
   0.0000000000000000        0.0000000000000000     
               (1.7941654293118134,0.0000000000000000)
   1.5707963267948966        0.0000000000000000     
       (0.99999999999963241,-2.73336908662713591E-013)
   3.1415926535897931        0.0000000000000000     
        (0.20583457068900005,6.13503374500346749E-029)
   1.0000000000000000                1           4
               (0.0000000000000000,0.0000000000000000)
  -1.5707963267948966        0.0000000000000000     
        (1.0000000000006732,-2.01644256847544057E-012)
   0.0000000000000000        0.0000000000000000     
               (1.7971126145468621,0.0000000000000000)
   1.5707963267948966        0.0000000000000000     
         (1.0000000000006732,2.01644256847544057E-012)
   3.1415926535897931        0.0000000000000000     
        (0.20288738545184637,8.54127447817401192E-029)
   1.0000000000000000                1           4
               (0.0000000000000000,0.0000000000000000)
  -1.5707963267948966        0.0000000000000000     
         (1.0000000000072393,6.98124891229667729E-012)
   0.0000000000000000        0.0000000000000000     
               (1.8047625919060302,0.0000000000000000)
   1.5707963267948966        0.0000000000000000     
        (1.0000000000072393,-6.98124891229667729E-012)
   3.1415926535897931        0.0000000000000000     
       (0.19523740807953219,-2.62555012670656201E-027)
   1.0000000000000000                1           4
               (0.0000000000000000,0.0000000000000000)
  -1.5707963267948966        0.0000000000000000     
        (0.99999999999982858,1.79837811309369044E-011)
   0.0000000000000000        0.0000000000000000     
               (1.7935552969448334,0.0000000000000000)
   1.5707963267948966        0.0000000000000000     
       (0.99999999999982858,-1.79837811309369044E-011)
   3.1415926535897931        0.0000000000000000     
       (0.20644470305566848,-2.15065547290263517E-027)
   1.0000000000000000                1           4
               (0.0000000000000000,0.0000000000000000)
  -1.5707963267948966        0.0000000000000000     
       (0.99999999999919886,-6.00741678624672103E-013)
   0.0000000000000000        0.0000000000000000     
               (1.8044391282445904,0.0000000000000000)
   1.5707963267948966        0.0000000000000000     
        (0.99999999999919886,6.00741678624672103E-013)
   3.1415926535897931        0.0000000000000000     
        (0.19556087175709344,2.74787587308841075E-028)
   1.0000000000000000                1           4
               (0.0000000000000000,0.0000000000000000)
  -1.5707963267948966        0.0000000000000000     
        (0.99999999999964340,1.67177383048056072E-012)
   0.0000000000000000        0.0000000000000000     
               (1.8035843213957798,0.0000000000000000)
   1.5707963267948966        0.0000000000000000     
       (0.99999999999964340,-1.67177383048056072E-012)
   3.1415926535897931        0.0000000000000000     
       (0.19641567860495290,-1.16200109955580330E-028)
   1.0000000000000000                1           4
               (0.0000000000000000,0.0000000000000000)
  -1.5707963267948966        0.0000000000000000     
        (1.0000000000013882,-1.50923717967543800E-012)
   0.0000000000000000        0.0000000000000000     
               (1.7943566112990597,0.0000000000000000)
   1.5707963267948966        0.0000000000000000     
         (1.0000000000013882,1.50923717967543800E-012)
   3.1415926535897931        0.0000000000000000     
       (0.20564338869820661,-1.52557146582960642E-028)
   1.0000000000000000                1           4
               (0.0000000000000000,0.0000000000000000)
  -1.5707963267948966        0.0000000000000000     
         (1.0000000000004048,5.50015588629548802E-012)
   0.0000000000000000        0.0000000000000000     
               (1.7879036339108711,0.0000000000000000)
   1.5707963267948966        0.0000000000000000     
        (1.0000000000004048,-5.50015588629548802E-012)
   3.1415926535897931        0.0000000000000000     
       (0.21209636608831040,-7.73291523078450521E-028)
   1.0000000000000000                1           4
               (0.0000000000000000,0.0000000000000000)
  -1.5707963267948966        0.0000000000000000     
        (0.99999999999936473,1.10611519943404346E-012)
   0.0000000000000000        0.0000000000000000     
               (1.8001331420217035,0.0000000000000000)
   1.5707963267948966        0.0000000000000000     
       (0.99999999999936473,-1.10611519943404346E-012)
   3.1415926535897931        0.0000000000000000     
        (0.19986685797961137,2.28482931992062648E-029)
   1.0000000000000000                1           4
               (0.0000000000000000,0.0000000000000000)
  -1.5707963267948966        0.0000000000000000     
        (0.99999999999286648,1.49121825998577151E-011)
   0.0000000000000000        0.0000000000000000     
               (1.7910238069661233,0.0000000000000000)
   1.5707963267948966        0.0000000000000000     
       (0.99999999999286648,-1.49121825998577151E-011)
   3.1415926535897931        0.0000000000000000     
       (0.20897619304819434,-7.59207103660663382E-029)
   1.0000000000000000                1           4
               (0.0000000000000000,0.0000000000000000)
  -1.5707963267948966        0.0000000000000000     
         (1.0000000000025970,6.57918164392867463E-013)
   0.0000000000000000        0.0000000000000000     
               (1.8073501150375455,0.0000000000000000)
   1.5707963267948966        0.0000000000000000     
        (1.0000000000025970,-6.57918164392867463E-013)
   3.1415926535897931        0.0000000000000000     
       (0.19264988495731647,-7.13225452021147122E-028)
   1.0000000000000000                1           4
               (0.0000000000000000,0.0000000000000000)
  -1.5707963267948966        0.0000000000000000     
       (0.99999999999698264,-6.83547662916339505E-012)
   0.0000000000000000        0.0000000000000000     
               (1.7968480112764540,0.0000000000000000)
   1.5707963267948966        0.0000000000000000     
        (0.99999999999698264,6.83547662916339505E-012)
   3.1415926535897931        0.0000000000000000     
        (0.20315198872962162,1.57865315269501633E-027)
   1.0000000000000000                1           4
               (0.0000000000000000,0.0000000000000000)
  -1.5707963267948966        0.0000000000000000     
       (0.99999999999938993,-6.61359855769205751E-012)
   0.0000000000000000        0.0000000000000000     
               (1.8006386056663224,0.0000000000000000)
   1.5707963267948966        0.0000000000000000     
        (0.99999999999938993,6.61359855769205751E-012)
   3.1415926535897931        0.0000000000000000     
        (0.19936139433481925,9.54542530381514368E-028)
   1.0000000000000000                1           4
               (0.0000000000000000,0.0000000000000000)
  -1.5707963267948966        0.0000000000000000     
         (1.0000000000009357,1.03972386256145890E-012)
   0.0000000000000000        0.0000000000000000     
               (1.7929333066184521,0.0000000000000000)
   1.5707963267948966        0.0000000000000000     
        (1.0000000000009357,-1.03972386256145890E-012)
   3.1415926535897931        0.0000000000000000     
       (0.20706669337964281,-3.58552106902253570E-028)
   1.0000000000000000                1           4
               (0.0000000000000000,0.0000000000000000)
  -1.5707963267948966        0.0000000000000000     
        (1.0000000000174076,-8.29649682287936230E-011)
   0.0000000000000000        0.0000000000000000     
               (1.8066432375615140,0.0000000000000000)
   1.5707963267948966        0.0000000000000000     
         (1.0000000000174076,8.29649682287936230E-011)
   3.1415926535897931        0.0000000000000000     
        (0.19335676240366176,5.89606875000415802E-027)
   1.0000000000000000                1           4
               (0.0000000000000000,0.0000000000000000)
  -1.5707963267948966        0.0000000000000000     
        (1.0000000000006199,-1.33132393997925647E-012)
   0.0000000000000000        0.0000000000000000     
               (1.7959718530736946,0.0000000000000000)
   1.5707963267948966        0.0000000000000000     
         (1.0000000000006199,1.33132393997925647E-012)
   3.1415926535897931        0.0000000000000000     
        (0.20402814692506638,1.12361628557543520E-029)
   1.0000000000000000                1           4
               (0.0000000000000000,0.0000000000000000)
  -1.5707963267948966        0.0000000000000000     
         (1.0000000000032776,3.02319280720553211E-012)
   0.0000000000000000        0.0000000000000000     
               (1.8068316177557882,0.0000000000000000)
   1.5707963267948966        0.0000000000000000     
        (1.0000000000032776,-3.02319280720553211E-012)
   3.1415926535897931        0.0000000000000000     
       (0.19316838223768942,-1.17102339629871484E-027)
   1.0000000000000000                1           4
               (0.0000000000000000,0.0000000000000000)
  -1.5707963267948966        0.0000000000000000     
        (0.99999999999728373,5.74362779559578485E-012)
   0.0000000000000000        0.0000000000000000     
               (1.7987163020025898,0.0000000000000000)
   1.5707963267948966        0.0000000000000000     
       (0.99999999999728373,-5.74362779559578485E-012)
   3.1415926535897931        0.0000000000000000     
       (0.20128369800283452,-3.85869922052287667E-029)
   1.0000000000000000                1           4
               (0.0000000000000000,0.0000000000000000)
  -1.5707963267948966        0.0000000000000000     
         (1.0000000000017641,6.72878419649691750E-012)
   0.0000000000000000        0.0000000000000000     
               (1.8191381784761920,0.0000000000000000)
   1.5707963267948966        0.0000000000000000     
        (1.0000000000017641,-6.72878419649691750E-012)
   3.1415926535897931        0.0000000000000000     
       (0.18086182152030472,-1.25459467767032684E-027)
   1.0000000000000000                1           4
               (0.0000000000000000,0.0000000000000000)
  -1.5707963267948966        0.0000000000000000     
         (1.0000000000019575,6.13065154198011240E-013)
   0.0000000000000000        0.0000000000000000     
               (1.7893177217806187,0.0000000000000000)
   1.5707963267948966        0.0000000000000000     
        (1.0000000000019575,-6.13065154198011240E-013)
   3.1415926535897931        0.0000000000000000     
       (0.21068227821550342,-5.52274128383478630E-028)
   1.0000000000000000                1           4
               (0.0000000000000000,0.0000000000000000)
  -1.5707963267948966        0.0000000000000000     
         (1.0000000000038165,8.54449844212012977E-011)
   0.0000000000000000        0.0000000000000000     
               (1.8154450934185844,0.0000000000000000)
   1.5707963267948966        0.0000000000000000     
        (1.0000000000038165,-8.54449844212012977E-011)
   3.1415926535897931        0.0000000000000000     
       (0.18455490657390705,-1.13911384949721484E-026)
   1.0000000000000000                1           4
               (0.0000000000000000,0.0000000000000000)
  -1.5707963267948966        0.0000000000000000     
        (1.0000000000010094,-2.67069699688704532E-012)
   0.0000000000000000        0.0000000000000000     
               (1.7947693189605420,0.0000000000000000)
   1.5707963267948966        0.0000000000000000     
         (1.0000000000010094,2.67069699688704532E-012)
   3.1415926535897931        0.0000000000000000     
        (0.20523068103744097,7.99578543340349551E-029)
   1.0000000000000000                1           4
               (0.0000000000000000,0.0000000000000000)
  -1.5707963267948966        0.0000000000000000     
         (1.0000000000002900,1.51534340631087616E-012)
   0.0000000000000000        0.0000000000000000     
               (1.8175494778693397,0.0000000000000000)
   1.5707963267948966        0.0000000000000000     
        (1.0000000000002900,-1.51534340631087616E-012)
   3.1415926535897931        0.0000000000000000     
       (0.18245052213017007,-2.51116366797553410E-028)
   1.0000000000000000                1           4
               (0.0000000000000000,0.0000000000000000)
  -1.5707963267948966        0.0000000000000000     
        (1.0000000000004012,-1.28697053014548146E-012)
   0.0000000000000000        0.0000000000000000     
               (1.8071476970640872,0.0000000000000000)
   1.5707963267948966        0.0000000000000000     
         (1.0000000000004012,1.28697053014548146E-012)
   3.1415926535897931        0.0000000000000000     
        (0.19285230293518707,6.40327439041807550E-029)
   1.0000000000000000                1           4
               (0.0000000000000000,0.0000000000000000)
  -1.5707963267948966        0.0000000000000000     
       (0.99999999999992717,-5.83694204081552925E-012)
   0.0000000000000000        0.0000000000000000     
               (1.7914644959749590,0.0000000000000000)
   1.5707963267948966        0.0000000000000000     
        (0.99999999999992717,5.83694204081552925E-012)
   3.1415926535897931        0.0000000000000000     
        (0.20853550402532967,7.41412815550997320E-028)
   1.0000000000000000                1           4
               (0.0000000000000000,0.0000000000000000)
  -1.5707963267948966        0.0000000000000000     
        (0.99999999999937306,1.17084120176969009E-012)
   0.0000000000000000        0.0000000000000000     
               (1.8005305617356859,0.0000000000000000)
   1.5707963267948966        0.0000000000000000     
       (0.99999999999937306,-1.17084120176969009E-012)
   3.1415926535897931        0.0000000000000000     
        (0.19946943826599436,3.62846830494200873E-029)
   1.0000000000000000                1           4
               (0.0000000000000000,0.0000000000000000)
  -1.5707963267948966        0.0000000000000000     
         (1.0000000000020119,1.31313848683589640E-011)
   0.0000000000000000        0.0000000000000000     
               (1.8043057148156700,0.0000000000000000)
   1.5707963267948966        0.0000000000000000     
        (1.0000000000020119,-1.31313848683589640E-011)
   3.1415926535897931        0.0000000000000000     
       (0.19569428518034868,-2.09832121667753455E-027)
   1.0000000000000000                1           4
               (0.0000000000000000,0.0000000000000000)
  -1.5707963267948966        0.0000000000000000     
        (1.0000000000005824,-2.39863684470265071E-012)
   0.0000000000000000        0.0000000000000000     
               (1.8019281384251582,0.0000000000000000)
   1.5707963267948966        0.0000000000000000     
         (1.0000000000005824,2.39863684470265071E-012)
   3.1415926535897931        0.0000000000000000     
        (0.19807186157405079,1.74000629702383824E-028)
   1.0000000000000000                1           4
               (0.0000000000000000,0.0000000000000000)
  -1.5707963267948966        0.0000000000000000     
         (1.0000000000028368,4.71661598666628379E-012)
   0.0000000000000000        0.0000000000000000     
               (1.8095478016388475,0.0000000000000000)
   1.5707963267948966        0.0000000000000000     
        (1.0000000000028368,-4.71661598666628379E-012)
   3.1415926535897931        0.0000000000000000     
       (0.19045219835545268,-1.27404794376382905E-027)
   1.0000000000000000                1           4
               (0.0000000000000000,0.0000000000000000)
  -1.5707963267948966        0.0000000000000000     
       (0.99999999999866040,-1.88878357398891694E-011)
   0.0000000000000000        0.0000000000000000     
               (1.8021490584912456,0.0000000000000000)
   1.5707963267948966        0.0000000000000000     
        (0.99999999999866040,1.88878357398891694E-011)
   3.1415926535897931        0.0000000000000000     
        (0.19785094151148863,2.64456929907453877E-027)
   1.0000000000000000                1           4
               (0.0000000000000000,0.0000000000000000)
  -1.5707963267948966        0.0000000000000000     
        (0.99999999999998046,7.20012938160152771E-012)
   0.0000000000000000        0.0000000000000000     
               (1.7914895657207228,0.0000000000000000)
   1.5707963267948966        0.0000000000000000     
       (0.99999999999998046,-7.20012938160152771E-012)
   3.1415926535897931        0.0000000000000000     
       (0.20851043427949664,-8.65930549817846908E-028)
   1.0000000000000000                1           4
               (0.0000000000000000,0.0000000000000000)
  -1.5707963267948966        0.0000000000000000     
       (0.99999999999906863,-3.90459886645544429E-012)
   0.0000000000000000        0.0000000000000000     
               (1.7987429737980878,0.0000000000000000)
   1.5707963267948966        0.0000000000000000     
        (0.99999999999906863,3.90459886645544429E-012)
   3.1415926535897931        0.0000000000000000     
        (0.20125702620384242,7.10416644390488520E-028)
   1.0000000000000000                1           4
               (0.0000000000000000,0.0000000000000000)
  -1.5707963267948966        0.0000000000000000     
       (0.99999999999921141,-4.18681755931515909E-012)
   0.0000000000000000        0.0000000000000000     
               (1.7914301742885526,0.0000000000000000)
   1.5707963267948966        0.0000000000000000     
        (0.99999999999921141,4.18681755931515909E-012)
   3.1415926535897931        0.0000000000000000     
        (0.20856982571315705,7.13994859091144879E-028)
   1.0000000000000000                1           4
               (0.0000000000000000,0.0000000000000000)
  -1.5707963267948966        0.0000000000000000     
        (0.99999999999959044,4.15389944663502370E-013)
   0.0000000000000000        0.0000000000000000     
               (1.7942104721066174,0.0000000000000000)
   1.5707963267948966        0.0000000000000000     
       (0.99999999999959044,-4.15389944663502370E-013)
   3.1415926535897931        0.0000000000000000     
        (0.20578952789423161,5.12756863091596063E-029)
   1.0000000000000000                1           4
               (0.0000000000000000,0.0000000000000000)
  -1.5707963267948966        0.0000000000000000     
        (1.0000000000005302,-4.56518156610741244E-012)
   0.0000000000000000        0.0000000000000000     
               (1.8052167310085188,0.0000000000000000)
   1.5707963267948966        0.0000000000000000     
         (1.0000000000005302,4.56518156610741244E-012)
   3.1415926535897931        0.0000000000000000     
        (0.19478326899040066,4.27966153481537001E-028)
   1.0000000000000000                1           4
               (0.0000000000000000,0.0000000000000000)
  -1.5707963267948966        0.0000000000000000     
         (1.0000000000000624,2.69395616925294235E-012)
   0.0000000000000000        0.0000000000000000     
               (1.7988605612209194,0.0000000000000000)
   1.5707963267948966        0.0000000000000000     
        (1.0000000000000624,-2.69395616925294235E-012)
   3.1415926535897931        0.0000000000000000     
       (0.20113943877925156,-3.27109275673758194E-028)
   1.0000000000000000                1           4
               (0.0000000000000000,0.0000000000000000)
  -1.5707963267948966        0.0000000000000000     
        (1.0000000000008158,-1.90991666926265680E-012)
   0.0000000000000000        0.0000000000000000     
               (1.7979371858390139,0.0000000000000000)
   1.5707963267948966        0.0000000000000000     
         (1.0000000000008158,1.90991666926265680E-012)
   3.1415926535897931        0.0000000000000000     
        (0.20206281415966357,5.30214227747858377E-029)
   1.0000000000000000                1           4
               (0.0000000000000000,0.0000000000000000)
  -1.5707963267948966        0.0000000000000000     
        (0.99999999999928335,1.36524125338155500E-012)
   0.0000000000000000        0.0000000000000000     
               (1.7951285671525208,0.0000000000000000)
   1.5707963267948966        0.0000000000000000     
       (0.99999999999928335,-1.36524125338155500E-012)
   3.1415926535897931        0.0000000000000000     
        (0.20487143284895495,1.09443827685940927E-029)
   1.0000000000000000                1           4
               (0.0000000000000000,0.0000000000000000)
  -1.5707963267948966        0.0000000000000000     
        (1.0000000000011995,-8.61755111714046608E-013)
   0.0000000000000000        0.0000000000000000     
               (1.8075876072665864,0.0000000000000000)
   1.5707963267948966        0.0000000000000000     
         (1.0000000000011995,8.61755111714046608E-013)
   3.1415926535897931        0.0000000000000000     
       (0.19241239273107383,-1.84628539446078013E-028)
   1.0000000000000000                1           4
               (0.0000000000000000,0.0000000000000000)
  -1.5707963267948966        0.0000000000000000     
         (1.0000000000066092,2.30021557356963058E-011)
   0.0000000000000000        0.0000000000000000     
               (1.7984358271151775,0.0000000000000000)
   1.5707963267948966        0.0000000000000000     
        (1.0000000000066092,-2.30021557356963058E-011)
   3.1415926535897931        0.0000000000000000     
       (0.20156417287157702,-4.43738530354684933E-027)
   1.0000000000000000                1           4
               (0.0000000000000000,0.0000000000000000)
  -1.5707963267948966        0.0000000000000000     
         (1.0000000000024620,2.74574807335170549E-012)
   0.0000000000000000        0.0000000000000000     
               (1.7949265423957397,0.0000000000000000)
   1.5707963267948966        0.0000000000000000     
        (1.0000000000024620,-2.74574807335170549E-012)
   3.1415926535897931        0.0000000000000000     
       (0.20507345759939671,-9.35595111765452475E-028)
   1.0000000000000000                1           4
               (0.0000000000000000,0.0000000000000000)
  -1.5707963267948966        0.0000000000000000     
         (1.0000000000043274,3.18856052672344918E-012)
   0.0000000000000000        0.0000000000000000     
               (1.7829652667874292,0.0000000000000000)
   1.5707963267948966        0.0000000000000000     
        (1.0000000000043274,-3.18856052672344918E-012)
   3.1415926535897931        0.0000000000000000     
       (0.21703473320391964,-1.45015794407333081E-027)
   1.0000000000000000                1           4
               (0.0000000000000000,0.0000000000000000)
  -1.5707963267948966        0.0000000000000000     
        (1.0000000000088241,-4.92939022933570615E-013)
   0.0000000000000000        0.0000000000000000     
               (1.8084336344787735,0.0000000000000000)
   1.5707963267948966        0.0000000000000000     
         (1.0000000000088241,4.92939022933570615E-013)
   3.1415926535897931        0.0000000000000000     
       (0.19156636550350900,-2.10514343714008163E-027)
   1.0000000000000000                1           4
               (0.0000000000000000,0.0000000000000000)
  -1.5707963267948966        0.0000000000000000     
        (0.99999999999924039,9.88376047672545610E-013)
   0.0000000000000000        0.0000000000000000     
               (1.7925439854147540,0.0000000000000000)
   1.5707963267948966        0.0000000000000000     
       (0.99999999999924039,-9.88376047672545610E-013)
   3.1415926535897931        0.0000000000000000     
        (0.20745601458678464,6.61972387220653142E-029)
   1.0000000000000000                1           4
               (0.0000000000000000,0.0000000000000000)
  -1.5707963267948966        0.0000000000000000     
         (1.0000000000045379,1.32299726729456719E-012)
   0.0000000000000000        0.0000000000000000     
               (1.8031198625288669,0.0000000000000000)
   1.5707963267948966        0.0000000000000000     
        (1.0000000000045379,-1.32299726729456719E-012)
   3.1415926535897931        0.0000000000000000     
       (0.19688013746207422,-1.27247103918508228E-027)
   1.0000000000000000                1           4
               (0.0000000000000000,0.0000000000000000)
  -1.5707963267948966        0.0000000000000000     
         (1.0000000000080160,3.42174066858547121E-011)
   0.0000000000000000        0.0000000000000000     
               (1.7886055673188082,0.0000000000000000)
   1.5707963267948966        0.0000000000000000     
        (1.0000000000080160,-3.42174066858547121E-011)
   3.1415926535897931        0.0000000000000000     
       (0.21139443266529487,-6.14552180821153436E-027)
   1.0000000000000000                1           4
               (0.0000000000000000,0.0000000000000000)
  -1.5707963267948966        0.0000000000000000     
         (1.0000000000006843,4.32137658989972806E-012)
   0.0000000000000000        0.0000000000000000     
               (1.8058256214011092,0.0000000000000000)
   1.5707963267948966        0.0000000000000000     
        (1.0000000000006843,-4.32137658989972806E-012)
   3.1415926535897931        0.0000000000000000     
       (0.19417437859750222,-6.98036770326246725E-028)
   1.0000000000000000                1           4
               (0.0000000000000000,0.0000000000000000)
  -1.5707963267948966        0.0000000000000000     
        (0.99999999999913325,5.61678481503236071E-012)
   0.0000000000000000        0.0000000000000000     
               (1.8019582400562102,0.0000000000000000)
   1.5707963267948966        0.0000000000000000     
       (0.99999999999913325,-5.61678481503236071E-012)
   3.1415926535897931        0.0000000000000000     
       (0.19804175994446419,-5.40410624157202014E-028)
   1.0000000000000000                1           4
               (0.0000000000000000,0.0000000000000000)
  -1.5707963267948966        0.0000000000000000     
        (0.99999999999945111,3.22536441998977352E-012)
   0.0000000000000000        0.0000000000000000     
               (1.7950083160880284,0.0000000000000000)
   1.5707963267948966        0.0000000000000000     
       (0.99999999999945111,-3.22536441998977352E-012)
   3.1415926535897931        0.0000000000000000     
       (0.20499168391310507,-2.58373216898182740E-028)
   1.0000000000000000                1           4
               (0.0000000000000000,0.0000000000000000)
  -1.5707963267948966        0.0000000000000000     
        (0.99999999999880917,4.43023395746422466E-012)
   0.0000000000000000        0.0000000000000000     
               (1.8011684832051447,0.0000000000000000)
   1.5707963267948966        0.0000000000000000     
       (0.99999999999880917,-4.43023395746422466E-012)
   3.1415926535897931        0.0000000000000000     
       (0.19883151679727512,-2.48551020040837206E-028)
   1.0000000000000000                1           4
               (0.0000000000000000,0.0000000000000000)
  -1.5707963267948966        0.0000000000000000     
        (1.0000000000050215,-1.09274811421755658E-011)
   0.0000000000000000        0.0000000000000000     
               (1.7981530896502691,0.0000000000000000)
   1.5707963267948966        0.0000000000000000     
         (1.0000000000050215,1.09274811421755658E-011)
   3.1415926535897931        0.0000000000000000     
        (0.20184691033983085,1.17069368876694355E-028)
   1.0000000000000000                1           4
               (0.0000000000000000,0.0000000000000000)
  -1.5707963267948966        0.0000000000000000     
       (0.99999999999786582,-8.86674067501758145E-012)
   0.0000000000000000        0.0000000000000000     
               (1.8017873129192008,0.0000000000000000)
   1.5707963267948966        0.0000000000000000     
        (0.99999999999786582,8.86674067501758145E-012)
   3.1415926535897931        0.0000000000000000     
        (0.19821268708505732,1.60796424013483717E-027)
   1.0000000000000000                1           4
               (0.0000000000000000,0.0000000000000000)
  -1.5707963267948966        0.0000000000000000     
         (1.0000000000011895,4.72238914639433460E-012)
   0.0000000000000000        0.0000000000000000     
               (1.7989944440473069,0.0000000000000000)
   1.5707963267948966        0.0000000000000000     
        (1.0000000000011895,-4.72238914639433460E-012)
   3.1415926535897931        0.0000000000000000     
       (0.20100555595033803,-8.68184037478977587E-028)
   1.0000000000000000                1           4
               (0.0000000000000000,0.0000000000000000)
  -1.5707963267948966        0.0000000000000000     
        (0.99999999999821887,1.08385522779030927E-012)
   0.0000000000000000        0.0000000000000000     
               (1.7918623046777378,0.0000000000000000)
   1.5707963267948966        0.0000000000000000     
       (0.99999999999821887,-1.08385522779030927E-012)
   3.1415926535897931        0.0000000000000000     
        (0.20813769532590692,3.08569670007074702E-028)
   1.0000000000000000                1           4
               (0.0000000000000000,0.0000000000000000)
  -1.5707963267948966        0.0000000000000000     
         (1.0000000000033160,1.19799170583689829E-011)
   0.0000000000000000        0.0000000000000000     
               (1.8074473915475533,0.0000000000000000)
   1.5707963267948966        0.0000000000000000     
        (1.0000000000033160,-1.19799170583689829E-011)
   3.1415926535897931        0.0000000000000000     
       (0.19255260844583597,-2.27797575306846001E-027)
   1.0000000000000000                1           4
               (0.0000000000000000,0.0000000000000000)
  -1.5707963267948966        0.0000000000000000     
       (0.99999999999974587,-1.01402219954138673E-012)
   0.0000000000000000        0.0000000000000000     
               (1.8041269756558520,0.0000000000000000)
   1.5707963267948966        0.0000000000000000     
        (0.99999999999974587,1.01402219954138673E-012)
   3.1415926535897931        0.0000000000000000     
        (0.19587302434466852,1.87171492928650495E-028)
   1.0000000000000000                1           4
               (0.0000000000000000,0.0000000000000000)
  -1.5707963267948966        0.0000000000000000     
         (1.0000000000005067,2.80442336020314542E-012)
   0.0000000000000000        0.0000000000000000     
               (1.7954933012372836,0.0000000000000000)
   1.5707963267948966        0.0000000000000000     
        (1.0000000000005067,-2.80442336020314542E-012)
   3.1415926535897931        0.0000000000000000     
       (0.20450669876166774,-4.69716699017837792E-028)
   1.0000000000000000                1           4
               (0.0000000000000000,0.0000000000000000)
  -1.5707963267948966        0.0000000000000000     
        (1.0000000000006888,-1.10000897279860510E-012)
   0.0000000000000000        0.0000000000000000     
               (1.7906203294974938,0.0000000000000000)
   1.5707963267948966        0.0000000000000000     
         (1.0000000000006888,1.10000897279860510E-012)
   3.1415926535897931        0.0000000000000000     
       (0.20937967050127879,-2.47788493724067556E-029)
   1.0000000000000000                1           4
               (0.0000000000000000,0.0000000000000000)
  -1.5707963267948966        0.0000000000000000     
       (0.99999999999949019,-4.55913085062320432E-013)
   0.0000000000000000        0.0000000000000000     
               (1.7987207873659026,0.0000000000000000)
   1.5707963267948966        0.0000000000000000     
        (0.99999999999949019,4.55913085062320432E-013)
   3.1415926535897931        0.0000000000000000     
        (0.20127921263512943,1.81478976315846836E-028)
   1.0000000000000000                1           4
               (0.0000000000000000,0.0000000000000000)
  -1.5707963267948966        0.0000000000000000     
       (0.99999999999721312,-6.50202114371722928E-012)
   0.0000000000000000        0.0000000000000000     
               (1.7973653877573892,0.0000000000000000)
   1.5707963267948966        0.0000000000000000     
        (0.99999999999721312,6.50202114371722928E-012)
   3.1415926535897931        0.0000000000000000     
        (0.20263461224818974,1.47917300313440084E-027)
   1.0000000000000000                1           4
               (0.0000000000000000,0.0000000000000000)
  -1.5707963267948966        0.0000000000000000     
       (0.99999999999859124,-4.50306458787963341E-013)
   0.0000000000000000        0.0000000000000000     
               (1.7986502796493133,0.0000000000000000)
   1.5707963267948966        0.0000000000000000     
        (0.99999999999859124,4.50306458787963341E-013)
   3.1415926535897931        0.0000000000000000     
        (0.20134972035351653,4.00949516054771163E-028)
   1.0000000000000000                1           4
               (0.0000000000000000,0.0000000000000000)
  -1.5707963267948966        0.0000000000000000     
       (0.99999999999841305,-8.48432435418544426E-013)
   0.0000000000000000        0.0000000000000000     
               (1.8163730818794401,0.0000000000000000)
   1.5707963267948966        0.0000000000000000     
        (0.99999999999841305,8.48432435418544426E-013)
   3.1415926535897931        0.0000000000000000     
        (0.18362691812377188,4.94927934762255014E-028)
   1.0000000000000000                1           4
               (0.0000000000000000,0.0000000000000000)
  -1.5707963267948966        0.0000000000000000     
       (0.99999999999867684,-2.19768647724549586E-013)
   0.0000000000000000        0.0000000000000000     
               (1.8053862651901365,0.0000000000000000)
   1.5707963267948966        0.0000000000000000     
        (0.99999999999867684,2.19768647724549586E-013)
   3.1415926535897931        0.0000000000000000     
        (0.19461373481231908,3.39314443170722196E-028)
   1.0000000000000000                1           4
               (0.0000000000000000,0.0000000000000000)
  -1.5707963267948966        0.0000000000000000     
        (1.0000000000056672,-1.69486646939276458E-012)
   0.0000000000000000        0.0000000000000000     
               (1.7918547349133607,0.0000000000000000)
   1.5707963267948966        0.0000000000000000     
         (1.0000000000056672,1.69486646939276458E-012)
   3.1415926535897931        0.0000000000000000     
       (0.20814526507545680,-1.17120568133348811E-027)
   1.0000000000000000                1           4
               (0.0000000000000000,0.0000000000000000)
  -1.5707963267948966        0.0000000000000000     
         (1.0000000000000138,4.03010957938931824E-013)
   0.0000000000000000        0.0000000000000000     
               (1.8013186021434315,0.0000000000000000)
   1.5707963267948966        0.0000000000000000     
        (1.0000000000000138,-4.03010957938931824E-013)
   3.1415926535897931        0.0000000000000000     
       (0.19868139785664682,-4.62650075482322271E-029)
   1.0000000000000000                1           4
               (0.0000000000000000,0.0000000000000000)
  -1.5707963267948966        0.0000000000000000     
        (0.99999999999745581,3.10312886497854419E-012)
   0.0000000000000000        0.0000000000000000     
               (1.8098156769005189,0.0000000000000000)
   1.5707963267948966        0.0000000000000000     
       (0.99999999999745581,-3.10312886497854419E-012)
   3.1415926535897931        0.0000000000000000     
        (0.19018432310453087,2.40772113906018126E-028)
   1.0000000000000000                1           4
               (0.0000000000000000,0.0000000000000000)
  -1.5707963267948966        0.0000000000000000     
        (1.0000000000023721,-2.46314080243337270E-012)
   0.0000000000000000        0.0000000000000000     
               (1.8012562495531372,0.0000000000000000)
   1.5707963267948966        0.0000000000000000     
         (1.0000000000023721,2.46314080243337270E-012)
   3.1415926535897931        0.0000000000000000     
       (0.19874375044203688,-2.84360366224006207E-028)
   1.0000000000000000                1           4
               (0.0000000000000000,0.0000000000000000)
  -1.5707963267948966        0.0000000000000000     
        (1.0000000000032621,-2.44665399051768913E-012)
   0.0000000000000000        0.0000000000000000     
               (1.8053776369819428,0.0000000000000000)
   1.5707963267948966        0.0000000000000000     
         (1.0000000000032621,2.44665399051768913E-012)
   3.1415926535897931        0.0000000000000000     
       (0.19462236301152908,-4.99602060346263931E-028)
   1.0000000000000000                1           4
               (0.0000000000000000,0.0000000000000000)
  -1.5707963267948966        0.0000000000000000     
        (0.99999999999922851,1.00136565706065994E-012)
   0.0000000000000000        0.0000000000000000     
               (1.7968458415100834,0.0000000000000000)
   1.5707963267948966        0.0000000000000000     
       (0.99999999999922851,-1.00136565706065994E-012)
   3.1415926535897931        0.0000000000000000     
        (0.20315415849151575,6.97699707013475666E-029)
   1.0000000000000000                1           4
               (0.0000000000000000,0.0000000000000000)
  -1.5707963267948966        0.0000000000000000     
         (1.0000000000008413,2.24187335362557860E-012)
   0.0000000000000000        0.0000000000000000     
               (1.7994105017985180,0.0000000000000000)
   1.5707963267948966        0.0000000000000000     
        (1.0000000000008413,-2.24187335362557860E-012)
   3.1415926535897931        0.0000000000000000     
       (0.20058949819979252,-4.81046841221256907E-028)
   1.0000000000000000                1           4
               (0.0000000000000000,0.0000000000000000)
  -1.5707963267948966        0.0000000000000000     
       (0.99999999999883371,-9.17599329852691679E-013)
   0.0000000000000000        0.0000000000000000     
               (1.7823615820480709,0.0000000000000000)
   1.5707963267948966        0.0000000000000000     
        (0.99999999999883371,9.17599329852691679E-013)
   3.1415926535897931        0.0000000000000000     
        (0.21763841795431738,4.01459017626631983E-028)
   1.0000000000000000                1           4
               (0.0000000000000000,0.0000000000000000)
  -1.5707963267948966        0.0000000000000000     
         (1.0000000000023688,2.47230014238652944E-012)
   0.0000000000000000        0.0000000000000000     
               (1.7991652172448731,0.0000000000000000)
   1.5707963267948966        0.0000000000000000     
        (1.0000000000023688,-2.47230014238652944E-012)
   3.1415926535897931        0.0000000000000000     
       (0.20083478275077388,-8.59413687045288450E-028)
   1.0000000000000000                1           4
               (0.0000000000000000,0.0000000000000000)
  -1.5707963267948966        0.0000000000000000     
         (1.0000000000029377,8.97598662064069686E-012)
   0.0000000000000000        0.0000000000000000     
               (1.8030733530239527,0.0000000000000000)
   1.5707963267948966        0.0000000000000000     
        (1.0000000000029377,-8.97598662064069686E-012)
   3.1415926535897931        0.0000000000000000     
       (0.19692664697013473,-1.82104396356651938E-027)
   1.0000000000000000                1           4
               (0.0000000000000000,0.0000000000000000)
  -1.5707963267948966        0.0000000000000000     
         (1.0000000000028335,4.22845092273860246E-012)
   0.0000000000000000        0.0000000000000000     
               (1.7885833035773624,0.0000000000000000)
   1.5707963267948966        0.0000000000000000     
        (1.0000000000028335,-4.22845092273860246E-012)
   3.1415926535897931        0.0000000000000000     
       (0.21141669641699012,-1.21063721790709749E-027)
   1.0000000000000000                1           4
               (0.0000000000000000,0.0000000000000000)
  -1.5707963267948966        0.0000000000000000     
       (0.99999999999965516,-4.98173724494677117E-012)
   0.0000000000000000        0.0000000000000000     
               (1.8099850603580456,0.0000000000000000)
   1.5707963267948966        0.0000000000000000     
        (0.99999999999965516,4.98173724494677117E-012)
   3.1415926535897931        0.0000000000000000     
        (0.19001493964264266,6.94452718332705077E-028)
   1.0000000000000000                1           4
               (0.0000000000000000,0.0000000000000000)
  -1.5707963267948966        0.0000000000000000     
       (0.99999999999847355,-5.49227330282064739E-013)
   0.0000000000000000        0.0000000000000000     
               (1.7875233416898482,0.0000000000000000)
   1.5707963267948966        0.0000000000000000     
        (0.99999999999847355,5.49227330282064739E-013)
   3.1415926535897931        0.0000000000000000     
        (0.21247665831323687,4.43095219068307092E-028)
   1.0000000000000000                1           4
               (0.0000000000000000,0.0000000000000000)
  -1.5707963267948966        0.0000000000000000     
        (1.0000000000011173,-8.58535464942633654E-013)
   0.0000000000000000        0.0000000000000000     
               (1.7910024750872828,0.0000000000000000)
   1.5707963267948966        0.0000000000000000     
         (1.0000000000011173,8.58535464942633654E-013)
   3.1415926535897931        0.0000000000000000     
       (0.20899752491045834,-1.70014643162900385E-028)
   1.0000000000000000                1           4
               (0.0000000000000000,0.0000000000000000)
  -1.5707963267948966        0.0000000000000000     
         (1.0000000000008706,9.26370091747230415E-013)
   0.0000000000000000        0.0000000000000000     
               (1.8036730400834171,0.0000000000000000)
   1.5707963267948966        0.0000000000000000     
        (1.0000000000008706,-9.26370091747230415E-013)
   3.1415926535897931        0.0000000000000000     
       (0.19632695991493410,-3.21024480005111082E-028)
   1.0000000000000000                1           4
               (0.0000000000000000,0.0000000000000000)
  -1.5707963267948966        0.0000000000000000     
         (1.0000000000017610,1.62797553215909809E-012)
   0.0000000000000000        0.0000000000000000     
               (1.7987798158845960,0.0000000000000000)
   1.5707963267948966        0.0000000000000000     
        (1.0000000000017610,-1.62797553215909809E-012)
   3.1415926535897931        0.0000000000000000     
       (0.20122018411190060,-6.29569038686360318E-028)
   1.0000000000000000                1           4
               (0.0000000000000000,0.0000000000000000)
  -1.5707963267948966        0.0000000000000000     
        (1.0000000000026943,-1.40387701463851373E-013)
   0.0000000000000000        0.0000000000000000     
               (1.8034674131452491,0.0000000000000000)
   1.5707963267948966        0.0000000000000000     
         (1.0000000000026943,1.40387701463851373E-013)
   3.1415926535897931        0.0000000000000000     
       (0.19653258684941202,-6.39688963439541570E-028)
   1.0000000000000000                1           4
               (0.0000000000000000,0.0000000000000000)
  -1.5707963267948966        0.0000000000000000     
       (0.99999999999485378,-1.12537756891128993E-011)
   0.0000000000000000        0.0000000000000000     
               (1.7994474738067996,0.0000000000000000)
   1.5707963267948966        0.0000000000000000     
        (0.99999999999485378,1.12537756891128993E-011)
   3.1415926535897931        0.0000000000000000     
        (0.20055252620344380,2.63565722539102333E-027)
   1.0000000000000000                1           4
               (0.0000000000000000,0.0000000000000000)
  -1.5707963267948966        0.0000000000000000     
        (0.99999999999007538,4.79838391242992818E-012)
   0.0000000000000000        0.0000000000000000     
               (1.8038945855232364,0.0000000000000000)
   1.5707963267948966        0.0000000000000000     
       (0.99999999999007538,-4.79838391242992818E-012)
   3.1415926535897931        0.0000000000000000     
        (0.19610541449665259,1.84563069243704551E-027)
   1.0000000000000000                1           4
               (0.0000000000000000,0.0000000000000000)
  -1.5707963267948966        0.0000000000000000     
         (1.0000000000025959,2.82085466096759733E-012)
   0.0000000000000000        0.0000000000000000     
               (1.7983798872496835,0.0000000000000000)
   1.5707963267948966        0.0000000000000000     
        (1.0000000000025959,-2.82085466096759733E-012)
   3.1415926535897931        0.0000000000000000     
       (0.20162011274514588,-9.79945537884061798E-028)
   1.0000000000000000                1           4
               (0.0000000000000000,0.0000000000000000)
  -1.5707963267948966        0.0000000000000000     
         (1.0000000000005902,2.60097499094058549E-012)
   0.0000000000000000        0.0000000000000000     
               (1.8087063868761688,0.0000000000000000)
   1.5707963267948966        0.0000000000000000     
        (1.0000000000005902,-2.60097499094058549E-012)
   3.1415926535897931        0.0000000000000000     
       (0.19129361312265791,-4.62663008161626559E-028)
   1.0000000000000000                1           4
               (0.0000000000000000,0.0000000000000000)
  -1.5707963267948966        0.0000000000000000     
        (1.0000000000071050,-1.16001652727959562E-012)
   0.0000000000000000        0.0000000000000000     
               (1.8087538625066224,0.0000000000000000)
   1.5707963267948966        0.0000000000000000     
         (1.0000000000071050,1.16001652727959562E-012)
   3.1415926535897931        0.0000000000000000     
       (0.19124613747938785,-1.58464342302484127E-027)
   1.0000000000000000                1           4
               (0.0000000000000000,0.0000000000000000)
  -1.5707963267948966        0.0000000000000000     
        (0.99999999999975597,4.22628598784058340E-012)
   0.0000000000000000        0.0000000000000000     
               (1.7913707415145341,0.0000000000000000)
   1.5707963267948966        0.0000000000000000     
       (0.99999999999975597,-4.22628598784058340E-012)
   3.1415926535897931        0.0000000000000000     
       (0.20862925848593691,-4.58844749149044573E-028)
   1.0000000000000000                1           4
               (0.0000000000000000,0.0000000000000000)
  -1.5707963267948966        0.0000000000000000     
        (0.99999999999605071,7.30095983669798443E-011)
   0.0000000000000000        0.0000000000000000     
               (1.7922789243690058,0.0000000000000000)
   1.5707963267948966        0.0000000000000000     
       (0.99999999999605071,-7.30095983669798443E-011)
   3.1415926535897931        0.0000000000000000     
       (0.20772107563910425,-7.96084460938554147E-027)
   1.0000000000000000                1           4
               (0.0000000000000000,0.0000000000000000)
  -1.5707963267948966        0.0000000000000000     
       (0.99999999999962763,-6.29996055323545079E-013)
   0.0000000000000000        0.0000000000000000     
               (1.8087208280497884,0.0000000000000000)
   1.5707963267948966        0.0000000000000000     
        (0.99999999999962763,6.29996055323545079E-013)
   3.1415926535897931        0.0000000000000000     
        (0.19127917195095370,1.68195721125970687E-028)
   1.0000000000000000                1           4
               (0.0000000000000000,0.0000000000000000)
  -1.5707963267948966        0.0000000000000000     
        (0.99999999999663802,2.58870702651847791E-012)
   0.0000000000000000        0.0000000000000000     
               (1.8049498597042948,0.0000000000000000)
   1.5707963267948966        0.0000000000000000     
       (0.99999999999663802,-2.58870702651847791E-012)
   3.1415926535897931        0.0000000000000000     
        (0.19505014030241041,5.05262160917554653E-028)
   1.0000000000000000                1           4
               (0.0000000000000000,0.0000000000000000)
  -1.5707963267948966        0.0000000000000000     
       (0.99999999999977529,-1.69979585962209967E-011)
   0.0000000000000000        0.0000000000000000     
               (1.7987420476616736,0.0000000000000000)
   1.5707963267948966        0.0000000000000000     
        (0.99999999999977529,1.69979585962209967E-011)
   3.1415926535897931        0.0000000000000000     
        (0.20125795233870664,2.13244536671061655E-027)
   1.0000000000000000                1           4
               (0.0000000000000000,0.0000000000000000)
  -1.5707963267948966        0.0000000000000000     
        (0.99999999999881717,8.27227175648204239E-013)
   0.0000000000000000        0.0000000000000000     
               (1.8059891450425107,0.0000000000000000)
   1.5707963267948966        0.0000000000000000     
       (0.99999999999881717,-8.27227175648204239E-013)
   3.1415926535897931        0.0000000000000000     
        (0.19401085495986992,1.89316738410771835E-028)
   1.0000000000000000                1           4
               (0.0000000000000000,0.0000000000000000)
  -1.5707963267948966        0.0000000000000000     
        (1.0000000000076656,-5.77138337121141457E-012)
   0.0000000000000000        0.0000000000000000     
               (1.7912439388804471,0.0000000000000000)
   1.5707963267948966        0.0000000000000000     
         (1.0000000000076656,5.77138337121141457E-012)
   3.1415926535897931        0.0000000000000000     
       (0.20875606110413905,-1.17582115677988431E-027)
   1.0000000000000000                1           4
               (0.0000000000000000,0.0000000000000000)
  -1.5707963267948966        0.0000000000000000     
        (1.0000000000010671,-8.65640892300234656E-013)
   0.0000000000000000        0.0000000000000000     
               (1.8027380264663662,0.0000000000000000)
   1.5707963267948966        0.0000000000000000     
         (1.0000000000010671,8.65640892300234656E-013)
   3.1415926535897931        0.0000000000000000     
       (0.19726197353140537,-1.61146621839080925E-028)
   1.0000000000000000                1           4
               (0.0000000000000000,0.0000000000000000)
  -1.5707963267948966        0.0000000000000000     
       (0.99999999999924871,-4.13169498614251906E-013)
   0.0000000000000000        0.0000000000000000     
               (1.8070509645696802,0.0000000000000000)
   1.5707963267948966        0.0000000000000000     
        (0.99999999999924871,4.13169498614251906E-013)
   3.1415926535897931        0.0000000000000000     
        (0.19294903543151487,2.15780757139790703E-028)
   1.0000000000000000                1           4
               (0.0000000000000000,0.0000000000000000)
  -1.5707963267948966        0.0000000000000000     
         (1.0000000000005906,2.63800092881183446E-012)
   0.0000000000000000        0.0000000000000000     
               (1.8078675180287735,0.0000000000000000)
   1.5707963267948966        0.0000000000000000     
        (1.0000000000005906,-2.63800092881183446E-012)
   3.1415926535897931        0.0000000000000000     
       (0.19213248197008267,-4.65414040234295875E-028)
   1.0000000000000000                1           4
               (0.0000000000000000,0.0000000000000000)
  -1.5707963267948966        0.0000000000000000     
         (1.0000000000002016,1.80355730350356655E-013)
   0.0000000000000000        0.0000000000000000     
               (1.8048961195483062,0.0000000000000000)
   1.5707963267948966        0.0000000000000000     
        (1.0000000000002016,-1.80355730350356655E-013)
   3.1415926535897931        0.0000000000000000     
       (0.19510388045135726,-6.73700603534796119E-029)
   1.0000000000000000                1           4
               (0.0000000000000000,0.0000000000000000)
  -1.5707963267948966        0.0000000000000000     
        (1.0000000000005829,-1.57346358165000311E-012)
   0.0000000000000000        0.0000000000000000     
               (1.8013000927008946,0.0000000000000000)
   1.5707963267948966        0.0000000000000000     
         (1.0000000000005829,1.57346358165000311E-012)
   3.1415926535897931        0.0000000000000000     
        (0.19869990729795819,5.11001668221337241E-029)
   1.0000000000000000                1           4
               (0.0000000000000000,0.0000000000000000)
  -1.5707963267948966        0.0000000000000000     
        (1.0000000000002010,-1.68243197151696222E-012)
   0.0000000000000000        0.0000000000000000     
               (1.8013214755891229,0.0000000000000000)
   1.5707963267948966        0.0000000000000000     
         (1.0000000000002010,1.68243197151696222E-012)
   3.1415926535897931        0.0000000000000000     
        (0.19867852441055583,1.61781072282226711E-028)
   1.0000000000000000                1           4
               (0.0000000000000000,0.0000000000000000)
  -1.5707963267948966        0.0000000000000000     
        (0.99999999999746347,1.05898623203870597E-012)
   0.0000000000000000        0.0000000000000000     
               (1.7978756610751436,0.0000000000000000)
   1.5707963267948966        0.0000000000000000     
       (0.99999999999746347,-1.05898623203870597E-012)
   3.1415926535897931        0.0000000000000000     
        (0.20212433892986370,4.87556610646748271E-028)
   1.0000000000000000                1           4
               (0.0000000000000000,0.0000000000000000)
  -1.5707963267948966        0.0000000000000000     
        (1.0000000000032829,-3.67594843453389734E-013)
   0.0000000000000000        0.0000000000000000     
               (1.7939770878554895,0.0000000000000000)
   1.5707963267948966        0.0000000000000000     
         (1.0000000000032829,3.67594843453389734E-013)
   3.1415926535897931        0.0000000000000000     
       (0.20602291213799170,-7.56205500164676419E-028)
   1.0000000000000000                1           4
               (0.0000000000000000,0.0000000000000000)
  -1.5707963267948966        0.0000000000000000     
        (0.99999999999997513,2.94726465455141806E-011)
   0.0000000000000000        0.0000000000000000     
               (1.8125192017056693,0.0000000000000000)
   1.5707963267948966        0.0000000000000000     
       (0.99999999999997513,-2.94726465455141806E-011)
   3.1415926535897931        0.0000000000000000     
       (0.18748079829426631,-3.61026405664059363E-027)
   1.0000000000000000                1           4
               (0.0000000000000000,0.0000000000000000)
  -1.5707963267948966        0.0000000000000000     
       (0.99999999999983313,-6.07458527923654401E-013)
   0.0000000000000000        0.0000000000000000     
               (1.7976500693521607,0.0000000000000000)
   1.5707963267948966        0.0000000000000000     
        (0.99999999999983313,6.07458527923654401E-013)
   3.1415926535897931        0.0000000000000000     
        (0.20234993064823947,1.19331755268210132E-028)
   1.0000000000000000                1           4
               (0.0000000000000000,0.0000000000000000)
  -1.5707963267948966        0.0000000000000000     
         (1.0000000000022955,1.65134572682745764E-012)
   0.0000000000000000        0.0000000000000000     
               (1.7971972071248190,0.0000000000000000)
   1.5707963267948966        0.0000000000000000     
        (1.0000000000022955,-1.65134572682745764E-012)
   3.1415926535897931        0.0000000000000000     
       (0.20280279287168129,-6.97643949366448699E-028)
   1.0000000000000000                1           4
               (0.0000000000000000,0.0000000000000000)
  -1.5707963267948966        0.0000000000000000     
       (0.99999999999676892,-8.18789480661048910E-014)
   0.0000000000000000        0.0000000000000000     
               (1.8012029558885989,0.0000000000000000)
   1.5707963267948966        0.0000000000000000     
        (0.99999999999676892,8.18789480661048910E-014)
   3.1415926535897931        0.0000000000000000     
        (0.19879704411816726,8.20021027981571482E-028)
   1.0000000000000000                1           4
               (0.0000000000000000,0.0000000000000000)
  -1.5707963267948966        0.0000000000000000     
         (1.0000000000035087,5.69672087280537117E-012)
   0.0000000000000000        0.0000000000000000     
               (1.8027664995933672,0.0000000000000000)
   1.5707963267948966        0.0000000000000000     
        (1.0000000000035087,-5.69672087280537117E-012)
   3.1415926535897931        0.0000000000000000     
       (0.19723350039975659,-1.54837003494049997E-027)
   1.0000000000000000                1           4
               (0.0000000000000000,0.0000000000000000)
  -1.5707963267948966        0.0000000000000000     
         (1.0000000000028744,2.80386824869082931E-013)
   0.0000000000000000        0.0000000000000000     
               (1.7796526728386168,0.0000000000000000)
   1.5707963267948966        0.0000000000000000     
        (1.0000000000028744,-2.80386824869082931E-013)
   3.1415926535897931        0.0000000000000000     
       (0.22034732715590619,-7.21727934578571586E-028)
   1.0000000000000000                1           4
               (0.0000000000000000,0.0000000000000000)
  -1.5707963267948966        0.0000000000000000     
        (1.0000000000102878,-1.31672450720543687E-012)
   0.0000000000000000        0.0000000000000000     
               (1.8139824094961698,0.0000000000000000)
   1.5707963267948966        0.0000000000000000     
         (1.0000000000102878,1.31672450720543687E-012)
   3.1415926535897931        0.0000000000000000     
       (0.18601759048321087,-2.36120458408474150E-027)
   1.0000000000000000                1           4
               (0.0000000000000000,0.0000000000000000)
  -1.5707963267948966        0.0000000000000000     
        (0.99999999999895561,3.21576099082676743E-013)
   0.0000000000000000        0.0000000000000000     
               (1.8183193754948550,0.0000000000000000)
   1.5707963267948966        0.0000000000000000     
       (0.99999999999895561,-3.21576099082676743E-013)
   3.1415926535897931        0.0000000000000000     
        (0.18168062450720762,2.14803190378017181E-028)
   1.0000000000000000                1           4
               (0.0000000000000000,0.0000000000000000)
  -1.5707963267948966        0.0000000000000000     
        (0.99999999999825417,2.11686224105278638E-012)
   0.0000000000000000        0.0000000000000000     
               (1.8124142448109719,0.0000000000000000)
   1.5707963267948966        0.0000000000000000     
       (0.99999999999825417,-2.11686224105278638E-012)
   3.1415926535897931        0.0000000000000000     
        (0.18758575519257312,1.71637816609527498E-028)
   1.0000000000000000                1           4
               (0.0000000000000000,0.0000000000000000)
  -1.5707963267948966        0.0000000000000000     
         (1.0000000000011009,1.02085007114283124E-012)
   0.0000000000000000        0.0000000000000000     
               (1.7934440582630422,0.0000000000000000)
   1.5707963267948966        0.0000000000000000     
        (1.0000000000011009,-1.02085007114283124E-012)
   3.1415926535897931        0.0000000000000000     
       (0.20655594173479591,-3.92209467943622015E-028)
   1.0000000000000000                1           4
               (0.0000000000000000,0.0000000000000000)
  -1.5707963267948966        0.0000000000000000     
        (0.99999999999947065,1.65212288294469545E-012)
   0.0000000000000000        0.0000000000000000     
               (1.8105616858280396,0.0000000000000000)
   1.5707963267948966        0.0000000000000000     
       (0.99999999999947065,-1.65212288294469545E-012)
   3.1415926535897931        0.0000000000000000     
       (0.18943831417300441,-7.35781505577614748E-029)
   1.0000000000000000                1           4
               (0.0000000000000000,0.0000000000000000)
  -1.5707963267948966        0.0000000000000000     
       (0.99999999999794720,-2.17265094804019969E-012)
   0.0000000000000000        0.0000000000000000     
               (1.7987012271111897,0.0000000000000000)
   1.5707963267948966        0.0000000000000000     
        (0.99999999999794720,2.17265094804019969E-012)
   3.1415926535897931        0.0000000000000000     
        (0.20129877289291129,7.68586660728194206E-028)
   1.0000000000000000                1           4
               (0.0000000000000000,0.0000000000000000)
  -1.5707963267948966        0.0000000000000000     
         (1.0000000000031761,8.15292278133483302E-013)
   0.0000000000000000        0.0000000000000000     
               (1.7999329231684853,0.0000000000000000)
   1.5707963267948966        0.0000000000000000     
        (1.0000000000031761,-8.15292278133483302E-013)
   3.1415926535897931        0.0000000000000000     
       (0.20006707682516250,-8.77774523606554528E-028)
   1.0000000000000000                1           4
               (0.0000000000000000,0.0000000000000000)
  -1.5707963267948966        0.0000000000000000     
        (0.99999999999945166,3.50230955348251882E-012)
   0.0000000000000000        0.0000000000000000     
               (1.7936777688130563,0.0000000000000000)
   1.5707963267948966        0.0000000000000000     
       (0.99999999999945166,-3.50230955348251882E-012)
   3.1415926535897931        0.0000000000000000     
       (0.20632223118813917,-2.88564737297685297E-028)
   1.0000000000000000                1           4
               (0.0000000000000000,0.0000000000000000)
  -1.5707963267948966        0.0000000000000000     
       (0.99999999999971900,-1.06026298851702103E-014)
   0.0000000000000000        0.0000000000000000     
               (1.8047307182385262,0.0000000000000000)
   1.5707963267948966        0.0000000000000000     
        (0.99999999999971900,1.06026298851702103E-014)
   3.1415926535897931        0.0000000000000000     
        (0.19526928176205191,7.11054203082687640E-029)
   1.0000000000000000                1           4
               (0.0000000000000000,0.0000000000000000)
  -1.5707963267948966        0.0000000000000000     
         (1.0000000000005338,4.51250148358894825E-013)
   0.0000000000000000        0.0000000000000000     
               (1.7872419635476380,0.0000000000000000)
   1.5707963267948966        0.0000000000000000     
        (1.0000000000005338,-4.51250148358894825E-013)
   3.1415926535897931        0.0000000000000000     
       (0.21275803645134589,-1.82862077624490943E-028)
   1.0000000000000000                1           4
               (0.0000000000000000,0.0000000000000000)
  -1.5707963267948966        0.0000000000000000     
        (0.99999999999876454,3.76593201067976224E-012)
   0.0000000000000000        0.0000000000000000     
               (1.8019953306113969,0.0000000000000000)
   1.5707963267948966        0.0000000000000000     
       (0.99999999999876454,-3.76593201067976224E-012)
   3.1415926535897931        0.0000000000000000     
       (0.19800466939108993,-1.57605466937733894E-028)
   1.0000000000000000                1           4
               (0.0000000000000000,0.0000000000000000)
  -1.5707963267948966        0.0000000000000000     
         (1.0000000000016676,3.93374222085185465E-012)
   0.0000000000000000        0.0000000000000000     
               (1.7929147809421029,0.0000000000000000)
   1.5707963267948966        0.0000000000000000     
        (1.0000000000016676,-3.93374222085185465E-012)
   3.1415926535897931        0.0000000000000000     
       (0.20708521905452185,-8.92649769772334017E-028)
   1.0000000000000000                1           4
               (0.0000000000000000,0.0000000000000000)
  -1.5707963267948966        0.0000000000000000     
         (1.0000000000016580,1.00752739484732754E-013)
   0.0000000000000000        0.0000000000000000     
               (1.8004169773449863,0.0000000000000000)
   1.5707963267948966        0.0000000000000000     
        (1.0000000000016580,-1.00752739484732754E-013)
   3.1415926535897931        0.0000000000000000     
       (0.19958302265173580,-4.16112904800953767E-028)
   1.0000000000000000                1           4
               (0.0000000000000000,0.0000000000000000)
  -1.5707963267948966        0.0000000000000000     
         (1.0000000000020424,1.76947345664757429E-012)
   0.0000000000000000        0.0000000000000000     
               (1.8043121355679497,0.0000000000000000)
   1.5707963267948966        0.0000000000000000     
        (1.0000000000020424,-1.76947345664757429E-012)
   3.1415926535897931        0.0000000000000000     
       (0.19568786442765812,-7.35752069295994515E-028)
   1.0000000000000000                1           4
               (0.0000000000000000,0.0000000000000000)
  -1.5707963267948966        0.0000000000000000     
        (0.99999999999916023,8.22508727793547324E-013)
   0.0000000000000000        0.0000000000000000     
               (1.8011535568786570,0.0000000000000000)
   1.5707963267948966        0.0000000000000000     
       (0.99999999999916023,-8.22508727793547324E-013)
   3.1415926535897931        0.0000000000000000     
        (0.19884644312301797,1.04668868435504120E-028)
   1.0000000000000000                1           4
               (0.0000000000000000,0.0000000000000000)
  -1.5707963267948966        0.0000000000000000     
        (0.99999999999953482,1.45006229246291696E-012)
   0.0000000000000000        0.0000000000000000     
               (1.8061156761384909,0.0000000000000000)
   1.5707963267948966        0.0000000000000000     
       (0.99999999999953482,-1.45006229246291696E-012)
   3.1415926535897931        0.0000000000000000     
       (0.19388432386259216,-5.42888321728732972E-029)
   1.0000000000000000                1           4
               (0.0000000000000000,0.0000000000000000)
  -1.5707963267948966        0.0000000000000000     
        (0.99999999999926181,8.15347789284715064E-013)
   0.0000000000000000        0.0000000000000000     
               (1.7985935928804606,0.0000000000000000)
   1.5707963267948966        0.0000000000000000     
       (0.99999999999926181,-8.15347789284715064E-013)
   3.1415926535897931        0.0000000000000000     
        (0.20140640712101501,8.09029596933696160E-029)
   1.0000000000000000                1           4
               (0.0000000000000000,0.0000000000000000)
  -1.5707963267948966        0.0000000000000000     
       (0.99999999999230282,-3.67311736582109835E-012)
   0.0000000000000000        0.0000000000000000     
               (1.8040301520242286,0.0000000000000000)
   1.5707963267948966        0.0000000000000000     
        (0.99999999999230282,3.67311736582109835E-012)
   3.1415926535897931        0.0000000000000000     
        (0.19596984799337649,2.47046382538835493E-027)
   1.0000000000000000                1           4
               (0.0000000000000000,0.0000000000000000)
  -1.5707963267948966        0.0000000000000000     
         (1.0000000000025844,1.50379708685477125E-013)
   0.0000000000000000        0.0000000000000000     
               (1.7998555590537082,0.0000000000000000)
   1.5707963267948966        0.0000000000000000     
        (1.0000000000025844,-1.50379708685477125E-013)
   3.1415926535897931        0.0000000000000000     
       (0.20014444094110595,-6.52468411547176369E-028)
   1.0000000000000000                1           4
               (0.0000000000000000,0.0000000000000000)
  -1.5707963267948966        0.0000000000000000     
       (0.99999999999968192,-1.18688392447552360E-012)
   0.0000000000000000        0.0000000000000000     
               (1.7950389052884259,0.0000000000000000)
   1.5707963267948966        0.0000000000000000     
        (0.99999999999968192,1.18688392447552360E-012)
   3.1415926535897931        0.0000000000000000     
        (0.20496109471221044,2.23267000588892041E-028)
   1.0000000000000000                1           4
               (0.0000000000000000,0.0000000000000000)
  -1.5707963267948966        0.0000000000000000     
         (1.0000000000020297,7.06157354812830616E-013)
   0.0000000000000000        0.0000000000000000     
               (1.8077176313594372,0.0000000000000000)
   1.5707963267948966        0.0000000000000000     
        (1.0000000000020297,-7.06157354812830616E-013)
   3.1415926535897931        0.0000000000000000     
       (0.19228236863650691,-5.83377591564089416E-028)
   1.0000000000000000                1           4
               (0.0000000000000000,0.0000000000000000)
  -1.5707963267948966        0.0000000000000000     
        (0.99999999999963241,2.73336908662713591E-013)
   0.0000000000000000        0.0000000000000000     
               (1.7941654293118134,0.0000000000000000)
   1.5707963267948966        0.0000000000000000     
       (0.99999999999963241,-2.73336908662713591E-013)
   3.1415926535897931        0.0000000000000000     
        (0.20583457068900005,6.13503374500346749E-029)
   1.0000000000000000                1           4
               (0.0000000000000000,0.0000000000000000)
  -1.5707963267948966        0.0000000000000000     
        (1.0000000000006732,-2.01644256847544057E-012)
   0.0000000000000000        0.0000000000000000     
               (1.7971126145468621,0.0000000000000000)
   1.5707963267948966        0.0000000000000000     
         (1.0000000000006732,2.01644256847544057E-012)
   3.1415926535897931        0.0000000000000000     
        (0.20288738545184637,8.54127447817401192E-029)
   1.0000000000000000                1           4
               (0.0000000000000000,0.0000000000000000)
  -1.5707963267948966        0.0000000000000000     
         (1.0000000000072393,6.98124891229667729E-012)
   0.0000000000000000        0.0000000000000000     
               (1.8047625919060302,0.0000000000000000)
   1.5707963267948966        0.0000000000000000     
        (1.0000000000072393,-6.98124891229667729E-012)
   3.1415926535897931        0.0000000000000000     
       (0.19523740807953219,-2.62555012670656201E-027)
   1.0000000000000000                1           4
               (0.0000000000000000,0.0000000000000000)
  -1.5707963267948966        0.0000000000000000     
        (0.99999999999982858,1.79837811309369044E-011)
   0.0000000000000000        0.0000000000000000     
               (1.7935552969448334,0.0000000000000000)
   1.5707963267948966        0.0000000000000000     
       (0.99999999999982858,-1.79837811309369044E-011)
   3.1415926535897931        0.0000000000000000     
       (0.20644470305566848,-2.15065547290263517E-027)
   1.0000000000000000                1           4
               (0.0000000000000000,0.0000000000000000)
  -1.5707963267948966        0.0000000000000000     
       (0.99999999999919886,-6.00741678624672103E-013)
   0.0000000000000000        0.0000000000000000     
               (1.8044391282445904,0.0000000000000000)
   1.5707963267948966        0.0000000000000000     
        (0.99999999999919886,6.00741678624672103E-013)
   3.1415926535897931        0.0000000000000000     
        (0.19556087175709344,2.74787587308841075E-028)
   1.0000000000000000                1           4
               (0.0000000000000000,0.0000000000000000)
  -1.5707963267948966        0.0000000000000000     
        (0.99999999999964340,1.67177383048056072E-012)
   0.0000000000000000        0.0000000000000000     
               (1.8035843213957798,0.0000000000000000)
   1.5707963267948966        0.0000000000000000     
       (0.99999999999964340,-1.67177383048056072E-012)
   3.1415926535897931        0.0000000000000000     
       (0.19641567860495290,-1.16200109955580330E-028)
   1.0000000000000000                1           4
               (0.0000000000000000,0.0000000000000000)
  -1.5707963267948966        0.0000000000000000     
        (1.0000000000013882,-1.50923717967543800E-012)
   0.0000000000000000        0.0000000000000000     
               (1.7943566112990597,0.0000000000000000)
   1.5707963267948966        0.0000000000000000     
         (1.0000000000013882,1.50923717967543800E-012)
   3.1415926535897931        0.0000000000000000     
       (0.20564338869820661,-1.52557146582960642E-028)
   1.0000000000000000                1           4
               (0.0000000000000000,0.0000000000000000)
  -1.5707963267948966        0.0000000000000000     
         (1.0000000000004048,5.50015588629548802E-012)
   0.0000000000000000        0.0000000000000000     
               (1.7879036339108711,0.0000000000000000)
   1.5707963267948966        0.0000000000000000     
        (1.0000000000004048,-5.50015588629548802E-012)
   3.1415926535897931        0.0000000000000000     
       (0.21209636608831040,-7.73291523078450521E-028)
   1.0000000000000000                1           4
               (0.0000000000000000,0.0000000000000000)
  -1.5707963267948966        0.0000000000000000     
        (0.99999999999936473,1.10611519943404346E-012)
   0.0000000000000000        0.0000000000000000     
               (1.8001331420217035,0.0000000000000000)
   1.5707963267948966        0.0000000000000000     
       (0.99999999999936473,-1.10611519943404346E-012)
   3.1415926535897931        0.0000000000000000     
        (0.19986685797961137,2.28482931992062648E-029)
   1.0000000000000000                1           4
               (0.0000000000000000,0.0000000000000000)
  -1.5707963267948966        0.0000000000000000     
        (0.99999999999286648,1.49121825998577151E-011)
   0.0000000000000000        0.0000000000000000     
               (1.7910238069661233,0.0000000000000000)
   1.5707963267948966        0.0000000000000000     
       (0.99999999999286648,-1.49121825998577151E-011)
   3.1415926535897931        0.0000000000000000     
       (0.20897619304819434,-7.59207103660663382E-029)
   1.0000000000000000                1           4
               (0.0000000000000000,0.0000000000000000)
  -1.5707963267948966        0.0000000000000000     
         (1.0000000000025970,6.57918164392867463E-013)
   0.0000000000000000        0.0000000000000000     
               (1.8073501150375455,0.0000000000000000)
   1.5707963267948966        0.0000000000000000     
        (1.0000000000025970,-6.57918164392867463E-013)
   3.1415926535897931        0.0000000000000000     
       (0.19264988495731647,-7.13225452021147122E-028)
   1.0000000000000000                1           4
               (0.0000000000000000,0.0000000000000000)
  -1.5707963267948966        0.0000000000000000     
       (0.99999999999698264,-6.83547662916339505E-012)
   0.0000000000000000        0.0000000000000000     
               (1.7968480112764540,0.0000000000000000)
   1.5707963267948966        0.0000000000000000     
        (0.99999999999698264,6.83547662916339505E-012)
   3.1415926535897931        0.0000000000000000     
        (0.20315198872962162,1.57865315269501633E-027)
   1.0000000000000000                1           4
               (0.0000000000000000,0.0000000000000000)
  -1.5707963267948966        0.0000000000000000     
       (0.99999999999938993,-6.61359855769205751E-012)
   0.0000000000000000        0.0000000000000000     
               (1.8006386056663224,0.0000000000000000)
   1.5707963267948966        0.0000000000000000     
        (0.99999999999938993,6.61359855769205751E-012)
   3.1415926535897931        0.0000000000000000     
        (0.19936139433481925,9.54542530381514368E-028)
   1.0000000000000000                1           4
               (0.0000000000000000,0.0000000000000000)
  -1.5707963267948966        0.0000000000000000     
         (1.0000000000009357,1.03972386256145890E-012)
   0.0000000000000000        0.0000000000000000     
               (1.7929333066184521,0.0000000000000000)
   1.5707963267948966        0.0000000000000000     
        (1.0000000000009357,-1.03972386256145890E-012)
   3.1415926535897931        0.0000000000000000     
       (0.20706669337964281,-3.58552106902253570E-028)
   1.0000000000000000                1           4
               (0.0000000000000000,0.0000000000000000)
  -1.5707963267948966        0.0000000000000000     
        (1.0000000000174076,-8.29649682287936230E-011)
   0.0000000000000000        0.0000000000000000     
               (1.8066432375615140,0.0000000000000000)
   1.5707963267948966        0.0000000000000000     
         (1.0000000000174076,8.29649682287936230E-011)
   3.1415926535897931        0.0000000000000000     
        (0.19335676240366176,5.89606875000415802E-027)
   1.0000000000000000                1           4
               (0.0000000000000000,0.0000000000000000)
  -1.5707963267948966        0.0000000000000000     
        (1.0000000000006199,-1.33132393997925647E-012)
   0.0000000000000000        0.0000000000000000     
               (1.7959718530736946,0.0000000000000000)
   1.5707963267948966        0.0000000000000000     
         (1.0000000000006199,1.33132393997925647E-012)
   3.1415926535897931        0.0000000000000000     
        (0.20402814692506638,1.12361628557543520E-029)
   1.0000000000000000                1           4
               (0.0000000000000000,0.0000000000000000)
  -1.5707963267948966        0.0000000000000000     
         (1.0000000000032776,3.02319280720553211E-012)
   0.0000000000000000        0.0000000000000000     
               (1.8068316177557882,0.0000000000000000)
   1.5707963267948966        0.0000000000000000     
        (1.0000000000032776,-3.02319280720553211E-012)
   3.1415926535897931        0.0000000000000000     
       (0.19316838223768942,-1.17102339629871484E-027)
   1.0000000000000000                1           4
               (0.0000000000000000,0.0000000000000000)
  -1.5707963267948966        0.0000000000000000     
        (0.99999999999728373,5.74362779559578485E-012)
   0.0000000000000000        0.0000000000000000     
               (1.7987163020025898,0.0000000000000000)
   1.5707963267948966        0.0000000000000000     
       (0.99999999999728373,-5.74362779559578485E-012)
   3.1415926535897931        0.0000000000000000     
       (0.20128369800283452,-3.85869922052287667E-029)
   1.0000000000000000                1           4
               (0.0000000000000000,0.0000000000000000)
  -1.5707963267948966        0.0000000000000000     
         (1.0000000000017641,6.72878419649691750E-012)
   0.0000000000000000        0.0000000000000000     
               (1.8191381784761920,0.0000000000000000)
   1.5707963267948966        0.0000000000000000     
        (1.0000000000017641,-6.72878419649691750E-012)
   3.1415926535897931        0.0000000000000000     
       (0.18086182152030472,-1.25459467767032684E-027)
   1.0000000000000000                1           4
               (0.0000000000000000,0.0000000000000000)
  -1.5707963267948966        0.0000000000000000     
         (1.0000000000019575,6.13065154198011240E-013)
   0.0000000000000000        0.0000000000000000     
               (1.7893177217806187,0.0000000000000000)
   1.5707963267948966        0.0000000000000000     
        (1.0000000000019575,-6.13065154198011240E-013)
   3.1415926535897931        0.0000000000000000     
       (0.21068227821550342,-5.52274128383478630E-028)
   1.0000000000000000                1           4
               (0.0000000000000000,0.0000000000000000)
  -1.5707963267948966        0.0000000000000000     
         (1.0000000000038165,8.54449844212012977E-011)
   0.0000000000000000        0.0000000000000000     
               (1.8154450934185844,0.0000000000000000)
   1.5707963267948966        0.0000000000000000     
        (1.0000000000038165,-8.54449844212012977E-011)
   3.1415926535897931        0.0000000000000000     
       (0.18455490657390705,-1.13911384949721484E-026)
   1.0000000000000000                1           4
               (0.0000000000000000,0.0000000000000000)
  -1.5707963267948966        0.0000000000000000     
        (1.0000000000010094,-2.67069699688704532E-012)
   0.0000000000000000        0.0000000000000000     
               (1.7947693189605420,0.0000000000000000)
   1.5707963267948966        0.0000000000000000     
         (1.0000000000010094,2.67069699688704532E-012)
   3.1415926535897931        0.0000000000000000     
        (0.20523068103744097,7.99578543340349551E-029)
   1.0000000000000000                1           4
               (0.0000000000000000,0.0000000000000000)
  -1.5707963267948966        0.0000000000000000     
         (1.0000000000002900,1.51534340631087616E-012)
   0.0000000000000000        0.0000000000000000     
               (1.8175494778693397,0.0000000000000000)
   1.5707963267948966        0.0000000000000000     
        (1.0000000000002900,-1.51534340631087616E-012)
   3.1415926535897931        0.0000000000000000     
       (0.18245052213017007,-2.51116366797553410E-028)
   1.0000000000000000                1           4
               (0.0000000000000000,0.0000000000000000)
  -1.5707963267948966        0.0000000000000000     
        (1.0000000000004012,-1.28697053014548146E-012)
   0.0000000000000000        0.0000000000000000     
               (1.8071476970640872,0.0000000000000000)
   1.5707963267948966        0.0000000000000000     
         (1.0000000000004012,1.28697053014548146E-012)
   3.1415926535897931        0.0000000000000000     
        (0.19285230293518707,6.40327439041807550E-029)
   1.0000000000000000                1           4
               (0.0000000000000000,0.0000000000000000)
  -1.5707963267948966        0.0000000000000000     
       (0.99999999999992717,-5.83694204081552925E-012)
   0.0000000000000000        0.0000000000000000     
               (1.7914644959749590,0.0000000000000000)
   1.5707963267948966        0.0000000000000000     
        (0.99999999999992717,5.83694204081552925E-012)
   3.1415926535897931        0.0000000000000000     
        (0.20853550402532967,7.41412815550997320E-028)
   1.0000000000000000                1           4
               (0.0000000000000000,0.0000000000000000)
  -1.5707963267948966        0.0000000000000000     
        (0.99999999999937306,1.17084120176969009E-012)
   0.0000000000000000        0.0000000000000000     
               (1.8005305617356859,0.0000000000000000)
   1.5707963267948966        0.0000000000000000     
       (0.99999999999937306,-1.17084120176969009E-012)
   3.1415926535897931        0.0000000000000000     
        (0.19946943826599436,3.62846830494200873E-029)
   1.0000000000000000                1           4
               (0.0000000000000000,0.0000000000000000)
  -1.5707963267948966        0.0000000000000000     
         (1.0000000000020119,1.31313848683589640E-011)
   0.0000000000000000        0.0000000000000000     
               (1.8043057148156700,0.0000000000000000)
   1.5707963267948966        0.0000000000000000     
        (1.0000000000020119,-1.31313848683589640E-011)
   3.1415926535897931        0.0000000000000000     
       (0.19569428518034868,-2.09832121667753455E-027)
   1.0000000000000000                1           4
               (0.0000000000000000,0.0000000000000000)
  -1.5707963267948966        0.0000000000000000     
        (1.0000000000005824,-2.39863684470265071E-012)
   0.0000000000000000        0.0000000000000000     
               (1.8019281384251582,0.0000000000000000)
   1.5707963267948966        0.0000000000000000     
         (1.0000000000005824,2.39863684470265071E-012)
   3.1415926535897931        0.0000000000000000     
        (0.19807186157405079,1.74000629702383824E-028)
   1.0000000000000000                1           4
               (0.0000000000000000,0.0000000000000000)
  -1.5707963267948966        0.0000000000000000     
         (1.0000000000028368,4.71661598666628379E-012)
   0.0000000000000000        0.0000000000000000     
               (1.8095478016388475,0.0000000000000000)
   1.5707963267948966        0.0000000000000000     
        (1.0000000000028368,-4.71661598666628379E-012)
   3.1415926535897931        0.0000000000000000     
       (0.19045219835545268,-1.27404794376382905E-027)
   1.0000000000000000                1           4
               (0.0000000000000000,0.0000000000000000)
  -1.5707963267948966        0.0000000000000000     
       (0.99999999999866040,-1.88878357398891694E-011)
   0.0000000000000000        0.0000000000000000     
               (1.8021490584912456,0.0000000000000000)
   1.5707963267948966        0.0000000000000000     
        (0.99999999999866040,1.88878357398891694E-011)
   3.1415926535897931        0.0000000000000000     
        (0.19785094151148863,2.64456929907453877E-027)
   1.0000000000000000                1           4
               (0.0000000000000000,0.0000000000000000)
  -1.5707963267948966        0.0000000000000000     
        (0.99999999999998046,7.20012938160152771E-012)
   0.0000000000000000        0.0000000000000000     
               (1.7914895657207228,0.0000000000000000)
   1.5707963267948966        0.0000000000000000     
       (0.99999999999998046,-7.20012938160152771E-012)
   3.1415926535897931        0.0000000000000000     
       (0.20851043427949664,-8.65930549817846908E-028)
   1.0000000000000000                1           4
               (0.0000000000000000,0.0000000000000000)
  -1.5707963267948966        0.0000000000000000     
       (0.99999999999906863,-3.90459886645544429E-012)
   0.0000000000000000        0.0000000000000000     
               (1.7987429737980878,0.0000000000000000)
   1.5707963267948966        0.0000000000000000     
        (0.99999999999906863,3.90459886645544429E-012)
   3.1415926535897931        0.0000000000000000     
        (0.20125702620384242,7.10416644390488520E-028)
   1.0000000000000000                1           4
               (0.0000000000000000,0.0000000000000000)
  -1.5707963267948966        0.0000000000000000     
       (0.99999999999921141,-4.18681755931515909E-012)
   0.0000000000000000        0.0000000000000000     
               (1.7914301742885526,0.0000000000000000)
   1.5707963267948966        0.0000000000000000     
        (0.99999999999921141,4.18681755931515909E-012)
   3.1415926535897931        0.0000000000000000     
        (0.20856982571315705,7.13994859091144879E-028)
   1.0000000000000000                1           4
               (0.0000000000000000,0.0000000000000000)
  -1.5707963267948966        0.0000000000000000     
        (0.99999999999959044,4.15389944663502370E-013)
   0.0000000000000000        0.0000000000000000     
               (1.7942104721066174,0.0000000000000000)
   1.5707963267948966        0.0000000000000000     
       (0.99999999999959044,-4.15389944663502370E-013)
   3.1415926535897931        0.0000000000000000     
        (0.20578952789423161,5.12756863091596063E-029)
   1.0000000000000000                1           4
               (0.0000000000000000,0.0000000000000000)
  -1.5707963267948966        0.0000000000000000     
        (1.0000000000005302,-4.56518156610741244E-012)
   0.0000000000000000        0.0000000000000000     
               (1.8052167310085188,0.0000000000000000)
   1.5707963267948966        0.0000000000000000     
         (1.0000000000005302,4.56518156610741244E-012)
   3.1415926535897931        0.0000000000000000     
        (0.19478326899040066,4.27966153481537001E-028)
   1.0000000000000000                1           4
               (0.0000000000000000,0.0000000000000000)
  -1.5707963267948966        0.0000000000000000     
         (1.0000000000000624,2.69395616925294235E-012)
   0.0000000000000000        0.0000000000000000     
               (1.7988605612209194,0.0000000000000000)
   1.5707963267948966        0.0000000000000000     
        (1.0000000000000624,-2.69395616925294235E-012)
   3.1415926535897931        0.0000000000000000     
       (0.20113943877925156,-3.27109275673758194E-028)
   1.0000000000000000                1           4
               (0.0000000000000000,0.0000000000000000)
  -1.5707963267948966        0.0000000000000000     
        (1.0000000000008158,-1.90991666926265680E-012)
   0.0000000000000000        0.0000000000000000     
               (1.7979371858390139,0.0000000000000000)
   1.5707963267948966        0.0000000000000000     
         (1.0000000000008158,1.90991666926265680E-012)
   3.1415926535897931        0.0000000000000000     
        (0.20206281415966357,5.30214227747858377E-029)
   1.0000000000000000                1           4
               (0.0000000000000000,0.0000000000000000)
  -1.5707963267948966        0.0000000000000000     
        (0.99999999999928335,1.36524125338155500E-012)
   0.0000000000000000        0.0000000000000000     
               (1.7951285671525208,0.0000000000000000)
   1.5707963267948966        0.0000000000000000     
       (0.99999999999928335,-1.36524125338155500E-012)
   3.1415926535897931        0.0000000000000000     
        (0.20487143284895495,1.09443827685940927E-029)
   1.0000000000000000                1           4
               (0.0000000000000000,0.0000000000000000)
  -1.5707963267948966        0.0000000000000000     
        (1.0000000000011995,-8.61755111714046608E-013)
   0.0000000000000000        0.0000000000000000     
               (1.8075876072665864,0.0000000000000000)
   1.5707963267948966        0.0000000000000000     
         (1.0000000000011995,8.61755111714046608E-013)
   3.1415926535897931        0.0000000000000000     
       (0.19241239273107383,-1.84628539446078013E-028)
   1.0000000000000000                1           4
               (0.0000000000000000,0.0000000000000000)
  -1.5707963267948966        0.0000000000000000     
         (1.0000000000066092,2.30021557356963058E-011)
   0.0000000000000000        0.0000000000000000     
               (1.7984358271151775,0.0000000000000000)
   1.5707963267948966        0.0000000000000000     
        (1.0000000000066092,-2.30021557356963058E-011)
   3.1415926535897931        0.0000000000000000     
       (0.20156417287157702,-4.43738530354684933E-027)
   1.0000000000000000                1           4
               (0.0000000000000000,0.0000000000000000)
  -1.5707963267948966        0.0000000000000000     
         (1.0000000000024620,2.74574807335170549E-012)
   0.0000000000000000        0.0000000000000000     
               (1.7949265423957397,0.0000000000000000)
   1.5707963267948966        0.0000000000000000     
        (1.0000000000024620,-2.74574807335170549E-012)
   3.1415926535897931        0.0000000000000000     
       (0.20507345759939671,-9.35595111765452475E-028)
   1.0000000000000000                1           4
               (0.0000000000000000,0.0000000000000000)
  -1.5707963267948966        0.0000000000000000     
         (1.0000000000043274,3.18856052672344918E-012)
   0.0000000000000000        0.0000000000000000     
               (1.7829652667874292,0.0000000000000000)
   1.5707963267948966        0.0000000000000000     
        (1.0000000000043274,-3.18856052672344918E-012)
   3.1415926535897931        0.0000000000000000     
       (0.21703473320391964,-1.45015794407333081E-027)
   1.0000000000000000                1           4
               (0.0000000000000000,0.0000000000000000)
  -1.5707963267948966        0.0000000000000000     
        (1.0000000000088241,-4.92939022933570615E-013)
   0.0000000000000000        0.0000000000000000     
               (1.8084336344787735,0.0000000000000000)
   1.5707963267948966        0.0000000000000000     
         (1.0000000000088241,4.92939022933570615E-013)
   3.1415926535897931        0.0000000000000000     
       (0.19156636550350900,-2.10514343714008163E-027)
   1.0000000000000000                1           4
               (0.0000000000000000,0.0000000000000000)
  -1.5707963267948966        0.0000000000000000     
        (0.99999999999924039,9.88376047672545610E-013)
   0.0000000000000000        0.0000000000000000     
               (1.7925439854147540,0.0000000000000000)
   1.5707963267948966        0.0000000000000000     
       (0.99999999999924039,-9.88376047672545610E-013)
   3.1415926535897931        0.0000000000000000     
        (0.20745601458678464,6.61972387220653142E-029)
   1.0000000000000000                1           4
               (0.0000000000000000,0.0000000000000000)
  -1.5707963267948966        0.0000000000000000     
         (1.0000000000045379,1.32299726729456719E-012)
   0.0000000000000000        0.0000000000000000     
               (1.8031198625288669,0.0000000000000000)
   1.5707963267948966        0.0000000000000000     
        (1.0000000000045379,-1.32299726729456719E-012)
   3.1415926535897931        0.0000000000000000     
       (0.19688013746207422,-1.27247103918508228E-027)
   1.0000000000000000                1           4
               (0.0000000000000000,0.0000000000000000)
  -1.5707963267948966        0.0000000000000000     
         (1.0000000000080160,3.42174066858547121E-011)
   0.0000000000000000        0.0000000000000000     
               (1.7886055673188082,0.0000000000000000)
   1.5707963267948966        0.0000000000000000     
        (1.0000000000080160,-3.42174066858547121E-011)
   3.1415926535897931        0.0000000000000000     
       (0.21139443266529487,-6.14552180821153436E-027)
   1.0000000000000000                1           4
               (0.0000000000000000,0.0000000000000000)
  -1.5707963267948966        0.0000000000000000     
         (1.0000000000006843,4.32137658989972806E-012)
   0.0000000000000000        0.0000000000000000     
               (1.8058256214011092,0.0000000000000000)
   1.5707963267948966        0.0000000000000000     
        (1.0000000000006843,-4.32137658989972806E-012)
   3.1415926535897931        0.0000000000000000     
       (0.19417437859750222,-6.98036770326246725E-028)
   1.0000000000000000                1           4
               (0.0000000000000000,0.0000000000000000)
  -1.5707963267948966        0.0000000000000000     
        (0.99999999999913325,5.61678481503236071E-012)
   0.0000000000000000        0.0000000000000000     
               (1.8019582400562102,0.0000000000000000)
   1.5707963267948966        0.0000000000000000     
       (0.99999999999913325,-5.61678481503236071E-012)
   3.1415926535897931        0.0000000000000000     
       (0.19804175994446419,-5.40410624157202014E-028)
   1.0000000000000000                1           4
               (0.0000000000000000,0.0000000000000000)
  -1.5707963267948966        0.0000000000000000     
        (0.99999999999945111,3.22536441998977352E-012)
   0.0000000000000000        0.0000000000000000     
               (1.7950083160880284,0.0000000000000000)
   1.5707963267948966        0.0000000000000000     
       (0.99999999999945111,-3.22536441998977352E-012)
   3.1415926535897931        0.0000000000000000     
       (0.20499168391310507,-2.58373216898182740E-028)
   1.0000000000000000                1           4
               (0.0000000000000000,0.0000000000000000)
  -1.5707963267948966        0.0000000000000000     
        (0.99999999999880917,4.43023395746422466E-012)
   0.0000000000000000        0.0000000000000000     
               (1.8011684832051447,0.0000000000000000)
   1.5707963267948966        0.0000000000000000     
       (0.99999999999880917,-4.43023395746422466E-012)
   3.1415926535897931        0.0000000000000000     
       (0.19883151679727512,-2.48551020040837206E-028)
   1.0000000000000000                1           4
               (0.0000000000000000,0.0000000000000000)
  -1.5707963267948966        0.0000000000000000     
        (1.0000000000050215,-1.09274811421755658E-011)
   0.0000000000000000        0.0000000000000000     
               (1.7981530896502691,0.0000000000000000)
   1.5707963267948966        0.0000000000000000     
         (1.0000000000050215,1.09274811421755658E-011)
   3.1415926535897931        0.0000000000000000     
        (0.20184691033983085,1.17069368876694355E-028)
   1.0000000000000000                1           4
               (0.0000000000000000,0.0000000000000000)
  -1.5707963267948966        0.0000000000000000     
       (0.99999999999786582,-8.86674067501758145E-012)
   0.0000000000000000        0.0000000000000000     
               (1.8017873129192008,0.0000000000000000)
   1.5707963267948966        0.0000000000000000     
        (0.99999999999786582,8.86674067501758145E-012)
   3.1415926535897931        0.0000000000000000     
        (0.19821268708505732,1.60796424013483717E-027)
   1.0000000000000000                1           4
               (0.0000000000000000,0.0000000000000000)
  -1.5707963267948966        0.0000000000000000     
         (1.0000000000011895,4.72238914639433460E-012)
   0.0000000000000000        0.0000000000000000     
               (1.7989944440473069,0.0000000000000000)
   1.5707963267948966        0.0000000000000000     
        (1.0000000000011895,-4.72238914639433460E-012)
   3.1415926535897931        0.0000000000000000     
       (0.20100555595033803,-8.68184037478977587E-028)
   1.0000000000000000                1           4
               (0.0000000000000000,0.0000000000000000)
  -1.5707963267948966        0.0000000000000000     
        (0.99999999999821887,1.08385522779030927E-012)
   0.0000000000000000        0.0000000000000000     
               (1.7918623046777378,0.0000000000000000)
   1.5707963267948966        0.0000000000000000     
       (0.99999999999821887,-1.08385522779030927E-012)
   3.1415926535897931        0.0000000000000000     
        (0.20813769532590692,3.08569670007074702E-028)
   1.0000000000000000                1           4
               (0.0000000000000000,0.0000000000000000)
  -1.5707963267948966        0.0000000000000000     
         (1.0000000000033160,1.19799170583689829E-011)
   0.0000000000000000        0.0000000000000000     
               (1.8074473915475533,0.0000000000000000)
   1.5707963267948966        0.0000000000000000     
        (1.0000000000033160,-1.19799170583689829E-011)
   3.1415926535897931        0.0000000000000000     
       (0.19255260844583597,-2.27797575306846001E-027)
   1.0000000000000000                1           4
               (0.0000000000000000,0.0000000000000000)
  -1.5707963267948966        0.0000000000000000     
       (0.99999999999974587,-1.01402219954138673E-012)
   0.0000000000000000        0.0000000000000000     
               (1.8041269756558520,0.0000000000000000)
   1.5707963267948966        0.0000000000000000     
        (0.99999999999974587,1.01402219954138673E-012)
   3.1415926535897931        0.0000000000000000     
        (0.19587302434466852,1.87171492928650495E-028)
   1.0000000000000000                1           4
               (0.0000000000000000,0.0000000000000000)
  -1.5707963267948966        0.0000000000000000     
         (1.0000000000005067,2.80442336020314542E-012)
   0.0000000000000000        0.0000000000000000     
               (1.7954933012372836,0.0000000000000000)
   1.5707963267948966        0.0000000000000000     
        (1.0000000000005067,-2.80442336020314542E-012)
   3.1415926535897931        0.0000000000000000     
       (0.20450669876166774,-4.69716699017837792E-028)
   1.0000000000000000                1           4
               (0.0000000000000000,0.0000000000000000)
  -1.5707963267948966        0.0000000000000000     
        (1.0000000000006888,-1.10000897279860510E-012)
   0.0000000000000000        0.0000000000000000     
               (1.7906203294974938,0.0000000000000000)
   1.5707963267948966        0.0000000000000000     
         (1.0000000000006888,1.10000897279860510E-012)
   3.1415926535897931        0.0000000000000000     
       (0.20937967050127879,-2.47788493724067556E-029)
   1.0000000000000000                1           4
               (0.0000000000000000,0.0000000000000000)
  -1.5707963267948966        0.0000000000000000     
       (0.99999999999949019,-4.55913085062320432E-013)
   0.0000000000000000        0.0000000000000000     
               (1.7987207873659026,0.0000000000000000)
   1.5707963267948966        0.0000000000000000     
        (0.99999999999949019,4.55913085062320432E-013)
   3.1415926535897931        0.0000000000000000     
        (0.20127921263512943,1.81478976315846836E-028)
   1.0000000000000000                1           4
               (0.0000000000000000,0.0000000000000000)
  -1.5707963267948966        0.0000000000000000     
       (0.99999999999721312,-6.50202114371722928E-012)
   0.0000000000000000        0.0000000000000000     
               (1.7973653877573892,0.0000000000000000)
   1.5707963267948966        0.0000000000000000     
        (0.99999999999721312,6.50202114371722928E-012)
   3.1415926535897931        0.0000000000000000     
        (0.20263461224818974,1.47917300313440084E-027)
   1.0000000000000000                1           4
               (0.0000000000000000,0.0000000000000000)
  -1.5707963267948966        0.0000000000000000     
       (0.99999999999859124,-4.50306458787963341E-013)
   0.0000000000000000        0.0000000000000000     
               (1.7986502796493133,0.0000000000000000)
   1.5707963267948966        0.0000000000000000     
        (0.99999999999859124,4.50306458787963341E-013)
   3.1415926535897931        0.0000000000000000     
        (0.20134972035351653,4.00949516054771163E-028)
   1.0000000000000000                1           4
               (0.0000000000000000,0.0000000000000000)
  -1.5707963267948966        0.0000000000000000     
       (0.99999999999841305,-8.48432435418544426E-013)
   0.0000000000000000        0.0000000000000000     
               (1.8163730818794401,0.0000000000000000)
   1.5707963267948966        0.0000000000000000     
        (0.99999999999841305,8.48432435418544426E-013)
   3.1415926535897931        0.0000000000000000     
        (0.18362691812377188,4.94927934762255014E-028)
   1.0000000000000000                1           4
               (0.0000000000000000,0.0000000000000000)
  -1.5707963267948966        0.0000000000000000     
       (0.99999999999867684,-2.19768647724549586E-013)
   0.0000000000000000        0.0000000000000000     
               (1.8053862651901365,0.0000000000000000)
   1.5707963267948966        0.0000000000000000     
        (0.99999999999867684,2.19768647724549586E-013)
   3.1415926535897931        0.0000000000000000     
        (0.19461373481231908,3.39314443170722196E-028)
   1.0000000000000000                1           4
               (0.0000000000000000,0.0000000000000000)
  -1.5707963267948966        0.0000000000000000     
        (1.0000000000056672,-1.69486646939276458E-012)
   0.0000000000000000        0.0000000000000000     
               (1.7918547349133607,0.0000000000000000)
   1.5707963267948966        0.0000000000000000     
         (1.0000000000056672,1.69486646939276458E-012)
   3.1415926535897931        0.0000000000000000     
       (0.20814526507545680,-1.17120568133348811E-027)
   1.0000000000000000                1           4
               (0.0000000000000000,0.0000000000000000)
  -1.5707963267948966        0.0000000000000000     
         (1.0000000000000138,4.03010957938931824E-013)
   0.0000000000000000        0.0000000000000000     
               (1.8013186021434315,0.0000000000000000)
   1.5707963267948966        0.0000000000000000     
        (1.0000000000000138,-4.03010957938931824E-013)
   3.1415926535897931        0.0000000000000000     
       (0.19868139785664682,-4.62650075482322271E-029)
   1.0000000000000000                1           4
               (0.0000000000000000,0.0000000000000000)
  -1.5707963267948966        0.0000000000000000     
        (0.99999999999745581,3.10312886497854419E-012)
   0.0000000000000000        0.0000000000000000     
               (1.8098156769005189,0.0000000000000000)
   1.5707963267948966        0.0000000000000000     
       (0.99999999999745581,-3.10312886497854419E-012)
   3.1415926535897931        0.0000000000000000     
        (0.19018432310453087,2.40772113906018126E-028)
   1.0000000000000000                1           4
               (0.0000000000000000,0.0000000000000000)
  -1.5707963267948966        0.0000000000000000     
        (1.0000000000023721,-2.46314080243337270E-012)
   0.0000000000000000        0.0000000000000000     
               (1.8012562495531372,0.0000000000000000)
   1.5707963267948966        0.0000000000000000     
         (1.0000000000023721,2.46314080243337270E-012)
   3.1415926535897931        0.0000000000000000     
       (0.19874375044203688,-2.84360366224006207E-028)
   1.0000000000000000                1           4
               (0.0000000000000000,0.0000000000000000)
  -1.5707963267948966        0.0000000000000000     
        (1.0000000000032621,-2.44665399051768913E-012)
   0.0000000000000000        0.0000000000000000     
               (1.8053776369819428,0.0000000000000000)
   1.5707963267948966        0.0000000000000000     
         (1.0000000000032621,2.44665399051768913E-012)
   3.1415926535897931        0.0000000000000000     
       (0.19462236301152908,-4.99602060346263931E-028)
   1.0000000000000000                1           4
               (0.0000000000000000,0.0000000000000000)
  -1.5707963267948966        0.0000000000000000     
        (0.99999999999922851,1.00136565706065994E-012)
   0.0000000000000000        0.0000000000000000     
               (1.7968458415100834,0.0000000000000000)
   1.5707963267948966        0.0000000000000000     
       (0.99999999999922851,-1.00136565706065994E-012)
   3.1415926535897931        0.0000000000000000     
        (0.20315415849151575,6.97699707013475666E-029)
   1.0000000000000000                1           4
               (0.0000000000000000,0.0000000000000000)
  -1.5707963267948966        0.0000000000000000     
         (1.0000000000008413,2.24187335362557860E-012)
   0.0000000000000000        0.0000000000000000     
               (1.7994105017985180,0.0000000000000000)
   1.5707963267948966        0.0000000000000000     
        (1.0000000000008413,-2.24187335362557860E-012)
   3.1415926535897931        0.0000000000000000     
       (0.20058949819979252,-4.81046841221256907E-028)
   1.0000000000000000                1           4
               (0.0000000000000000,0.0000000000000000)
  -1.5707963267948966        0.0000000000000000     
       (0.99999999999883371,-9.17599329852691679E-013)
   0.0000000000000000        0.0000000000000000     
               (1.7823615820480709,0.0000000000000000)
   1.5707963267948966        0.0000000000000000     
        (0.99999999999883371,9.17599329852691679E-013)
   3.1415926535897931        0.0000000000000000     
        (0.21763841795431738,4.01459017626631983E-028)
   1.0000000000000000                1           4
               (0.0000000000000000,0.0000000000000000)
  -1.5707963267948966        0.0000000000000000     
         (1.0000000000023688,2.47230014238652944E-012)
   0.0000000000000000        0.0000000000000000     
               (1.7991652172448731,0.0000000000000000)
   1.5707963267948966        0.0000000000000000     
        (1.0000000000023688,-2.47230014238652944E-012)
   3.1415926535897931        0.0000000000000000     
       (0.20083478275077388,-8.59413687045288450E-028)
   1.0000000000000000                1           4
               (0.0000000000000000,0.0000000000000000)
  -1.5707963267948966        0.0000000000000000     
         (1.0000000000029377,8.97598662064069686E-012)
   0.0000000000000000        0.0000000000000000     
               (1.8030733530239527,0.0000000000000000)
   1.5707963267948966        0.0000000000000000     
        (1.0000000000029377,-8.97598662064069686E-012)
   3.1415926535897931        0.0000000000000000     
       (0.19692664697013473,-1.82104396356651938E-027)
   1.0000000000000000                1           4
               (0.0000000000000000,0.0000000000000000)
  -1.5707963267948966        0.0000000000000000     
         (1.0000000000028335,4.22845092273860246E-012)
   0.0000000000000000        0.0000000000000000     
               (1.7885833035773624,0.0000000000000000)
   1.5707963267948966        0.0000000000000000     
        (1.0000000000028335,-4.22845092273860246E-012)
   3.1415926535897931        0.0000000000000000     
       (0.21141669641699012,-1.21063721790709749E-027)
   1.0000000000000000                1           4
               (0.0000000000000000,0.0000000000000000)
  -1.5707963267948966        0.0000000000000000     
       (0.99999999999965516,-4.98173724494677117E-012)
   0.0000000000000000        0.0000000000000000     
               (1.8099850603580456,0.0000000000000000)
   1.5707963267948966        0.0000000000000000     
        (0.99999999999965516,4.98173724494677117E-012)
   3.1415926535897931        0.0000000000000000     
        (0.19001493964264266,6.94452718332705077E-028)
   1.0000000000000000                1           4
               (0.0000000000000000,0.0000000000000000)
  -1.5707963267948966        0.0000000000000000     
       (0.99999999999847355,-5.49227330282064739E-013)
   0.0000000000000000        0.0000000000000000     
               (1.7875233416898482,0.0000000000000000)
   1.5707963267948966        0.0000000000000000     
        (0.99999999999847355,5.49227330282064739E-013)
   3.1415926535897931        0.0000000000000000     
        (0.21247665831323687,4.43095219068307092E-028)
   1.0000000000000000                1           4
               (0.0000000000000000,0.0000000000000000)
  -1.5707963267948966        0.0000000000000000     
        (1.0000000000011173,-8.58535464942633654E-013)
   0.0000000000000000        0.0000000000000000     
               (1.7910024750872828,0.0000000000000000)
   1.5707963267948966        0.0000000000000000     
         (1.0000000000011173,8.58535464942633654E-013)
   3.1415926535897931        0.0000000000000000     
       (0.20899752491045834,-1.70014643162900385E-028)
   1.0000000000000000                1           4
               (0.0000000000000000,0.0000000000000000)
  -1.5707963267948966        0.0000000000000000     
         (1.0000000000008706,9.26370091747230415E-013)
   0.0000000000000000        0.0000000000000000     
               (1.8036730400834171,0.0000000000000000)
   1.5707963267948966        0.0000000000000000     
        (1.0000000000008706,-9.26370091747230415E-013)
   3.1415926535897931        0.0000000000000000     
       (0.19632695991493410,-3.21024480005111082E-028)
   1.0000000000000000                1           4
               (0.0000000000000000,0.0000000000000000)
  -1.5707963267948966        0.0000000000000000     
         (1.0000000000017610,1.62797553215909809E-012)
   0.0000000000000000        0.0000000000000000     
               (1.7987798158845960,0.0000000000000000)
   1.5707963267948966        0.0000000000000000     
        (1.0000000000017610,-1.62797553215909809E-012)
   3.1415926535897931        0.0000000000000000     
       (0.20122018411190060,-6.29569038686360318E-028)
   1.0000000000000000                1           4
               (0.0000000000000000,0.0000000000000000)
  -1.5707963267948966        0.0000000000000000     
        (1.0000000000026943,-1.40387701463851373E-013)
   0.0000000000000000        0.0000000000000000     
               (1.8034674131452491,0.0000000000000000)
   1.5707963267948966        0.0000000000000000     
         (1.0000000000026943,1.40387701463851373E-013)
   3.1415926535897931        0.0000000000000000     
       (0.19653258684941202,-6.39688963439541570E-028)
   1.0000000000000000                1           4
               (0.0000000000000000,0.0000000000000000)
  -1.5707963267948966        0.0000000000000000     
       (0.99999999999485378,-1.12537756891128993E-011)
   0.0000000000000000        0.0000000000000000     
               (1.7994474738067996,0.0000000000000000)
   1.5707963267948966        0.0000000000000000     
        (0.99999999999485378,1.12537756891128993E-011)
   3.1415926535897931        0.0000000000000000     
        (0.20055252620344380,2.63565722539102333E-027)
   1.0000000000000000                1           4
               (0.0000000000000000,0.0000000000000000)
  -1.5707963267948966        0.0000000000000000     
        (0.99999999999007538,4.79838391242992818E-012)
   0.0000000000000000        0.0000000000000000     
               (1.8038945855232364,0.0000000000000000)
   1.5707963267948966        0.0000000000000000     
       (0.99999999999007538,-4.79838391242992818E-012)
   3.1415926535897931        0.0000000000000000     
        (0.19610541449665259,1.84563069243704551E-027)
   1.0000000000000000                1           4
               (0.0000000000000000,0.0000000000000000)
  -1.5707963267948966        0.0000000000000000     
         (1.0000000000025959,2.82085466096759733E-012)
   0.0000000000000000        0.0000000000000000     
               (1.7983798872496835,0.0000000000000000)
   1.5707963267948966        0.0000000000000000     
        (1.0000000000025959,-2.82085466096759733E-012)
   3.1415926535897931        0.0000000000000000     
       (0.20162011274514588,-9.79945537884061798E-028)
   1.0000000000000000                1           4
               (0.0000000000000000,0.0000000000000000)
  -1.5707963267948966        0.0000000000000000     
         (1.0000000000005902,2.60097499094058549E-012)
   0.0000000000000000        0.0000000000000000     
               (1.8087063868761688,0.0000000000000000)
   1.5707963267948966        0.0000000000000000     
        (1.0000000000005902,-2.60097499094058549E-012)
   3.1415926535897931        0.0000000000000000     
       (0.19129361312265791,-4.62663008161626559E-028)
   1.0000000000000000                1           4
               (0.0000000000000000,0.0000000000000000)
  -1.5707963267948966        0.0000000000000000     
        (1.0000000000071050,-1.16001652727959562E-012)
   0.0000000000000000        0.0000000000000000     
               (1.8087538625066224,0.0000000000000000)
   1.5707963267948966        0.0000000000000000     
         (1.0000000000071050,1.16001652727959562E-012)
   3.1415926535897931        0.0000000000000000     
       (0.19124613747938785,-1.58464342302484127E-027)
   1.0000000000000000                1           4
               (0.0000000000000000,0.0000000000000000)
  -1.5707963267948966        0.0000000000000000     
        (0.99999999999975597,4.22628598784058340E-012)
   0.0000000000000000        0.0000000000000000     
               (1.7913707415145341,0.0000000000000000)
   1.5707963267948966        0.0000000000000000     
       (0.99999999999975597,-4.22628598784058340E-012)
   3.1415926535897931        0.0000000000000000     
       (0.20862925848593691,-4.58844749149044573E-028)
   1.0000000000000000                1           4
               (0.0000000000000000,0.0000000000000000)
  -1.5707963267948966        0.0000000000000000     
        (0.99999999999605071,7.30095983669798443E-011)
   0.0000000000000000        0.0000000000000000     
               (1.7922789243690058,0.0000000000000000)
   1.5707963267948966        0.0000000000000000     
       (0.99999999999605071,-7.30095983669798443E-011)
   3.1415926535897931        0.0000000000000000     
       (0.20772107563910425,-7.96084460938554147E-027)
   1.0000000000000000                1           4
               (0.0000000000000000,0.0000000000000000)
  -1.5707963267948966        0.0000000000000000     
       (0.99999999999962763,-6.29996055323545079E-013)
   0.0000000000000000        0.0000000000000000     
               (1.8087208280497884,0.0000000000000000)
   1.5707963267948966        0.0000000000000000     
        (0.99999999999962763,6.29996055323545079E-013)
   3.1415926535897931        0.0000000000000000     
        (0.19127917195095370,1.68195721125970687E-028)
   1.0000000000000000                1           4
               (0.0000000000000000,0.0000000000000000)
  -1.5707963267948966        0.0000000000000000     
        (0.99999999999663802,2.58870702651847791E-012)
   0.0000000000000000        0.0000000000000000     
               (1.8049498597042948,0.0000000000000000)
   1.5707963267948966        0.0000000000000000     
       (0.99999999999663802,-2.58870702651847791E-012)
   3.1415926535897931        0.0000000000000000     
        (0.19505014030241041,5.05262160917554653E-028)
   1.0000000000000000                1           4
               (0.0000000000000000,0.0000000000000000)
  -1.5707963267948966        0.0000000000000000     
       (0.99999999999977529,-1.69979585962209967E-011)
   0.0000000000000000        0.0000000000000000     
               (1.7987420476616736,0.0000000000000000)
   1.5707963267948966        0.0000000000000000     
        (0.99999999999977529,1.69979585962209967E-011)
   3.1415926535897931        0.0000000000000000     
        (0.20125795233870664,2.13244536671061655E-027)
   1.0000000000000000                1           4
               (0.0000000000000000,0.0000000000000000)
  -1.5707963267948966        0.0000000000000000     
        (0.99999999999881717,8.27227175648204239E-013)
   0.0000000000000000        0.0000000000000000     
               (1.8059891450425107,0.0000000000000000)
   1.5707963267948966        0.0000000000000000     
       (0.99999999999881717,-8.27227175648204239E-013)
   3.1415926535897931        0.0000000000000000     
        (0.19401085495986992,1.89316738410771835E-028)
   1.0000000000000000                1           4
               (0.0000000000000000,0.0000000000000000)
  -1.5707963267948966        0.0000000000000000     
        (1.0000000000076656,-5.77138337121141457E-012)
   0.0000000000000000        0.0000000000000000     
               (1.7912439388804471,0.0000000000000000)
   1.5707963267948966        0.0000000000000000     
         (1.0000000000076656,5.77138337121141457E-012)
   3.1415926535897931        0.0000000000000000     
       (0.20875606110413905,-1.17582115677988431E-027)
   1.0000000000000000                1           4
               (0.0000000000000000,0.0000000000000000)
  -1.5707963267948966        0.0000000000000000     
        (1.0000000000010671,-8.65640892300234656E-013)
   0.0000000000000000        0.0000000000000000     
               (1.8027380264663662,0.0000000000000000)
   1.5707963267948966        0.0000000000000000     
         (1.0000000000010671,8.65640892300234656E-013)
   3.1415926535897931        0.0000000000000000     
       (0.19726197353140537,-1.61146621839080925E-028)
   1.0000000000000000                1           4
               (0.0000000000000000,0.0000000000000000)
  -1.5707963267948966        0.0000000000000000     
       (0.99999999999924871,-4.13169498614251906E-013)
   0.0000000000000000        0.0000000000000000     
               (1.8070509645696802,0.0000000000000000)
   1.5707963267948966        0.0000000000000000     
        (0.99999999999924871,4.13169498614251906E-013)
   3.1415926535897931        0.0000000000000000     
        (0.19294903543151487,2.15780757139790703E-028)
   1.0000000000000000                1           4
               (0.0000000000000000,0.0000000000000000)
  -1.5707963267948966        0.0000000000000000     
         (1.0000000000005906,2.63800092881183446E-012)
   0.0000000000000000        0.0000000000000000     
               (1.8078675180287735,0.0000000000000000)
   1.5707963267948966        0.0000000000000000     
        (1.0000000000005906,-2.63800092881183446E-012)
   3.1415926535897931        0.0000000000000000     
       (0.19213248197008267,-4.65414040234295875E-028)
