   1.0000000000000000                1           4
               (0.0000000000000000,0.0000000000000000)
  -1.5707963267948966        0.0000000000000000     
        (0.63722747527798995,2.58591861773760272E-017)
   0.0000000000000000        0.0000000000000000     
              (0.36058077146844802,0.0000000000000000)
   1.5707963267948966        0.0000000000000000     
       (0.63722747527798995,-2.58591861773760272E-017)
   3.1415926535897931        0.0000000000000000     
         (1.7584992969706701,5.17183723547520544E-017)
   1.0000000000000000                1           4
               (0.0000000000000000,0.0000000000000000)
  -1.5707963267948966        0.0000000000000000     
        (0.64064004948064501,2.56054001460612984E-017)
   0.0000000000000000        0.0000000000000000     
              (0.27875075436083874,0.0000000000000000)
   1.5707963267948966        0.0000000000000000     
       (0.64064004948064501,-2.56054001460612984E-017)
   3.1415926535897931        0.0000000000000000     
         (1.8388651816397927,5.12108002921225967E-017)
   1.0000000000000000                1           4
               (0.0000000000000000,0.0000000000000000)
  -1.5707963267948966        0.0000000000000000     
        (0.62547762730943535,8.27173866298108074E-017)
   0.0000000000000000        0.0000000000000000     
              (0.34369319437509760,0.0000000000000000)
   1.5707963267948966        0.0000000000000000     
       (0.62547762730943535,-8.27173866298108074E-017)
   3.1415926535897931        0.0000000000000000     
         (1.7958851446300639,5.44124707971059669E-017)
   1.0000000000000000                1           4
               (0.0000000000000000,0.0000000000000000)
  -1.5707963267948966        0.0000000000000000     
       (0.66689521479332214,-3.32082284392571258E-017)
   0.0000000000000000        0.0000000000000000     
              (0.35235780340150336,0.0000000000000000)
   1.5707963267948966        0.0000000000000000     
        (0.66689521479332214,3.32082284392571258E-017)
   3.1415926535897931        0.0000000000000000     
         (1.7099013669691407,4.46058455840014148E-017)
   1.0000000000000000                1           4
               (0.0000000000000000,0.0000000000000000)
  -1.5707963267948966        0.0000000000000000     
       (0.60660623959729476,-2.55171089901341864E-017)
   0.0000000000000000        0.0000000000000000     
              (0.31054249461490713,0.0000000000000000)
   1.5707963267948966        0.0000000000000000     
        (0.60660623959729476,2.55171089901341864E-017)
   3.1415926535897931        0.0000000000000000     
         (1.8823497505989677,5.99880844822472935E-017)
   1.0000000000000000                1           4
               (0.0000000000000000,0.0000000000000000)
  -1.5707963267948966        0.0000000000000000     
        (0.59724440775716192,3.09102751265798499E-017)
   0.0000000000000000        0.0000000000000000     
              (0.33111211756861431,0.0000000000000000)
   1.5707963267948966        0.0000000000000000     
       (0.59724440775716192,-3.09102751265798499E-017)
   3.1415926535897931        0.0000000000000000     
         (1.8729829010763031,6.18205502531596998E-017)
   1.0000000000000000                1           4
               (0.0000000000000000,0.0000000000000000)
  -1.5707963267948966        0.0000000000000000     
        (0.68785289891510837,2.05402396551949781E-017)
   0.0000000000000000        0.0000000000000000     
              (0.29752224774292746,0.0000000000000000)
   1.5707963267948966        0.0000000000000000     
       (0.68785289891510837,-2.05402396551949781E-017)
   3.1415926535897931        0.0000000000000000     
         (1.7490786904492579,4.10804793103899563E-017)
   1.0000000000000000                1           4
               (0.0000000000000000,0.0000000000000000)
  -1.5707963267948966        0.0000000000000000     
        (0.62664534182836495,8.26902723982870545E-017)
   0.0000000000000000        0.0000000000000000     
              (0.30639152496771527,0.0000000000000000)
   1.5707963267948966        0.0000000000000000     
       (0.62664534182836495,-8.26902723982870545E-017)
   3.1415926535897931        0.0000000000000000     
         (1.8346366250655208,5.43582423340584611E-017)
   1.0000000000000000                1           4
               (0.0000000000000000,0.0000000000000000)
  -1.5707963267948966        0.0000000000000000     
        (0.64517321417207241,1.35866530120875959E-016)
   0.0000000000000000        0.0000000000000000     
              (0.29712200254687970,0.0000000000000000)
   1.5707963267948966        0.0000000000000000     
       (0.64517321417207241,-1.35866530120875959E-016)
   3.1415926535897931        0.0000000000000000     
         (1.8046984826651828,4.96884553167206160E-017)
   1.0000000000000000                1           4
               (0.0000000000000000,0.0000000000000000)
  -1.5707963267948966        0.0000000000000000     
        (0.60043000367604238,1.41020537903403202E-016)
   0.0000000000000000        0.0000000000000000     
              (0.23343854221307683,0.0000000000000000)
   1.5707963267948966        0.0000000000000000     
       (0.60043000367604238,-1.41020537903403202E-016)
   3.1415926535897931        0.0000000000000000     
         (1.9472381914562935,5.99964708817750832E-017)
   1.0000000000000000                1           4
               (0.0000000000000000,0.0000000000000000)
  -1.5707963267948966        0.0000000000000000     
        (0.64349543725064573,8.09016322650868441E-017)
   0.0000000000000000        0.0000000000000000     
              (0.29166264103125078,0.0000000000000000)
   1.5707963267948966        0.0000000000000000     
       (0.64349543725064573,-8.09016322650868441E-017)
   3.1415926535897931        0.0000000000000000     
         (1.8246442795824989,5.07809620676580342E-017)
   1.0000000000000000                1           4
               (0.0000000000000000,0.0000000000000000)
  -1.5707963267948966        0.0000000000000000     
        (0.58716503877013959,8.74827373019448895E-017)
   0.0000000000000000        0.0000000000000000     
              (0.29978132154020470,0.0000000000000000)
   1.5707963267948966        0.0000000000000000     
       (0.58716503877013959,-8.74827373019448895E-017)
   3.1415926535897931        0.0000000000000000     
         (1.9188200052434294,6.39431721413741250E-017)
   1.0000000000000000                1           4
               (0.0000000000000000,0.0000000000000000)
  -1.5707963267948966        0.0000000000000000     
        (0.65571006851421232,2.36093123113873701E-017)
   0.0000000000000000        0.0000000000000000     
              (0.32686079654936301,0.0000000000000000)
   1.5707963267948966        0.0000000000000000     
       (0.65571006851421232,-2.36093123113873701E-017)
   3.1415926535897931        0.0000000000000000     
         (1.7556980011222802,4.72186246227747402E-017)
   1.0000000000000000                1           4
               (0.0000000000000000,0.0000000000000000)
  -1.5707963267948966        0.0000000000000000     
       (0.60295791715240887,-2.44226639579268533E-017)
   0.0000000000000000        0.0000000000000000     
              (0.25000075556762802,0.0000000000000000)
   1.5707963267948966        0.0000000000000000     
        (0.60295791715240887,2.44226639579268533E-017)
   3.1415926535897931        0.0000000000000000     
         (1.9713421323162623,6.21769745466619598E-017)
   1.0000000000000000                1           4
               (0.0000000000000000,0.0000000000000000)
  -1.5707963267948966        0.0000000000000000     
        (0.64365936254797340,2.52300868228827167E-017)
   0.0000000000000000        0.0000000000000000     
              (0.23519712743119897,0.0000000000000000)
   1.5707963267948966        0.0000000000000000     
       (0.64365936254797340,-2.52300868228827167E-017)
   3.1415926535897931        0.0000000000000000     
         (1.8761987712775441,5.04601736457654334E-017)
   1.0000000000000000                1           4
               (0.0000000000000000,0.0000000000000000)
  -1.5707963267948966        0.0000000000000000     
        (0.59919993601249466,3.04882172928367670E-017)
   0.0000000000000000        0.0000000000000000     
              (0.30110157530057036,0.0000000000000000)
   1.5707963267948966        0.0000000000000000     
       (0.59919993601249466,-3.04882172928367670E-017)
   3.1415926535897931        0.0000000000000000     
         (1.8931190448475137,6.09764345856735339E-017)
   1.0000000000000000                1           4
               (0.0000000000000000,0.0000000000000000)
  -1.5707963267948966        0.0000000000000000     
        (0.61548397815131095,8.44296575827622556E-017)
   0.0000000000000000        0.0000000000000000     
              (0.37179680581260482,0.0000000000000000)
   1.5707963267948966        0.0000000000000000     
       (0.61548397815131095,-8.44296575827622556E-017)
   3.1415926535897931        0.0000000000000000     
         (1.8037212484166558,5.78370127030088571E-017)
   1.0000000000000000                1           4
               (0.0000000000000000,0.0000000000000000)
  -1.5707963267948966        0.0000000000000000     
        (0.66353153439459145,1.33991757507709304E-016)
   0.0000000000000000        0.0000000000000000     
              (0.31928669983398761,0.0000000000000000)
   1.5707963267948966        0.0000000000000000     
       (0.66353153439459145,-1.33991757507709304E-016)
   3.1415926535897931        0.0000000000000000     
         (1.7580157052662326,4.59389100903873123E-017)
   1.0000000000000000                1           4
               (0.0000000000000000,0.0000000000000000)
  -1.5707963267948966        0.0000000000000000     
        (0.65962403199407349,2.34698760729914734E-017)
   0.0000000000000000        0.0000000000000000     
              (0.31021342410799835,0.0000000000000000)
   1.5707963267948966        0.0000000000000000     
       (0.65962403199407349,-2.34698760729914734E-017)
   3.1415926535897931        0.0000000000000000     
         (1.7756189673558622,4.69397521459829467E-017)
   1.0000000000000000                1           4
               (0.0000000000000000,0.0000000000000000)
  -1.5707963267948966        0.0000000000000000     
        (0.64567057837216635,2.51167919104080651E-017)
   0.0000000000000000        0.0000000000000000     
              (0.25488021892857737,0.0000000000000000)
   1.5707963267948966        0.0000000000000000     
       (0.64567057837216635,-2.51167919104080651E-017)
   3.1415926535897931        0.0000000000000000     
         (1.8568376187623059,5.02335838208161301E-017)
   1.0000000000000000                1           4
               (0.0000000000000000,0.0000000000000000)
  -1.5707963267948966        0.0000000000000000     
       (0.61669397797581171,-2.67482735468211021E-017)
   0.0000000000000000        0.0000000000000000     
              (0.18220154519583562,0.0000000000000000)
   1.5707963267948966        0.0000000000000000     
        (0.61669397797581171,2.67482735468211021E-017)
   3.1415926535897931        0.0000000000000000     
         (1.9906532906582235,5.75257553688734499E-017)
   1.0000000000000000                1           4
               (0.0000000000000000,0.0000000000000000)
  -1.5707963267948966        0.0000000000000000     
        (0.61720386773979463,8.36555186873676546E-017)
   0.0000000000000000        0.0000000000000000     
              (0.24064347159230509,0.0000000000000000)
   1.5707963267948966        0.0000000000000000     
       (0.61720386773979463,-8.36555186873676546E-017)
   3.1415926535897931        0.0000000000000000     
         (1.9130290666273080,5.62887349122196552E-017)
   1.0000000000000000                1           4
               (0.0000000000000000,0.0000000000000000)
  -1.5707963267948966        0.0000000000000000     
        (0.60768999867828943,2.96388355854175478E-017)
   0.0000000000000000        0.0000000000000000     
              (0.20210029193127113,0.0000000000000000)
   1.5707963267948966        0.0000000000000000     
       (0.60768999867828943,-2.96388355854175478E-017)
   3.1415926535897931        0.0000000000000000     
         (1.9813575416162243,5.92776711708350955E-017)
   1.0000000000000000                1           4
               (0.0000000000000000,0.0000000000000000)
  -1.5707963267948966        0.0000000000000000     
        (0.63343094549249013,8.16695617964462505E-017)
   0.0000000000000000        0.0000000000000000     
              (0.35547717148605512,0.0000000000000000)
   1.5707963267948966        0.0000000000000000     
       (0.63343094549249013,-8.16695617964462505E-017)
   3.1415926535897931        0.0000000000000000     
         (1.7657832475774189,5.23168211303768531E-017)
   1.0000000000000000                1           4
               (0.0000000000000000,0.0000000000000000)
  -1.5707963267948966        0.0000000000000000     
       (0.65364415151003918,-3.14774930639473956E-017)
   0.0000000000000000        0.0000000000000000     
              (0.27111139878189738,0.0000000000000000)
   1.5707963267948966        0.0000000000000000     
        (0.65364415151003918,3.14774930639473956E-017)
   3.1415926535897931        0.0000000000000000     
         (1.8211757523646317,4.80673163346208691E-017)
   1.0000000000000000                1           4
               (0.0000000000000000,0.0000000000000000)
  -1.5707963267948966        0.0000000000000000     
        (0.59084231799065667,8.73946189926853738E-017)
   0.0000000000000000        0.0000000000000000     
              (0.34329119890483767,0.0000000000000000)
   1.5707963267948966        0.0000000000000000     
       (0.59084231799065667,-8.73946189926853738E-017)
   3.1415926535897931        0.0000000000000000     
         (1.8797865239199987,6.37669355228550935E-017)
   1.0000000000000000                1           4
               (0.0000000000000000,0.0000000000000000)
  -1.5707963267948966        0.0000000000000000     
        (0.65721105337225183,7.97394183151026555E-017)
   0.0000000000000000        0.0000000000000000     
              (0.25961901571700952,0.0000000000000000)
   1.5707963267948966        0.0000000000000000     
       (0.65721105337225183,-7.97394183151026555E-017)
   3.1415926535897931        0.0000000000000000     
         (1.8461583487463236,4.84565341676896631E-017)
   1.0000000000000000                1           4
               (0.0000000000000000,0.0000000000000000)
  -1.5707963267948966        0.0000000000000000     
        (0.61982387579404774,2.81336803063446020E-017)
   0.0000000000000000        0.0000000000000000     
              (0.27973582352200371,0.0000000000000000)
   1.5707963267948966        0.0000000000000000     
       (0.61982387579404774,-2.81336803063446020E-017)
   3.1415926535897931        0.0000000000000000     
         (1.8788276620044768,5.62673606126892040E-017)
   1.0000000000000000                1           4
               (0.0000000000000000,0.0000000000000000)
  -1.5707963267948966        0.0000000000000000     
        (0.63360228000209573,2.65240191746632060E-017)
   0.0000000000000000        0.0000000000000000     
              (0.33218585766215525,0.0000000000000000)
   1.5707963267948966        0.0000000000000000     
       (0.63360228000209573,-2.65240191746632060E-017)
   3.1415926535897931        0.0000000000000000     
         (1.8013589138423727,5.30480383493264120E-017)
   1.0000000000000000                1           4
               (0.0000000000000000,0.0000000000000000)
  -1.5707963267948966        0.0000000000000000     
        (0.65658785537347064,2.39305151346494548E-017)
   0.0000000000000000        0.0000000000000000     
              (0.32426918128725024,0.0000000000000000)
   1.5707963267948966        0.0000000000000000     
       (0.65658785537347064,-2.39305151346494548E-017)
   3.1415926535897931        0.0000000000000000     
         (1.7705364704781399,4.78610302692989097E-017)
   1.0000000000000000                1           4
               (0.0000000000000000,0.0000000000000000)
  -1.5707963267948966        0.0000000000000000     
        (0.66013575081940634,2.31488954691104534E-017)
   0.0000000000000000        0.0000000000000000     
              (0.34444722135563666,0.0000000000000000)
   1.5707963267948966        0.0000000000000000     
       (0.66013575081940634,-2.31488954691104534E-017)
   3.1415926535897931        0.0000000000000000     
         (1.7319245856194614,4.62977909382209068E-017)
   1.0000000000000000                1           4
               (0.0000000000000000,0.0000000000000000)
  -1.5707963267948966        0.0000000000000000     
        (0.63951830932867315,2.64094126762366152E-017)
   0.0000000000000000        0.0000000000000000     
              (0.24900323591814680,0.0000000000000000)
   1.5707963267948966        0.0000000000000000     
       (0.63951830932867315,-2.64094126762366152E-017)
   3.1415926535897931        0.0000000000000000     
         (1.8926302619250637,5.28188253524732304E-017)
   1.0000000000000000                1           4
               (0.0000000000000000,0.0000000000000000)
  -1.5707963267948966        0.0000000000000000     
        (0.66266256237976329,2.30201198990328168E-017)
   0.0000000000000000        0.0000000000000000     
              (0.29775741732073324,0.0000000000000000)
   1.5707963267948966        0.0000000000000000     
       (0.66266256237976329,-2.30201198990328168E-017)
   3.1415926535897931        0.0000000000000000     
         (1.7794618834595144,4.60402397980656336E-017)
   1.0000000000000000                1           4
               (0.0000000000000000,0.0000000000000000)
  -1.5707963267948966        0.0000000000000000     
       (0.63392173560435827,-2.95998540252502513E-017)
   0.0000000000000000        0.0000000000000000     
              (0.33791226167013488,0.0000000000000000)
   1.5707963267948966        0.0000000000000000     
        (0.63392173560435827,2.95998540252502513E-017)
   3.1415926535897931        0.0000000000000000     
         (1.7762584027847659,5.18225944120151577E-017)
   1.0000000000000000                1           4
               (0.0000000000000000,0.0000000000000000)
  -1.5707963267948966        0.0000000000000000     
        (0.65726957484745063,2.42009790730493321E-017)
   0.0000000000000000        0.0000000000000000     
              (0.22719163137542203,0.0000000000000000)
   1.5707963267948966        0.0000000000000000     
       (0.65726957484745063,-2.42009790730493321E-017)
   3.1415926535897931        0.0000000000000000     
         (1.8778114819667611,4.84019581460986643E-017)
   1.0000000000000000                1           4
               (0.0000000000000000,0.0000000000000000)
  -1.5707963267948966        0.0000000000000000     
        (0.63290460974734941,8.20696040623542754E-017)
   0.0000000000000000        0.0000000000000000     
              (0.36700230693061769,0.0000000000000000)
   1.5707963267948966        0.0000000000000000     
       (0.63290460974734941,-8.20696040623542754E-017)
   3.1415926535897931        0.0000000000000000     
         (1.7662718126344519,5.31169056621928906E-017)
   1.0000000000000000                1           4
               (0.0000000000000000,0.0000000000000000)
  -1.5707963267948966        0.0000000000000000     
       (0.64661935660028003,-3.03127376130592367E-017)
   0.0000000000000000        0.0000000000000000     
              (0.30458656840172577,0.0000000000000000)
   1.5707963267948966        0.0000000000000000     
        (0.64661935660028003,3.03127376130592367E-017)
   3.1415926535897931        0.0000000000000000     
         (1.8116947930380722,5.03968272363971868E-017)
   1.0000000000000000                1           4
               (0.0000000000000000,0.0000000000000000)
  -1.5707963267948966        0.0000000000000000     
        (0.63548540893552796,2.62649400845653576E-017)
   0.0000000000000000        0.0000000000000000     
              (0.33898314199729085,0.0000000000000000)
   1.5707963267948966        0.0000000000000000     
       (0.63548540893552796,-2.62649400845653576E-017)
   3.1415926535897931        0.0000000000000000     
         (1.7898657221105096,5.25298801691307151E-017)
   1.0000000000000000                1           4
               (0.0000000000000000,0.0000000000000000)
  -1.5707963267948966        0.0000000000000000     
       (0.65272984926737210,-3.09199915712278341E-017)
   0.0000000000000000        0.0000000000000000     
              (0.23111055258708724,0.0000000000000000)
   1.5707963267948966        0.0000000000000000     
        (0.65272984926737210,3.09199915712278341E-017)
   3.1415926535897931        0.0000000000000000     
         (1.8775573747088419,4.91823193200599920E-017)
   1.0000000000000000                1           4
               (0.0000000000000000,0.0000000000000000)
  -1.5707963267948966        0.0000000000000000     
        (0.65475370274688338,1.35237987738230049E-016)
   0.0000000000000000        0.0000000000000000     
              (0.32661664319648420,0.0000000000000000)
   1.5707963267948966        0.0000000000000000     
       (0.65475370274688338,-1.35237987738230049E-016)
   3.1415926535897931        0.0000000000000000     
         (1.7738350669759639,4.84313705514287906E-017)
   1.0000000000000000                1           4
               (0.0000000000000000,0.0000000000000000)
  -1.5707963267948966        0.0000000000000000     
        (0.63822097643627318,2.59909112333341829E-017)
   0.0000000000000000        0.0000000000000000     
              (0.33204388616640196,0.0000000000000000)
   1.5707963267948966        0.0000000000000000     
       (0.63822097643627318,-2.59909112333341829E-017)
   3.1415926535897931        0.0000000000000000     
         (1.7933256514246139,5.19818224666683657E-017)
   1.0000000000000000                1           4
               (0.0000000000000000,0.0000000000000000)
  -1.5707963267948966        0.0000000000000000     
        (0.62610740553814237,2.67827581670512077E-017)
   0.0000000000000000        0.0000000000000000     
              (0.35537660361873885,0.0000000000000000)
   1.5707963267948966        0.0000000000000000     
       (0.62610740553814237,-2.67827581670512077E-017)
   3.1415926535897931        0.0000000000000000     
         (1.7716294757872686,5.35655163341024154E-017)
   1.0000000000000000                1           4
               (0.0000000000000000,0.0000000000000000)
  -1.5707963267948966        0.0000000000000000     
       (0.66016125472687315,-3.22804290383956900E-017)
   0.0000000000000000        0.0000000000000000     
              (0.20486872700031228,0.0000000000000000)
   1.5707963267948966        0.0000000000000000     
        (0.66016125472687315,3.22804290383956900E-017)
   3.1415926535897931        0.0000000000000000     
         (1.8742267514118722,4.64614443857242863E-017)
   1.0000000000000000                1           4
               (0.0000000000000000,0.0000000000000000)
  -1.5707963267948966        0.0000000000000000     
        (0.63642631354903567,2.62648611646816675E-017)
   0.0000000000000000        0.0000000000000000     
              (0.32896393587602946,0.0000000000000000)
   1.5707963267948966        0.0000000000000000     
       (0.63642631354903567,-2.62648611646816675E-017)
   3.1415926535897931        0.0000000000000000     
         (1.8017641597397660,5.25297223293633349E-017)
   1.0000000000000000                1           4
               (0.0000000000000000,0.0000000000000000)
  -1.5707963267948966        0.0000000000000000     
        (0.60445713169883142,3.02827932322525226E-017)
   0.0000000000000000        0.0000000000000000     
              (0.32333860582918711,0.0000000000000000)
   1.5707963267948966        0.0000000000000000     
       (0.60445713169883142,-3.02827932322525226E-017)
   3.1415926535897931        0.0000000000000000     
         (1.8746867466869572,6.05655864645050453E-017)
   1.0000000000000000                1           4
               (0.0000000000000000,0.0000000000000000)
  -1.5707963267948966        0.0000000000000000     
        (0.65789509196625950,2.35454291907390858E-017)
   0.0000000000000000        0.0000000000000000     
              (0.31378632735366441,0.0000000000000000)
   1.5707963267948966        0.0000000000000000     
       (0.65789509196625950,-2.35454291907390858E-017)
   3.1415926535897931        0.0000000000000000     
         (1.7710559361542009,4.70908583814781716E-017)
   1.0000000000000000                1           4
               (0.0000000000000000,0.0000000000000000)
  -1.5707963267948966        0.0000000000000000     
       (0.62658741878722801,-2.87010349724471670E-017)
   0.0000000000000000        0.0000000000000000     
              (0.30014996638492386,0.0000000000000000)
   1.5707963267948966        0.0000000000000000     
        (0.62658741878722801,2.87010349724471670E-017)
   3.1415926535897931        0.0000000000000000     
         (1.8287097226087956,5.36202325176213263E-017)
   1.0000000000000000                1           4
               (0.0000000000000000,0.0000000000000000)
  -1.5707963267948966        0.0000000000000000     
        (0.61546810323992429,2.83659311511557640E-017)
   0.0000000000000000        0.0000000000000000     
              (0.36951707053827720,0.0000000000000000)
   1.5707963267948966        0.0000000000000000     
       (0.61546810323992429,-2.83659311511557640E-017)
   3.1415926535897931        0.0000000000000000     
         (1.7879207581531422,5.67318623023115279E-017)
   1.0000000000000000                1           4
               (0.0000000000000000,0.0000000000000000)
  -1.5707963267948966        0.0000000000000000     
       (0.62858419658530207,-2.85290679148408603E-017)
   0.0000000000000000        0.0000000000000000     
              (0.17564592598351869,0.0000000000000000)
   1.5707963267948966        0.0000000000000000     
        (0.62858419658530207,2.85290679148408603E-017)
   3.1415926535897931        0.0000000000000000     
         (1.9628241889636155,5.39641666328339397E-017)
   1.0000000000000000                1           4
               (0.0000000000000000,0.0000000000000000)
  -1.5707963267948966        0.0000000000000000     
        (0.60645053017402284,2.99715016400344367E-017)
   0.0000000000000000        0.0000000000000000     
              (0.29270897391407391,0.0000000000000000)
   1.5707963267948966        0.0000000000000000     
       (0.60645053017402284,-2.99715016400344367E-017)
   3.1415926535897931        0.0000000000000000     
         (1.8991356205501517,5.99430032800688735E-017)
   1.0000000000000000                1           4
               (0.0000000000000000,0.0000000000000000)
  -1.5707963267948966        0.0000000000000000     
        (0.62963946034270379,2.63636324223264264E-017)
   0.0000000000000000        0.0000000000000000     
              (0.33803099612582571,0.0000000000000000)
   1.5707963267948966        0.0000000000000000     
       (0.62963946034270379,-2.63636324223264264E-017)
   3.1415926535897931        0.0000000000000000     
         (1.7823495071769313,5.27272648446528529E-017)
   1.0000000000000000                1           4
               (0.0000000000000000,0.0000000000000000)
  -1.5707963267948966        0.0000000000000000     
        (0.65518619629267483,2.35519617401226392E-017)
   0.0000000000000000        0.0000000000000000     
              (0.32153551991751772,0.0000000000000000)
   1.5707963267948966        0.0000000000000000     
       (0.65518619629267483,-2.35519617401226392E-017)
   3.1415926535897931        0.0000000000000000     
         (1.7581023214983169,4.71039234802452784E-017)
   1.0000000000000000                1           4
               (0.0000000000000000,0.0000000000000000)
  -1.5707963267948966        0.0000000000000000     
        (0.64262995698418823,2.54150656087967628E-017)
   0.0000000000000000        0.0000000000000000     
              (0.33619792414656902,0.0000000000000000)
   1.5707963267948966        0.0000000000000000     
       (0.64262995698418823,-2.54150656087967628E-017)
   3.1415926535897931        0.0000000000000000     
         (1.7791810290906553,5.08301312175935256E-017)
   1.0000000000000000                1           4
               (0.0000000000000000,0.0000000000000000)
  -1.5707963267948966        0.0000000000000000     
        (0.61183506558584277,1.40231059179555712E-016)
   0.0000000000000000        0.0000000000000000     
              (0.29730866558547309,0.0000000000000000)
   1.5707963267948966        0.0000000000000000     
       (0.61183506558584277,-1.40231059179555712E-016)
   3.1415926535897931        0.0000000000000000     
         (1.8803918598966807,5.84175134340801028E-017)
   1.0000000000000000                1           4
               (0.0000000000000000,0.0000000000000000)
  -1.5707963267948966        0.0000000000000000     
        (0.65118517297237477,2.43488726770824239E-017)
   0.0000000000000000        0.0000000000000000     
              (0.30791804667121164,0.0000000000000000)
   1.5707963267948966        0.0000000000000000     
       (0.65118517297237477,-2.43488726770824239E-017)
   3.1415926535897931        0.0000000000000000     
         (1.7897468346133620,4.86977453541648478E-017)
   1.0000000000000000                1           4
               (0.0000000000000000,0.0000000000000000)
  -1.5707963267948966        0.0000000000000000     
       (0.65053522945311282,-3.13943303593302964E-017)
   0.0000000000000000        0.0000000000000000     
              (0.29582686124734892,0.0000000000000000)
   1.5707963267948966        0.0000000000000000     
        (0.65053522945311282,3.13943303593302964E-017)
   3.1415926535897931        0.0000000000000000     
         (1.7929587458540495,4.82336417438550737E-017)
   1.0000000000000000                1           4
               (0.0000000000000000,0.0000000000000000)
  -1.5707963267948966        0.0000000000000000     
        (0.62275078109585058,2.74304432692504734E-017)
   0.0000000000000000        0.0000000000000000     
              (0.32367378104040562,0.0000000000000000)
   1.5707963267948966        0.0000000000000000     
       (0.62275078109585058,-2.74304432692504734E-017)
   3.1415926535897931        0.0000000000000000     
         (1.8177740503400484,5.48608865385009468E-017)
   1.0000000000000000                1           4
               (0.0000000000000000,0.0000000000000000)
  -1.5707963267948966        0.0000000000000000     
        (0.64570379254041854,2.44865324057271684E-017)
   0.0000000000000000        0.0000000000000000     
              (0.36454151490404513,0.0000000000000000)
   1.5707963267948966        0.0000000000000000     
       (0.64570379254041854,-2.44865324057271684E-017)
   3.1415926535897931        0.0000000000000000     
         (1.7266569134722025,4.89730648114543369E-017)
   1.0000000000000000                1           4
               (0.0000000000000000,0.0000000000000000)
  -1.5707963267948966        0.0000000000000000     
        (0.65285539405310056,2.41614236499893765E-017)
   0.0000000000000000        0.0000000000000000     
              (0.24741910536485137,0.0000000000000000)
   1.5707963267948966        0.0000000000000000     
       (0.65285539405310056,-2.41614236499893765E-017)
   3.1415926535897931        0.0000000000000000     
         (1.8474636682252135,4.83228472999787529E-017)
   1.0000000000000000                1           4
               (0.0000000000000000,0.0000000000000000)
  -1.5707963267948966        0.0000000000000000     
       (0.64004617098068328,-2.98578402320383636E-017)
   0.0000000000000000        0.0000000000000000     
              (0.30330096182762534,0.0000000000000000)
   1.5707963267948966        0.0000000000000000     
        (0.64004617098068328,2.98578402320383636E-017)
   3.1415926535897931        0.0000000000000000     
         (1.8146921043941662,5.13066219984389331E-017)
   1.0000000000000000                1           4
               (0.0000000000000000,0.0000000000000000)
  -1.5707963267948966        0.0000000000000000     
        (0.64779543508166781,2.50209093769603599E-017)
   0.0000000000000000        0.0000000000000000     
              (0.34666766785113012,0.0000000000000000)
   1.5707963267948966        0.0000000000000000     
       (0.64779543508166781,-2.50209093769603599E-017)
   3.1415926535897931        0.0000000000000000     
         (1.7661681220517058,5.00418187539207198E-017)
   1.0000000000000000                1           4
               (0.0000000000000000,0.0000000000000000)
  -1.5707963267948966        0.0000000000000000     
        (0.63419726884192307,2.62051799238433531E-017)
   0.0000000000000000        0.0000000000000000     
              (0.34830733518283219,0.0000000000000000)
   1.5707963267948966        0.0000000000000000     
       (0.63419726884192307,-2.62051799238433531E-017)
   3.1415926535897931        0.0000000000000000     
         (1.7760133337606858,5.24103598476867063E-017)
   1.0000000000000000                1           4
               (0.0000000000000000,0.0000000000000000)
  -1.5707963267948966        0.0000000000000000     
        (0.50442388560352214,9.80538636042421511E-017)
   0.0000000000000000        0.0000000000000000     
              (0.24154767942734157,0.0000000000000000)
   1.5707963267948966        0.0000000000000000     
       (0.50442388560352214,-9.80538636042421511E-017)
   3.1415926535897931        0.0000000000000000     
         (2.1568505287744086,8.50854247459686358E-017)
   1.0000000000000000                1           4
               (0.0000000000000000,0.0000000000000000)
  -1.5707963267948966        0.0000000000000000     
        (0.67117586082129899,2.23393975380629643E-017)
   0.0000000000000000        0.0000000000000000     
              (0.28179266963773925,0.0000000000000000)
   1.5707963267948966        0.0000000000000000     
       (0.67117586082129899,-2.23393975380629643E-017)
   3.1415926535897931        0.0000000000000000     
         (1.7902191484054382,4.46787950761259286E-017)
   1.0000000000000000                1           4
               (0.0000000000000000,0.0000000000000000)
  -1.5707963267948966        0.0000000000000000     
        (0.64806249205602851,1.35738912145465385E-016)
   0.0000000000000000        0.0000000000000000     
              (0.26582926252126426,0.0000000000000000)
   1.5707963267948966        0.0000000000000000     
       (0.64806249205602851,-1.35738912145465385E-016)
   3.1415926535897931        0.0000000000000000     
         (1.8376014590543095,4.94332193658994565E-017)
   1.0000000000000000                1           4
               (0.0000000000000000,0.0000000000000000)
  -1.5707963267948966        0.0000000000000000     
       (0.63742621000024136,-8.47661039997201011E-017)
   0.0000000000000000        0.0000000000000000     
              (0.32794335538059494,0.0000000000000000)
   1.5707963267948966        0.0000000000000000     
        (0.63742621000024136,8.47661039997201011E-017)
   3.1415926535897931        0.0000000000000000     
         (1.8045015878217168,5.25123969255911121E-017)
   1.0000000000000000                1           4
               (0.0000000000000000,0.0000000000000000)
  -1.5707963267948966        0.0000000000000000     
        (0.63060074163728230,2.65600106379158024E-017)
   0.0000000000000000        0.0000000000000000     
              (0.31648307611663024,0.0000000000000000)
   1.5707963267948966        0.0000000000000000     
       (0.63060074163728230,-2.65600106379158024E-017)
   3.1415926535897931        0.0000000000000000     
         (1.8122341890603708,5.31200212758316048E-017)
   1.0000000000000000                1           4
               (0.0000000000000000,0.0000000000000000)
  -1.5707963267948966        0.0000000000000000     
        (0.59160858149788009,3.17359224378673735E-017)
   0.0000000000000000        0.0000000000000000     
              (0.34267268680739238,0.0000000000000000)
   1.5707963267948966        0.0000000000000000     
       (0.59160858149788009,-3.17359224378673735E-017)
   3.1415926535897931        0.0000000000000000     
         (1.8771183670428790,6.34718448757347471E-017)
   1.0000000000000000                1           4
               (0.0000000000000000,0.0000000000000000)
  -1.5707963267948966        0.0000000000000000     
        (0.63344122919414669,8.20391451913550784E-017)
   0.0000000000000000        0.0000000000000000     
              (0.39093815997224057,0.0000000000000000)
   1.5707963267948966        0.0000000000000000     
       (0.63344122919414669,-8.20391451913550784E-017)
   3.1415926535897931        0.0000000000000000     
         (1.7424143362609916,5.30559879201945028E-017)
   1.0000000000000000                1           4
               (0.0000000000000000,0.0000000000000000)
  -1.5707963267948966        0.0000000000000000     
        (0.64118805698341386,2.58455931821000560E-017)
   0.0000000000000000        0.0000000000000000     
              (0.40411017431823382,0.0000000000000000)
   1.5707963267948966        0.0000000000000000     
       (0.64118805698341386,-2.58455931821000560E-017)
   3.1415926535897931        0.0000000000000000     
         (1.7224470766129747,5.16911863642001120E-017)
   1.0000000000000000                1           4
               (0.0000000000000000,0.0000000000000000)
  -1.5707963267948966        0.0000000000000000     
        (0.64317067209690748,8.06662242742990105E-017)
   0.0000000000000000        0.0000000000000000     
              (0.32465064296086854,0.0000000000000000)
   1.5707963267948966        0.0000000000000000     
       (0.64317067209690748,-8.06662242742990105E-017)
   3.1415926535897931        0.0000000000000000     
         (1.7833177388589825,5.03101460860823547E-017)
   1.0000000000000000                1           4
               (0.0000000000000000,0.0000000000000000)
  -1.5707963267948966        0.0000000000000000     
        (0.65855153233631136,2.35196812993105643E-017)
   0.0000000000000000        0.0000000000000000     
              (0.33893449758405653,0.0000000000000000)
   1.5707963267948966        0.0000000000000000     
       (0.65855153233631136,-2.35196812993105643E-017)
   3.1415926535897931        0.0000000000000000     
         (1.7463796567083938,4.70393625986211286E-017)
   1.0000000000000000                1           4
               (0.0000000000000000,0.0000000000000000)
  -1.5707963267948966        0.0000000000000000     
        (0.67840719985967479,1.32309285420043045E-016)
   0.0000000000000000        0.0000000000000000     
              (0.29156316930544518,0.0000000000000000)
   1.5707963267948966        0.0000000000000000     
       (0.67840719985967479,-1.32309285420043045E-016)
   3.1415926535897931        0.0000000000000000     
         (1.7605368579874454,4.25739659150547703E-017)
   1.0000000000000000                1           4
               (0.0000000000000000,0.0000000000000000)
  -1.5707963267948966        0.0000000000000000     
        (0.64130091954867818,2.58157627851833938E-017)
   0.0000000000000000        0.0000000000000000     
              (0.36856134886397718,0.0000000000000000)
   1.5707963267948966        0.0000000000000000     
       (0.64130091954867818,-2.58157627851833938E-017)
   3.1415926535897931        0.0000000000000000     
         (1.7572472924936662,5.16315255703667877E-017)
   1.0000000000000000                1           4
               (0.0000000000000000,0.0000000000000000)
  -1.5707963267948966        0.0000000000000000     
        (0.60843208054115638,8.50900935522198394E-017)
   0.0000000000000000        0.0000000000000000     
              (0.30827497589436387,0.0000000000000000)
   1.5707963267948966        0.0000000000000000     
       (0.60843208054115638,-8.50900935522198394E-017)
   3.1415926535897931        0.0000000000000000     
         (1.8747107589039305,5.91578846419240248E-017)
   1.0000000000000000                1           4
               (0.0000000000000000,0.0000000000000000)
  -1.5707963267948966        0.0000000000000000     
        (0.62005326417719742,2.79609288508375764E-017)
   0.0000000000000000        0.0000000000000000     
              (0.31247080813720413,0.0000000000000000)
   1.5707963267948966        0.0000000000000000     
       (0.62005326417719742,-2.79609288508375764E-017)
   3.1415926535897931        0.0000000000000000     
         (1.8409089634185796,5.59218577016751528E-017)
   1.0000000000000000                1           4
               (0.0000000000000000,0.0000000000000000)
  -1.5707963267948966        0.0000000000000000     
       (0.59349735058180864,-2.45279691573975234E-017)
   0.0000000000000000        0.0000000000000000     
              (0.35073524487741797,0.0000000000000000)
   1.5707963267948966        0.0000000000000000     
        (0.59349735058180864,2.45279691573975234E-017)
   3.1415926535897931        0.0000000000000000     
         (1.8482469810298885,6.19663641477206195E-017)
   1.0000000000000000                1           4
               (0.0000000000000000,0.0000000000000000)
  -1.5707963267948966        0.0000000000000000     
       (0.53213617819659320,-1.69340287598539578E-017)
   0.0000000000000000        0.0000000000000000     
              (0.40689800371473034,0.0000000000000000)
   1.5707963267948966        0.0000000000000000     
        (0.53213617819659320,1.69340287598539578E-017)
   3.1415926535897931        0.0000000000000000     
         (1.9173987939545127,7.71542449428077385E-017)
   1.0000000000000000                1           4
               (0.0000000000000000,0.0000000000000000)
  -1.5707963267948966        0.0000000000000000     
        (0.61812138895749558,2.79408013484632961E-017)
   0.0000000000000000        0.0000000000000000     
              (0.38729443438523237,0.0000000000000000)
   1.5707963267948966        0.0000000000000000     
       (0.61812138895749558,-2.79408013484632961E-017)
   3.1415926535897931        0.0000000000000000     
         (1.7615641726134348,5.58816026969265922E-017)
   1.0000000000000000                1           4
               (0.0000000000000000,0.0000000000000000)
  -1.5707963267948966        0.0000000000000000     
        (0.64355816213023520,8.08966416510877670E-017)
   0.0000000000000000        0.0000000000000000     
              (0.29226256489886970,0.0000000000000000)
   1.5707963267948966        0.0000000000000000     
       (0.64355816213023520,-8.08966416510877670E-017)
   3.1415926535897931        0.0000000000000000     
         (1.8240067996505822,5.07709808396598800E-017)
   1.0000000000000000                1           4
               (0.0000000000000000,0.0000000000000000)
  -1.5707963267948966        0.0000000000000000     
        (0.57980890973356936,3.28841114340114605E-017)
   0.0000000000000000        0.0000000000000000     
              (0.35393189556769944,0.0000000000000000)
   1.5707963267948966        0.0000000000000000     
       (0.57980890973356936,-3.28841114340114605E-017)
   3.1415926535897931        0.0000000000000000     
         (1.8797625133914186,6.57682228680229210E-017)
   1.0000000000000000                1           4
               (0.0000000000000000,0.0000000000000000)
  -1.5707963267948966        0.0000000000000000     
       (0.62599365447479671,-2.84334918481375979E-017)
   0.0000000000000000        0.0000000000000000     
              (0.41465877221901992,0.0000000000000000)
   1.5707963267948966        0.0000000000000000     
        (0.62599365447479671,2.84334918481375979E-017)
   3.1415926535897931        0.0000000000000000     
         (1.7217520097506394,5.41553187662404643E-017)
   1.0000000000000000                1           4
               (0.0000000000000000,0.0000000000000000)
  -1.5707963267948966        0.0000000000000000     
       (0.64952257845137684,-3.07334762130581479E-017)
   0.0000000000000000        0.0000000000000000     
              (0.28198461890043786,0.0000000000000000)
   1.5707963267948966        0.0000000000000000     
        (0.64952257845137684,3.07334762130581479E-017)
   3.1415926535897931        0.0000000000000000     
         (1.8263608206781328,4.95553500363993706E-017)
   1.0000000000000000                1           4
               (0.0000000000000000,0.0000000000000000)
  -1.5707963267948966        0.0000000000000000     
       (0.59345318275703174,-2.45281673497858566E-017)
   0.0000000000000000        0.0000000000000000     
              (0.33444603732434774,0.0000000000000000)
   1.5707963267948966        0.0000000000000000     
        (0.59345318275703174,2.45281673497858566E-017)
   3.1415926535897931        0.0000000000000000     
         (1.8644413794787413,6.19659677629439408E-017)
   1.0000000000000000                1           4
               (0.0000000000000000,0.0000000000000000)
  -1.5707963267948966        0.0000000000000000     
        (0.65088248590574016,2.44201906112494524E-017)
   0.0000000000000000        0.0000000000000000     
              (0.31471452202871308,0.0000000000000000)
   1.5707963267948966        0.0000000000000000     
       (0.65088248590574016,-2.44201906112494524E-017)
   3.1415926535897931        0.0000000000000000     
         (1.7846744056287054,4.88403812224989049E-017)
   1.0000000000000000                1           4
               (0.0000000000000000,0.0000000000000000)
  -1.5707963267948966        0.0000000000000000     
        (0.63980268377148874,2.56004190369123515E-017)
   0.0000000000000000        0.0000000000000000     
              (0.38269272558298656,0.0000000000000000)
   1.5707963267948966        0.0000000000000000     
       (0.63980268377148874,-2.56004190369123515E-017)
   3.1415926535897931        0.0000000000000000     
         (1.7330857836278208,5.12008380738247030E-017)
   1.0000000000000000                1           4
               (0.0000000000000000,0.0000000000000000)
  -1.5707963267948966        0.0000000000000000     
        (0.66567987073403001,2.26973824726156897E-017)
   0.0000000000000000        0.0000000000000000     
              (0.30708426512405640,0.0000000000000000)
   1.5707963267948966        0.0000000000000000     
       (0.66567987073403001,-2.26973824726156897E-017)
   3.1415926535897931        0.0000000000000000     
         (1.7656282480466201,4.53947649452313794E-017)
   1.0000000000000000                1           4
               (0.0000000000000000,0.0000000000000000)
  -1.5707963267948966        0.0000000000000000     
        (0.62046251847299594,2.81382799328392680E-017)
   0.0000000000000000        0.0000000000000000     
              (0.37642092793016763,0.0000000000000000)
   1.5707963267948966        0.0000000000000000     
       (0.62046251847299594,-2.81382799328392680E-017)
   3.1415926535897931        0.0000000000000000     
         (1.7835700781566484,5.62765598656785361E-017)
   1.0000000000000000                1           4
               (0.0000000000000000,0.0000000000000000)
  -1.5707963267948966        0.0000000000000000     
        (0.64289409311438228,8.07757509462947430E-017)
   0.0000000000000000        0.0000000000000000     
              (0.35967238496246057,0.0000000000000000)
   1.5707963267948966        0.0000000000000000     
       (0.64289409311438228,-8.07757509462947430E-017)
   3.1415926535897931        0.0000000000000000     
         (1.7513202514841826,5.05291994300738134E-017)
   1.0000000000000000                1           4
               (0.0000000000000000,0.0000000000000000)
  -1.5707963267948966        0.0000000000000000     
        (0.61824949815569630,2.80812845091114953E-017)
   0.0000000000000000        0.0000000000000000     
              (0.29495444637558693,0.0000000000000000)
   1.5707963267948966        0.0000000000000000     
       (0.61824949815569630,-2.80812845091114953E-017)
   3.1415926535897931        0.0000000000000000     
         (1.8587489072627603,5.61625690182229905E-017)
   1.0000000000000000                1           4
               (0.0000000000000000,0.0000000000000000)
  -1.5707963267948966        0.0000000000000000     
        (0.59837513241178364,8.60124113115646413E-017)
   0.0000000000000000        0.0000000000000000     
              (0.15314192008816963,0.0000000000000000)
   1.5707963267948966        0.0000000000000000     
       (0.59837513241178364,-8.60124113115646413E-017)
   3.1415926535897931        0.0000000000000000     
         (2.0398551026265048,6.10025201606136162E-017)
   1.0000000000000000                1           4
               (0.0000000000000000,0.0000000000000000)
  -1.5707963267948966        0.0000000000000000     
        (0.66637142890007994,7.82996808446651906E-017)
   0.0000000000000000        0.0000000000000000     
              (0.30601047578206042,0.0000000000000000)
   1.5707963267948966        0.0000000000000000     
       (0.66637142890007994,-7.82996808446651906E-017)
   3.1415926535897931        0.0000000000000000     
         (1.7710622452659723,4.55770592268147272E-017)
   1.0000000000000000                1           4
               (0.0000000000000000,0.0000000000000000)
  -1.5707963267948966        0.0000000000000000     
        (0.62404240714773340,2.75954765912666561E-017)
   0.0000000000000000        0.0000000000000000     
              (0.32822706104623067,0.0000000000000000)
   1.5707963267948966        0.0000000000000000     
       (0.62404240714773340,-2.75954765912666561E-017)
   3.1415926535897931        0.0000000000000000     
         (1.8211944198041874,5.51909531825333122E-017)
   1.0000000000000000                1           4
               (0.0000000000000000,0.0000000000000000)
  -1.5707963267948966        0.0000000000000000     
        (0.66383257196139045,7.81198770484134910E-017)
   0.0000000000000000        0.0000000000000000     
              (0.35142079975141721,0.0000000000000000)
   1.5707963267948966        0.0000000000000000     
       (0.66383257196139045,-7.81198770484134910E-017)
   3.1415926535897931        0.0000000000000000     
         (1.7147013697528370,4.52174516343113157E-017)
   1.0000000000000000                1           4
               (0.0000000000000000,0.0000000000000000)
  -1.5707963267948966        0.0000000000000000     
        (0.62369914992546904,2.75456080079482219E-017)
   0.0000000000000000        0.0000000000000000     
              (0.34967081430769098,0.0000000000000000)
   1.5707963267948966        0.0000000000000000     
       (0.62369914992546904,-2.75456080079482219E-017)
   3.1415926535897931        0.0000000000000000     
         (1.7974353205574420,5.50912160158964439E-017)
   1.0000000000000000                1           4
               (0.0000000000000000,0.0000000000000000)
  -1.5707963267948966        0.0000000000000000     
        (0.64068766164196167,8.08072287522541273E-017)
   0.0000000000000000        0.0000000000000000     
              (0.33568047061407880,0.0000000000000000)
   1.5707963267948966        0.0000000000000000     
       (0.64068766164196167,-8.08072287522541273E-017)
   3.1415926535897931        0.0000000000000000     
         (1.7719274460545955,5.05921550419925882E-017)
   1.0000000000000000                1           4
               (0.0000000000000000,0.0000000000000000)
  -1.5707963267948966        0.0000000000000000     
        (0.63474101280289119,2.64822921253248411E-017)
   0.0000000000000000        0.0000000000000000     
              (0.30007987923526969,0.0000000000000000)
   1.5707963267948966        0.0000000000000000     
       (0.63474101280289119,-2.64822921253248411E-017)
   3.1415926535897931        0.0000000000000000     
         (1.8343794490103544,5.29645842506496821E-017)
   1.0000000000000000                1           4
               (0.0000000000000000,0.0000000000000000)
  -1.5707963267948966        0.0000000000000000     
        (0.65880971718848802,1.34450023464555012E-016)
   0.0000000000000000        0.0000000000000000     
              (0.35309815022196500,0.0000000000000000)
   1.5707963267948966        0.0000000000000000     
       (0.65880971718848802,-1.34450023464555012E-016)
   3.1415926535897931        0.0000000000000000     
         (1.7297287225233846,4.68554420040787088E-017)
   1.0000000000000000                1           4
               (0.0000000000000000,0.0000000000000000)
  -1.5707963267948966        0.0000000000000000     
        (0.67119409930048279,2.22030991273648632E-017)
   0.0000000000000000        0.0000000000000000     
              (0.31396914964164391,0.0000000000000000)
   1.5707963267948966        0.0000000000000000     
       (0.67119409930048279,-2.22030991273648632E-017)
   3.1415926535897931        0.0000000000000000     
         (1.7536273014227592,4.44061982547297265E-017)
   1.0000000000000000                1           4
               (0.0000000000000000,0.0000000000000000)
  -1.5707963267948966        0.0000000000000000     
       (0.61802700667273369,-8.28709792398035880E-017)
   0.0000000000000000        0.0000000000000000     
              (0.26673416852881382,0.0000000000000000)
   1.5707963267948966        0.0000000000000000     
        (0.61802700667273369,8.28709792398035880E-017)
   3.1415926535897931        0.0000000000000000     
         (1.8888118401352096,5.63026464454241567E-017)
   1.0000000000000000                1           4
               (0.0000000000000000,0.0000000000000000)
  -1.5707963267948966        0.0000000000000000     
        (0.64105001559692021,8.11535559463382970E-017)
   0.0000000000000000        0.0000000000000000     
              (0.33423947634747186,0.0000000000000000)
   1.5707963267948966        0.0000000000000000     
       (0.64105001559692021,-8.11535559463382970E-017)
   3.1415926535897931        0.0000000000000000     
         (1.7854050528333378,5.12848094301609400E-017)
   1.0000000000000000                1           4
               (0.0000000000000000,0.0000000000000000)
  -1.5707963267948966        0.0000000000000000     
       (0.66524634034325647,-3.27412354279120908E-017)
   0.0000000000000000        0.0000000000000000     
              (0.35810547993918351,0.0000000000000000)
   1.5707963267948966        0.0000000000000000     
        (0.66524634034325647,3.27412354279120908E-017)
   3.1415926535897931        0.0000000000000000     
         (1.7161090908204195,4.55398316066914909E-017)
   1.0000000000000000                1           4
               (0.0000000000000000,0.0000000000000000)
  -1.5707963267948966        0.0000000000000000     
       (0.60614574852352532,-2.61273917626956538E-017)
   0.0000000000000000        0.0000000000000000     
              (0.27402998018231828,0.0000000000000000)
   1.5707963267948966        0.0000000000000000     
        (0.60614574852352532,2.61273917626956538E-017)
   3.1415926535897931        0.0000000000000000     
         (1.8980079348203518,5.87675189371243587E-017)
   1.0000000000000000                1           4
               (0.0000000000000000,0.0000000000000000)
  -1.5707963267948966        0.0000000000000000     
        (0.67333215626032061,2.19632727915887668E-017)
   0.0000000000000000        0.0000000000000000     
              (0.32098248730502732,0.0000000000000000)
   1.5707963267948966        0.0000000000000000     
       (0.67333215626032061,-2.19632727915887668E-017)
   3.1415926535897931        0.0000000000000000     
         (1.7430567550935330,4.39265455831775337E-017)
   1.0000000000000000                1           4
               (0.0000000000000000,0.0000000000000000)
  -1.5707963267948966        0.0000000000000000     
        (0.65028277397764178,2.45207649244924465E-017)
   0.0000000000000000        0.0000000000000000     
              (0.31538214883528137,0.0000000000000000)
   1.5707963267948966        0.0000000000000000     
       (0.65028277397764178,-2.45207649244924465E-017)
   3.1415926535897931        0.0000000000000000     
         (1.7860923613306496,4.90415298489848931E-017)
   1.0000000000000000                1           4
               (0.0000000000000000,0.0000000000000000)
  -1.5707963267948966        0.0000000000000000     
        (0.65206979435302315,2.42633397781235318E-017)
   0.0000000000000000        0.0000000000000000     
              (0.31606791024238601,0.0000000000000000)
   1.5707963267948966        0.0000000000000000     
       (0.65206979435302315,-2.42633397781235318E-017)
   3.1415926535897931        0.0000000000000000     
         (1.7805724973125436,4.85266795562470637E-017)
   1.0000000000000000                1           4
               (0.0000000000000000,0.0000000000000000)
  -1.5707963267948966        0.0000000000000000     
       (0.66091472003264640,-3.24642392549113369E-017)
   0.0000000000000000        0.0000000000000000     
              (0.35576133231239637,0.0000000000000000)
   1.5707963267948966        0.0000000000000000     
        (0.66091472003264640,3.24642392549113369E-017)
   3.1415926535897931        0.0000000000000000     
         (1.7188373794283756,4.60938239526929925E-017)
   1.0000000000000000                1           4
               (0.0000000000000000,0.0000000000000000)
  -1.5707963267948966        0.0000000000000000     
        (0.61786749020947418,8.39082599663933761E-017)
   0.0000000000000000        0.0000000000000000     
              (0.26936764863261897,0.0000000000000000)
   1.5707963267948966        0.0000000000000000     
       (0.61786749020947418,-8.39082599663933761E-017)
   3.1415926535897931        0.0000000000000000     
         (1.8938872911707565,5.67942174702710735E-017)
   1.0000000000000000                1           4
               (0.0000000000000000,0.0000000000000000)
  -1.5707963267948966        0.0000000000000000     
        (0.63941703806676675,2.55268618409696838E-017)
   0.0000000000000000        0.0000000000000000     
              (0.26551746590743663,0.0000000000000000)
   1.5707963267948966        0.0000000000000000     
       (0.63941703806676675,-2.55268618409696838E-017)
   3.1415926535897931        0.0000000000000000     
         (1.8470871915477474,5.10537236819393677E-017)
   1.0000000000000000                1           4
               (0.0000000000000000,0.0000000000000000)
  -1.5707963267948966        0.0000000000000000     
        (0.63217182008314554,8.17074257416303441E-017)
   0.0000000000000000        0.0000000000000000     
              (0.28627377694150391,0.0000000000000000)
   1.5707963267948966        0.0000000000000000     
       (0.63217182008314554,-8.17074257416303441E-017)
   3.1415926535897931        0.0000000000000000     
         (1.8337051216065958,5.23925490207450156E-017)
   1.0000000000000000                1           4
               (0.0000000000000000,0.0000000000000000)
  -1.5707963267948966        0.0000000000000000     
        (0.60074567590794081,1.41827101638751008E-016)
   0.0000000000000000        0.0000000000000000     
              (0.24401328202719536,0.0000000000000000)
   1.5707963267948966        0.0000000000000000     
       (0.60074567590794081,-1.41827101638751008E-016)
   3.1415926535897931        0.0000000000000000     
         (1.9636391669371167,6.16095983524707070E-017)
   1.0000000000000000                1           4
               (0.0000000000000000,0.0000000000000000)
  -1.5707963267948966        0.0000000000000000     
        (0.63092067872383861,2.69360909633011977E-017)
   0.0000000000000000        0.0000000000000000     
              (0.27999089817829570,0.0000000000000000)
   1.5707963267948966        0.0000000000000000     
       (0.63092067872383861,-2.69360909633011977E-017)
   3.1415926535897931        0.0000000000000000     
         (1.8616499567916112,5.38721819266023955E-017)
   1.0000000000000000                1           4
               (0.0000000000000000,0.0000000000000000)
  -1.5707963267948966        0.0000000000000000     
        (0.61569850728381081,8.87965706862916544E-017)
   0.0000000000000000        0.0000000000000000     
              (0.32698362505789591,0.0000000000000000)
   1.5707963267948966        0.0000000000000000     
       (0.61569850728381081,-8.87965706862916544E-017)
   3.1415926535897931        0.0000000000000000     
         (1.9915976936930524,6.65708389100676547E-017)
   1.0000000000000000                1           4
               (0.0000000000000000,0.0000000000000000)
  -1.5707963267948966        0.0000000000000000     
       (0.67104686086597021,-3.36160033358746455E-017)
   0.0000000000000000        0.0000000000000000     
              (0.33485741995753204,0.0000000000000000)
   1.5707963267948966        0.0000000000000000     
        (0.67104686086597021,3.36160033358746455E-017)
   3.1415926535897931        0.0000000000000000     
         (1.7223861036806376,4.37902957907663753E-017)
   1.0000000000000000                1           4
               (0.0000000000000000,0.0000000000000000)
  -1.5707963267948966        0.0000000000000000     
       (0.65320814669291127,-3.14761328753724378E-017)
   0.0000000000000000        0.0000000000000000     
              (0.33744692269660315,0.0000000000000000)
   1.5707963267948966        0.0000000000000000     
        (0.65320814669291127,3.14761328753724378E-017)
   3.1415926535897931        0.0000000000000000     
         (1.7540126459460363,4.80700367117707784E-017)
   1.0000000000000000                1           4
               (0.0000000000000000,0.0000000000000000)
  -1.5707963267948966        0.0000000000000000     
        (0.64925267020732003,2.43268641746174508E-017)
   0.0000000000000000        0.0000000000000000     
              (0.31540134177207124,0.0000000000000000)
   1.5707963267948966        0.0000000000000000     
       (0.64925267020732003,-2.43268641746174508E-017)
   3.1415926535897931        0.0000000000000000     
         (1.7776796817392710,4.86537283492349015E-017)
   1.0000000000000000                1           4
               (0.0000000000000000,0.0000000000000000)
  -1.5707963267948966        0.0000000000000000     
        (0.67627819823945545,2.12547229447622070E-017)
   0.0000000000000000        0.0000000000000000     
              (0.27640705536931937,0.0000000000000000)
   1.5707963267948966        0.0000000000000000     
       (0.67627819823945545,-2.12547229447622070E-017)
   3.1415926535897931        0.0000000000000000     
         (1.7703812767031217,4.25094458895244140E-017)
   1.0000000000000000                1           4
               (0.0000000000000000,0.0000000000000000)
  -1.5707963267948966        0.0000000000000000     
       (0.65430885500120284,-3.13668564815348088E-017)
   0.0000000000000000        0.0000000000000000     
              (0.25598851155061109,0.0000000000000000)
   1.5707963267948966        0.0000000000000000     
        (0.65430885500120284,3.13668564815348088E-017)
   3.1415926535897931        0.0000000000000000     
         (1.8412417115954443,4.82885894994460365E-017)
   1.0000000000000000                1           4
               (0.0000000000000000,0.0000000000000000)
  -1.5707963267948966        0.0000000000000000     
        (0.64537376211407316,2.48073736487128894E-017)
   0.0000000000000000        0.0000000000000000     
              (0.33163172967172039,0.0000000000000000)
   1.5707963267948966        0.0000000000000000     
       (0.64537376211407316,-2.48073736487128894E-017)
   3.1415926535897931        0.0000000000000000     
         (1.7693861081189894,4.96147472974257787E-017)
   1.0000000000000000                1           4
               (0.0000000000000000,0.0000000000000000)
  -1.5707963267948966        0.0000000000000000     
       (0.64067007557604017,-8.52167400311583566E-017)
   0.0000000000000000        0.0000000000000000     
              (0.30640950806565292,0.0000000000000000)
   1.5707963267948966        0.0000000000000000     
        (0.64067007557604017,8.52167400311583566E-017)
   3.1415926535897931        0.0000000000000000     
         (1.8178042765070717,5.16111248627145949E-017)
   1.0000000000000000                1           4
               (0.0000000000000000,0.0000000000000000)
  -1.5707963267948966        0.0000000000000000     
       (0.67240071753169184,-3.39813403912945750E-017)
   0.0000000000000000        0.0000000000000000     
              (0.33691596386137768,0.0000000000000000)
   1.5707963267948966        0.0000000000000000     
        (0.67240071753169184,3.39813403912945750E-017)
   3.1415926535897931        0.0000000000000000     
         (1.7111024593149262,4.30596216799265041E-017)
   1.0000000000000000                1           4
               (0.0000000000000000,0.0000000000000000)
  -1.5707963267948966        0.0000000000000000     
       (0.65985828936441215,-3.22211473101479145E-017)
   0.0000000000000000        0.0000000000000000     
              (0.29496543382231000,0.0000000000000000)
   1.5707963267948966        0.0000000000000000     
        (0.65985828936441215,3.22211473101479145E-017)
   3.1415926535897931        0.0000000000000000     
         (1.7854604020515239,4.65800078422198373E-017)
   1.0000000000000000                1           4
               (0.0000000000000000,0.0000000000000000)
  -1.5707963267948966        0.0000000000000000     
       (0.64428286645768251,-3.04563858465421099E-017)
   0.0000000000000000        0.0000000000000000     
              (0.28824600742419593,0.0000000000000000)
   1.5707963267948966        0.0000000000000000     
        (0.64428286645768251,3.04563858465421099E-017)
   3.1415926535897931        0.0000000000000000     
         (1.8186704663630622,5.01095307694314466E-017)
   1.0000000000000000                1           4
               (0.0000000000000000,0.0000000000000000)
  -1.5707963267948966        0.0000000000000000     
       (0.64185460339369138,-8.56400223693225958E-017)
   0.0000000000000000        0.0000000000000000     
              (0.31480425284265745,0.0000000000000000)
   1.5707963267948966        0.0000000000000000     
        (0.64185460339369138,8.56400223693225958E-017)
   3.1415926535897931        0.0000000000000000     
         (1.7979531370082891,5.07645601863861226E-017)
   1.0000000000000000                1           4
               (0.0000000000000000,0.0000000000000000)
  -1.5707963267948966        0.0000000000000000     
        (0.63722747527798995,2.58591861773760272E-017)
   0.0000000000000000        0.0000000000000000     
              (0.36058077146844802,0.0000000000000000)
   1.5707963267948966        0.0000000000000000     
       (0.63722747527798995,-2.58591861773760272E-017)
   3.1415926535897931        0.0000000000000000     
         (1.7584992969706701,5.17183723547520544E-017)
   1.0000000000000000                1           4
               (0.0000000000000000,0.0000000000000000)
  -1.5707963267948966        0.0000000000000000     
        (0.64064004948064501,2.56054001460612984E-017)
   0.0000000000000000        0.0000000000000000     
              (0.27875075436083874,0.0000000000000000)
   1.5707963267948966        0.0000000000000000     
       (0.64064004948064501,-2.56054001460612984E-017)
   3.1415926535897931        0.0000000000000000     
         (1.8388651816397927,5.12108002921225967E-017)
   1.0000000000000000                1           4
               (0.0000000000000000,0.0000000000000000)
  -1.5707963267948966        0.0000000000000000     
        (0.62547762730943535,8.27173866298108074E-017)
   0.0000000000000000        0.0000000000000000     
              (0.34369319437509760,0.0000000000000000)
   1.5707963267948966        0.0000000000000000     
       (0.62547762730943535,-8.27173866298108074E-017)
   3.1415926535897931        0.0000000000000000     
         (1.7958851446300639,5.44124707971059669E-017)
   1.0000000000000000                1           4
               (0.0000000000000000,0.0000000000000000)
  -1.5707963267948966        0.0000000000000000     
       (0.66689521479332214,-3.32082284392571258E-017)
   0.0000000000000000        0.0000000000000000     
              (0.35235780340150336,0.0000000000000000)
   1.5707963267948966        0.0000000000000000     
        (0.66689521479332214,3.32082284392571258E-017)
   3.1415926535897931        0.0000000000000000     
         (1.7099013669691407,4.46058455840014148E-017)
   1.0000000000000000                1           4
               (0.0000000000000000,0.0000000000000000)
  -1.5707963267948966        0.0000000000000000     
       (0.60660623959729476,-2.55171089901341864E-017)
   0.0000000000000000        0.0000000000000000     
              (0.31054249461490713,0.0000000000000000)
   1.5707963267948966        0.0000000000000000     
        (0.60660623959729476,2.55171089901341864E-017)
   3.1415926535897931        0.0000000000000000     
         (1.8823497505989677,5.99880844822472935E-017)
   1.0000000000000000                1           4
               (0.0000000000000000,0.0000000000000000)
  -1.5707963267948966        0.0000000000000000     
        (0.59724440775716192,3.09102751265798499E-017)
   0.0000000000000000        0.0000000000000000     
              (0.33111211756861431,0.0000000000000000)
   1.5707963267948966        0.0000000000000000     
       (0.59724440775716192,-3.09102751265798499E-017)
   3.1415926535897931        0.0000000000000000     
         (1.8729829010763031,6.18205502531596998E-017)
   1.0000000000000000                1           4
               (0.0000000000000000,0.0000000000000000)
  -1.5707963267948966        0.0000000000000000     
        (0.68785289891510837,2.05402396551949781E-017)
   0.0000000000000000        0.0000000000000000     
              (0.29752224774292746,0.0000000000000000)
   1.5707963267948966        0.0000000000000000     
       (0.68785289891510837,-2.05402396551949781E-017)
   3.1415926535897931        0.0000000000000000     
         (1.7490786904492579,4.10804793103899563E-017)
   1.0000000000000000                1           4
               (0.0000000000000000,0.0000000000000000)
  -1.5707963267948966        0.0000000000000000     
        (0.62664534182836495,8.26902723982870545E-017)
   0.0000000000000000        0.0000000000000000     
              (0.30639152496771527,0.0000000000000000)
   1.5707963267948966        0.0000000000000000     
       (0.62664534182836495,-8.26902723982870545E-017)
   3.1415926535897931        0.0000000000000000     
         (1.8346366250655208,5.43582423340584611E-017)
   1.0000000000000000                1           4
               (0.0000000000000000,0.0000000000000000)
  -1.5707963267948966        0.0000000000000000     
        (0.64517321417207241,1.35866530120875959E-016)
   0.0000000000000000        0.0000000000000000     
              (0.29712200254687970,0.0000000000000000)
   1.5707963267948966        0.0000000000000000     
       (0.64517321417207241,-1.35866530120875959E-016)
   3.1415926535897931        0.0000000000000000     
         (1.8046984826651828,4.96884553167206160E-017)
   1.0000000000000000                1           4
               (0.0000000000000000,0.0000000000000000)
  -1.5707963267948966        0.0000000000000000     
        (0.60043000367604238,1.41020537903403202E-016)
   0.0000000000000000        0.0000000000000000     
              (0.23343854221307683,0.0000000000000000)
   1.5707963267948966        0.0000000000000000     
       (0.60043000367604238,-1.41020537903403202E-016)
   3.1415926535897931        0.0000000000000000     
         (1.9472381914562935,5.99964708817750832E-017)
   1.0000000000000000                1           4
               (0.0000000000000000,0.0000000000000000)
  -1.5707963267948966        0.0000000000000000     
        (0.64349543725064573,8.09016322650868441E-017)
   0.0000000000000000        0.0000000000000000     
              (0.29166264103125078,0.0000000000000000)
   1.5707963267948966        0.0000000000000000     
       (0.64349543725064573,-8.09016322650868441E-017)
   3.1415926535897931        0.0000000000000000     
         (1.8246442795824989,5.07809620676580342E-017)
   1.0000000000000000                1           4
               (0.0000000000000000,0.0000000000000000)
  -1.5707963267948966        0.0000000000000000     
        (0.58716503877013959,8.74827373019448895E-017)
   0.0000000000000000        0.0000000000000000     
              (0.29978132154020470,0.0000000000000000)
   1.5707963267948966        0.0000000000000000     
       (0.58716503877013959,-8.74827373019448895E-017)
   3.1415926535897931        0.0000000000000000     
         (1.9188200052434294,6.39431721413741250E-017)
   1.0000000000000000                1           4
               (0.0000000000000000,0.0000000000000000)
  -1.5707963267948966        0.0000000000000000     
        (0.65571006851421232,2.36093123113873701E-017)
   0.0000000000000000        0.0000000000000000     
              (0.32686079654936301,0.0000000000000000)
   1.5707963267948966        0.0000000000000000     
       (0.65571006851421232,-2.36093123113873701E-017)
   3.1415926535897931        0.0000000000000000     
         (1.7556980011222802,4.72186246227747402E-017)
   1.0000000000000000                1           4
               (0.0000000000000000,0.0000000000000000)
  -1.5707963267948966        0.0000000000000000     
       (0.60295791715240887,-2.44226639579268533E-017)
   0.0000000000000000        0.0000000000000000     
              (0.25000075556762802,0.0000000000000000)
   1.5707963267948966        0.0000000000000000     
        (0.60295791715240887,2.44226639579268533E-017)
   3.1415926535897931        0.0000000000000000     
         (1.9713421323162623,6.21769745466619598E-017)
   1.0000000000000000                1           4
               (0.0000000000000000,0.0000000000000000)
  -1.5707963267948966        0.0000000000000000     
        (0.64365936254797340,2.52300868228827167E-017)
   0.0000000000000000        0.0000000000000000     
              (0.23519712743119897,0.0000000000000000)
   1.5707963267948966        0.0000000000000000     
       (0.64365936254797340,-2.52300868228827167E-017)
   3.1415926535897931        0.0000000000000000     
         (1.8761987712775441,5.04601736457654334E-017)
   1.0000000000000000                1           4
               (0.0000000000000000,0.0000000000000000)
  -1.5707963267948966        0.0000000000000000     
        (0.59919993601249466,3.04882172928367670E-017)
   0.0000000000000000        0.0000000000000000     
              (0.30110157530057036,0.0000000000000000)
   1.5707963267948966        0.0000000000000000     
       (0.59919993601249466,-3.04882172928367670E-017)
   3.1415926535897931        0.0000000000000000     
         (1.8931190448475137,6.09764345856735339E-017)
   1.0000000000000000                1           4
               (0.0000000000000000,0.0000000000000000)
  -1.5707963267948966        0.0000000000000000     
        (0.61548397815131095,8.44296575827622556E-017)
   0.0000000000000000        0.0000000000000000     
              (0.37179680581260482,0.0000000000000000)
   1.5707963267948966        0.0000000000000000     
       (0.61548397815131095,-8.44296575827622556E-017)
   3.1415926535897931        0.0000000000000000     
         (1.8037212484166558,5.78370127030088571E-017)
   1.0000000000000000                1           4
               (0.0000000000000000,0.0000000000000000)
  -1.5707963267948966        0.0000000000000000     
        (0.66353153439459145,1.33991757507709304E-016)
   0.0000000000000000        0.0000000000000000     
              (0.31928669983398761,0.0000000000000000)
   1.5707963267948966        0.0000000000000000     
       (0.66353153439459145,-1.33991757507709304E-016)
   3.1415926535897931        0.0000000000000000     
         (1.7580157052662326,4.59389100903873123E-017)
   1.0000000000000000                1           4
               (0.0000000000000000,0.0000000000000000)
  -1.5707963267948966        0.0000000000000000     
        (0.65962403199407349,2.34698760729914734E-017)
   0.0000000000000000        0.0000000000000000     
              (0.31021342410799835,0.0000000000000000)
   1.5707963267948966        0.0000000000000000     
       (0.65962403199407349,-2.34698760729914734E-017)
   3.1415926535897931        0.0000000000000000     
         (1.7756189673558622,4.69397521459829467E-017)
   1.0000000000000000                1           4
               (0.0000000000000000,0.0000000000000000)
  -1.5707963267948966        0.0000000000000000     
        (0.64567057837216635,2.51167919104080651E-017)
   0.0000000000000000        0.0000000000000000     
              (0.25488021892857737,0.0000000000000000)
   1.5707963267948966        0.0000000000000000     
       (0.64567057837216635,-2.51167919104080651E-017)
   3.1415926535897931        0.0000000000000000     
         (1.8568376187623059,5.02335838208161301E-017)
   1.0000000000000000                1           4
               (0.0000000000000000,0.0000000000000000)
  -1.5707963267948966        0.0000000000000000     
       (0.61669397797581171,-2.67482735468211021E-017)
   0.0000000000000000        0.0000000000000000     
              (0.18220154519583562,0.0000000000000000)
   1.5707963267948966        0.0000000000000000     
        (0.61669397797581171,2.67482735468211021E-017)
   3.1415926535897931        0.0000000000000000     
         (1.9906532906582235,5.75257553688734499E-017)
   1.0000000000000000                1           4
               (0.0000000000000000,0.0000000000000000)
  -1.5707963267948966        0.0000000000000000     
        (0.61720386773979463,8.36555186873676546E-017)
   0.0000000000000000        0.0000000000000000     
              (0.24064347159230509,0.0000000000000000)
   1.5707963267948966        0.0000000000000000     
       (0.61720386773979463,-8.36555186873676546E-017)
   3.1415926535897931        0.0000000000000000     
         (1.9130290666273080,5.62887349122196552E-017)
   1.0000000000000000                1           4
               (0.0000000000000000,0.0000000000000000)
  -1.5707963267948966        0.0000000000000000     
        (0.60768999867828943,2.96388355854175478E-017)
   0.0000000000000000        0.0000000000000000     
              (0.20210029193127113,0.0000000000000000)
   1.5707963267948966        0.0000000000000000     
       (0.60768999867828943,-2.96388355854175478E-017)
   3.1415926535897931        0.0000000000000000     
         (1.9813575416162243,5.92776711708350955E-017)
   1.0000000000000000                1           4
               (0.0000000000000000,0.0000000000000000)
  -1.5707963267948966        0.0000000000000000     
        (0.63343094549249013,8.16695617964462505E-017)
   0.0000000000000000        0.0000000000000000     
              (0.35547717148605512,0.0000000000000000)
   1.5707963267948966        0.0000000000000000     
       (0.63343094549249013,-8.16695617964462505E-017)
   3.1415926535897931        0.0000000000000000     
         (1.7657832475774189,5.23168211303768531E-017)
   1.0000000000000000                1           4
               (0.0000000000000000,0.0000000000000000)
  -1.5707963267948966        0.0000000000000000     
       (0.65364415151003918,-3.14774930639473956E-017)
   0.0000000000000000        0.0000000000000000     
              (0.27111139878189738,0.0000000000000000)
   1.5707963267948966        0.0000000000000000     
        (0.65364415151003918,3.14774930639473956E-017)
   3.1415926535897931        0.0000000000000000     
         (1.8211757523646317,4.80673163346208691E-017)
   1.0000000000000000                1           4
               (0.0000000000000000,0.0000000000000000)
  -1.5707963267948966        0.0000000000000000     
        (0.59084231799065667,8.73946189926853738E-017)
   0.0000000000000000        0.0000000000000000     
              (0.34329119890483767,0.0000000000000000)
   1.5707963267948966        0.0000000000000000     
       (0.59084231799065667,-8.73946189926853738E-017)
   3.1415926535897931        0.0000000000000000     
         (1.8797865239199987,6.37669355228550935E-017)
   1.0000000000000000                1           4
               (0.0000000000000000,0.0000000000000000)
  -1.5707963267948966        0.0000000000000000     
        (0.65721105337225183,7.97394183151026555E-017)
   0.0000000000000000        0.0000000000000000     
              (0.25961901571700952,0.0000000000000000)
   1.5707963267948966        0.0000000000000000     
       (0.65721105337225183,-7.97394183151026555E-017)
   3.1415926535897931        0.0000000000000000     
         (1.8461583487463236,4.84565341676896631E-017)
   1.0000000000000000                1           4
               (0.0000000000000000,0.0000000000000000)
  -1.5707963267948966        0.0000000000000000     
        (0.61982387579404774,2.81336803063446020E-017)
   0.0000000000000000        0.0000000000000000     
              (0.27973582352200371,0.0000000000000000)
   1.5707963267948966        0.0000000000000000     
       (0.61982387579404774,-2.81336803063446020E-017)
   3.1415926535897931        0.0000000000000000     
         (1.8788276620044768,5.62673606126892040E-017)
   1.0000000000000000                1           4
               (0.0000000000000000,0.0000000000000000)
  -1.5707963267948966        0.0000000000000000     
        (0.63360228000209573,2.65240191746632060E-017)
   0.0000000000000000        0.0000000000000000     
              (0.33218585766215525,0.0000000000000000)
   1.5707963267948966        0.0000000000000000     
       (0.63360228000209573,-2.65240191746632060E-017)
   3.1415926535897931        0.0000000000000000     
         (1.8013589138423727,5.30480383493264120E-017)
   1.0000000000000000                1           4
               (0.0000000000000000,0.0000000000000000)
  -1.5707963267948966        0.0000000000000000     
        (0.65658785537347064,2.39305151346494548E-017)
   0.0000000000000000        0.0000000000000000     
              (0.32426918128725024,0.0000000000000000)
   1.5707963267948966        0.0000000000000000     
       (0.65658785537347064,-2.39305151346494548E-017)
   3.1415926535897931        0.0000000000000000     
         (1.7705364704781399,4.78610302692989097E-017)
   1.0000000000000000                1           4
               (0.0000000000000000,0.0000000000000000)
  -1.5707963267948966        0.0000000000000000     
        (0.66013575081940634,2.31488954691104534E-017)
   0.0000000000000000        0.0000000000000000     
              (0.34444722135563666,0.0000000000000000)
   1.5707963267948966        0.0000000000000000     
       (0.66013575081940634,-2.31488954691104534E-017)
   3.1415926535897931        0.0000000000000000     
         (1.7319245856194614,4.62977909382209068E-017)
   1.0000000000000000                1           4
               (0.0000000000000000,0.0000000000000000)
  -1.5707963267948966        0.0000000000000000     
        (0.63951830932867315,2.64094126762366152E-017)
   0.0000000000000000        0.0000000000000000     
              (0.24900323591814680,0.0000000000000000)
   1.5707963267948966        0.0000000000000000     
       (0.63951830932867315,-2.64094126762366152E-017)
   3.1415926535897931        0.0000000000000000     
         (1.8926302619250637,5.28188253524732304E-017)
   1.0000000000000000                1           4
               (0.0000000000000000,0.0000000000000000)
  -1.5707963267948966        0.0000000000000000     
        (0.66266256237976329,2.30201198990328168E-017)
   0.0000000000000000        0.0000000000000000     
              (0.29775741732073324,0.0000000000000000)
   1.5707963267948966        0.0000000000000000     
       (0.66266256237976329,-2.30201198990328168E-017)
   3.1415926535897931        0.0000000000000000     
         (1.7794618834595144,4.60402397980656336E-017)
   1.0000000000000000                1           4
               (0.0000000000000000,0.0000000000000000)
  -1.5707963267948966        0.0000000000000000     
       (0.63392173560435827,-2.95998540252502513E-017)
   0.0000000000000000        0.0000000000000000     
              (0.33791226167013488,0.0000000000000000)
   1.5707963267948966        0.0000000000000000     
        (0.63392173560435827,2.95998540252502513E-017)
   3.1415926535897931        0.0000000000000000     
         (1.7762584027847659,5.18225944120151577E-017)
   1.0000000000000000                1           4
               (0.0000000000000000,0.0000000000000000)
  -1.5707963267948966        0.0000000000000000     
        (0.65726957484745063,2.42009790730493321E-017)
   0.0000000000000000        0.0000000000000000     
              (0.22719163137542203,0.0000000000000000)
   1.5707963267948966        0.0000000000000000     
       (0.65726957484745063,-2.42009790730493321E-017)
   3.1415926535897931        0.0000000000000000     
         (1.8778114819667611,4.84019581460986643E-017)
   1.0000000000000000                1           4
               (0.0000000000000000,0.0000000000000000)
  -1.5707963267948966        0.0000000000000000     
        (0.63290460974734941,8.20696040623542754E-017)
   0.0000000000000000        0.0000000000000000     
              (0.36700230693061769,0.0000000000000000)
   1.5707963267948966        0.0000000000000000     
       (0.63290460974734941,-8.20696040623542754E-017)
   3.1415926535897931        0.0000000000000000     
         (1.7662718126344519,5.31169056621928906E-017)
   1.0000000000000000                1           4
               (0.0000000000000000,0.0000000000000000)
  -1.5707963267948966        0.0000000000000000     
       (0.64661935660028003,-3.03127376130592367E-017)
   0.0000000000000000        0.0000000000000000     
              (0.30458656840172577,0.0000000000000000)
   1.5707963267948966        0.0000000000000000     
        (0.64661935660028003,3.03127376130592367E-017)
   3.1415926535897931        0.0000000000000000     
         (1.8116947930380722,5.03968272363971868E-017)
   1.0000000000000000                1           4
               (0.0000000000000000,0.0000000000000000)
  -1.5707963267948966        0.0000000000000000     
        (0.63548540893552796,2.62649400845653576E-017)
   0.0000000000000000        0.0000000000000000     
              (0.33898314199729085,0.0000000000000000)
   1.5707963267948966        0.0000000000000000     
       (0.63548540893552796,-2.62649400845653576E-017)
   3.1415926535897931        0.0000000000000000     
         (1.7898657221105096,5.25298801691307151E-017)
   1.0000000000000000                1           4
               (0.0000000000000000,0.0000000000000000)
  -1.5707963267948966        0.0000000000000000     
       (0.65272984926737210,-3.09199915712278341E-017)
   0.0000000000000000        0.0000000000000000     
              (0.23111055258708724,0.0000000000000000)
   1.5707963267948966        0.0000000000000000     
        (0.65272984926737210,3.09199915712278341E-017)
   3.1415926535897931        0.0000000000000000     
         (1.8775573747088419,4.91823193200599920E-017)
   1.0000000000000000                1           4
               (0.0000000000000000,0.0000000000000000)
  -1.5707963267948966        0.0000000000000000     
        (0.65475370274688338,1.35237987738230049E-016)
   0.0000000000000000        0.0000000000000000     
              (0.32661664319648420,0.0000000000000000)
   1.5707963267948966        0.0000000000000000     
       (0.65475370274688338,-1.35237987738230049E-016)
   3.1415926535897931        0.0000000000000000     
         (1.7738350669759639,4.84313705514287906E-017)
   1.0000000000000000                1           4
               (0.0000000000000000,0.0000000000000000)
  -1.5707963267948966        0.0000000000000000     
        (0.63822097643627318,2.59909112333341829E-017)
   0.0000000000000000        0.0000000000000000     
              (0.33204388616640196,0.0000000000000000)
   1.5707963267948966        0.0000000000000000     
       (0.63822097643627318,-2.59909112333341829E-017)
   3.1415926535897931        0.0000000000000000     
         (1.7933256514246139,5.19818224666683657E-017)
   1.0000000000000000                1           4
               (0.0000000000000000,0.0000000000000000)
  -1.5707963267948966        0.0000000000000000     
        (0.62610740553814237,2.67827581670512077E-017)
   0.0000000000000000        0.0000000000000000     
              (0.35537660361873885,0.0000000000000000)
   1.5707963267948966        0.0000000000000000     
       (0.62610740553814237,-2.67827581670512077E-017)
   3.1415926535897931        0.0000000000000000     
         (1.7716294757872686,5.35655163341024154E-017)
   1.0000000000000000                1           4
               (0.0000000000000000,0.0000000000000000)
  -1.5707963267948966        0.0000000000000000     
       (0.66016125472687315,-3.22804290383956900E-017)
   0.0000000000000000        0.0000000000000000     
              (0.20486872700031228,0.0000000000000000)
   1.5707963267948966        0.0000000000000000     
        (0.66016125472687315,3.22804290383956900E-017)
   3.1415926535897931        0.0000000000000000     
         (1.8742267514118722,4.64614443857242863E-017)
   1.0000000000000000                1           4
               (0.0000000000000000,0.0000000000000000)
  -1.5707963267948966        0.0000000000000000     
        (0.63642631354903567,2.62648611646816675E-017)
   0.0000000000000000        0.0000000000000000     
              (0.32896393587602946,0.0000000000000000)
   1.5707963267948966        0.0000000000000000     
       (0.63642631354903567,-2.62648611646816675E-017)
   3.1415926535897931        0.0000000000000000     
         (1.8017641597397660,5.25297223293633349E-017)
   1.0000000000000000                1           4
               (0.0000000000000000,0.0000000000000000)
  -1.5707963267948966        0.0000000000000000     
        (0.60445713169883142,3.02827932322525226E-017)
   0.0000000000000000        0.0000000000000000     
              (0.32333860582918711,0.0000000000000000)
   1.5707963267948966        0.0000000000000000     
       (0.60445713169883142,-3.02827932322525226E-017)
   3.1415926535897931        0.0000000000000000     
         (1.8746867466869572,6.05655864645050453E-017)
   1.0000000000000000                1           4
               (0.0000000000000000,0.0000000000000000)
  -1.5707963267948966        0.0000000000000000     
        (0.65789509196625950,2.35454291907390858E-017)
   0.0000000000000000        0.0000000000000000     
              (0.31378632735366441,0.0000000000000000)
   1.5707963267948966        0.0000000000000000     
       (0.65789509196625950,-2.35454291907390858E-017)
   3.1415926535897931        0.0000000000000000     
         (1.7710559361542009,4.70908583814781716E-017)
   1.0000000000000000                1           4
               (0.0000000000000000,0.0000000000000000)
  -1.5707963267948966        0.0000000000000000     
       (0.62658741878722801,-2.87010349724471670E-017)
   0.0000000000000000        0.0000000000000000     
              (0.30014996638492386,0.0000000000000000)
   1.5707963267948966        0.0000000000000000     
        (0.62658741878722801,2.87010349724471670E-017)
   3.1415926535897931        0.0000000000000000     
         (1.8287097226087956,5.36202325176213263E-017)
   1.0000000000000000                1           4
               (0.0000000000000000,0.0000000000000000)
  -1.5707963267948966        0.0000000000000000     
        (0.61546810323992429,2.83659311511557640E-017)
   0.0000000000000000        0.0000000000000000     
              (0.36951707053827720,0.0000000000000000)
   1.5707963267948966        0.0000000000000000     
       (0.61546810323992429,-2.83659311511557640E-017)
   3.1415926535897931        0.0000000000000000     
         (1.7879207581531422,5.67318623023115279E-017)
   1.0000000000000000                1           4
               (0.0000000000000000,0.0000000000000000)
  -1.5707963267948966        0.0000000000000000     
       (0.62858419658530207,-2.85290679148408603E-017)
   0.0000000000000000        0.0000000000000000     
              (0.17564592598351869,0.0000000000000000)
   1.5707963267948966        0.0000000000000000     
        (0.62858419658530207,2.85290679148408603E-017)
   3.1415926535897931        0.0000000000000000     
         (1.9628241889636155,5.39641666328339397E-017)
   1.0000000000000000                1           4
               (0.0000000000000000,0.0000000000000000)
  -1.5707963267948966        0.0000000000000000     
        (0.60645053017402284,2.99715016400344367E-017)
   0.0000000000000000        0.0000000000000000     
              (0.29270897391407391,0.0000000000000000)
   1.5707963267948966        0.0000000000000000     
       (0.60645053017402284,-2.99715016400344367E-017)
   3.1415926535897931        0.0000000000000000     
         (1.8991356205501517,5.99430032800688735E-017)
   1.0000000000000000                1           4
               (0.0000000000000000,0.0000000000000000)
  -1.5707963267948966        0.0000000000000000     
        (0.62963946034270379,2.63636324223264264E-017)
   0.0000000000000000        0.0000000000000000     
              (0.33803099612582571,0.0000000000000000)
   1.5707963267948966        0.0000000000000000     
       (0.62963946034270379,-2.63636324223264264E-017)
   3.1415926535897931        0.0000000000000000     
         (1.7823495071769313,5.27272648446528529E-017)
   1.0000000000000000                1           4
               (0.0000000000000000,0.0000000000000000)
  -1.5707963267948966        0.0000000000000000     
        (0.65518619629267483,2.35519617401226392E-017)
   0.0000000000000000        0.0000000000000000     
              (0.32153551991751772,0.0000000000000000)
   1.5707963267948966        0.0000000000000000     
       (0.65518619629267483,-2.35519617401226392E-017)
   3.1415926535897931        0.0000000000000000     
         (1.7581023214983169,4.71039234802452784E-017)
   1.0000000000000000                1           4
               (0.0000000000000000,0.0000000000000000)
  -1.5707963267948966        0.0000000000000000     
        (0.64262995698418823,2.54150656087967628E-017)
   0.0000000000000000        0.0000000000000000     
              (0.33619792414656902,0.0000000000000000)
   1.5707963267948966        0.0000000000000000     
       (0.64262995698418823,-2.54150656087967628E-017)
   3.1415926535897931        0.0000000000000000     
         (1.7791810290906553,5.08301312175935256E-017)
   1.0000000000000000                1           4
               (0.0000000000000000,0.0000000000000000)
  -1.5707963267948966        0.0000000000000000     
        (0.61183506558584277,1.40231059179555712E-016)
   0.0000000000000000        0.0000000000000000     
              (0.29730866558547309,0.0000000000000000)
   1.5707963267948966        0.0000000000000000     
       (0.61183506558584277,-1.40231059179555712E-016)
   3.1415926535897931        0.0000000000000000     
         (1.8803918598966807,5.84175134340801028E-017)
   1.0000000000000000                1           4
               (0.0000000000000000,0.0000000000000000)
  -1.5707963267948966        0.0000000000000000     
        (0.65118517297237477,2.43488726770824239E-017)
   0.0000000000000000        0.0000000000000000     
              (0.30791804667121164,0.0000000000000000)
   1.5707963267948966        0.0000000000000000     
       (0.65118517297237477,-2.43488726770824239E-017)
   3.1415926535897931        0.0000000000000000     
         (1.7897468346133620,4.86977453541648478E-017)
   1.0000000000000000                1           4
               (0.0000000000000000,0.0000000000000000)
  -1.5707963267948966        0.0000000000000000     
       (0.65053522945311282,-3.13943303593302964E-017)
   0.0000000000000000        0.0000000000000000     
              (0.29582686124734892,0.0000000000000000)
   1.5707963267948966        0.0000000000000000     
        (0.65053522945311282,3.13943303593302964E-017)
   3.1415926535897931        0.0000000000000000     
         (1.7929587458540495,4.82336417438550737E-017)
   1.0000000000000000                1           4
               (0.0000000000000000,0.0000000000000000)
  -1.5707963267948966        0.0000000000000000     
        (0.62275078109585058,2.74304432692504734E-017)
   0.0000000000000000        0.0000000000000000     
              (0.32367378104040562,0.0000000000000000)
   1.5707963267948966        0.0000000000000000     
       (0.62275078109585058,-2.74304432692504734E-017)
   3.1415926535897931        0.0000000000000000     
         (1.8177740503400484,5.48608865385009468E-017)
   1.0000000000000000                1           4
               (0.0000000000000000,0.0000000000000000)
  -1.5707963267948966        0.0000000000000000     
        (0.64570379254041854,2.44865324057271684E-017)
   0.0000000000000000        0.0000000000000000     
              (0.36454151490404513,0.0000000000000000)
   1.5707963267948966        0.0000000000000000     
       (0.64570379254041854,-2.44865324057271684E-017)
   3.1415926535897931        0.0000000000000000     
         (1.7266569134722025,4.89730648114543369E-017)
   1.0000000000000000                1           4
               (0.0000000000000000,0.0000000000000000)
  -1.5707963267948966        0.0000000000000000     
        (0.65285539405310056,2.41614236499893765E-017)
   0.0000000000000000        0.0000000000000000     
              (0.24741910536485137,0.0000000000000000)
   1.5707963267948966        0.0000000000000000     
       (0.65285539405310056,-2.41614236499893765E-017)
   3.1415926535897931        0.0000000000000000     
         (1.8474636682252135,4.83228472999787529E-017)
   1.0000000000000000                1           4
               (0.0000000000000000,0.0000000000000000)
  -1.5707963267948966        0.0000000000000000     
       (0.64004617098068328,-2.98578402320383636E-017)
   0.0000000000000000        0.0000000000000000     
              (0.30330096182762534,0.0000000000000000)
   1.5707963267948966        0.0000000000000000     
        (0.64004617098068328,2.98578402320383636E-017)
   3.1415926535897931        0.0000000000000000     
         (1.8146921043941662,5.13066219984389331E-017)
   1.0000000000000000                1           4
               (0.0000000000000000,0.0000000000000000)
  -1.5707963267948966        0.0000000000000000     
        (0.64779543508166781,2.50209093769603599E-017)
   0.0000000000000000        0.0000000000000000     
              (0.34666766785113012,0.0000000000000000)
   1.5707963267948966        0.0000000000000000     
       (0.64779543508166781,-2.50209093769603599E-017)
   3.1415926535897931        0.0000000000000000     
         (1.7661681220517058,5.00418187539207198E-017)
   1.0000000000000000                1           4
               (0.0000000000000000,0.0000000000000000)
  -1.5707963267948966        0.0000000000000000     
        (0.63419726884192307,2.62051799238433531E-017)
   0.0000000000000000        0.0000000000000000     
              (0.34830733518283219,0.0000000000000000)
   1.5707963267948966        0.0000000000000000     
       (0.63419726884192307,-2.62051799238433531E-017)
   3.1415926535897931        0.0000000000000000     
         (1.7760133337606858,5.24103598476867063E-017)
   1.0000000000000000                1           4
               (0.0000000000000000,0.0000000000000000)
  -1.5707963267948966        0.0000000000000000     
        (0.50442388560352214,9.80538636042421511E-017)
   0.0000000000000000        0.0000000000000000     
              (0.24154767942734157,0.0000000000000000)
   1.5707963267948966        0.0000000000000000     
       (0.50442388560352214,-9.80538636042421511E-017)
   3.1415926535897931        0.0000000000000000     
         (2.1568505287744086,8.50854247459686358E-017)
   1.0000000000000000                1           4
               (0.0000000000000000,0.0000000000000000)
  -1.5707963267948966        0.0000000000000000     
        (0.67117586082129899,2.23393975380629643E-017)
   0.0000000000000000        0.0000000000000000     
              (0.28179266963773925,0.0000000000000000)
   1.5707963267948966        0.0000000000000000     
       (0.67117586082129899,-2.23393975380629643E-017)
   3.1415926535897931        0.0000000000000000     
         (1.7902191484054382,4.46787950761259286E-017)
   1.0000000000000000                1           4
               (0.0000000000000000,0.0000000000000000)
  -1.5707963267948966        0.0000000000000000     
        (0.64806249205602851,1.35738912145465385E-016)
   0.0000000000000000        0.0000000000000000     
              (0.26582926252126426,0.0000000000000000)
   1.5707963267948966        0.0000000000000000     
       (0.64806249205602851,-1.35738912145465385E-016)
   3.1415926535897931        0.0000000000000000     
         (1.8376014590543095,4.94332193658994565E-017)
   1.0000000000000000                1           4
               (0.0000000000000000,0.0000000000000000)
  -1.5707963267948966        0.0000000000000000     
       (0.63742621000024136,-8.47661039997201011E-017)
   0.0000000000000000        0.0000000000000000     
              (0.32794335538059494,0.0000000000000000)
   1.5707963267948966        0.0000000000000000     
        (0.63742621000024136,8.47661039997201011E-017)
   3.1415926535897931        0.0000000000000000     
         (1.8045015878217168,5.25123969255911121E-017)
   1.0000000000000000                1           4
               (0.0000000000000000,0.0000000000000000)
  -1.5707963267948966        0.0000000000000000     
        (0.63060074163728230,2.65600106379158024E-017)
   0.0000000000000000        0.0000000000000000     
              (0.31648307611663024,0.0000000000000000)
   1.5707963267948966        0.0000000000000000     
       (0.63060074163728230,-2.65600106379158024E-017)
   3.1415926535897931        0.0000000000000000     
         (1.8122341890603708,5.31200212758316048E-017)
   1.0000000000000000                1           4
               (0.0000000000000000,0.0000000000000000)
  -1.5707963267948966        0.0000000000000000     
        (0.59160858149788009,3.17359224378673735E-017)
   0.0000000000000000        0.0000000000000000     
              (0.34267268680739238,0.0000000000000000)
   1.5707963267948966        0.0000000000000000     
       (0.59160858149788009,-3.17359224378673735E-017)
   3.1415926535897931        0.0000000000000000     
         (1.8771183670428790,6.34718448757347471E-017)
   1.0000000000000000                1           4
               (0.0000000000000000,0.0000000000000000)
  -1.5707963267948966        0.0000000000000000     
        (0.63344122919414669,8.20391451913550784E-017)
   0.0000000000000000        0.0000000000000000     
              (0.39093815997224057,0.0000000000000000)
   1.5707963267948966        0.0000000000000000     
       (0.63344122919414669,-8.20391451913550784E-017)
   3.1415926535897931        0.0000000000000000     
         (1.7424143362609916,5.30559879201945028E-017)
   1.0000000000000000                1           4
               (0.0000000000000000,0.0000000000000000)
  -1.5707963267948966        0.0000000000000000     
        (0.64118805698341386,2.58455931821000560E-017)
   0.0000000000000000        0.0000000000000000     
              (0.40411017431823382,0.0000000000000000)
   1.5707963267948966        0.0000000000000000     
       (0.64118805698341386,-2.58455931821000560E-017)
   3.1415926535897931        0.0000000000000000     
         (1.7224470766129747,5.16911863642001120E-017)
   1.0000000000000000                1           4
               (0.0000000000000000,0.0000000000000000)
  -1.5707963267948966        0.0000000000000000     
        (0.64317067209690748,8.06662242742990105E-017)
   0.0000000000000000        0.0000000000000000     
              (0.32465064296086854,0.0000000000000000)
   1.5707963267948966        0.0000000000000000     
       (0.64317067209690748,-8.06662242742990105E-017)
   3.1415926535897931        0.0000000000000000     
         (1.7833177388589825,5.03101460860823547E-017)
   1.0000000000000000                1           4
               (0.0000000000000000,0.0000000000000000)
  -1.5707963267948966        0.0000000000000000     
        (0.65855153233631136,2.35196812993105643E-017)
   0.0000000000000000        0.0000000000000000     
              (0.33893449758405653,0.0000000000000000)
   1.5707963267948966        0.0000000000000000     
       (0.65855153233631136,-2.35196812993105643E-017)
   3.1415926535897931        0.0000000000000000     
         (1.7463796567083938,4.70393625986211286E-017)
   1.0000000000000000                1           4
               (0.0000000000000000,0.0000000000000000)
  -1.5707963267948966        0.0000000000000000     
        (0.67840719985967479,1.32309285420043045E-016)
   0.0000000000000000        0.0000000000000000     
              (0.29156316930544518,0.0000000000000000)
   1.5707963267948966        0.0000000000000000     
       (0.67840719985967479,-1.32309285420043045E-016)
   3.1415926535897931        0.0000000000000000     
         (1.7605368579874454,4.25739659150547703E-017)
   1.0000000000000000                1           4
               (0.0000000000000000,0.0000000000000000)
  -1.5707963267948966        0.0000000000000000     
        (0.64130091954867818,2.58157627851833938E-017)
   0.0000000000000000        0.0000000000000000     
              (0.36856134886397718,0.0000000000000000)
   1.5707963267948966        0.0000000000000000     
       (0.64130091954867818,-2.58157627851833938E-017)
   3.1415926535897931        0.0000000000000000     
         (1.7572472924936662,5.16315255703667877E-017)
   1.0000000000000000                1           4
               (0.0000000000000000,0.0000000000000000)
  -1.5707963267948966        0.0000000000000000     
        (0.60843208054115638,8.50900935522198394E-017)
   0.0000000000000000        0.0000000000000000     
              (0.30827497589436387,0.0000000000000000)
   1.5707963267948966        0.0000000000000000     
       (0.60843208054115638,-8.50900935522198394E-017)
   3.1415926535897931        0.0000000000000000     
         (1.8747107589039305,5.91578846419240248E-017)
   1.0000000000000000                1           4
               (0.0000000000000000,0.0000000000000000)
  -1.5707963267948966        0.0000000000000000     
        (0.62005326417719742,2.79609288508375764E-017)
   0.0000000000000000        0.0000000000000000     
              (0.31247080813720413,0.0000000000000000)
   1.5707963267948966        0.0000000000000000     
       (0.62005326417719742,-2.79609288508375764E-017)
   3.1415926535897931        0.0000000000000000     
         (1.8409089634185796,5.59218577016751528E-017)
   1.0000000000000000                1           4
               (0.0000000000000000,0.0000000000000000)
  -1.5707963267948966        0.0000000000000000     
       (0.59349735058180864,-2.45279691573975234E-017)
   0.0000000000000000        0.0000000000000000     
              (0.35073524487741797,0.0000000000000000)
   1.5707963267948966        0.0000000000000000     
        (0.59349735058180864,2.45279691573975234E-017)
   3.1415926535897931        0.0000000000000000     
         (1.8482469810298885,6.19663641477206195E-017)
   1.0000000000000000                1           4
               (0.0000000000000000,0.0000000000000000)
  -1.5707963267948966        0.0000000000000000     
       (0.53213617819659320,-1.69340287598539578E-017)
   0.0000000000000000        0.0000000000000000     
              (0.40689800371473034,0.0000000000000000)
   1.5707963267948966        0.0000000000000000     
        (0.53213617819659320,1.69340287598539578E-017)
   3.1415926535897931        0.0000000000000000     
         (1.9173987939545127,7.71542449428077385E-017)
   1.0000000000000000                1           4
               (0.0000000000000000,0.0000000000000000)
  -1.5707963267948966        0.0000000000000000     
        (0.61812138895749558,2.79408013484632961E-017)
   0.0000000000000000        0.0000000000000000     
              (0.38729443438523237,0.0000000000000000)
   1.5707963267948966        0.0000000000000000     
       (0.61812138895749558,-2.79408013484632961E-017)
   3.1415926535897931        0.0000000000000000     
         (1.7615641726134348,5.58816026969265922E-017)
   1.0000000000000000                1           4
               (0.0000000000000000,0.0000000000000000)
  -1.5707963267948966        0.0000000000000000     
        (0.64355816213023520,8.08966416510877670E-017)
   0.0000000000000000        0.0000000000000000     
              (0.29226256489886970,0.0000000000000000)
   1.5707963267948966        0.0000000000000000     
       (0.64355816213023520,-8.08966416510877670E-017)
   3.1415926535897931        0.0000000000000000     
         (1.8240067996505822,5.07709808396598800E-017)
   1.0000000000000000                1           4
               (0.0000000000000000,0.0000000000000000)
  -1.5707963267948966        0.0000000000000000     
        (0.57980890973356936,3.28841114340114605E-017)
   0.0000000000000000        0.0000000000000000     
              (0.35393189556769944,0.0000000000000000)
   1.5707963267948966        0.0000000000000000     
       (0.57980890973356936,-3.28841114340114605E-017)
   3.1415926535897931        0.0000000000000000     
         (1.8797625133914186,6.57682228680229210E-017)
   1.0000000000000000                1           4
               (0.0000000000000000,0.0000000000000000)
  -1.5707963267948966        0.0000000000000000     
       (0.62599365447479671,-2.84334918481375979E-017)
   0.0000000000000000        0.0000000000000000     
              (0.41465877221901992,0.0000000000000000)
   1.5707963267948966        0.0000000000000000     
        (0.62599365447479671,2.84334918481375979E-017)
   3.1415926535897931        0.0000000000000000     
         (1.7217520097506394,5.41553187662404643E-017)
   1.0000000000000000                1           4
               (0.0000000000000000,0.0000000000000000)
  -1.5707963267948966        0.0000000000000000     
       (0.64952257845137684,-3.07334762130581479E-017)
   0.0000000000000000        0.0000000000000000     
              (0.28198461890043786,0.0000000000000000)
   1.5707963267948966        0.0000000000000000     
        (0.64952257845137684,3.07334762130581479E-017)
   3.1415926535897931        0.0000000000000000     
         (1.8263608206781328,4.95553500363993706E-017)
   1.0000000000000000                1           4
               (0.0000000000000000,0.0000000000000000)
  -1.5707963267948966        0.0000000000000000     
       (0.59345318275703174,-2.45281673497858566E-017)
   0.0000000000000000        0.0000000000000000     
              (0.33444603732434774,0.0000000000000000)
   1.5707963267948966        0.0000000000000000     
        (0.59345318275703174,2.45281673497858566E-017)
   3.1415926535897931        0.0000000000000000     
         (1.8644413794787413,6.19659677629439408E-017)
   1.0000000000000000                1           4
               (0.0000000000000000,0.0000000000000000)
  -1.5707963267948966        0.0000000000000000     
        (0.65088248590574016,2.44201906112494524E-017)
   0.0000000000000000        0.0000000000000000     
              (0.31471452202871308,0.0000000000000000)
   1.5707963267948966        0.0000000000000000     
       (0.65088248590574016,-2.44201906112494524E-017)
   3.1415926535897931        0.0000000000000000     
         (1.7846744056287054,4.88403812224989049E-017)
   1.0000000000000000                1           4
               (0.0000000000000000,0.0000000000000000)
  -1.5707963267948966        0.0000000000000000     
        (0.63980268377148874,2.56004190369123515E-017)
   0.0000000000000000        0.0000000000000000     
              (0.38269272558298656,0.0000000000000000)
   1.5707963267948966        0.0000000000000000     
       (0.63980268377148874,-2.56004190369123515E-017)
   3.1415926535897931        0.0000000000000000     
         (1.7330857836278208,5.12008380738247030E-017)
   1.0000000000000000                1           4
               (0.0000000000000000,0.0000000000000000)
  -1.5707963267948966        0.0000000000000000     
        (0.66567987073403001,2.26973824726156897E-017)
   0.0000000000000000        0.0000000000000000     
              (0.30708426512405640,0.0000000000000000)
   1.5707963267948966        0.0000000000000000     
       (0.66567987073403001,-2.26973824726156897E-017)
   3.1415926535897931        0.0000000000000000     
         (1.7656282480466201,4.53947649452313794E-017)
   1.0000000000000000                1           4
               (0.0000000000000000,0.0000000000000000)
  -1.5707963267948966        0.0000000000000000     
        (0.62046251847299594,2.81382799328392680E-017)
   0.0000000000000000        0.0000000000000000     
              (0.37642092793016763,0.0000000000000000)
   1.5707963267948966        0.0000000000000000     
       (0.62046251847299594,-2.81382799328392680E-017)
   3.1415926535897931        0.0000000000000000     
         (1.7835700781566484,5.62765598656785361E-017)
   1.0000000000000000                1           4
               (0.0000000000000000,0.0000000000000000)
  -1.5707963267948966        0.0000000000000000     
        (0.64289409311438228,8.07757509462947430E-017)
   0.0000000000000000        0.0000000000000000     
              (0.35967238496246057,0.0000000000000000)
   1.5707963267948966        0.0000000000000000     
       (0.64289409311438228,-8.07757509462947430E-017)
   3.1415926535897931        0.0000000000000000     
         (1.7513202514841826,5.05291994300738134E-017)
   1.0000000000000000                1           4
               (0.0000000000000000,0.0000000000000000)
  -1.5707963267948966        0.0000000000000000     
        (0.61824949815569630,2.80812845091114953E-017)
   0.0000000000000000        0.0000000000000000     
              (0.29495444637558693,0.0000000000000000)
   1.5707963267948966        0.0000000000000000     
       (0.61824949815569630,-2.80812845091114953E-017)
   3.1415926535897931        0.0000000000000000     
         (1.8587489072627603,5.61625690182229905E-017)
   1.0000000000000000                1           4
               (0.0000000000000000,0.0000000000000000)
  -1.5707963267948966        0.0000000000000000     
        (0.59837513241178364,8.60124113115646413E-017)
   0.0000000000000000        0.0000000000000000     
              (0.15314192008816963,0.0000000000000000)
   1.5707963267948966        0.0000000000000000     
       (0.59837513241178364,-8.60124113115646413E-017)
   3.1415926535897931        0.0000000000000000     
         (2.0398551026265048,6.10025201606136162E-017)
   1.0000000000000000                1           4
               (0.0000000000000000,0.0000000000000000)
  -1.5707963267948966        0.0000000000000000     
        (0.66637142890007994,7.82996808446651906E-017)
   0.0000000000000000        0.0000000000000000     
              (0.30601047578206042,0.0000000000000000)
   1.5707963267948966        0.0000000000000000     
       (0.66637142890007994,-7.82996808446651906E-017)
   3.1415926535897931        0.0000000000000000     
         (1.7710622452659723,4.55770592268147272E-017)
   1.0000000000000000                1           4
               (0.0000000000000000,0.0000000000000000)
  -1.5707963267948966        0.0000000000000000     
        (0.62404240714773340,2.75954765912666561E-017)
   0.0000000000000000        0.0000000000000000     
              (0.32822706104623067,0.0000000000000000)
   1.5707963267948966        0.0000000000000000     
       (0.62404240714773340,-2.75954765912666561E-017)
   3.1415926535897931        0.0000000000000000     
         (1.8211944198041874,5.51909531825333122E-017)
   1.0000000000000000                1           4
               (0.0000000000000000,0.0000000000000000)
  -1.5707963267948966        0.0000000000000000     
        (0.66383257196139045,7.81198770484134910E-017)
   0.0000000000000000        0.0000000000000000     
              (0.35142079975141721,0.0000000000000000)
   1.5707963267948966        0.0000000000000000     
       (0.66383257196139045,-7.81198770484134910E-017)
   3.1415926535897931        0.0000000000000000     
         (1.7147013697528370,4.52174516343113157E-017)
   1.0000000000000000                1           4
               (0.0000000000000000,0.0000000000000000)
  -1.5707963267948966        0.0000000000000000     
        (0.62369914992546904,2.75456080079482219E-017)
   0.0000000000000000        0.0000000000000000     
              (0.34967081430769098,0.0000000000000000)
   1.5707963267948966        0.0000000000000000     
       (0.62369914992546904,-2.75456080079482219E-017)
   3.1415926535897931        0.0000000000000000     
         (1.7974353205574420,5.50912160158964439E-017)
   1.0000000000000000                1           4
               (0.0000000000000000,0.0000000000000000)
  -1.5707963267948966        0.0000000000000000     
        (0.64068766164196167,8.08072287522541273E-017)
   0.0000000000000000        0.0000000000000000     
              (0.33568047061407880,0.0000000000000000)
   1.5707963267948966        0.0000000000000000     
       (0.64068766164196167,-8.08072287522541273E-017)
   3.1415926535897931        0.0000000000000000     
         (1.7719274460545955,5.05921550419925882E-017)
   1.0000000000000000                1           4
               (0.0000000000000000,0.0000000000000000)
  -1.5707963267948966        0.0000000000000000     
        (0.63474101280289119,2.64822921253248411E-017)
   0.0000000000000000        0.0000000000000000     
              (0.30007987923526969,0.0000000000000000)
   1.5707963267948966        0.0000000000000000     
       (0.63474101280289119,-2.64822921253248411E-017)
   3.1415926535897931        0.0000000000000000     
         (1.8343794490103544,5.29645842506496821E-017)
   1.0000000000000000                1           4
               (0.0000000000000000,0.0000000000000000)
  -1.5707963267948966        0.0000000000000000     
        (0.65880971718848802,1.34450023464555012E-016)
   0.0000000000000000        0.0000000000000000     
              (0.35309815022196500,0.0000000000000000)
   1.5707963267948966        0.0000000000000000     
       (0.65880971718848802,-1.34450023464555012E-016)
   3.1415926535897931        0.0000000000000000     
         (1.7297287225233846,4.68554420040787088E-017)
   1.0000000000000000                1           4
               (0.0000000000000000,0.0000000000000000)
  -1.5707963267948966        0.0000000000000000     
        (0.67119409930048279,2.22030991273648632E-017)
   0.0000000000000000        0.0000000000000000     
              (0.31396914964164391,0.0000000000000000)
   1.5707963267948966        0.0000000000000000     
       (0.67119409930048279,-2.22030991273648632E-017)
   3.1415926535897931        0.0000000000000000     
         (1.7536273014227592,4.44061982547297265E-017)
   1.0000000000000000                1           4
               (0.0000000000000000,0.0000000000000000)
  -1.5707963267948966        0.0000000000000000     
       (0.61802700667273369,-8.28709792398035880E-017)
   0.0000000000000000        0.0000000000000000     
              (0.26673416852881382,0.0000000000000000)
   1.5707963267948966        0.0000000000000000     
        (0.61802700667273369,8.28709792398035880E-017)
   3.1415926535897931        0.0000000000000000     
         (1.8888118401352096,5.63026464454241567E-017)
   1.0000000000000000                1           4
               (0.0000000000000000,0.0000000000000000)
  -1.5707963267948966        0.0000000000000000     
        (0.64105001559692021,8.11535559463382970E-017)
   0.0000000000000000        0.0000000000000000     
              (0.33423947634747186,0.0000000000000000)
   1.5707963267948966        0.0000000000000000     
       (0.64105001559692021,-8.11535559463382970E-017)
   3.1415926535897931        0.0000000000000000     
         (1.7854050528333378,5.12848094301609400E-017)
   1.0000000000000000                1           4
               (0.0000000000000000,0.0000000000000000)
  -1.5707963267948966        0.0000000000000000     
       (0.66524634034325647,-3.27412354279120908E-017)
   0.0000000000000000        0.0000000000000000     
              (0.35810547993918351,0.0000000000000000)
   1.5707963267948966        0.0000000000000000     
        (0.66524634034325647,3.27412354279120908E-017)
   3.1415926535897931        0.0000000000000000     
         (1.7161090908204195,4.55398316066914909E-017)
   1.0000000000000000                1           4
               (0.0000000000000000,0.0000000000000000)
  -1.5707963267948966        0.0000000000000000     
       (0.60614574852352532,-2.61273917626956538E-017)
   0.0000000000000000        0.0000000000000000     
              (0.27402998018231828,0.0000000000000000)
   1.5707963267948966        0.0000000000000000     
        (0.60614574852352532,2.61273917626956538E-017)
   3.1415926535897931        0.0000000000000000     
         (1.8980079348203518,5.87675189371243587E-017)
   1.0000000000000000                1           4
               (0.0000000000000000,0.0000000000000000)
  -1.5707963267948966        0.0000000000000000     
        (0.67333215626032061,2.19632727915887668E-017)
   0.0000000000000000        0.0000000000000000     
              (0.32098248730502732,0.0000000000000000)
   1.5707963267948966        0.0000000000000000     
       (0.67333215626032061,-2.19632727915887668E-017)
   3.1415926535897931        0.0000000000000000     
         (1.7430567550935330,4.39265455831775337E-017)
   1.0000000000000000                1           4
               (0.0000000000000000,0.0000000000000000)
  -1.5707963267948966        0.0000000000000000     
        (0.65028277397764178,2.45207649244924465E-017)
   0.0000000000000000        0.0000000000000000     
              (0.31538214883528137,0.0000000000000000)
   1.5707963267948966        0.0000000000000000     
       (0.65028277397764178,-2.45207649244924465E-017)
   3.1415926535897931        0.0000000000000000     
         (1.7860923613306496,4.90415298489848931E-017)
   1.0000000000000000                1           4
               (0.0000000000000000,0.0000000000000000)
  -1.5707963267948966        0.0000000000000000     
        (0.65206979435302315,2.42633397781235318E-017)
   0.0000000000000000        0.0000000000000000     
              (0.31606791024238601,0.0000000000000000)
   1.5707963267948966        0.0000000000000000     
       (0.65206979435302315,-2.42633397781235318E-017)
   3.1415926535897931        0.0000000000000000     
         (1.7805724973125436,4.85266795562470637E-017)
   1.0000000000000000                1           4
               (0.0000000000000000,0.0000000000000000)
  -1.5707963267948966        0.0000000000000000     
       (0.66091472003264640,-3.24642392549113369E-017)
   0.0000000000000000        0.0000000000000000     
              (0.35576133231239637,0.0000000000000000)
   1.5707963267948966        0.0000000000000000     
        (0.66091472003264640,3.24642392549113369E-017)
   3.1415926535897931        0.0000000000000000     
         (1.7188373794283756,4.60938239526929925E-017)
   1.0000000000000000                1           4
               (0.0000000000000000,0.0000000000000000)
  -1.5707963267948966        0.0000000000000000     
        (0.61786749020947418,8.39082599663933761E-017)
   0.0000000000000000        0.0000000000000000     
              (0.26936764863261897,0.0000000000000000)
   1.5707963267948966        0.0000000000000000     
       (0.61786749020947418,-8.39082599663933761E-017)
   3.1415926535897931        0.0000000000000000     
         (1.8938872911707565,5.67942174702710735E-017)
   1.0000000000000000                1           4
               (0.0000000000000000,0.0000000000000000)
  -1.5707963267948966        0.0000000000000000     
        (0.63941703806676675,2.55268618409696838E-017)
   0.0000000000000000        0.0000000000000000     
              (0.26551746590743663,0.0000000000000000)
   1.5707963267948966        0.0000000000000000     
       (0.63941703806676675,-2.55268618409696838E-017)
   3.1415926535897931        0.0000000000000000     
         (1.8470871915477474,5.10537236819393677E-017)
   1.0000000000000000                1           4
               (0.0000000000000000,0.0000000000000000)
  -1.5707963267948966        0.0000000000000000     
        (0.63217182008314554,8.17074257416303441E-017)
   0.0000000000000000        0.0000000000000000     
              (0.28627377694150391,0.0000000000000000)
   1.5707963267948966        0.0000000000000000     
       (0.63217182008314554,-8.17074257416303441E-017)
   3.1415926535897931        0.0000000000000000     
         (1.8337051216065958,5.23925490207450156E-017)
   1.0000000000000000                1           4
               (0.0000000000000000,0.0000000000000000)
  -1.5707963267948966        0.0000000000000000     
        (0.60074567590794081,1.41827101638751008E-016)
   0.0000000000000000        0.0000000000000000     
              (0.24401328202719536,0.0000000000000000)
   1.5707963267948966        0.0000000000000000     
       (0.60074567590794081,-1.41827101638751008E-016)
   3.1415926535897931        0.0000000000000000     
         (1.9636391669371167,6.16095983524707070E-017)
   1.0000000000000000                1           4
               (0.0000000000000000,0.0000000000000000)
  -1.5707963267948966        0.0000000000000000     
        (0.63092067872383861,2.69360909633011977E-017)
   0.0000000000000000        0.0000000000000000     
              (0.27999089817829570,0.0000000000000000)
   1.5707963267948966        0.0000000000000000     
       (0.63092067872383861,-2.69360909633011977E-017)
   3.1415926535897931        0.0000000000000000     
         (1.8616499567916112,5.38721819266023955E-017)
   1.0000000000000000                1           4
               (0.0000000000000000,0.0000000000000000)
  -1.5707963267948966        0.0000000000000000     
        (0.61569850728381081,8.87965706862916544E-017)
   0.0000000000000000        0.0000000000000000     
              (0.32698362505789591,0.0000000000000000)
   1.5707963267948966        0.0000000000000000     
       (0.61569850728381081,-8.87965706862916544E-017)
   3.1415926535897931        0.0000000000000000     
         (1.9915976936930524,6.65708389100676547E-017)
   1.0000000000000000                1           4
               (0.0000000000000000,0.0000000000000000)
  -1.5707963267948966        0.0000000000000000     
       (0.67104686086597021,-3.36160033358746455E-017)
   0.0000000000000000        0.0000000000000000     
              (0.33485741995753204,0.0000000000000000)
   1.5707963267948966        0.0000000000000000     
        (0.67104686086597021,3.36160033358746455E-017)
   3.1415926535897931        0.0000000000000000     
         (1.7223861036806376,4.37902957907663753E-017)
   1.0000000000000000                1           4
               (0.0000000000000000,0.0000000000000000)
  -1.5707963267948966        0.0000000000000000     
       (0.65320814669291127,-3.14761328753724378E-017)
   0.0000000000000000        0.0000000000000000     
              (0.33744692269660315,0.0000000000000000)
   1.5707963267948966        0.0000000000000000     
        (0.65320814669291127,3.14761328753724378E-017)
   3.1415926535897931        0.0000000000000000     
         (1.7540126459460363,4.80700367117707784E-017)
   1.0000000000000000                1           4
               (0.0000000000000000,0.0000000000000000)
  -1.5707963267948966        0.0000000000000000     
        (0.64925267020732003,2.43268641746174508E-017)
   0.0000000000000000        0.0000000000000000     
              (0.31540134177207124,0.0000000000000000)
   1.5707963267948966        0.0000000000000000     
       (0.64925267020732003,-2.43268641746174508E-017)
   3.1415926535897931        0.0000000000000000     
         (1.7776796817392710,4.86537283492349015E-017)
   1.0000000000000000                1           4
               (0.0000000000000000,0.0000000000000000)
  -1.5707963267948966        0.0000000000000000     
        (0.67627819823945545,2.12547229447622070E-017)
   0.0000000000000000        0.0000000000000000     
              (0.27640705536931937,0.0000000000000000)
   1.5707963267948966        0.0000000000000000     
       (0.67627819823945545,-2.12547229447622070E-017)
   3.1415926535897931        0.0000000000000000     
         (1.7703812767031217,4.25094458895244140E-017)
   1.0000000000000000                1           4
               (0.0000000000000000,0.0000000000000000)
  -1.5707963267948966        0.0000000000000000     
       (0.65430885500120284,-3.13668564815348088E-017)
   0.0000000000000000        0.0000000000000000     
              (0.25598851155061109,0.0000000000000000)
   1.5707963267948966        0.0000000000000000     
        (0.65430885500120284,3.13668564815348088E-017)
   3.1415926535897931        0.0000000000000000     
         (1.8412417115954443,4.82885894994460365E-017)
   1.0000000000000000                1           4
               (0.0000000000000000,0.0000000000000000)
  -1.5707963267948966        0.0000000000000000     
        (0.64537376211407316,2.48073736487128894E-017)
   0.0000000000000000        0.0000000000000000     
              (0.33163172967172039,0.0000000000000000)
   1.5707963267948966        0.0000000000000000     
       (0.64537376211407316,-2.48073736487128894E-017)
   3.1415926535897931        0.0000000000000000     
         (1.7693861081189894,4.96147472974257787E-017)
   1.0000000000000000                1           4
               (0.0000000000000000,0.0000000000000000)
  -1.5707963267948966        0.0000000000000000     
       (0.64067007557604017,-8.52167400311583566E-017)
   0.0000000000000000        0.0000000000000000     
              (0.30640950806565292,0.0000000000000000)
   1.5707963267948966        0.0000000000000000     
        (0.64067007557604017,8.52167400311583566E-017)
   3.1415926535897931        0.0000000000000000     
         (1.8178042765070717,5.16111248627145949E-017)
   1.0000000000000000                1           4
               (0.0000000000000000,0.0000000000000000)
  -1.5707963267948966        0.0000000000000000     
       (0.67240071753169184,-3.39813403912945750E-017)
   0.0000000000000000        0.0000000000000000     
              (0.33691596386137768,0.0000000000000000)
   1.5707963267948966        0.0000000000000000     
        (0.67240071753169184,3.39813403912945750E-017)
   3.1415926535897931        0.0000000000000000     
         (1.7111024593149262,4.30596216799265041E-017)
   1.0000000000000000                1           4
               (0.0000000000000000,0.0000000000000000)
  -1.5707963267948966        0.0000000000000000     
       (0.65985828936441215,-3.22211473101479145E-017)
   0.0000000000000000        0.0000000000000000     
              (0.29496543382231000,0.0000000000000000)
   1.5707963267948966        0.0000000000000000     
        (0.65985828936441215,3.22211473101479145E-017)
   3.1415926535897931        0.0000000000000000     
         (1.7854604020515239,4.65800078422198373E-017)
   1.0000000000000000                1           4
               (0.0000000000000000,0.0000000000000000)
  -1.5707963267948966        0.0000000000000000     
       (0.64428286645768251,-3.04563858465421099E-017)
   0.0000000000000000        0.0000000000000000     
              (0.28824600742419593,0.0000000000000000)
   1.5707963267948966        0.0000000000000000     
        (0.64428286645768251,3.04563858465421099E-017)
   3.1415926535897931        0.0000000000000000     
         (1.8186704663630622,5.01095307694314466E-017)
   1.0000000000000000                1           4
               (0.0000000000000000,0.0000000000000000)
  -1.5707963267948966        0.0000000000000000     
       (0.64185460339369138,-8.56400223693225958E-017)
   0.0000000000000000        0.0000000000000000     
              (0.31480425284265745,0.0000000000000000)
   1.5707963267948966        0.0000000000000000     
        (0.64185460339369138,8.56400223693225958E-017)
   3.1415926535897931        0.0000000000000000     
         (1.7979531370082891,5.07645601863861226E-017)
   1.0000000000000000                1           4
               (0.0000000000000000,0.0000000000000000)
  -1.5707963267948966        0.0000000000000000     
        (0.61670493443004670,2.83089664408693943E-017)
   0.0000000000000000        0.0000000000000000     
              (0.32803287765793843,0.0000000000000000)
   1.5707963267948966        0.0000000000000000     
       (0.61670493443004670,-2.83089664408693943E-017)
   3.1415926535897931        0.0000000000000000     
         (1.8300180047769814,5.66179328817387885E-017)
   1.0000000000000000                1           4
               (0.0000000000000000,0.0000000000000000)
  -1.5707963267948966        0.0000000000000000     
       (0.66406587086934765,-3.25876507123592894E-017)
   0.0000000000000000        0.0000000000000000     
              (0.33729033107658635,0.0000000000000000)
   1.5707963267948966        0.0000000000000000     
        (0.66406587086934765,3.25876507123592894E-017)
   3.1415926535897931        0.0000000000000000     
         (1.7395797582365695,4.58470010377970814E-017)
   1.0000000000000000                1           4
               (0.0000000000000000,0.0000000000000000)
  -1.5707963267948966        0.0000000000000000     
        (0.65286564102868827,2.40928695254062031E-017)
   0.0000000000000000        0.0000000000000000     
              (0.31880114220464495,0.0000000000000000)
   1.5707963267948966        0.0000000000000000     
       (0.65286564102868827,-2.40928695254062031E-017)
   3.1415926535897931        0.0000000000000000     
         (1.7738629777021622,4.81857390508124063E-017)
   1.0000000000000000                1           4
               (0.0000000000000000,0.0000000000000000)
  -1.5707963267948966        0.0000000000000000     
        (0.63722747527798995,2.58591861773760272E-017)
   0.0000000000000000        0.0000000000000000     
              (0.36058077146844802,0.0000000000000000)
   1.5707963267948966        0.0000000000000000     
       (0.63722747527798995,-2.58591861773760272E-017)
   3.1415926535897931        0.0000000000000000     
         (1.7584992969706701,5.17183723547520544E-017)
   1.0000000000000000                1           4
               (0.0000000000000000,0.0000000000000000)
  -1.5707963267948966        0.0000000000000000     
        (0.64064004948064501,2.56054001460612984E-017)
   0.0000000000000000        0.0000000000000000     
              (0.27875075436083874,0.0000000000000000)
   1.5707963267948966        0.0000000000000000     
       (0.64064004948064501,-2.56054001460612984E-017)
   3.1415926535897931        0.0000000000000000     
         (1.8388651816397927,5.12108002921225967E-017)
   1.0000000000000000                1           4
               (0.0000000000000000,0.0000000000000000)
  -1.5707963267948966        0.0000000000000000     
        (0.62547762730943535,8.27173866298108074E-017)
   0.0000000000000000        0.0000000000000000     
              (0.34369319437509760,0.0000000000000000)
   1.5707963267948966        0.0000000000000000     
       (0.62547762730943535,-8.27173866298108074E-017)
   3.1415926535897931        0.0000000000000000     
         (1.7958851446300639,5.44124707971059669E-017)
   1.0000000000000000                1           4
               (0.0000000000000000,0.0000000000000000)
  -1.5707963267948966        0.0000000000000000     
       (0.66689521479332214,-3.32082284392571258E-017)
   0.0000000000000000        0.0000000000000000     
              (0.35235780340150336,0.0000000000000000)
   1.5707963267948966        0.0000000000000000     
        (0.66689521479332214,3.32082284392571258E-017)
   3.1415926535897931        0.0000000000000000     
         (1.7099013669691407,4.46058455840014148E-017)
   1.0000000000000000                1           4
               (0.0000000000000000,0.0000000000000000)
  -1.5707963267948966        0.0000000000000000     
       (0.60660623959729476,-2.55171089901341864E-017)
   0.0000000000000000        0.0000000000000000     
              (0.31054249461490713,0.0000000000000000)
   1.5707963267948966        0.0000000000000000     
        (0.60660623959729476,2.55171089901341864E-017)
   3.1415926535897931        0.0000000000000000     
         (1.8823497505989677,5.99880844822472935E-017)
   1.0000000000000000                1           4
               (0.0000000000000000,0.0000000000000000)
  -1.5707963267948966        0.0000000000000000     
        (0.59724440775716192,3.09102751265798499E-017)
   0.0000000000000000        0.0000000000000000     
              (0.33111211756861431,0.0000000000000000)
   1.5707963267948966        0.0000000000000000     
       (0.59724440775716192,-3.09102751265798499E-017)
   3.1415926535897931        0.0000000000000000     
         (1.8729829010763031,6.18205502531596998E-017)
   1.0000000000000000                1           4
               (0.0000000000000000,0.0000000000000000)
  -1.5707963267948966        0.0000000000000000     
        (0.68785289891510837,2.05402396551949781E-017)
   0.0000000000000000        0.0000000000000000     
              (0.29752224774292746,0.0000000000000000)
   1.5707963267948966        0.0000000000000000     
       (0.68785289891510837,-2.05402396551949781E-017)
   3.1415926535897931        0.0000000000000000     
         (1.7490786904492579,4.10804793103899563E-017)
   1.0000000000000000                1           4
               (0.0000000000000000,0.0000000000000000)
  -1.5707963267948966        0.0000000000000000     
        (0.62664534182836495,8.26902723982870545E-017)
   0.0000000000000000        0.0000000000000000     
              (0.30639152496771527,0.0000000000000000)
   1.5707963267948966        0.0000000000000000     
       (0.62664534182836495,-8.26902723982870545E-017)
   3.1415926535897931        0.0000000000000000     
         (1.8346366250655208,5.43582423340584611E-017)
   1.0000000000000000                1           4
               (0.0000000000000000,0.0000000000000000)
  -1.5707963267948966        0.0000000000000000     
        (0.64517321417207241,1.35866530120875959E-016)
   0.0000000000000000        0.0000000000000000     
              (0.29712200254687970,0.0000000000000000)
   1.5707963267948966        0.0000000000000000     
       (0.64517321417207241,-1.35866530120875959E-016)
   3.1415926535897931        0.0000000000000000     
         (1.8046984826651828,4.96884553167206160E-017)
   1.0000000000000000                1           4
               (0.0000000000000000,0.0000000000000000)
  -1.5707963267948966        0.0000000000000000     
        (0.60043000367604238,1.41020537903403202E-016)
   0.0000000000000000        0.0000000000000000     
              (0.23343854221307683,0.0000000000000000)
   1.5707963267948966        0.0000000000000000     
       (0.60043000367604238,-1.41020537903403202E-016)
   3.1415926535897931        0.0000000000000000     
         (1.9472381914562935,5.99964708817750832E-017)
   1.0000000000000000                1           4
               (0.0000000000000000,0.0000000000000000)
  -1.5707963267948966        0.0000000000000000     
        (0.64349543725064573,8.09016322650868441E-017)
   0.0000000000000000        0.0000000000000000     
              (0.29166264103125078,0.0000000000000000)
   1.5707963267948966        0.0000000000000000     
       (0.64349543725064573,-8.09016322650868441E-017)
   3.1415926535897931        0.0000000000000000     
         (1.8246442795824989,5.07809620676580342E-017)
   1.0000000000000000                1           4
               (0.0000000000000000,0.0000000000000000)
  -1.5707963267948966        0.0000000000000000     
        (0.58716503877013959,8.74827373019448895E-017)
   0.0000000000000000        0.0000000000000000     
              (0.29978132154020470,0.0000000000000000)
   1.5707963267948966        0.0000000000000000     
       (0.58716503877013959,-8.74827373019448895E-017)
   3.1415926535897931        0.0000000000000000     
         (1.9188200052434294,6.39431721413741250E-017)
   1.0000000000000000                1           4
               (0.0000000000000000,0.0000000000000000)
  -1.5707963267948966        0.0000000000000000     
        (0.65571006851421232,2.36093123113873701E-017)
   0.0000000000000000        0.0000000000000000     
              (0.32686079654936301,0.0000000000000000)
   1.5707963267948966        0.0000000000000000     
       (0.65571006851421232,-2.36093123113873701E-017)
   3.1415926535897931        0.0000000000000000     
         (1.7556980011222802,4.72186246227747402E-017)
   1.0000000000000000                1           4
               (0.0000000000000000,0.0000000000000000)
  -1.5707963267948966        0.0000000000000000     
       (0.60295791715240887,-2.44226639579268533E-017)
   0.0000000000000000        0.0000000000000000     
              (0.25000075556762802,0.0000000000000000)
   1.5707963267948966        0.0000000000000000     
        (0.60295791715240887,2.44226639579268533E-017)
   3.1415926535897931        0.0000000000000000     
         (1.9713421323162623,6.21769745466619598E-017)
   1.0000000000000000                1           4
               (0.0000000000000000,0.0000000000000000)
  -1.5707963267948966        0.0000000000000000     
        (0.64365936254797340,2.52300868228827167E-017)
   0.0000000000000000        0.0000000000000000     
              (0.23519712743119897,0.0000000000000000)
   1.5707963267948966        0.0000000000000000     
       (0.64365936254797340,-2.52300868228827167E-017)
   3.1415926535897931        0.0000000000000000     
         (1.8761987712775441,5.04601736457654334E-017)
   1.0000000000000000                1           4
               (0.0000000000000000,0.0000000000000000)
  -1.5707963267948966        0.0000000000000000     
        (0.59919993601249466,3.04882172928367670E-017)
   0.0000000000000000        0.0000000000000000     
              (0.30110157530057036,0.0000000000000000)
   1.5707963267948966        0.0000000000000000     
       (0.59919993601249466,-3.04882172928367670E-017)
   3.1415926535897931        0.0000000000000000     
         (1.8931190448475137,6.09764345856735339E-017)
   1.0000000000000000                1           4
               (0.0000000000000000,0.0000000000000000)
  -1.5707963267948966        0.0000000000000000     
        (0.61548397815131095,8.44296575827622556E-017)
   0.0000000000000000        0.0000000000000000     
              (0.37179680581260482,0.0000000000000000)
   1.5707963267948966        0.0000000000000000     
       (0.61548397815131095,-8.44296575827622556E-017)
   3.1415926535897931        0.0000000000000000     
         (1.8037212484166558,5.78370127030088571E-017)
   1.0000000000000000                1           4
               (0.0000000000000000,0.0000000000000000)
  -1.5707963267948966        0.0000000000000000     
        (0.66353153439459145,1.33991757507709304E-016)
   0.0000000000000000        0.0000000000000000     
              (0.31928669983398761,0.0000000000000000)
   1.5707963267948966        0.0000000000000000     
       (0.66353153439459145,-1.33991757507709304E-016)
   3.1415926535897931        0.0000000000000000     
         (1.7580157052662326,4.59389100903873123E-017)
   1.0000000000000000                1           4
               (0.0000000000000000,0.0000000000000000)
  -1.5707963267948966        0.0000000000000000     
        (0.65962403199407349,2.34698760729914734E-017)
   0.0000000000000000        0.0000000000000000     
              (0.31021342410799835,0.0000000000000000)
   1.5707963267948966        0.0000000000000000     
       (0.65962403199407349,-2.34698760729914734E-017)
   3.1415926535897931        0.0000000000000000     
         (1.7756189673558622,4.69397521459829467E-017)
   1.0000000000000000                1           4
               (0.0000000000000000,0.0000000000000000)
  -1.5707963267948966        0.0000000000000000     
        (0.64567057837216635,2.51167919104080651E-017)
   0.0000000000000000        0.0000000000000000     
              (0.25488021892857737,0.0000000000000000)
   1.5707963267948966        0.0000000000000000     
       (0.64567057837216635,-2.51167919104080651E-017)
   3.1415926535897931        0.0000000000000000     
         (1.8568376187623059,5.02335838208161301E-017)
   1.0000000000000000                1           4
               (0.0000000000000000,0.0000000000000000)
  -1.5707963267948966        0.0000000000000000     
       (0.61669397797581171,-2.67482735468211021E-017)
   0.0000000000000000        0.0000000000000000     
              (0.18220154519583562,0.0000000000000000)
   1.5707963267948966        0.0000000000000000     
        (0.61669397797581171,2.67482735468211021E-017)
   3.1415926535897931        0.0000000000000000     
         (1.9906532906582235,5.75257553688734499E-017)
   1.0000000000000000                1           4
               (0.0000000000000000,0.0000000000000000)
  -1.5707963267948966        0.0000000000000000     
        (0.61720386773979463,8.36555186873676546E-017)
   0.0000000000000000        0.0000000000000000     
              (0.24064347159230509,0.0000000000000000)
   1.5707963267948966        0.0000000000000000     
       (0.61720386773979463,-8.36555186873676546E-017)
   3.1415926535897931        0.0000000000000000     
         (1.9130290666273080,5.62887349122196552E-017)
   1.0000000000000000                1           4
               (0.0000000000000000,0.0000000000000000)
  -1.5707963267948966        0.0000000000000000     
        (0.60768999867828943,2.96388355854175478E-017)
   0.0000000000000000        0.0000000000000000     
              (0.20210029193127113,0.0000000000000000)
   1.5707963267948966        0.0000000000000000     
       (0.60768999867828943,-2.96388355854175478E-017)
   3.1415926535897931        0.0000000000000000     
         (1.9813575416162243,5.92776711708350955E-017)
   1.0000000000000000                1           4
               (0.0000000000000000,0.0000000000000000)
  -1.5707963267948966        0.0000000000000000     
        (0.63343094549249013,8.16695617964462505E-017)
   0.0000000000000000        0.0000000000000000     
              (0.35547717148605512,0.0000000000000000)
   1.5707963267948966        0.0000000000000000     
       (0.63343094549249013,-8.16695617964462505E-017)
   3.1415926535897931        0.0000000000000000     
         (1.7657832475774189,5.23168211303768531E-017)
   1.0000000000000000                1           4
               (0.0000000000000000,0.0000000000000000)
  -1.5707963267948966        0.0000000000000000     
       (0.65364415151003918,-3.14774930639473956E-017)
   0.0000000000000000        0.0000000000000000     
              (0.27111139878189738,0.0000000000000000)
   1.5707963267948966        0.0000000000000000     
        (0.65364415151003918,3.14774930639473956E-017)
   3.1415926535897931        0.0000000000000000     
         (1.8211757523646317,4.80673163346208691E-017)
   1.0000000000000000                1           4
               (0.0000000000000000,0.0000000000000000)
  -1.5707963267948966        0.0000000000000000     
        (0.59084231799065667,8.73946189926853738E-017)
   0.0000000000000000        0.0000000000000000     
              (0.34329119890483767,0.0000000000000000)
   1.5707963267948966        0.0000000000000000     
       (0.59084231799065667,-8.73946189926853738E-017)
   3.1415926535897931        0.0000000000000000     
         (1.8797865239199987,6.37669355228550935E-017)
   1.0000000000000000                1           4
               (0.0000000000000000,0.0000000000000000)
  -1.5707963267948966        0.0000000000000000     
        (0.65721105337225183,7.97394183151026555E-017)
   0.0000000000000000        0.0000000000000000     
              (0.25961901571700952,0.0000000000000000)
   1.5707963267948966        0.0000000000000000     
       (0.65721105337225183,-7.97394183151026555E-017)
   3.1415926535897931        0.0000000000000000     
         (1.8461583487463236,4.84565341676896631E-017)
   1.0000000000000000                1           4
               (0.0000000000000000,0.0000000000000000)
  -1.5707963267948966        0.0000000000000000     
        (0.61982387579404774,2.81336803063446020E-017)
   0.0000000000000000        0.0000000000000000     
              (0.27973582352200371,0.0000000000000000)
   1.5707963267948966        0.0000000000000000     
       (0.61982387579404774,-2.81336803063446020E-017)
   3.1415926535897931        0.0000000000000000     
         (1.8788276620044768,5.62673606126892040E-017)
   1.0000000000000000                1           4
               (0.0000000000000000,0.0000000000000000)
  -1.5707963267948966        0.0000000000000000     
        (0.63360228000209573,2.65240191746632060E-017)
   0.0000000000000000        0.0000000000000000     
              (0.33218585766215525,0.0000000000000000)
   1.5707963267948966        0.0000000000000000     
       (0.63360228000209573,-2.65240191746632060E-017)
   3.1415926535897931        0.0000000000000000     
         (1.8013589138423727,5.30480383493264120E-017)
   1.0000000000000000                1           4
               (0.0000000000000000,0.0000000000000000)
  -1.5707963267948966        0.0000000000000000     
        (0.65658785537347064,2.39305151346494548E-017)
   0.0000000000000000        0.0000000000000000     
              (0.32426918128725024,0.0000000000000000)
   1.5707963267948966        0.0000000000000000     
       (0.65658785537347064,-2.39305151346494548E-017)
   3.1415926535897931        0.0000000000000000     
         (1.7705364704781399,4.78610302692989097E-017)
   1.0000000000000000                1           4
               (0.0000000000000000,0.0000000000000000)
  -1.5707963267948966        0.0000000000000000     
        (0.66013575081940634,2.31488954691104534E-017)
   0.0000000000000000        0.0000000000000000     
              (0.34444722135563666,0.0000000000000000)
   1.5707963267948966        0.0000000000000000     
       (0.66013575081940634,-2.31488954691104534E-017)
   3.1415926535897931        0.0000000000000000     
         (1.7319245856194614,4.62977909382209068E-017)
   1.0000000000000000                1           4
               (0.0000000000000000,0.0000000000000000)
  -1.5707963267948966        0.0000000000000000     
        (0.63951830932867315,2.64094126762366152E-017)
   0.0000000000000000        0.0000000000000000     
              (0.24900323591814680,0.0000000000000000)
   1.5707963267948966        0.0000000000000000     
       (0.63951830932867315,-2.64094126762366152E-017)
   3.1415926535897931        0.0000000000000000     
         (1.8926302619250637,5.28188253524732304E-017)
   1.0000000000000000                1           4
               (0.0000000000000000,0.0000000000000000)
  -1.5707963267948966        0.0000000000000000     
        (0.66266256237976329,2.30201198990328168E-017)
   0.0000000000000000        0.0000000000000000     
              (0.29775741732073324,0.0000000000000000)
   1.5707963267948966        0.0000000000000000     
       (0.66266256237976329,-2.30201198990328168E-017)
   3.1415926535897931        0.0000000000000000     
         (1.7794618834595144,4.60402397980656336E-017)
   1.0000000000000000                1           4
               (0.0000000000000000,0.0000000000000000)
  -1.5707963267948966        0.0000000000000000     
       (0.63392173560435827,-2.95998540252502513E-017)
   0.0000000000000000        0.0000000000000000     
              (0.33791226167013488,0.0000000000000000)
   1.5707963267948966        0.0000000000000000     
        (0.63392173560435827,2.95998540252502513E-017)
   3.1415926535897931        0.0000000000000000     
         (1.7762584027847659,5.18225944120151577E-017)
   1.0000000000000000                1           4
               (0.0000000000000000,0.0000000000000000)
  -1.5707963267948966        0.0000000000000000     
        (0.65726957484745063,2.42009790730493321E-017)
   0.0000000000000000        0.0000000000000000     
              (0.22719163137542203,0.0000000000000000)
   1.5707963267948966        0.0000000000000000     
       (0.65726957484745063,-2.42009790730493321E-017)
   3.1415926535897931        0.0000000000000000     
         (1.8778114819667611,4.84019581460986643E-017)
   1.0000000000000000                1           4
               (0.0000000000000000,0.0000000000000000)
  -1.5707963267948966        0.0000000000000000     
        (0.63290460974734941,8.20696040623542754E-017)
   0.0000000000000000        0.0000000000000000     
              (0.36700230693061769,0.0000000000000000)
   1.5707963267948966        0.0000000000000000     
       (0.63290460974734941,-8.20696040623542754E-017)
   3.1415926535897931        0.0000000000000000     
         (1.7662718126344519,5.31169056621928906E-017)
   1.0000000000000000                1           4
               (0.0000000000000000,0.0000000000000000)
  -1.5707963267948966        0.0000000000000000     
       (0.64661935660028003,-3.03127376130592367E-017)
   0.0000000000000000        0.0000000000000000     
              (0.30458656840172577,0.0000000000000000)
   1.5707963267948966        0.0000000000000000     
        (0.64661935660028003,3.03127376130592367E-017)
   3.1415926535897931        0.0000000000000000     
         (1.8116947930380722,5.03968272363971868E-017)
   1.0000000000000000                1           4
               (0.0000000000000000,0.0000000000000000)
  -1.5707963267948966        0.0000000000000000     
        (0.63548540893552796,2.62649400845653576E-017)
   0.0000000000000000        0.0000000000000000     
              (0.33898314199729085,0.0000000000000000)
   1.5707963267948966        0.0000000000000000     
       (0.63548540893552796,-2.62649400845653576E-017)
   3.1415926535897931        0.0000000000000000     
         (1.7898657221105096,5.25298801691307151E-017)
   1.0000000000000000                1           4
               (0.0000000000000000,0.0000000000000000)
  -1.5707963267948966        0.0000000000000000     
       (0.65272984926737210,-3.09199915712278341E-017)
   0.0000000000000000        0.0000000000000000     
              (0.23111055258708724,0.0000000000000000)
   1.5707963267948966        0.0000000000000000     
        (0.65272984926737210,3.09199915712278341E-017)
   3.1415926535897931        0.0000000000000000     
         (1.8775573747088419,4.91823193200599920E-017)
   1.0000000000000000                1           4
               (0.0000000000000000,0.0000000000000000)
  -1.5707963267948966        0.0000000000000000     
        (0.65475370274688338,1.35237987738230049E-016)
   0.0000000000000000        0.0000000000000000     
              (0.32661664319648420,0.0000000000000000)
   1.5707963267948966        0.0000000000000000     
       (0.65475370274688338,-1.35237987738230049E-016)
   3.1415926535897931        0.0000000000000000     
         (1.7738350669759639,4.84313705514287906E-017)
   1.0000000000000000                1           4
               (0.0000000000000000,0.0000000000000000)
  -1.5707963267948966        0.0000000000000000     
        (0.63822097643627318,2.59909112333341829E-017)
   0.0000000000000000        0.0000000000000000     
              (0.33204388616640196,0.0000000000000000)
   1.5707963267948966        0.0000000000000000     
       (0.63822097643627318,-2.59909112333341829E-017)
   3.1415926535897931        0.0000000000000000     
         (1.7933256514246139,5.19818224666683657E-017)
   1.0000000000000000                1           4
               (0.0000000000000000,0.0000000000000000)
  -1.5707963267948966        0.0000000000000000     
        (0.62610740553814237,2.67827581670512077E-017)
   0.0000000000000000        0.0000000000000000     
              (0.35537660361873885,0.0000000000000000)
   1.5707963267948966        0.0000000000000000     
       (0.62610740553814237,-2.67827581670512077E-017)
   3.1415926535897931        0.0000000000000000     
         (1.7716294757872686,5.35655163341024154E-017)
   1.0000000000000000                1           4
               (0.0000000000000000,0.0000000000000000)
  -1.5707963267948966        0.0000000000000000     
       (0.66016125472687315,-3.22804290383956900E-017)
   0.0000000000000000        0.0000000000000000     
              (0.20486872700031228,0.0000000000000000)
   1.5707963267948966        0.0000000000000000     
        (0.66016125472687315,3.22804290383956900E-017)
   3.1415926535897931        0.0000000000000000     
         (1.8742267514118722,4.64614443857242863E-017)
   1.0000000000000000                1           4
               (0.0000000000000000,0.0000000000000000)
  -1.5707963267948966        0.0000000000000000     
        (0.63642631354903567,2.62648611646816675E-017)
   0.0000000000000000        0.0000000000000000     
              (0.32896393587602946,0.0000000000000000)
   1.5707963267948966        0.0000000000000000     
       (0.63642631354903567,-2.62648611646816675E-017)
   3.1415926535897931        0.0000000000000000     
         (1.8017641597397660,5.25297223293633349E-017)
   1.0000000000000000                1           4
               (0.0000000000000000,0.0000000000000000)
  -1.5707963267948966        0.0000000000000000     
        (0.60445713169883142,3.02827932322525226E-017)
   0.0000000000000000        0.0000000000000000     
              (0.32333860582918711,0.0000000000000000)
   1.5707963267948966        0.0000000000000000     
       (0.60445713169883142,-3.02827932322525226E-017)
   3.1415926535897931        0.0000000000000000     
         (1.8746867466869572,6.05655864645050453E-017)
   1.0000000000000000                1           4
               (0.0000000000000000,0.0000000000000000)
  -1.5707963267948966        0.0000000000000000     
        (0.65789509196625950,2.35454291907390858E-017)
   0.0000000000000000        0.0000000000000000     
              (0.31378632735366441,0.0000000000000000)
   1.5707963267948966        0.0000000000000000     
       (0.65789509196625950,-2.35454291907390858E-017)
   3.1415926535897931        0.0000000000000000     
         (1.7710559361542009,4.70908583814781716E-017)
   1.0000000000000000                1           4
               (0.0000000000000000,0.0000000000000000)
  -1.5707963267948966        0.0000000000000000     
       (0.62658741878722801,-2.87010349724471670E-017)
   0.0000000000000000        0.0000000000000000     
              (0.30014996638492386,0.0000000000000000)
   1.5707963267948966        0.0000000000000000     
        (0.62658741878722801,2.87010349724471670E-017)
   3.1415926535897931        0.0000000000000000     
         (1.8287097226087956,5.36202325176213263E-017)
   1.0000000000000000                1           4
               (0.0000000000000000,0.0000000000000000)
  -1.5707963267948966        0.0000000000000000     
        (0.61546810323992429,2.83659311511557640E-017)
   0.0000000000000000        0.0000000000000000     
              (0.36951707053827720,0.0000000000000000)
   1.5707963267948966        0.0000000000000000     
       (0.61546810323992429,-2.83659311511557640E-017)
   3.1415926535897931        0.0000000000000000     
         (1.7879207581531422,5.67318623023115279E-017)
   1.0000000000000000                1           4
               (0.0000000000000000,0.0000000000000000)
  -1.5707963267948966        0.0000000000000000     
       (0.62858419658530207,-2.85290679148408603E-017)
   0.0000000000000000        0.0000000000000000     
              (0.17564592598351869,0.0000000000000000)
   1.5707963267948966        0.0000000000000000     
        (0.62858419658530207,2.85290679148408603E-017)
   3.1415926535897931        0.0000000000000000     
         (1.9628241889636155,5.39641666328339397E-017)
   1.0000000000000000                1           4
               (0.0000000000000000,0.0000000000000000)
  -1.5707963267948966        0.0000000000000000     
        (0.60645053017402284,2.99715016400344367E-017)
   0.0000000000000000        0.0000000000000000     
              (0.29270897391407391,0.0000000000000000)
   1.5707963267948966        0.0000000000000000     
       (0.60645053017402284,-2.99715016400344367E-017)
   3.1415926535897931        0.0000000000000000     
         (1.8991356205501517,5.99430032800688735E-017)
   1.0000000000000000                1           4
               (0.0000000000000000,0.0000000000000000)
  -1.5707963267948966        0.0000000000000000     
        (0.62963946034270379,2.63636324223264264E-017)
   0.0000000000000000        0.0000000000000000     
              (0.33803099612582571,0.0000000000000000)
   1.5707963267948966        0.0000000000000000     
       (0.62963946034270379,-2.63636324223264264E-017)
   3.1415926535897931        0.0000000000000000     
         (1.7823495071769313,5.27272648446528529E-017)
   1.0000000000000000                1           4
               (0.0000000000000000,0.0000000000000000)
  -1.5707963267948966        0.0000000000000000     
        (0.65518619629267483,2.35519617401226392E-017)
   0.0000000000000000        0.0000000000000000     
              (0.32153551991751772,0.0000000000000000)
   1.5707963267948966        0.0000000000000000     
       (0.65518619629267483,-2.35519617401226392E-017)
   3.1415926535897931        0.0000000000000000     
         (1.7581023214983169,4.71039234802452784E-017)
   1.0000000000000000                1           4
               (0.0000000000000000,0.0000000000000000)
  -1.5707963267948966        0.0000000000000000     
        (0.64262995698418823,2.54150656087967628E-017)
   0.0000000000000000        0.0000000000000000     
              (0.33619792414656902,0.0000000000000000)
   1.5707963267948966        0.0000000000000000     
       (0.64262995698418823,-2.54150656087967628E-017)
   3.1415926535897931        0.0000000000000000     
         (1.7791810290906553,5.08301312175935256E-017)
   1.0000000000000000                1           4
               (0.0000000000000000,0.0000000000000000)
  -1.5707963267948966        0.0000000000000000     
        (0.61183506558584277,1.40231059179555712E-016)
   0.0000000000000000        0.0000000000000000     
              (0.29730866558547309,0.0000000000000000)
   1.5707963267948966        0.0000000000000000     
       (0.61183506558584277,-1.40231059179555712E-016)
   3.1415926535897931        0.0000000000000000     
         (1.8803918598966807,5.84175134340801028E-017)
   1.0000000000000000                1           4
               (0.0000000000000000,0.0000000000000000)
  -1.5707963267948966        0.0000000000000000     
        (0.65118517297237477,2.43488726770824239E-017)
   0.0000000000000000        0.0000000000000000     
              (0.30791804667121164,0.0000000000000000)
   1.5707963267948966        0.0000000000000000     
       (0.65118517297237477,-2.43488726770824239E-017)
   3.1415926535897931        0.0000000000000000     
         (1.7897468346133620,4.86977453541648478E-017)
   1.0000000000000000                1           4
               (0.0000000000000000,0.0000000000000000)
  -1.5707963267948966        0.0000000000000000     
       (0.65053522945311282,-3.13943303593302964E-017)
   0.0000000000000000        0.0000000000000000     
              (0.29582686124734892,0.0000000000000000)
   1.5707963267948966        0.0000000000000000     
        (0.65053522945311282,3.13943303593302964E-017)
   3.1415926535897931        0.0000000000000000     
         (1.7929587458540495,4.82336417438550737E-017)
   1.0000000000000000                1           4
               (0.0000000000000000,0.0000000000000000)
  -1.5707963267948966        0.0000000000000000     
        (0.62275078109585058,2.74304432692504734E-017)
   0.0000000000000000        0.0000000000000000     
              (0.32367378104040562,0.0000000000000000)
   1.5707963267948966        0.0000000000000000     
       (0.62275078109585058,-2.74304432692504734E-017)
   3.1415926535897931        0.0000000000000000     
         (1.8177740503400484,5.48608865385009468E-017)
   1.0000000000000000                1           4
               (0.0000000000000000,0.0000000000000000)
  -1.5707963267948966        0.0000000000000000     
        (0.64570379254041854,2.44865324057271684E-017)
   0.0000000000000000        0.0000000000000000     
              (0.36454151490404513,0.0000000000000000)
   1.5707963267948966        0.0000000000000000     
       (0.64570379254041854,-2.44865324057271684E-017)
   3.1415926535897931        0.0000000000000000     
         (1.7266569134722025,4.89730648114543369E-017)
   1.0000000000000000                1           4
               (0.0000000000000000,0.0000000000000000)
  -1.5707963267948966        0.0000000000000000     
        (0.65285539405310056,2.41614236499893765E-017)
   0.0000000000000000        0.0000000000000000     
              (0.24741910536485137,0.0000000000000000)
   1.5707963267948966        0.0000000000000000     
       (0.65285539405310056,-2.41614236499893765E-017)
   3.1415926535897931        0.0000000000000000     
         (1.8474636682252135,4.83228472999787529E-017)
   1.0000000000000000                1           4
               (0.0000000000000000,0.0000000000000000)
  -1.5707963267948966        0.0000000000000000     
       (0.64004617098068328,-2.98578402320383636E-017)
   0.0000000000000000        0.0000000000000000     
              (0.30330096182762534,0.0000000000000000)
   1.5707963267948966        0.0000000000000000     
        (0.64004617098068328,2.98578402320383636E-017)
   3.1415926535897931        0.0000000000000000     
         (1.8146921043941662,5.13066219984389331E-017)
   1.0000000000000000                1           4
               (0.0000000000000000,0.0000000000000000)
  -1.5707963267948966        0.0000000000000000     
        (0.64779543508166781,2.50209093769603599E-017)
   0.0000000000000000        0.0000000000000000     
              (0.34666766785113012,0.0000000000000000)
   1.5707963267948966        0.0000000000000000     
       (0.64779543508166781,-2.50209093769603599E-017)
   3.1415926535897931        0.0000000000000000     
         (1.7661681220517058,5.00418187539207198E-017)
   1.0000000000000000                1           4
               (0.0000000000000000,0.0000000000000000)
  -1.5707963267948966        0.0000000000000000     
        (0.63419726884192307,2.62051799238433531E-017)
   0.0000000000000000        0.0000000000000000     
              (0.34830733518283219,0.0000000000000000)
   1.5707963267948966        0.0000000000000000     
       (0.63419726884192307,-2.62051799238433531E-017)
   3.1415926535897931        0.0000000000000000     
         (1.7760133337606858,5.24103598476867063E-017)
   1.0000000000000000                1           4
               (0.0000000000000000,0.0000000000000000)
  -1.5707963267948966        0.0000000000000000     
        (0.50442388560352214,9.80538636042421511E-017)
   0.0000000000000000        0.0000000000000000     
              (0.24154767942734157,0.0000000000000000)
   1.5707963267948966        0.0000000000000000     
       (0.50442388560352214,-9.80538636042421511E-017)
   3.1415926535897931        0.0000000000000000     
         (2.1568505287744086,8.50854247459686358E-017)
   1.0000000000000000                1           4
               (0.0000000000000000,0.0000000000000000)
  -1.5707963267948966        0.0000000000000000     
        (0.67117586082129899,2.23393975380629643E-017)
   0.0000000000000000        0.0000000000000000     
              (0.28179266963773925,0.0000000000000000)
   1.5707963267948966        0.0000000000000000     
       (0.67117586082129899,-2.23393975380629643E-017)
   3.1415926535897931        0.0000000000000000     
         (1.7902191484054382,4.46787950761259286E-017)
   1.0000000000000000                1           4
               (0.0000000000000000,0.0000000000000000)
  -1.5707963267948966        0.0000000000000000     
        (0.64806249205602851,1.35738912145465385E-016)
   0.0000000000000000        0.0000000000000000     
              (0.26582926252126426,0.0000000000000000)
   1.5707963267948966        0.0000000000000000     
       (0.64806249205602851,-1.35738912145465385E-016)
   3.1415926535897931        0.0000000000000000     
         (1.8376014590543095,4.94332193658994565E-017)
   1.0000000000000000                1           4
               (0.0000000000000000,0.0000000000000000)
  -1.5707963267948966        0.0000000000000000     
       (0.63742621000024136,-8.47661039997201011E-017)
   0.0000000000000000        0.0000000000000000     
              (0.32794335538059494,0.0000000000000000)
   1.5707963267948966        0.0000000000000000     
        (0.63742621000024136,8.47661039997201011E-017)
   3.1415926535897931        0.0000000000000000     
         (1.8045015878217168,5.25123969255911121E-017)
   1.0000000000000000                1           4
               (0.0000000000000000,0.0000000000000000)
  -1.5707963267948966        0.0000000000000000     
        (0.63060074163728230,2.65600106379158024E-017)
   0.0000000000000000        0.0000000000000000     
              (0.31648307611663024,0.0000000000000000)
   1.5707963267948966        0.0000000000000000     
       (0.63060074163728230,-2.65600106379158024E-017)
   3.1415926535897931        0.0000000000000000     
         (1.8122341890603708,5.31200212758316048E-017)
   1.0000000000000000                1           4
               (0.0000000000000000,0.0000000000000000)
  -1.5707963267948966        0.0000000000000000     
        (0.59160858149788009,3.17359224378673735E-017)
   0.0000000000000000        0.0000000000000000     
              (0.34267268680739238,0.0000000000000000)
   1.5707963267948966        0.0000000000000000     
       (0.59160858149788009,-3.17359224378673735E-017)
   3.1415926535897931        0.0000000000000000     
         (1.8771183670428790,6.34718448757347471E-017)
   1.0000000000000000                1           4
               (0.0000000000000000,0.0000000000000000)
  -1.5707963267948966        0.0000000000000000     
        (0.63344122919414669,8.20391451913550784E-017)
   0.0000000000000000        0.0000000000000000     
              (0.39093815997224057,0.0000000000000000)
   1.5707963267948966        0.0000000000000000     
       (0.63344122919414669,-8.20391451913550784E-017)
   3.1415926535897931        0.0000000000000000     
         (1.7424143362609916,5.30559879201945028E-017)
   1.0000000000000000                1           4
               (0.0000000000000000,0.0000000000000000)
  -1.5707963267948966        0.0000000000000000     
        (0.64118805698341386,2.58455931821000560E-017)
   0.0000000000000000        0.0000000000000000     
              (0.40411017431823382,0.0000000000000000)
   1.5707963267948966        0.0000000000000000     
       (0.64118805698341386,-2.58455931821000560E-017)
   3.1415926535897931        0.0000000000000000     
         (1.7224470766129747,5.16911863642001120E-017)
   1.0000000000000000                1           4
               (0.0000000000000000,0.0000000000000000)
  -1.5707963267948966        0.0000000000000000     
        (0.64317067209690748,8.06662242742990105E-017)
   0.0000000000000000        0.0000000000000000     
              (0.32465064296086854,0.0000000000000000)
   1.5707963267948966        0.0000000000000000     
       (0.64317067209690748,-8.06662242742990105E-017)
   3.1415926535897931        0.0000000000000000     
         (1.7833177388589825,5.03101460860823547E-017)
   1.0000000000000000                1           4
               (0.0000000000000000,0.0000000000000000)
  -1.5707963267948966        0.0000000000000000     
        (0.65855153233631136,2.35196812993105643E-017)
   0.0000000000000000        0.0000000000000000     
              (0.33893449758405653,0.0000000000000000)
   1.5707963267948966        0.0000000000000000     
       (0.65855153233631136,-2.35196812993105643E-017)
   3.1415926535897931        0.0000000000000000     
         (1.7463796567083938,4.70393625986211286E-017)
   1.0000000000000000                1           4
               (0.0000000000000000,0.0000000000000000)
  -1.5707963267948966        0.0000000000000000     
        (0.67840719985967479,1.32309285420043045E-016)
   0.0000000000000000        0.0000000000000000     
              (0.29156316930544518,0.0000000000000000)
   1.5707963267948966        0.0000000000000000     
       (0.67840719985967479,-1.32309285420043045E-016)
   3.1415926535897931        0.0000000000000000     
         (1.7605368579874454,4.25739659150547703E-017)
   1.0000000000000000                1           4
               (0.0000000000000000,0.0000000000000000)
  -1.5707963267948966        0.0000000000000000     
        (0.64130091954867818,2.58157627851833938E-017)
   0.0000000000000000        0.0000000000000000     
              (0.36856134886397718,0.0000000000000000)
   1.5707963267948966        0.0000000000000000     
       (0.64130091954867818,-2.58157627851833938E-017)
   3.1415926535897931        0.0000000000000000     
         (1.7572472924936662,5.16315255703667877E-017)
   1.0000000000000000                1           4
               (0.0000000000000000,0.0000000000000000)
  -1.5707963267948966        0.0000000000000000     
        (0.60843208054115638,8.50900935522198394E-017)
   0.0000000000000000        0.0000000000000000     
              (0.30827497589436387,0.0000000000000000)
   1.5707963267948966        0.0000000000000000     
       (0.60843208054115638,-8.50900935522198394E-017)
   3.1415926535897931        0.0000000000000000     
         (1.8747107589039305,5.91578846419240248E-017)
   1.0000000000000000                1           4
               (0.0000000000000000,0.0000000000000000)
  -1.5707963267948966        0.0000000000000000     
        (0.62005326417719742,2.79609288508375764E-017)
   0.0000000000000000        0.0000000000000000     
              (0.31247080813720413,0.0000000000000000)
   1.5707963267948966        0.0000000000000000     
       (0.62005326417719742,-2.79609288508375764E-017)
   3.1415926535897931        0.0000000000000000     
         (1.8409089634185796,5.59218577016751528E-017)
   1.0000000000000000                1           4
               (0.0000000000000000,0.0000000000000000)
  -1.5707963267948966        0.0000000000000000     
       (0.59349735058180864,-2.45279691573975234E-017)
   0.0000000000000000        0.0000000000000000     
              (0.35073524487741797,0.0000000000000000)
   1.5707963267948966        0.0000000000000000     
        (0.59349735058180864,2.45279691573975234E-017)
   3.1415926535897931        0.0000000000000000     
         (1.8482469810298885,6.19663641477206195E-017)
   1.0000000000000000                1           4
               (0.0000000000000000,0.0000000000000000)
  -1.5707963267948966        0.0000000000000000     
       (0.53213617819659320,-1.69340287598539578E-017)
   0.0000000000000000        0.0000000000000000     
              (0.40689800371473034,0.0000000000000000)
   1.5707963267948966        0.0000000000000000     
        (0.53213617819659320,1.69340287598539578E-017)
   3.1415926535897931        0.0000000000000000     
         (1.9173987939545127,7.71542449428077385E-017)
   1.0000000000000000                1           4
               (0.0000000000000000,0.0000000000000000)
  -1.5707963267948966        0.0000000000000000     
        (0.61812138895749558,2.79408013484632961E-017)
   0.0000000000000000        0.0000000000000000     
              (0.38729443438523237,0.0000000000000000)
   1.5707963267948966        0.0000000000000000     
       (0.61812138895749558,-2.79408013484632961E-017)
   3.1415926535897931        0.0000000000000000     
         (1.7615641726134348,5.58816026969265922E-017)
   1.0000000000000000                1           4
               (0.0000000000000000,0.0000000000000000)
  -1.5707963267948966        0.0000000000000000     
        (0.64355816213023520,8.08966416510877670E-017)
   0.0000000000000000        0.0000000000000000     
              (0.29226256489886970,0.0000000000000000)
   1.5707963267948966        0.0000000000000000     
       (0.64355816213023520,-8.08966416510877670E-017)
   3.1415926535897931        0.0000000000000000     
         (1.8240067996505822,5.07709808396598800E-017)
   1.0000000000000000                1           4
               (0.0000000000000000,0.0000000000000000)
  -1.5707963267948966        0.0000000000000000     
        (0.57980890973356936,3.28841114340114605E-017)
   0.0000000000000000        0.0000000000000000     
              (0.35393189556769944,0.0000000000000000)
   1.5707963267948966        0.0000000000000000     
       (0.57980890973356936,-3.28841114340114605E-017)
   3.1415926535897931        0.0000000000000000     
         (1.8797625133914186,6.57682228680229210E-017)
   1.0000000000000000                1           4
               (0.0000000000000000,0.0000000000000000)
  -1.5707963267948966        0.0000000000000000     
       (0.62599365447479671,-2.84334918481375979E-017)
   0.0000000000000000        0.0000000000000000     
              (0.41465877221901992,0.0000000000000000)
   1.5707963267948966        0.0000000000000000     
        (0.62599365447479671,2.84334918481375979E-017)
   3.1415926535897931        0.0000000000000000     
         (1.7217520097506394,5.41553187662404643E-017)
   1.0000000000000000                1           4
               (0.0000000000000000,0.0000000000000000)
  -1.5707963267948966        0.0000000000000000     
       (0.64952257845137684,-3.07334762130581479E-017)
   0.0000000000000000        0.0000000000000000     
              (0.28198461890043786,0.0000000000000000)
   1.5707963267948966        0.0000000000000000     
        (0.64952257845137684,3.07334762130581479E-017)
   3.1415926535897931        0.0000000000000000     
         (1.8263608206781328,4.95553500363993706E-017)
   1.0000000000000000                1           4
               (0.0000000000000000,0.0000000000000000)
  -1.5707963267948966        0.0000000000000000     
       (0.59345318275703174,-2.45281673497858566E-017)
   0.0000000000000000        0.0000000000000000     
              (0.33444603732434774,0.0000000000000000)
   1.5707963267948966        0.0000000000000000     
        (0.59345318275703174,2.45281673497858566E-017)
   3.1415926535897931        0.0000000000000000     
         (1.8644413794787413,6.19659677629439408E-017)
   1.0000000000000000                1           4
               (0.0000000000000000,0.0000000000000000)
  -1.5707963267948966        0.0000000000000000     
        (0.65088248590574016,2.44201906112494524E-017)
   0.0000000000000000        0.0000000000000000     
              (0.31471452202871308,0.0000000000000000)
   1.5707963267948966        0.0000000000000000     
       (0.65088248590574016,-2.44201906112494524E-017)
   3.1415926535897931        0.0000000000000000     
         (1.7846744056287054,4.88403812224989049E-017)
   1.0000000000000000                1           4
               (0.0000000000000000,0.0000000000000000)
  -1.5707963267948966        0.0000000000000000     
        (0.63980268377148874,2.56004190369123515E-017)
   0.0000000000000000        0.0000000000000000     
              (0.38269272558298656,0.0000000000000000)
   1.5707963267948966        0.0000000000000000     
       (0.63980268377148874,-2.56004190369123515E-017)
   3.1415926535897931        0.0000000000000000     
         (1.7330857836278208,5.12008380738247030E-017)
   1.0000000000000000                1           4
               (0.0000000000000000,0.0000000000000000)
  -1.5707963267948966        0.0000000000000000     
        (0.66567987073403001,2.26973824726156897E-017)
   0.0000000000000000        0.0000000000000000     
              (0.30708426512405640,0.0000000000000000)
   1.5707963267948966        0.0000000000000000     
       (0.66567987073403001,-2.26973824726156897E-017)
   3.1415926535897931        0.0000000000000000     
         (1.7656282480466201,4.53947649452313794E-017)
   1.0000000000000000                1           4
               (0.0000000000000000,0.0000000000000000)
  -1.5707963267948966        0.0000000000000000     
        (0.62046251847299594,2.81382799328392680E-017)
   0.0000000000000000        0.0000000000000000     
              (0.37642092793016763,0.0000000000000000)
   1.5707963267948966        0.0000000000000000     
       (0.62046251847299594,-2.81382799328392680E-017)
   3.1415926535897931        0.0000000000000000     
         (1.7835700781566484,5.62765598656785361E-017)
   1.0000000000000000                1           4
               (0.0000000000000000,0.0000000000000000)
  -1.5707963267948966        0.0000000000000000     
        (0.64289409311438228,8.07757509462947430E-017)
   0.0000000000000000        0.0000000000000000     
              (0.35967238496246057,0.0000000000000000)
   1.5707963267948966        0.0000000000000000     
       (0.64289409311438228,-8.07757509462947430E-017)
   3.1415926535897931        0.0000000000000000     
         (1.7513202514841826,5.05291994300738134E-017)
   1.0000000000000000                1           4
               (0.0000000000000000,0.0000000000000000)
  -1.5707963267948966        0.0000000000000000     
        (0.61824949815569630,2.80812845091114953E-017)
   0.0000000000000000        0.0000000000000000     
              (0.29495444637558693,0.0000000000000000)
   1.5707963267948966        0.0000000000000000     
       (0.61824949815569630,-2.80812845091114953E-017)
   3.1415926535897931        0.0000000000000000     
         (1.8587489072627603,5.61625690182229905E-017)
   1.0000000000000000                1           4
               (0.0000000000000000,0.0000000000000000)
  -1.5707963267948966        0.0000000000000000     
        (0.59837513241178364,8.60124113115646413E-017)
   0.0000000000000000        0.0000000000000000     
              (0.15314192008816963,0.0000000000000000)
   1.5707963267948966        0.0000000000000000     
       (0.59837513241178364,-8.60124113115646413E-017)
   3.1415926535897931        0.0000000000000000     
         (2.0398551026265048,6.10025201606136162E-017)
   1.0000000000000000                1           4
               (0.0000000000000000,0.0000000000000000)
  -1.5707963267948966        0.0000000000000000     
        (0.66637142890007994,7.82996808446651906E-017)
   0.0000000000000000        0.0000000000000000     
              (0.30601047578206042,0.0000000000000000)
   1.5707963267948966        0.0000000000000000     
       (0.66637142890007994,-7.82996808446651906E-017)
   3.1415926535897931        0.0000000000000000     
         (1.7710622452659723,4.55770592268147272E-017)
   1.0000000000000000                1           4
               (0.0000000000000000,0.0000000000000000)
  -1.5707963267948966        0.0000000000000000     
        (0.62404240714773340,2.75954765912666561E-017)
   0.0000000000000000        0.0000000000000000     
              (0.32822706104623067,0.0000000000000000)
   1.5707963267948966        0.0000000000000000     
       (0.62404240714773340,-2.75954765912666561E-017)
   3.1415926535897931        0.0000000000000000     
         (1.8211944198041874,5.51909531825333122E-017)
   1.0000000000000000                1           4
               (0.0000000000000000,0.0000000000000000)
  -1.5707963267948966        0.0000000000000000     
        (0.66383257196139045,7.81198770484134910E-017)
   0.0000000000000000        0.0000000000000000     
              (0.35142079975141721,0.0000000000000000)
   1.5707963267948966        0.0000000000000000     
       (0.66383257196139045,-7.81198770484134910E-017)
   3.1415926535897931        0.0000000000000000     
         (1.7147013697528370,4.52174516343113157E-017)
   1.0000000000000000                1           4
               (0.0000000000000000,0.0000000000000000)
  -1.5707963267948966        0.0000000000000000     
        (0.62369914992546904,2.75456080079482219E-017)
   0.0000000000000000        0.0000000000000000     
              (0.34967081430769098,0.0000000000000000)
   1.5707963267948966        0.0000000000000000     
       (0.62369914992546904,-2.75456080079482219E-017)
   3.1415926535897931        0.0000000000000000     
         (1.7974353205574420,5.50912160158964439E-017)
   1.0000000000000000                1           4
               (0.0000000000000000,0.0000000000000000)
  -1.5707963267948966        0.0000000000000000     
        (0.64068766164196167,8.08072287522541273E-017)
   0.0000000000000000        0.0000000000000000     
              (0.33568047061407880,0.0000000000000000)
   1.5707963267948966        0.0000000000000000     
       (0.64068766164196167,-8.08072287522541273E-017)
   3.1415926535897931        0.0000000000000000     
         (1.7719274460545955,5.05921550419925882E-017)
   1.0000000000000000                1           4
               (0.0000000000000000,0.0000000000000000)
  -1.5707963267948966        0.0000000000000000     
        (0.63474101280289119,2.64822921253248411E-017)
   0.0000000000000000        0.0000000000000000     
              (0.30007987923526969,0.0000000000000000)
   1.5707963267948966        0.0000000000000000     
       (0.63474101280289119,-2.64822921253248411E-017)
   3.1415926535897931        0.0000000000000000     
         (1.8343794490103544,5.29645842506496821E-017)
   1.0000000000000000                1           4
               (0.0000000000000000,0.0000000000000000)
  -1.5707963267948966        0.0000000000000000     
        (0.65880971718848802,1.34450023464555012E-016)
   0.0000000000000000        0.0000000000000000     
              (0.35309815022196500,0.0000000000000000)
   1.5707963267948966        0.0000000000000000     
       (0.65880971718848802,-1.34450023464555012E-016)
   3.1415926535897931        0.0000000000000000     
         (1.7297287225233846,4.68554420040787088E-017)
   1.0000000000000000                1           4
               (0.0000000000000000,0.0000000000000000)
  -1.5707963267948966        0.0000000000000000     
        (0.67119409930048279,2.22030991273648632E-017)
   0.0000000000000000        0.0000000000000000     
              (0.31396914964164391,0.0000000000000000)
   1.5707963267948966        0.0000000000000000     
       (0.67119409930048279,-2.22030991273648632E-017)
   3.1415926535897931        0.0000000000000000     
         (1.7536273014227592,4.44061982547297265E-017)
   1.0000000000000000                1           4
               (0.0000000000000000,0.0000000000000000)
  -1.5707963267948966        0.0000000000000000     
       (0.61802700667273369,-8.28709792398035880E-017)
   0.0000000000000000        0.0000000000000000     
              (0.26673416852881382,0.0000000000000000)
   1.5707963267948966        0.0000000000000000     
        (0.61802700667273369,8.28709792398035880E-017)
   3.1415926535897931        0.0000000000000000     
         (1.8888118401352096,5.63026464454241567E-017)
   1.0000000000000000                1           4
               (0.0000000000000000,0.0000000000000000)
  -1.5707963267948966        0.0000000000000000     
        (0.64105001559692021,8.11535559463382970E-017)
   0.0000000000000000        0.0000000000000000     
              (0.33423947634747186,0.0000000000000000)
   1.5707963267948966        0.0000000000000000     
       (0.64105001559692021,-8.11535559463382970E-017)
   3.1415926535897931        0.0000000000000000     
         (1.7854050528333378,5.12848094301609400E-017)
   1.0000000000000000                1           4
               (0.0000000000000000,0.0000000000000000)
  -1.5707963267948966        0.0000000000000000     
       (0.66524634034325647,-3.27412354279120908E-017)
   0.0000000000000000        0.0000000000000000     
              (0.35810547993918351,0.0000000000000000)
   1.5707963267948966        0.0000000000000000     
        (0.66524634034325647,3.27412354279120908E-017)
   3.1415926535897931        0.0000000000000000     
         (1.7161090908204195,4.55398316066914909E-017)
   1.0000000000000000                1           4
               (0.0000000000000000,0.0000000000000000)
  -1.5707963267948966        0.0000000000000000     
       (0.60614574852352532,-2.61273917626956538E-017)
   0.0000000000000000        0.0000000000000000     
              (0.27402998018231828,0.0000000000000000)
   1.5707963267948966        0.0000000000000000     
        (0.60614574852352532,2.61273917626956538E-017)
   3.1415926535897931        0.0000000000000000     
         (1.8980079348203518,5.87675189371243587E-017)
   1.0000000000000000                1           4
               (0.0000000000000000,0.0000000000000000)
  -1.5707963267948966        0.0000000000000000     
        (0.67333215626032061,2.19632727915887668E-017)
   0.0000000000000000        0.0000000000000000     
              (0.32098248730502732,0.0000000000000000)
   1.5707963267948966        0.0000000000000000     
       (0.67333215626032061,-2.19632727915887668E-017)
   3.1415926535897931        0.0000000000000000     
         (1.7430567550935330,4.39265455831775337E-017)
   1.0000000000000000                1           4
               (0.0000000000000000,0.0000000000000000)
  -1.5707963267948966        0.0000000000000000     
        (0.65028277397764178,2.45207649244924465E-017)
   0.0000000000000000        0.0000000000000000     
              (0.31538214883528137,0.0000000000000000)
   1.5707963267948966        0.0000000000000000     
       (0.65028277397764178,-2.45207649244924465E-017)
   3.1415926535897931        0.0000000000000000     
         (1.7860923613306496,4.90415298489848931E-017)
   1.0000000000000000                1           4
               (0.0000000000000000,0.0000000000000000)
  -1.5707963267948966        0.0000000000000000     
        (0.65206979435302315,2.42633397781235318E-017)
   0.0000000000000000        0.0000000000000000     
              (0.31606791024238601,0.0000000000000000)
   1.5707963267948966        0.0000000000000000     
       (0.65206979435302315,-2.42633397781235318E-017)
   3.1415926535897931        0.0000000000000000     
         (1.7805724973125436,4.85266795562470637E-017)
   1.0000000000000000                1           4
               (0.0000000000000000,0.0000000000000000)
  -1.5707963267948966        0.0000000000000000     
       (0.66091472003264640,-3.24642392549113369E-017)
   0.0000000000000000        0.0000000000000000     
              (0.35576133231239637,0.0000000000000000)
   1.5707963267948966        0.0000000000000000     
        (0.66091472003264640,3.24642392549113369E-017)
   3.1415926535897931        0.0000000000000000     
         (1.7188373794283756,4.60938239526929925E-017)
   1.0000000000000000                1           4
               (0.0000000000000000,0.0000000000000000)
  -1.5707963267948966        0.0000000000000000     
        (0.61786749020947418,8.39082599663933761E-017)
   0.0000000000000000        0.0000000000000000     
              (0.26936764863261897,0.0000000000000000)
   1.5707963267948966        0.0000000000000000     
       (0.61786749020947418,-8.39082599663933761E-017)
   3.1415926535897931        0.0000000000000000     
         (1.8938872911707565,5.67942174702710735E-017)
   1.0000000000000000                1           4
               (0.0000000000000000,0.0000000000000000)
  -1.5707963267948966        0.0000000000000000     
        (0.63941703806676675,2.55268618409696838E-017)
   0.0000000000000000        0.0000000000000000     
              (0.26551746590743663,0.0000000000000000)
   1.5707963267948966        0.0000000000000000     
       (0.63941703806676675,-2.55268618409696838E-017)
   3.1415926535897931        0.0000000000000000     
         (1.8470871915477474,5.10537236819393677E-017)
   1.0000000000000000                1           4
               (0.0000000000000000,0.0000000000000000)
  -1.5707963267948966        0.0000000000000000     
        (0.63217182008314554,8.17074257416303441E-017)
   0.0000000000000000        0.0000000000000000     
              (0.28627377694150391,0.0000000000000000)
   1.5707963267948966        0.0000000000000000     
       (0.63217182008314554,-8.17074257416303441E-017)
   3.1415926535897931        0.0000000000000000     
         (1.8337051216065958,5.23925490207450156E-017)
   1.0000000000000000                1           4
               (0.0000000000000000,0.0000000000000000)
  -1.5707963267948966        0.0000000000000000     
        (0.60074567590794081,1.41827101638751008E-016)
   0.0000000000000000        0.0000000000000000     
              (0.24401328202719536,0.0000000000000000)
   1.5707963267948966        0.0000000000000000     
       (0.60074567590794081,-1.41827101638751008E-016)
   3.1415926535897931        0.0000000000000000     
         (1.9636391669371167,6.16095983524707070E-017)
   1.0000000000000000                1           4
               (0.0000000000000000,0.0000000000000000)
  -1.5707963267948966        0.0000000000000000     
        (0.63092067872383861,2.69360909633011977E-017)
   0.0000000000000000        0.0000000000000000     
              (0.27999089817829570,0.0000000000000000)
   1.5707963267948966        0.0000000000000000     
       (0.63092067872383861,-2.69360909633011977E-017)
   3.1415926535897931        0.0000000000000000     
         (1.8616499567916112,5.38721819266023955E-017)
   1.0000000000000000                1           4
               (0.0000000000000000,0.0000000000000000)
  -1.5707963267948966        0.0000000000000000     
        (0.61569850728381081,8.87965706862916544E-017)
   0.0000000000000000        0.0000000000000000     
              (0.32698362505789591,0.0000000000000000)
   1.5707963267948966        0.0000000000000000     
       (0.61569850728381081,-8.87965706862916544E-017)
   3.1415926535897931        0.0000000000000000     
         (1.9915976936930524,6.65708389100676547E-017)
   1.0000000000000000                1           4
               (0.0000000000000000,0.0000000000000000)
  -1.5707963267948966        0.0000000000000000     
       (0.67104686086597021,-3.36160033358746455E-017)
   0.0000000000000000        0.0000000000000000     
              (0.33485741995753204,0.0000000000000000)
   1.5707963267948966        0.0000000000000000     
        (0.67104686086597021,3.36160033358746455E-017)
   3.1415926535897931        0.0000000000000000     
         (1.7223861036806376,4.37902957907663753E-017)
   1.0000000000000000                1           4
               (0.0000000000000000,0.0000000000000000)
  -1.5707963267948966        0.0000000000000000     
       (0.65320814669291127,-3.14761328753724378E-017)
   0.0000000000000000        0.0000000000000000     
              (0.33744692269660315,0.0000000000000000)
   1.5707963267948966        0.0000000000000000     
        (0.65320814669291127,3.14761328753724378E-017)
   3.1415926535897931        0.0000000000000000     
         (1.7540126459460363,4.80700367117707784E-017)
   1.0000000000000000                1           4
               (0.0000000000000000,0.0000000000000000)
  -1.5707963267948966        0.0000000000000000     
        (0.64925267020732003,2.43268641746174508E-017)
   0.0000000000000000        0.0000000000000000     
              (0.31540134177207124,0.0000000000000000)
   1.5707963267948966        0.0000000000000000     
       (0.64925267020732003,-2.43268641746174508E-017)
   3.1415926535897931        0.0000000000000000     
         (1.7776796817392710,4.86537283492349015E-017)
   1.0000000000000000                1           4
               (0.0000000000000000,0.0000000000000000)
  -1.5707963267948966        0.0000000000000000     
        (0.67627819823945545,2.12547229447622070E-017)
   0.0000000000000000        0.0000000000000000     
              (0.27640705536931937,0.0000000000000000)
   1.5707963267948966        0.0000000000000000     
       (0.67627819823945545,-2.12547229447622070E-017)
   3.1415926535897931        0.0000000000000000     
         (1.7703812767031217,4.25094458895244140E-017)
   1.0000000000000000                1           4
               (0.0000000000000000,0.0000000000000000)
  -1.5707963267948966        0.0000000000000000     
       (0.65430885500120284,-3.13668564815348088E-017)
   0.0000000000000000        0.0000000000000000     
              (0.25598851155061109,0.0000000000000000)
   1.5707963267948966        0.0000000000000000     
        (0.65430885500120284,3.13668564815348088E-017)
   3.1415926535897931        0.0000000000000000     
         (1.8412417115954443,4.82885894994460365E-017)
   1.0000000000000000                1           4
               (0.0000000000000000,0.0000000000000000)
  -1.5707963267948966        0.0000000000000000     
        (0.64537376211407316,2.48073736487128894E-017)
   0.0000000000000000        0.0000000000000000     
              (0.33163172967172039,0.0000000000000000)
   1.5707963267948966        0.0000000000000000     
       (0.64537376211407316,-2.48073736487128894E-017)
   3.1415926535897931        0.0000000000000000     
         (1.7693861081189894,4.96147472974257787E-017)
   1.0000000000000000                1           4
               (0.0000000000000000,0.0000000000000000)
  -1.5707963267948966        0.0000000000000000     
       (0.64067007557604017,-8.52167400311583566E-017)
   0.0000000000000000        0.0000000000000000     
              (0.30640950806565292,0.0000000000000000)
   1.5707963267948966        0.0000000000000000     
        (0.64067007557604017,8.52167400311583566E-017)
   3.1415926535897931        0.0000000000000000     
         (1.8178042765070717,5.16111248627145949E-017)
   1.0000000000000000                1           4
               (0.0000000000000000,0.0000000000000000)
  -1.5707963267948966        0.0000000000000000     
       (0.67240071753169184,-3.39813403912945750E-017)
   0.0000000000000000        0.0000000000000000     
              (0.33691596386137768,0.0000000000000000)
   1.5707963267948966        0.0000000000000000     
        (0.67240071753169184,3.39813403912945750E-017)
   3.1415926535897931        0.0000000000000000     
         (1.7111024593149262,4.30596216799265041E-017)
   1.0000000000000000                1           4
               (0.0000000000000000,0.0000000000000000)
  -1.5707963267948966        0.0000000000000000     
       (0.65985828936441215,-3.22211473101479145E-017)
   0.0000000000000000        0.0000000000000000     
              (0.29496543382231000,0.0000000000000000)
   1.5707963267948966        0.0000000000000000     
        (0.65985828936441215,3.22211473101479145E-017)
   3.1415926535897931        0.0000000000000000     
         (1.7854604020515239,4.65800078422198373E-017)
   1.0000000000000000                1           4
               (0.0000000000000000,0.0000000000000000)
  -1.5707963267948966        0.0000000000000000     
       (0.64428286645768251,-3.04563858465421099E-017)
   0.0000000000000000        0.0000000000000000     
              (0.28824600742419593,0.0000000000000000)
   1.5707963267948966        0.0000000000000000     
        (0.64428286645768251,3.04563858465421099E-017)
   3.1415926535897931        0.0000000000000000     
         (1.8186704663630622,5.01095307694314466E-017)
