   1.0000000000000000                1           4
               (0.0000000000000000,0.0000000000000000)
  -1.5707963267948966        0.0000000000000000     
        (0.67455383627288978,2.06911864858595583E-017)
   0.0000000000000000        0.0000000000000000     
              (0.46386655299836599,0.0000000000000000)
   1.5707963267948966        0.0000000000000000     
       (0.67455383627288978,-2.06911864858595583E-017)
   3.1415926535897931        0.0000000000000000     
         (1.5610665575517613,4.13823729717191165E-017)
   1.0000000000000000                1           4
               (0.0000000000000000,0.0000000000000000)
  -1.5707963267948966        0.0000000000000000     
        (0.65635937451715320,7.86777369766319991E-017)
   0.0000000000000000        0.0000000000000000     
              (0.42382441824943334,0.0000000000000000)
   1.5707963267948966        0.0000000000000000     
       (0.65635937451715320,-7.86777369766319991E-017)
   3.1415926535897931        0.0000000000000000     
         (1.6455724443929320,4.63331714907483257E-017)
   1.0000000000000000                1           4
               (0.0000000000000000,0.0000000000000000)
  -1.5707963267948966        0.0000000000000000     
        (0.61316067064156610,2.85247989196692308E-017)
   0.0000000000000000        0.0000000000000000     
              (0.37190411914122534,0.0000000000000000)
   1.5707963267948966        0.0000000000000000     
       (0.61316067064156610,-2.85247989196692308E-017)
   3.1415926535897931        0.0000000000000000     
         (1.7861078594596806,5.70495978393384616E-017)
   1.0000000000000000                1           4
               (0.0000000000000000,0.0000000000000000)
  -1.5707963267948966        0.0000000000000000     
        (0.62085324228782135,8.35713244047069026E-017)
   0.0000000000000000        0.0000000000000000     
              (0.30197433749285829,0.0000000000000000)
   1.5707963267948966        0.0000000000000000     
       (0.62085324228782135,-8.35713244047069026E-017)
   3.1415926535897931        0.0000000000000000     
         (1.8562469558582011,5.61203463468981265E-017)
   1.0000000000000000                1           4
               (0.0000000000000000,0.0000000000000000)
  -1.5707963267948966        0.0000000000000000     
        (0.68331894104933610,2.03053953019043661E-017)
   0.0000000000000000        0.0000000000000000     
              (0.40212673040750124,0.0000000000000000)
   1.5707963267948966        0.0000000000000000     
       (0.68331894104933610,-2.03053953019043661E-017)
   3.1415926535897931        0.0000000000000000     
         (1.6277356933644689,4.06107906038087322E-017)
   1.0000000000000000                1           4
               (0.0000000000000000,0.0000000000000000)
  -1.5707963267948966        0.0000000000000000     
        (0.66979443984694731,2.15483380876891815E-017)
   0.0000000000000000        0.0000000000000000     
              (0.34973115633704621,0.0000000000000000)
   1.5707963267948966        0.0000000000000000     
       (0.66979443984694731,-2.15483380876891815E-017)
   3.1415926535897931        0.0000000000000000     
         (1.6936798573041050,4.30966761753783629E-017)
   1.0000000000000000                1           4
               (0.0000000000000000,0.0000000000000000)
  -1.5707963267948966        0.0000000000000000     
        (0.66335204630611666,2.27972143738651816E-017)
   0.0000000000000000        0.0000000000000000     
              (0.36714925867479475,0.0000000000000000)
   1.5707963267948966        0.0000000000000000     
       (0.66335204630611666,-2.27972143738651816E-017)
   3.1415926535897931        0.0000000000000000     
         (1.7041683629888349,4.55944287477303633E-017)
   1.0000000000000000                1           4
               (0.0000000000000000,0.0000000000000000)
  -1.5707963267948966        0.0000000000000000     
        (0.63730446849764566,2.62446676325977097E-017)
   0.0000000000000000        0.0000000000000000     
              (0.22978492743653339,0.0000000000000000)
   1.5707963267948966        0.0000000000000000     
       (0.63730446849764566,-2.62446676325977097E-017)
   3.1415926535897931        0.0000000000000000     
         (1.9020399072647829,5.24893352651954195E-017)
   1.0000000000000000                1           4
               (0.0000000000000000,0.0000000000000000)
  -1.5707963267948966        0.0000000000000000     
       (0.62730927372475231,-2.50642961242722734E-016)
   0.0000000000000000        0.0000000000000000     
              (0.31017452424463732,0.0000000000000000)
   1.5707963267948966        0.0000000000000000     
        (0.62730927372475231,2.50642961242722734E-016)
   3.1415926535897931        0.0000000000000000     
         (1.8234826139986908,5.38255898271328391E-017)
   1.0000000000000000                1           4
               (0.0000000000000000,0.0000000000000000)
  -1.5707963267948966        0.0000000000000000     
        (0.59731964114956781,1.41519191640090685E-016)
   0.0000000000000000        0.0000000000000000     
              (0.33283939979489968,0.0000000000000000)
   1.5707963267948966        0.0000000000000000     
       (0.59731964114956781,-1.41519191640090685E-016)
   3.1415926535897931        0.0000000000000000     
         (1.8579038758779383,6.09937783551500372E-017)
   1.0000000000000000                1           4
               (0.0000000000000000,0.0000000000000000)
  -1.5707963267948966        0.0000000000000000     
       (0.59340708776517892,-2.42946896077699294E-017)
   0.0000000000000000        0.0000000000000000     
              (0.30478100020177490,0.0000000000000000)
   1.5707963267948966        0.0000000000000000     
        (0.59340708776517892,2.42946896077699294E-017)
   3.1415926535897931        0.0000000000000000     
         (1.9016401883946197,6.24329232469757953E-017)
   1.0000000000000000                1           4
               (0.0000000000000000,0.0000000000000000)
  -1.5707963267948966        0.0000000000000000     
        (0.59311505711941592,3.09060158470827372E-017)
   0.0000000000000000        0.0000000000000000     
              (0.31735713781757346,0.0000000000000000)
   1.5707963267948966        0.0000000000000000     
       (0.59311505711941592,-3.09060158470827372E-017)
   3.1415926535897931        0.0000000000000000     
         (1.8783400609259733,6.18120316941654744E-017)
   1.0000000000000000                1           4
               (0.0000000000000000,0.0000000000000000)
  -1.5707963267948966        0.0000000000000000     
        (0.61406850747502573,1.39479331698747369E-016)
   0.0000000000000000        0.0000000000000000     
              (0.22774388415074298,0.0000000000000000)
   1.5707963267948966        0.0000000000000000     
       (0.61406850747502573,-1.39479331698747369E-016)
   3.1415926535897931        0.0000000000000000     
         (1.9298702422748655,5.69140584724634181E-017)
   1.0000000000000000                1           4
               (0.0000000000000000,0.0000000000000000)
  -1.5707963267948966        0.0000000000000000     
        (0.61485386586057245,2.86227709735038865E-017)
   0.0000000000000000        0.0000000000000000     
              (0.29782802003853437,0.0000000000000000)
   1.5707963267948966        0.0000000000000000     
       (0.61485386586057245,-2.86227709735038865E-017)
   3.1415926535897931        0.0000000000000000     
         (1.8667703591225799,5.72455419470077731E-017)
   1.0000000000000000                1           4
               (0.0000000000000000,0.0000000000000000)
  -1.5707963267948966        0.0000000000000000     
        (0.68146519556289564,1.30584969731537802E-016)
   0.0000000000000000        0.0000000000000000     
              (0.48950023249498398,0.0000000000000000)
   1.5707963267948966        0.0000000000000000     
       (0.68146519556289564,-1.30584969731537802E-016)
   3.1415926535897931        0.0000000000000000     
         (1.5123953617454504,3.91253345380442765E-017)
   1.0000000000000000                1           4
               (0.0000000000000000,0.0000000000000000)
  -1.5707963267948966        0.0000000000000000     
        (0.65710060160749739,7.88952059118097935E-017)
   0.0000000000000000        0.0000000000000000     
              (0.33875283317533267,0.0000000000000000)
   1.5707963267948966        0.0000000000000000     
       (0.65710060160749739,-7.88952059118097935E-017)
   3.1415926535897931        0.0000000000000000     
         (1.7392295581122674,4.67681093611039330E-017)
   1.0000000000000000                1           4
               (0.0000000000000000,0.0000000000000000)
  -1.5707963267948966        0.0000000000000000     
        (0.66159208739702435,2.27284915708600109E-017)
   0.0000000000000000        0.0000000000000000     
              (0.39527074711465426,0.0000000000000000)
   1.5707963267948966        0.0000000000000000     
       (0.66159208739702435,-2.27284915708600109E-017)
   3.1415926535897931        0.0000000000000000     
         (1.6702822996409910,4.54569831417200217E-017)
   1.0000000000000000                1           4
               (0.0000000000000000,0.0000000000000000)
  -1.5707963267948966        0.0000000000000000     
        (0.63696062660579278,2.61307016666998778E-017)
   0.0000000000000000        0.0000000000000000     
              (0.28920367940302866,0.0000000000000000)
   1.5707963267948966        0.0000000000000000     
       (0.63696062660579278,-2.61307016666998778E-017)
   3.1415926535897931        0.0000000000000000     
         (1.8382110605801907,5.22614033333997556E-017)
   1.0000000000000000                1           4
               (0.0000000000000000,0.0000000000000000)
  -1.5707963267948966        0.0000000000000000     
        (0.56534450255229940,9.04712513346957828E-017)
   0.0000000000000000        0.0000000000000000     
              (0.13791587145920675,0.0000000000000000)
   1.5707963267948966        0.0000000000000000     
       (0.56534450255229940,-9.04712513346957828E-017)
   3.1415926535897931        0.0000000000000000     
         (2.1346566588472231,6.99202002068758991E-017)
   1.0000000000000000                1           4
               (0.0000000000000000,0.0000000000000000)
  -1.5707963267948966        0.0000000000000000     
        (0.65850607706982023,2.29791647579812725E-017)
   0.0000000000000000        0.0000000000000000     
              (0.38228441317896616,0.0000000000000000)
   1.5707963267948966        0.0000000000000000     
       (0.65850607706982023,-2.29791647579812725E-017)
   3.1415926535897931        0.0000000000000000     
         (1.6852842205588821,4.59583295159625451E-017)
   1.0000000000000000                1           4
               (0.0000000000000000,0.0000000000000000)
  -1.5707963267948966        0.0000000000000000     
        (0.57636828625168945,3.29719291159495175E-017)
   0.0000000000000000        0.0000000000000000     
              (0.29709923308191483,0.0000000000000000)
   1.5707963267948966        0.0000000000000000     
       (0.57636828625168945,-3.29719291159495175E-017)
   3.1415926535897931        0.0000000000000000     
         (1.9325822720797901,6.59438582318990350E-017)
   1.0000000000000000                1           4
               (0.0000000000000000,0.0000000000000000)
  -1.5707963267948966        0.0000000000000000     
        (0.65621034390625177,2.33064587841493415E-017)
   0.0000000000000000        0.0000000000000000     
              (0.38116759395761279,0.0000000000000000)
   1.5707963267948966        0.0000000000000000     
       (0.65621034390625177,-2.33064587841493415E-017)
   3.1415926535897931        0.0000000000000000     
         (1.6924998076135420,4.66129175682986829E-017)
   1.0000000000000000                1           4
               (0.0000000000000000,0.0000000000000000)
  -1.5707963267948966        0.0000000000000000     
       (0.66901475812377464,-8.92996767832497827E-017)
   0.0000000000000000        0.0000000000000000     
              (0.44033858198294162,0.0000000000000000)
   1.5707963267948966        0.0000000000000000     
        (0.66901475812377464,8.92996767832497827E-017)
   3.1415926535897931        0.0000000000000000     
         (1.6072057329605260,4.34452513585317612E-017)
   1.0000000000000000                1           4
               (0.0000000000000000,0.0000000000000000)
  -1.5707963267948966        0.0000000000000000     
        (0.61647616432960906,2.83087911873356876E-017)
   0.0000000000000000        0.0000000000000000     
              (0.31012242664616185,0.0000000000000000)
   1.5707963267948966        0.0000000000000000     
       (0.61647616432960906,-2.83087911873356876E-017)
   3.1415926535897931        0.0000000000000000     
         (1.8474651913730700,5.66175823746713753E-017)
   1.0000000000000000                1           4
               (0.0000000000000000,0.0000000000000000)
  -1.5707963267948966        0.0000000000000000     
        (0.59209326641797788,3.17570360432501704E-017)
   0.0000000000000000        0.0000000000000000     
              (0.16643190070159891,0.0000000000000000)
   1.5707963267948966        0.0000000000000000     
       (0.59209326641797788,-3.17570360432501704E-017)
   3.1415926535897931        0.0000000000000000     
         (2.0550181456750991,6.35140720865003407E-017)
   1.0000000000000000                1           4
               (0.0000000000000000,0.0000000000000000)
  -1.5707963267948966        0.0000000000000000     
        (0.66773748943278033,7.74493919079726896E-017)
   0.0000000000000000        0.0000000000000000     
              (0.35579033739421800,0.0000000000000000)
   1.5707963267948966        0.0000000000000000     
       (0.66773748943278033,-7.74493919079726896E-017)
   3.1415926535897931        0.0000000000000000     
         (1.6962419604302168,4.38764813534297190E-017)
   1.0000000000000000                1           4
               (0.0000000000000000,0.0000000000000000)
  -1.5707963267948966        0.0000000000000000     
        (0.68864620554777289,1.96679701091647226E-017)
   0.0000000000000000        0.0000000000000000     
              (0.35579552429268535,0.0000000000000000)
   1.5707963267948966        0.0000000000000000     
       (0.68864620554777289,-1.96679701091647226E-017)
   3.1415926535897931        0.0000000000000000     
         (1.6639015416913825,3.93359402183294452E-017)
   1.0000000000000000                1           4
               (0.0000000000000000,0.0000000000000000)
  -1.5707963267948966        0.0000000000000000     
       (0.65868179260318516,-3.20674987755997598E-017)
   0.0000000000000000        0.0000000000000000     
              (0.26912415735715423,0.0000000000000000)
   1.5707963267948966        0.0000000000000000     
        (0.65868179260318516,3.20674987755997598E-017)
   3.1415926535897931        0.0000000000000000     
         (1.8139672269821727,4.68873049113161468E-017)
   1.0000000000000000                1           4
               (0.0000000000000000,0.0000000000000000)
  -1.5707963267948966        0.0000000000000000     
        (0.63934673479056281,2.50468075199276989E-017)
   0.0000000000000000        0.0000000000000000     
              (0.38723152798669563,0.0000000000000000)
   1.5707963267948966        0.0000000000000000     
       (0.63934673479056281,-2.50468075199276989E-017)
   3.1415926535897931        0.0000000000000000     
         (1.7095527588771360,5.00936150398553978E-017)
   1.0000000000000000                1           4
               (0.0000000000000000,0.0000000000000000)
  -1.5707963267948966        0.0000000000000000     
        (0.68733925149729425,7.48545906595527464E-017)
   0.0000000000000000        0.0000000000000000     
              (0.41748978399342851,0.0000000000000000)
   1.5707963267948966        0.0000000000000000     
       (0.68733925149729425,-7.48545906595527464E-017)
   3.1415926535897931        0.0000000000000000     
         (1.5889933974362020,3.86868788565898387E-017)
   1.0000000000000000                1           4
               (0.0000000000000000,0.0000000000000000)
  -1.5707963267948966        0.0000000000000000     
        (0.63805232955449254,2.54012379015103740E-017)
   0.0000000000000000        0.0000000000000000     
              (0.39374220103806079,0.0000000000000000)
   1.5707963267948966        0.0000000000000000     
       (0.63805232955449254,-2.54012379015103740E-017)
   3.1415926535897931        0.0000000000000000     
         (1.7120298501449722,5.08024758030207479E-017)
   1.0000000000000000                1           4
               (0.0000000000000000,0.0000000000000000)
  -1.5707963267948966        0.0000000000000000     
       (0.62226696002215598,-2.75457127540142351E-017)
   0.0000000000000000        0.0000000000000000     
              (0.27921231756326814,0.0000000000000000)
   1.5707963267948966        0.0000000000000000     
        (0.62226696002215598,2.75457127540142351E-017)
   3.1415926535897931        0.0000000000000000     
         (1.8787421412588932,5.59308769544871962E-017)
   1.0000000000000000                1           4
               (0.0000000000000000,0.0000000000000000)
  -1.5707963267948966        0.0000000000000000     
        (0.66388014386846494,2.21879903720626479E-017)
   0.0000000000000000        0.0000000000000000     
              (0.39442187091066655,0.0000000000000000)
   1.5707963267948966        0.0000000000000000     
       (0.66388014386846494,-2.21879903720626479E-017)
   3.1415926535897931        0.0000000000000000     
         (1.6580531798913622,4.43759807441252958E-017)
   1.0000000000000000                1           4
               (0.0000000000000000,0.0000000000000000)
  -1.5707963267948966        0.0000000000000000     
       (0.63995120520684623,-3.08408775443771868E-017)
   0.0000000000000000        0.0000000000000000     
              (0.37368875217824515,0.0000000000000000)
   1.5707963267948966        0.0000000000000000     
        (0.63995120520684623,3.08408775443771868E-017)
   3.1415926535897931        0.0000000000000000     
         (1.7120059472140181,4.93405473737612928E-017)
   1.0000000000000000                1           4
               (0.0000000000000000,0.0000000000000000)
  -1.5707963267948966        0.0000000000000000     
        (0.67052544854628970,1.32790872055433419E-016)
   0.0000000000000000        0.0000000000000000     
              (0.33094447365630753,0.0000000000000000)
   1.5707963267948966        0.0000000000000000     
       (0.67052544854628970,-1.32790872055433419E-016)
   3.1415926535897931        0.0000000000000000     
         (1.7211218642335333,4.35371391858355105E-017)
   1.0000000000000000                1           4
               (0.0000000000000000,0.0000000000000000)
  -1.5707963267948966        0.0000000000000000     
        (0.60018927172796932,3.03493206598155026E-017)
   0.0000000000000000        0.0000000000000000     
              (0.24394989424828453,0.0000000000000000)
   1.5707963267948966        0.0000000000000000     
       (0.60018927172796932,-3.03493206598155026E-017)
   3.1415926535897931        0.0000000000000000     
         (1.9477126890123024,6.06986413196310051E-017)
   1.0000000000000000                1           4
               (0.0000000000000000,0.0000000000000000)
  -1.5707963267948966        0.0000000000000000     
       (0.59475576843468803,-2.48984842964010026E-017)
   0.0000000000000000        0.0000000000000000     
              (0.32923010494457267,0.0000000000000000)
   1.5707963267948966        0.0000000000000000     
        (0.59475576843468803,2.48984842964010026E-017)
   3.1415926535897931        0.0000000000000000     
         (1.8601670138303965,6.12253338697136488E-017)
   1.0000000000000000                1           4
               (0.0000000000000000,0.0000000000000000)
  -1.5707963267948966        0.0000000000000000     
        (0.66048604635637953,1.34302634378733484E-016)
   0.0000000000000000        0.0000000000000000     
              (0.30309716067143244,0.0000000000000000)
   1.5707963267948966        0.0000000000000000     
       (0.66048604635637953,-1.34302634378733484E-016)
   3.1415926535897931        0.0000000000000000     
         (1.7782682775325007,4.65606638324356713E-017)
   1.0000000000000000                1           4
               (0.0000000000000000,0.0000000000000000)
  -1.5707963267948966        0.0000000000000000     
       (0.64773538561938515,-3.11315137360230967E-017)
   0.0000000000000000        0.0000000000000000     
              (0.32915492419885811,0.0000000000000000)
   1.5707963267948966        0.0000000000000000     
        (0.64773538561938515,3.11315137360230967E-017)
   3.1415926535897931        0.0000000000000000     
         (1.7626152375975419,4.87592749904694668E-017)
   1.0000000000000000                1           4
               (0.0000000000000000,0.0000000000000000)
  -1.5707963267948966        0.0000000000000000     
        (0.66117565863448435,2.24758181764324538E-017)
   0.0000000000000000        0.0000000000000000     
              (0.37822020911865739,0.0000000000000000)
   1.5707963267948966        0.0000000000000000     
       (0.66117565863448435,-2.24758181764324538E-017)
   3.1415926535897931        0.0000000000000000     
         (1.6782470407467462,4.49516363528649076E-017)
   1.0000000000000000                1           4
               (0.0000000000000000,0.0000000000000000)
  -1.5707963267948966        0.0000000000000000     
        (0.58514148216511408,3.25423876956631881E-017)
   0.0000000000000000        0.0000000000000000     
              (0.19668715746064169,0.0000000000000000)
   1.5707963267948966        0.0000000000000000     
       (0.58514148216511408,-3.25423876956631881E-017)
   3.1415926535897931        0.0000000000000000     
         (2.0365108520342972,6.50847753913263763E-017)
   1.0000000000000000                1           4
               (0.0000000000000000,0.0000000000000000)
  -1.5707963267948966        0.0000000000000000     
        (0.63571505441695031,2.55935221630130311E-017)
   0.0000000000000000        0.0000000000000000     
              (0.33133646061761107,0.0000000000000000)
   1.5707963267948966        0.0000000000000000     
       (0.63571505441695031,-2.55935221630130311E-017)
   3.1415926535897931        0.0000000000000000     
         (1.7760415208872422,5.11870443260260622E-017)
   1.0000000000000000                1           4
               (0.0000000000000000,0.0000000000000000)
  -1.5707963267948966        0.0000000000000000     
        (0.59222064208268610,3.17706553313232892E-017)
   0.0000000000000000        0.0000000000000000     
              (0.19454970449764231,0.0000000000000000)
   1.5707963267948966        0.0000000000000000     
       (0.59222064208268610,-3.17706553313232892E-017)
   3.1415926535897931        0.0000000000000000     
         (2.0275999329151562,6.35413106626465785E-017)
   1.0000000000000000                1           4
               (0.0000000000000000,0.0000000000000000)
  -1.5707963267948966        0.0000000000000000     
        (0.62604434071635939,2.64261905442071161E-017)
   0.0000000000000000        0.0000000000000000     
              (0.37678865811855006,0.0000000000000000)
   1.5707963267948966        0.0000000000000000     
       (0.62604434071635939,-2.64261905442071161E-017)
   3.1415926535897931        0.0000000000000000     
         (1.7384449092553576,5.28523810884142323E-017)
   1.0000000000000000                1           4
               (0.0000000000000000,0.0000000000000000)
  -1.5707963267948966        0.0000000000000000     
       (0.64850365923431863,-3.11408328127070731E-017)
   0.0000000000000000        0.0000000000000000     
              (0.31571757975677955,0.0000000000000000)
   1.5707963267948966        0.0000000000000000     
        (0.64850365923431863,3.11408328127070731E-017)
   3.1415926535897931        0.0000000000000000     
         (1.7772847451257339,4.87406368371015201E-017)
   1.0000000000000000                1           4
               (0.0000000000000000,0.0000000000000000)
  -1.5707963267948966        0.0000000000000000     
        (0.68501124652604617,7.50572788311438501E-017)
   0.0000000000000000        0.0000000000000000     
              (0.40526431650500361,0.0000000000000000)
   1.5707963267948966        0.0000000000000000     
       (0.68501124652604617,-7.50572788311438501E-017)
   3.1415926535897931        0.0000000000000000     
         (1.6031831530707625,3.90922551997720462E-017)
   1.0000000000000000                1           4
               (0.0000000000000000,0.0000000000000000)
  -1.5707963267948966        0.0000000000000000     
       (0.63440083444038975,-2.94908198842996813E-017)
   0.0000000000000000        0.0000000000000000     
              (0.35292482980814793,0.0000000000000000)
   1.5707963267948966        0.0000000000000000     
        (0.63440083444038975,2.94908198842996813E-017)
   3.1415926535897931        0.0000000000000000     
         (1.7657653576258834,5.20406626939162976E-017)
   1.0000000000000000                1           4
               (0.0000000000000000,0.0000000000000000)
  -1.5707963267948966        0.0000000000000000     
        (0.70187681194102680,7.30286402740480463E-017)
   0.0000000000000000        0.0000000000000000     
              (0.47968266183878955,0.0000000000000000)
   1.5707963267948966        0.0000000000000000     
       (0.70187681194102680,-7.30286402740480463E-017)
   3.1415926535897931        0.0000000000000000     
         (1.4962355748928327,3.50349780855804261E-017)
   1.0000000000000000                1           4
               (0.0000000000000000,0.0000000000000000)
  -1.5707963267948966        0.0000000000000000     
        (0.56608237118950133,3.42882476962777019E-017)
   0.0000000000000000        0.0000000000000000     
              (0.26393763057295511,0.0000000000000000)
   1.5707963267948966        0.0000000000000000     
       (0.56608237118950133,-3.42882476962777019E-017)
   3.1415926535897931        0.0000000000000000     
         (1.9881662720651694,6.85764953925554038E-017)
   1.0000000000000000                1           4
               (0.0000000000000000,0.0000000000000000)
  -1.5707963267948966        0.0000000000000000     
        (0.61677492663168576,2.82882391097627670E-017)
   0.0000000000000000        0.0000000000000000     
              (0.27325682557426711,0.0000000000000000)
   1.5707963267948966        0.0000000000000000     
       (0.61677492663168576,-2.82882391097627670E-017)
   3.1415926535897931        0.0000000000000000     
         (1.8842570352530206,5.65764782195255340E-017)
   1.0000000000000000                1           4
               (0.0000000000000000,0.0000000000000000)
  -1.5707963267948966        0.0000000000000000     
        (0.60546020781761922,2.98403234049006546E-017)
   0.0000000000000000        0.0000000000000000     
              (0.29635992210775758,0.0000000000000000)
   1.5707963267948966        0.0000000000000000     
       (0.60546020781761922,-2.98403234049006546E-017)
   3.1415926535897931        0.0000000000000000     
         (1.8892194213318616,5.96806468098013092E-017)
   1.0000000000000000                1           4
               (0.0000000000000000,0.0000000000000000)
  -1.5707963267948966        0.0000000000000000     
       (0.60021161203126860,-8.09919992611029023E-017)
   0.0000000000000000        0.0000000000000000     
              (0.29411935128369937,0.0000000000000000)
   1.5707963267948966        0.0000000000000000     
        (0.60021161203126860,8.09919992611029023E-017)
   3.1415926535897931        0.0000000000000000     
         (1.8871680116414395,6.00606064028255282E-017)
   1.0000000000000000                1           4
               (0.0000000000000000,0.0000000000000000)
  -1.5707963267948966        0.0000000000000000     
       (0.62545018120164819,-2.81094540862291474E-017)
   0.0000000000000000        0.0000000000000000     
              (0.32570811837267089,0.0000000000000000)
   1.5707963267948966        0.0000000000000000     
        (0.62545018120164819,2.81094540862291474E-017)
   3.1415926535897931        0.0000000000000000     
         (1.8201995935490927,5.48033942900573715E-017)
   1.0000000000000000                1           4
               (0.0000000000000000,0.0000000000000000)
  -1.5707963267948966        0.0000000000000000     
        (0.56295115080183789,1.45833949132972568E-016)
   0.0000000000000000        0.0000000000000000     
              (0.20515321020024074,0.0000000000000000)
   1.5707963267948966        0.0000000000000000     
       (0.56295115080183789,-1.45833949132972568E-016)
   3.1415926535897931        0.0000000000000000     
         (2.0577837595116319,6.96232933409138024E-017)
   1.0000000000000000                1           4
               (0.0000000000000000,0.0000000000000000)
  -1.5707963267948966        0.0000000000000000     
        (0.63790893354095313,2.53988390835644781E-017)
   0.0000000000000000        0.0000000000000000     
              (0.36636458805382349,0.0000000000000000)
   1.5707963267948966        0.0000000000000000     
       (0.63790893354095313,-2.53988390835644781E-017)
   3.1415926535897931        0.0000000000000000     
         (1.7390423197620524,5.07976781671289562E-017)
   1.0000000000000000                1           4
               (0.0000000000000000,0.0000000000000000)
  -1.5707963267948966        0.0000000000000000     
        (0.57014600530918147,3.40255275016378225E-017)
   0.0000000000000000        0.0000000000000000     
              (0.20051482766989992,0.0000000000000000)
   1.5707963267948966        0.0000000000000000     
       (0.57014600530918147,-3.40255275016378225E-017)
   3.1415926535897931        0.0000000000000000     
         (2.0511352504444207,6.80510550032756451E-017)
   1.0000000000000000                1           4
               (0.0000000000000000,0.0000000000000000)
  -1.5707963267948966        0.0000000000000000     
        (0.59226488290952917,3.09705057687277660E-017)
   0.0000000000000000        0.0000000000000000     
              (0.31306527314509891,0.0000000000000000)
   1.5707963267948966        0.0000000000000000     
       (0.59226488290952917,-3.09705057687277660E-017)
   3.1415926535897931        0.0000000000000000     
         (1.8830379778711817,6.19410115374555319E-017)
   1.0000000000000000                1           4
               (0.0000000000000000,0.0000000000000000)
  -1.5707963267948966        0.0000000000000000     
        (0.59441347546107870,8.65857861573039007E-017)
   0.0000000000000000        0.0000000000000000     
              (0.26499053842208703,0.0000000000000000)
   1.5707963267948966        0.0000000000000000     
       (0.59441347546107870,-8.65857861573039007E-017)
   3.1415926535897931        0.0000000000000000     
         (1.9388110140809163,6.21492698520921473E-017)
   1.0000000000000000                1           4
               (0.0000000000000000,0.0000000000000000)
  -1.5707963267948966        0.0000000000000000     
        (0.63603236996386703,8.12320794516610944E-017)
   0.0000000000000000        0.0000000000000000     
              (0.34865990465685942,0.0000000000000000)
   1.5707963267948966        0.0000000000000000     
       (0.63603236996386703,-8.12320794516610944E-017)
   3.1415926535897931        0.0000000000000000     
         (1.7635141055784005,5.14418564408065102E-017)
   1.0000000000000000                1           4
               (0.0000000000000000,0.0000000000000000)
  -1.5707963267948966        0.0000000000000000     
        (0.66467522091243214,2.24827756421536448E-017)
   0.0000000000000000        0.0000000000000000     
              (0.40138722807047855,0.0000000000000000)
   1.5707963267948966        0.0000000000000000     
       (0.66467522091243214,-2.24827756421536448E-017)
   3.1415926535897931        0.0000000000000000     
         (1.6623063944267895,4.49655512843072897E-017)
   1.0000000000000000                1           4
               (0.0000000000000000,0.0000000000000000)
  -1.5707963267948966        0.0000000000000000     
        (0.62344098586654950,2.76498655263053498E-017)
   0.0000000000000000        0.0000000000000000     
              (0.33004081134151908,0.0000000000000000)
   1.5707963267948966        0.0000000000000000     
       (0.62344098586654950,-2.76498655263053498E-017)
   3.1415926535897931        0.0000000000000000     
         (1.8199543043790958,5.52997310526106996E-017)
   1.0000000000000000                1           4
               (0.0000000000000000,0.0000000000000000)
  -1.5707963267948966        0.0000000000000000     
       (0.63152436215164909,-1.40427045644071068E-016)
   0.0000000000000000        0.0000000000000000     
              (0.38721117656000281,0.0000000000000000)
   1.5707963267948966        0.0000000000000000     
        (0.63152436215164909,1.40427045644071068E-016)
   3.1415926535897931        0.0000000000000000     
         (1.7285375447670481,5.22128160994048325E-017)
   1.0000000000000000                1           4
               (0.0000000000000000,0.0000000000000000)
  -1.5707963267948966        0.0000000000000000     
        (0.59677871046677922,3.09390049173738620E-017)
   0.0000000000000000        0.0000000000000000     
              (0.21970108262630045,0.0000000000000000)
   1.5707963267948966        0.0000000000000000     
       (0.59677871046677922,-3.09390049173738620E-017)
   3.1415926535897931        0.0000000000000000     
         (1.9844009276179000,6.18780098347477240E-017)
   1.0000000000000000                1           4
               (0.0000000000000000,0.0000000000000000)
  -1.5707963267948966        0.0000000000000000     
        (0.62366708387093306,8.27879396808766365E-017)
   0.0000000000000000        0.0000000000000000     
              (0.32354706451265258,0.0000000000000000)
   1.5707963267948966        0.0000000000000000     
       (0.62366708387093306,-8.27879396808766365E-017)
   3.1415926535897931        0.0000000000000000     
         (1.8147146251436128,5.45535768992376252E-017)
   1.0000000000000000                1           4
               (0.0000000000000000,0.0000000000000000)
  -1.5707963267948966        0.0000000000000000     
        (0.57497767332516847,3.29157676059925575E-017)
   0.0000000000000000        0.0000000000000000     
              (0.28887646869115413,0.0000000000000000)
   1.5707963267948966        0.0000000000000000     
       (0.57497767332516847,-3.29157676059925575E-017)
   3.1415926535897931        0.0000000000000000     
         (1.9361894364944208,6.58315352119851149E-017)
   1.0000000000000000                1           4
               (0.0000000000000000,0.0000000000000000)
  -1.5707963267948966        0.0000000000000000     
        (0.60315177168011447,8.58563785098232141E-017)
   0.0000000000000000        0.0000000000000000     
              (0.25180576532820664,0.0000000000000000)
   1.5707963267948966        0.0000000000000000     
       (0.60315177168011447,-8.58563785098232141E-017)
   3.1415926535897931        0.0000000000000000     
         (1.9456481178587515,6.06904545571307742E-017)
   1.0000000000000000                1           4
               (0.0000000000000000,0.0000000000000000)
  -1.5707963267948966        0.0000000000000000     
        (0.63463488300773929,8.12272556040058023E-017)
   0.0000000000000000        0.0000000000000000     
              (0.33377341274353067,0.0000000000000000)
   1.5707963267948966        0.0000000000000000     
       (0.63463488300773929,-8.12272556040058023E-017)
   3.1415926535897931        0.0000000000000000     
         (1.7754480647581503,5.14322087454959382E-017)
   1.0000000000000000                1           4
               (0.0000000000000000,0.0000000000000000)
  -1.5707963267948966        0.0000000000000000     
       (0.66185766250063016,-3.33387299508824235E-017)
   0.0000000000000000        0.0000000000000000     
              (0.42498119442894255,0.0000000000000000)
   1.5707963267948966        0.0000000000000000     
        (0.66185766250063016,3.33387299508824235E-017)
   3.1415926535897931        0.0000000000000000     
         (1.6229403685117041,4.43448425607508069E-017)
   1.0000000000000000                1           4
               (0.0000000000000000,0.0000000000000000)
  -1.5707963267948966        0.0000000000000000     
        (0.60856079344649583,2.96158026828352953E-017)
   0.0000000000000000        0.0000000000000000     
              (0.22118108925212382,0.0000000000000000)
   1.5707963267948966        0.0000000000000000     
       (0.60856079344649583,-2.96158026828352953E-017)
   3.1415926535897931        0.0000000000000000     
         (1.9632660221416454,5.92316053656705907E-017)
   1.0000000000000000                1           4
               (0.0000000000000000,0.0000000000000000)
  -1.5707963267948966        0.0000000000000000     
        (0.63782822093534208,2.55468236855951022E-017)
   0.0000000000000000        0.0000000000000000     
              (0.36249579932353237,0.0000000000000000)
   1.5707963267948966        0.0000000000000000     
       (0.63782822093534208,-2.55468236855951022E-017)
   3.1415926535897931        0.0000000000000000     
         (1.7475832271938205,5.10936473711902043E-017)
   1.0000000000000000                1           4
               (0.0000000000000000,0.0000000000000000)
  -1.5707963267948966        0.0000000000000000     
        (0.65087437030288353,2.37172301636955585E-017)
   0.0000000000000000        0.0000000000000000     
              (0.42383694264169841,0.0000000000000000)
   1.5707963267948966        0.0000000000000000     
       (0.65087437030288353,-2.37172301636955585E-017)
   3.1415926535897931        0.0000000000000000     
         (1.6525753231603431,4.74344603273911170E-017)
   1.0000000000000000                1           4
               (0.0000000000000000,0.0000000000000000)
  -1.5707963267948966        0.0000000000000000     
        (0.60370491019977390,3.01217537484937518E-017)
   0.0000000000000000        0.0000000000000000     
              (0.26475446493470156,0.0000000000000000)
   1.5707963267948966        0.0000000000000000     
       (0.60370491019977390,-3.01217537484937518E-017)
   3.1415926535897931        0.0000000000000000     
         (1.9265064958741687,6.02435074969875037E-017)
   1.0000000000000000                1           4
               (0.0000000000000000,0.0000000000000000)
  -1.5707963267948966        0.0000000000000000     
       (0.59564860151546739,-2.46183931290474785E-017)
   0.0000000000000000        0.0000000000000000     
              (0.27751191582065221,0.0000000000000000)
   1.5707963267948966        0.0000000000000000     
        (0.59564860151546739,2.46183931290474785E-017)
   3.1415926535897931        0.0000000000000000     
         (1.9228193409054080,6.17855162044207094E-017)
   1.0000000000000000                1           4
               (0.0000000000000000,0.0000000000000000)
  -1.5707963267948966        0.0000000000000000     
        (0.63878960902710269,1.36680456907450978E-016)
   0.0000000000000000        0.0000000000000000     
              (0.30299868958754306,0.0000000000000000)
   1.5707963267948966        0.0000000000000000     
       (0.63878960902710269,-1.36680456907450978E-016)
   3.1415926535897931        0.0000000000000000     
         (1.8126394516696467,5.13163088898706100E-017)
   1.0000000000000000                1           4
               (0.0000000000000000,0.0000000000000000)
  -1.5707963267948966        0.0000000000000000     
        (0.64371039503182104,8.00826892530496185E-017)
   0.0000000000000000        0.0000000000000000     
              (0.36118352720478220,0.0000000000000000)
   1.5707963267948966        0.0000000000000000     
       (0.64371039503182104,-8.00826892530496185E-017)
   3.1415926535897931        0.0000000000000000     
         (1.7288046002789044,4.91430760435835707E-017)
   1.0000000000000000                1           4
               (0.0000000000000000,0.0000000000000000)
  -1.5707963267948966        0.0000000000000000     
        (0.64321104710416255,2.49676788774371674E-017)
   0.0000000000000000        0.0000000000000000     
              (0.32973355142897010,0.0000000000000000)
   1.5707963267948966        0.0000000000000000     
       (0.64321104710416255,-2.49676788774371674E-017)
   3.1415926535897931        0.0000000000000000     
         (1.7721948224616486,4.99353577548743349E-017)
   1.0000000000000000                1           4
               (0.0000000000000000,0.0000000000000000)
  -1.5707963267948966        0.0000000000000000     
       (0.64416992486470936,-8.59429158091798692E-017)
   0.0000000000000000        0.0000000000000000     
              (0.38527610216039543,0.0000000000000000)
   1.5707963267948966        0.0000000000000000     
        (0.64416992486470936,8.59429158091798692E-017)
   3.1415926535897931        0.0000000000000000     
         (1.7222186801029433,5.01587733066715821E-017)
   1.0000000000000000                1           4
               (0.0000000000000000,0.0000000000000000)
  -1.5707963267948966        0.0000000000000000     
       (0.63809650396942308,-2.97430571777914103E-017)
   0.0000000000000000        0.0000000000000000     
              (0.30679512422704669,0.0000000000000000)
   1.5707963267948966        0.0000000000000000     
        (0.63809650396942308,2.97430571777914103E-017)
   3.1415926535897931        0.0000000000000000     
         (1.8110477070374202,5.15361881069328457E-017)
   1.0000000000000000                1           4
               (0.0000000000000000,0.0000000000000000)
  -1.5707963267948966        0.0000000000000000     
        (0.64113157925580255,2.47150289415698596E-017)
   0.0000000000000000        0.0000000000000000     
              (0.38942943134800495,0.0000000000000000)
   1.5707963267948966        0.0000000000000000     
       (0.64113157925580255,-2.47150289415698596E-017)
   3.1415926535897931        0.0000000000000000     
         (1.7000878336954564,4.94300578831397192E-017)
   1.0000000000000000                1           4
               (0.0000000000000000,0.0000000000000000)
  -1.5707963267948966        0.0000000000000000     
        (0.62620644426581251,1.38496850055836371E-016)
   0.0000000000000000        0.0000000000000000     
              (0.23137365038213906,0.0000000000000000)
   1.5707963267948966        0.0000000000000000     
       (0.62620644426581251,-1.38496850055836371E-016)
   3.1415926535897931        0.0000000000000000     
         (1.9184260638840431,5.49490951866414341E-017)
   1.0000000000000000                1           4
               (0.0000000000000000,0.0000000000000000)
  -1.5707963267948966        0.0000000000000000     
       (0.54787282824792150,-7.40369228577977026E-017)
   0.0000000000000000        0.0000000000000000     
              (0.24337038436470448,0.0000000000000000)
   1.5707963267948966        0.0000000000000000     
        (0.54787282824792150,7.40369228577977026E-017)
   3.1415926535897931        0.0000000000000000     
         (2.0604094459180167,7.39707592094359028E-017)
   1.0000000000000000                1           4
               (0.0000000000000000,0.0000000000000000)
  -1.5707963267948966        0.0000000000000000     
        (0.65492489853439406,7.88227412103321948E-017)
   0.0000000000000000        0.0000000000000000     
              (0.42930227187588510,0.0000000000000000)
   1.5707963267948966        0.0000000000000000     
       (0.65492489853439406,-7.88227412103321948E-017)
   3.1415926535897931        0.0000000000000000     
         (1.6419618364965314,4.66231799581487417E-017)
   1.0000000000000000                1           4
               (0.0000000000000000,0.0000000000000000)
  -1.5707963267948966        0.0000000000000000     
        (0.68760829863013972,1.90882768949097013E-017)
   0.0000000000000000        0.0000000000000000     
              (0.41390938683818224,0.0000000000000000)
   1.5707963267948966        0.0000000000000000     
       (0.68760829863013972,-1.90882768949097013E-017)
   3.1415926535897931        0.0000000000000000     
         (1.5847776480437756,3.81765537898194026E-017)
   1.0000000000000000                1           4
               (0.0000000000000000,0.0000000000000000)
  -1.5707963267948966        0.0000000000000000     
        (0.63945555835696966,8.08433171623336411E-017)
   0.0000000000000000        0.0000000000000000     
              (0.31741366002328153,0.0000000000000000)
   1.5707963267948966        0.0000000000000000     
       (0.63945555835696966,-8.08433171623336411E-017)
   3.1415926535897931        0.0000000000000000     
         (1.7889087870011784,5.06643318621516157E-017)
   1.0000000000000000                1           4
               (0.0000000000000000,0.0000000000000000)
  -1.5707963267948966        0.0000000000000000     
        (0.63814869822911291,2.57914912628211116E-017)
   0.0000000000000000        0.0000000000000000     
              (0.26124017594254995,0.0000000000000000)
   1.5707963267948966        0.0000000000000000     
       (0.63814869822911291,-2.57914912628211116E-017)
   3.1415926535897931        0.0000000000000000     
         (1.8574712546936334,5.15829825256422232E-017)
   1.0000000000000000                1           4
               (0.0000000000000000,0.0000000000000000)
  -1.5707963267948966        0.0000000000000000     
        (0.66491673542228136,1.33139720996795870E-016)
   0.0000000000000000        0.0000000000000000     
              (0.41995748938103983,0.0000000000000000)
   1.5707963267948966        0.0000000000000000     
       (0.66491673542228136,-1.33139720996795870E-016)
   3.1415926535897931        0.0000000000000000     
         (1.6322856933797820,4.42348370685604068E-017)
   1.0000000000000000                1           4
               (0.0000000000000000,0.0000000000000000)
  -1.5707963267948966        0.0000000000000000     
       (0.58226902805902925,-2.31021558586024915E-017)
   0.0000000000000000        0.0000000000000000     
              (0.27771490313331670,0.0000000000000000)
   1.5707963267948966        0.0000000000000000     
        (0.58226902805902925,2.31021558586024915E-017)
   3.1415926535897931        0.0000000000000000     
         (1.9453812742396126,6.48179907453106834E-017)
   1.0000000000000000                1           4
               (0.0000000000000000,0.0000000000000000)
  -1.5707963267948966        0.0000000000000000     
        (0.58145917404234093,1.43461868471587988E-016)
   0.0000000000000000        0.0000000000000000     
              (0.25246387815255417,0.0000000000000000)
   1.5707963267948966        0.0000000000000000     
       (0.58145917404234093,-1.43461868471587988E-016)
   3.1415926535897931        0.0000000000000000     
         (1.9700111039480099,6.48791320181446805E-017)
   1.0000000000000000                1           4
               (0.0000000000000000,0.0000000000000000)
  -1.5707963267948966        0.0000000000000000     
        (0.70780135152507773,1.73653369670614272E-017)
   0.0000000000000000        0.0000000000000000     
              (0.38023977124489122,0.0000000000000000)
   1.5707963267948966        0.0000000000000000     
       (0.70780135152507773,-1.73653369670614272E-017)
   3.1415926535897931        0.0000000000000000     
         (1.6025578807212080,3.47306739341228544E-017)
   1.0000000000000000                1           4
               (0.0000000000000000,0.0000000000000000)
  -1.5707963267948966        0.0000000000000000     
        (0.64705296071463281,2.45437013344720234E-017)
   0.0000000000000000        0.0000000000000000     
              (0.31158610718547031,0.0000000000000000)
   1.5707963267948966        0.0000000000000000     
       (0.64705296071463281,-2.45437013344720234E-017)
   3.1415926535897931        0.0000000000000000     
         (1.7841779364570018,4.90874026689440469E-017)
   1.0000000000000000                1           4
               (0.0000000000000000,0.0000000000000000)
  -1.5707963267948966        0.0000000000000000     
        (0.65298433013661328,2.34231000919672808E-017)
   0.0000000000000000        0.0000000000000000     
              (0.41154783894707803,0.0000000000000000)
   1.5707963267948966        0.0000000000000000     
       (0.65298433013661328,-2.34231000919672808E-017)
   3.1415926535897931        0.0000000000000000     
         (1.6594773293176888,4.68462001839345615E-017)
   1.0000000000000000                1           4
               (0.0000000000000000,0.0000000000000000)
  -1.5707963267948966        0.0000000000000000     
       (0.61519074369108251,-1.93373847188291003E-016)
   0.0000000000000000        0.0000000000000000     
              (0.19587745799260914,0.0000000000000000)
   1.5707963267948966        0.0000000000000000     
        (0.61519074369108251,1.93373847188291003E-016)
   3.1415926535897931        0.0000000000000000     
         (1.9709620434619239,5.73415154734806354E-017)
   1.0000000000000000                1           4
               (0.0000000000000000,0.0000000000000000)
  -1.5707963267948966        0.0000000000000000     
        (0.57002344023458851,3.38989355416638655E-017)
   0.0000000000000000        0.0000000000000000     
              (0.23414612374965899,0.0000000000000000)
   1.5707963267948966        0.0000000000000000     
       (0.57002344023458851,-3.38989355416638655E-017)
   3.1415926535897931        0.0000000000000000     
         (2.0131240170184261,6.77978710833277309E-017)
   1.0000000000000000                1           4
               (0.0000000000000000,0.0000000000000000)
  -1.5707963267948966        0.0000000000000000     
       (0.66854625688692570,-8.91437474780368509E-017)
   0.0000000000000000        0.0000000000000000     
              (0.42492755863083875,0.0000000000000000)
   1.5707963267948966        0.0000000000000000     
        (0.66854625688692570,8.91437474780368509E-017)
   3.1415926535897931        0.0000000000000000     
         (1.6267727914501502,4.37571099689576063E-017)
   1.0000000000000000                1           4
               (0.0000000000000000,0.0000000000000000)
  -1.5707963267948966        0.0000000000000000     
       (0.64753646076609062,-3.08854873532676995E-017)
   0.0000000000000000        0.0000000000000000     
              (0.31402946770378459,0.0000000000000000)
   1.5707963267948966        0.0000000000000000     
        (0.64753646076609062,3.08854873532676995E-017)
   3.1415926535897931        0.0000000000000000     
         (1.7853786758739849,4.92513277559802674E-017)
   1.0000000000000000                1           4
               (0.0000000000000000,0.0000000000000000)
  -1.5707963267948966        0.0000000000000000     
        (0.63589359161456460,2.59472311412625599E-017)
   0.0000000000000000        0.0000000000000000     
              (0.26546489620371194,0.0000000000000000)
   1.5707963267948966        0.0000000000000000     
       (0.63589359161456460,-2.59472311412625599E-017)
   3.1415926535897931        0.0000000000000000     
         (1.8538231716667042,5.18944622825251198E-017)
   1.0000000000000000                1           4
               (0.0000000000000000,0.0000000000000000)
  -1.5707963267948966        0.0000000000000000     
        (0.66974586171295281,1.32784392664589032E-016)
   0.0000000000000000        0.0000000000000000     
              (0.40177554451625669,0.0000000000000000)
   1.5707963267948966        0.0000000000000000     
       (0.66974586171295281,-1.32784392664589032E-016)
   3.1415926535897931        0.0000000000000000     
         (1.6485199867414251,4.35241804041467434E-017)
   1.0000000000000000                1           4
               (0.0000000000000000,0.0000000000000000)
  -1.5707963267948966        0.0000000000000000     
        (0.67958773026718799,2.03612306274911024E-017)
   0.0000000000000000        0.0000000000000000     
              (0.34505836634987341,0.0000000000000000)
   1.5707963267948966        0.0000000000000000     
       (0.67958773026718799,-2.03612306274911024E-017)
   3.1415926535897931        0.0000000000000000     
         (1.6791653559908415,4.07224612549822048E-017)
   1.0000000000000000                1           4
               (0.0000000000000000,0.0000000000000000)
  -1.5707963267948966        0.0000000000000000     
        (0.60245076639310002,2.93631464524130045E-017)
   0.0000000000000000        0.0000000000000000     
              (0.31792060297869784,0.0000000000000000)
   1.5707963267948966        0.0000000000000000     
       (0.60245076639310002,-2.93631464524130045E-017)
   3.1415926535897931        0.0000000000000000     
         (1.8460540755620749,5.87262929048260091E-017)
   1.0000000000000000                1           4
               (0.0000000000000000,0.0000000000000000)
  -1.5707963267948966        0.0000000000000000     
        (0.63189039277591885,2.61312181091796147E-017)
   0.0000000000000000        0.0000000000000000     
              (0.36748545267208887,0.0000000000000000)
   1.5707963267948966        0.0000000000000000     
       (0.63189039277591885,-2.61312181091796147E-017)
   3.1415926535897931        0.0000000000000000     
         (1.7498056879428801,5.22624362183592295E-017)
   1.0000000000000000                1           4
               (0.0000000000000000,0.0000000000000000)
  -1.5707963267948966        0.0000000000000000     
       (0.60119644148030227,-8.05899039686600640E-017)
   0.0000000000000000        0.0000000000000000     
              (0.24831737717085878,0.0000000000000000)
   1.5707963267948966        0.0000000000000000     
        (0.60119644148030227,8.05899039686600640E-017)
   3.1415926535897931        0.0000000000000000     
         (1.9480730735797016,6.08647969877112047E-017)
   1.0000000000000000                1           4
               (0.0000000000000000,0.0000000000000000)
  -1.5707963267948966        0.0000000000000000     
        (0.59934054658937308,8.58195376051706442E-017)
   0.0000000000000000        0.0000000000000000     
              (0.29040312885416369,0.0000000000000000)
   1.5707963267948966        0.0000000000000000     
       (0.59934054658937308,-8.58195376051706442E-017)
   3.1415926535897931        0.0000000000000000     
         (1.8982249888875731,6.06167727478256343E-017)
   1.0000000000000000                1           4
               (0.0000000000000000,0.0000000000000000)
  -1.5707963267948966        0.0000000000000000     
        (0.67455383627288978,2.06911864858595583E-017)
   0.0000000000000000        0.0000000000000000     
              (0.46386655299836599,0.0000000000000000)
   1.5707963267948966        0.0000000000000000     
       (0.67455383627288978,-2.06911864858595583E-017)
   3.1415926535897931        0.0000000000000000     
         (1.5610665575517613,4.13823729717191165E-017)
   1.0000000000000000                1           4
               (0.0000000000000000,0.0000000000000000)
  -1.5707963267948966        0.0000000000000000     
        (0.65635937451715320,7.86777369766319991E-017)
   0.0000000000000000        0.0000000000000000     
              (0.42382441824943334,0.0000000000000000)
   1.5707963267948966        0.0000000000000000     
       (0.65635937451715320,-7.86777369766319991E-017)
   3.1415926535897931        0.0000000000000000     
         (1.6455724443929320,4.63331714907483257E-017)
   1.0000000000000000                1           4
               (0.0000000000000000,0.0000000000000000)
  -1.5707963267948966        0.0000000000000000     
        (0.61316067064156610,2.85247989196692308E-017)
   0.0000000000000000        0.0000000000000000     
              (0.37190411914122534,0.0000000000000000)
   1.5707963267948966        0.0000000000000000     
       (0.61316067064156610,-2.85247989196692308E-017)
   3.1415926535897931        0.0000000000000000     
         (1.7861078594596806,5.70495978393384616E-017)
   1.0000000000000000                1           4
               (0.0000000000000000,0.0000000000000000)
  -1.5707963267948966        0.0000000000000000     
        (0.62085324228782135,8.35713244047069026E-017)
   0.0000000000000000        0.0000000000000000     
              (0.30197433749285829,0.0000000000000000)
   1.5707963267948966        0.0000000000000000     
       (0.62085324228782135,-8.35713244047069026E-017)
   3.1415926535897931        0.0000000000000000     
         (1.8562469558582011,5.61203463468981265E-017)
   1.0000000000000000                1           4
               (0.0000000000000000,0.0000000000000000)
  -1.5707963267948966        0.0000000000000000     
        (0.68331894104933610,2.03053953019043661E-017)
   0.0000000000000000        0.0000000000000000     
              (0.40212673040750124,0.0000000000000000)
   1.5707963267948966        0.0000000000000000     
       (0.68331894104933610,-2.03053953019043661E-017)
   3.1415926535897931        0.0000000000000000     
         (1.6277356933644689,4.06107906038087322E-017)
   1.0000000000000000                1           4
               (0.0000000000000000,0.0000000000000000)
  -1.5707963267948966        0.0000000000000000     
        (0.66979443984694731,2.15483380876891815E-017)
   0.0000000000000000        0.0000000000000000     
              (0.34973115633704621,0.0000000000000000)
   1.5707963267948966        0.0000000000000000     
       (0.66979443984694731,-2.15483380876891815E-017)
   3.1415926535897931        0.0000000000000000     
         (1.6936798573041050,4.30966761753783629E-017)
   1.0000000000000000                1           4
               (0.0000000000000000,0.0000000000000000)
  -1.5707963267948966        0.0000000000000000     
        (0.66335204630611666,2.27972143738651816E-017)
   0.0000000000000000        0.0000000000000000     
              (0.36714925867479475,0.0000000000000000)
   1.5707963267948966        0.0000000000000000     
       (0.66335204630611666,-2.27972143738651816E-017)
   3.1415926535897931        0.0000000000000000     
         (1.7041683629888349,4.55944287477303633E-017)
   1.0000000000000000                1           4
               (0.0000000000000000,0.0000000000000000)
  -1.5707963267948966        0.0000000000000000     
        (0.63730446849764566,2.62446676325977097E-017)
   0.0000000000000000        0.0000000000000000     
              (0.22978492743653339,0.0000000000000000)
   1.5707963267948966        0.0000000000000000     
       (0.63730446849764566,-2.62446676325977097E-017)
   3.1415926535897931        0.0000000000000000     
         (1.9020399072647829,5.24893352651954195E-017)
   1.0000000000000000                1           4
               (0.0000000000000000,0.0000000000000000)
  -1.5707963267948966        0.0000000000000000     
       (0.62730927372475231,-2.50642961242722734E-016)
   0.0000000000000000        0.0000000000000000     
              (0.31017452424463732,0.0000000000000000)
   1.5707963267948966        0.0000000000000000     
        (0.62730927372475231,2.50642961242722734E-016)
   3.1415926535897931        0.0000000000000000     
         (1.8234826139986908,5.38255898271328391E-017)
   1.0000000000000000                1           4
               (0.0000000000000000,0.0000000000000000)
  -1.5707963267948966        0.0000000000000000     
        (0.59731964114956781,1.41519191640090685E-016)
   0.0000000000000000        0.0000000000000000     
              (0.33283939979489968,0.0000000000000000)
   1.5707963267948966        0.0000000000000000     
       (0.59731964114956781,-1.41519191640090685E-016)
   3.1415926535897931        0.0000000000000000     
         (1.8579038758779383,6.09937783551500372E-017)
   1.0000000000000000                1           4
               (0.0000000000000000,0.0000000000000000)
  -1.5707963267948966        0.0000000000000000     
       (0.59340708776517892,-2.42946896077699294E-017)
   0.0000000000000000        0.0000000000000000     
              (0.30478100020177490,0.0000000000000000)
   1.5707963267948966        0.0000000000000000     
        (0.59340708776517892,2.42946896077699294E-017)
   3.1415926535897931        0.0000000000000000     
         (1.9016401883946197,6.24329232469757953E-017)
   1.0000000000000000                1           4
               (0.0000000000000000,0.0000000000000000)
  -1.5707963267948966        0.0000000000000000     
        (0.59311505711941592,3.09060158470827372E-017)
   0.0000000000000000        0.0000000000000000     
              (0.31735713781757346,0.0000000000000000)
   1.5707963267948966        0.0000000000000000     
       (0.59311505711941592,-3.09060158470827372E-017)
   3.1415926535897931        0.0000000000000000     
         (1.8783400609259733,6.18120316941654744E-017)
   1.0000000000000000                1           4
               (0.0000000000000000,0.0000000000000000)
  -1.5707963267948966        0.0000000000000000     
        (0.61406850747502573,1.39479331698747369E-016)
   0.0000000000000000        0.0000000000000000     
              (0.22774388415074298,0.0000000000000000)
   1.5707963267948966        0.0000000000000000     
       (0.61406850747502573,-1.39479331698747369E-016)
   3.1415926535897931        0.0000000000000000     
         (1.9298702422748655,5.69140584724634181E-017)
   1.0000000000000000                1           4
               (0.0000000000000000,0.0000000000000000)
  -1.5707963267948966        0.0000000000000000     
        (0.61485386586057245,2.86227709735038865E-017)
   0.0000000000000000        0.0000000000000000     
              (0.29782802003853437,0.0000000000000000)
   1.5707963267948966        0.0000000000000000     
       (0.61485386586057245,-2.86227709735038865E-017)
   3.1415926535897931        0.0000000000000000     
         (1.8667703591225799,5.72455419470077731E-017)
   1.0000000000000000                1           4
               (0.0000000000000000,0.0000000000000000)
  -1.5707963267948966        0.0000000000000000     
        (0.68146519556289564,1.30584969731537802E-016)
   0.0000000000000000        0.0000000000000000     
              (0.48950023249498398,0.0000000000000000)
   1.5707963267948966        0.0000000000000000     
       (0.68146519556289564,-1.30584969731537802E-016)
   3.1415926535897931        0.0000000000000000     
         (1.5123953617454504,3.91253345380442765E-017)
   1.0000000000000000                1           4
               (0.0000000000000000,0.0000000000000000)
  -1.5707963267948966        0.0000000000000000     
        (0.65710060160749739,7.88952059118097935E-017)
   0.0000000000000000        0.0000000000000000     
              (0.33875283317533267,0.0000000000000000)
   1.5707963267948966        0.0000000000000000     
       (0.65710060160749739,-7.88952059118097935E-017)
   3.1415926535897931        0.0000000000000000     
         (1.7392295581122674,4.67681093611039330E-017)
   1.0000000000000000                1           4
               (0.0000000000000000,0.0000000000000000)
  -1.5707963267948966        0.0000000000000000     
        (0.66159208739702435,2.27284915708600109E-017)
   0.0000000000000000        0.0000000000000000     
              (0.39527074711465426,0.0000000000000000)
   1.5707963267948966        0.0000000000000000     
       (0.66159208739702435,-2.27284915708600109E-017)
   3.1415926535897931        0.0000000000000000     
         (1.6702822996409910,4.54569831417200217E-017)
   1.0000000000000000                1           4
               (0.0000000000000000,0.0000000000000000)
  -1.5707963267948966        0.0000000000000000     
        (0.63696062660579278,2.61307016666998778E-017)
   0.0000000000000000        0.0000000000000000     
              (0.28920367940302866,0.0000000000000000)
   1.5707963267948966        0.0000000000000000     
       (0.63696062660579278,-2.61307016666998778E-017)
   3.1415926535897931        0.0000000000000000     
         (1.8382110605801907,5.22614033333997556E-017)
   1.0000000000000000                1           4
               (0.0000000000000000,0.0000000000000000)
  -1.5707963267948966        0.0000000000000000     
        (0.56534450255229940,9.04712513346957828E-017)
   0.0000000000000000        0.0000000000000000     
              (0.13791587145920675,0.0000000000000000)
   1.5707963267948966        0.0000000000000000     
       (0.56534450255229940,-9.04712513346957828E-017)
   3.1415926535897931        0.0000000000000000     
         (2.1346566588472231,6.99202002068758991E-017)
   1.0000000000000000                1           4
               (0.0000000000000000,0.0000000000000000)
  -1.5707963267948966        0.0000000000000000     
        (0.65850607706982023,2.29791647579812725E-017)
   0.0000000000000000        0.0000000000000000     
              (0.38228441317896616,0.0000000000000000)
   1.5707963267948966        0.0000000000000000     
       (0.65850607706982023,-2.29791647579812725E-017)
   3.1415926535897931        0.0000000000000000     
         (1.6852842205588821,4.59583295159625451E-017)
   1.0000000000000000                1           4
               (0.0000000000000000,0.0000000000000000)
  -1.5707963267948966        0.0000000000000000     
        (0.57636828625168945,3.29719291159495175E-017)
   0.0000000000000000        0.0000000000000000     
              (0.29709923308191483,0.0000000000000000)
   1.5707963267948966        0.0000000000000000     
       (0.57636828625168945,-3.29719291159495175E-017)
   3.1415926535897931        0.0000000000000000     
         (1.9325822720797901,6.59438582318990350E-017)
   1.0000000000000000                1           4
               (0.0000000000000000,0.0000000000000000)
  -1.5707963267948966        0.0000000000000000     
        (0.65621034390625177,2.33064587841493415E-017)
   0.0000000000000000        0.0000000000000000     
              (0.38116759395761279,0.0000000000000000)
   1.5707963267948966        0.0000000000000000     
       (0.65621034390625177,-2.33064587841493415E-017)
   3.1415926535897931        0.0000000000000000     
         (1.6924998076135420,4.66129175682986829E-017)
   1.0000000000000000                1           4
               (0.0000000000000000,0.0000000000000000)
  -1.5707963267948966        0.0000000000000000     
       (0.66901475812377464,-8.92996767832497827E-017)
   0.0000000000000000        0.0000000000000000     
              (0.44033858198294162,0.0000000000000000)
   1.5707963267948966        0.0000000000000000     
        (0.66901475812377464,8.92996767832497827E-017)
   3.1415926535897931        0.0000000000000000     
         (1.6072057329605260,4.34452513585317612E-017)
   1.0000000000000000                1           4
               (0.0000000000000000,0.0000000000000000)
  -1.5707963267948966        0.0000000000000000     
        (0.61647616432960906,2.83087911873356876E-017)
   0.0000000000000000        0.0000000000000000     
              (0.31012242664616185,0.0000000000000000)
   1.5707963267948966        0.0000000000000000     
       (0.61647616432960906,-2.83087911873356876E-017)
   3.1415926535897931        0.0000000000000000     
         (1.8474651913730700,5.66175823746713753E-017)
   1.0000000000000000                1           4
               (0.0000000000000000,0.0000000000000000)
  -1.5707963267948966        0.0000000000000000     
        (0.59209326641797788,3.17570360432501704E-017)
   0.0000000000000000        0.0000000000000000     
              (0.16643190070159891,0.0000000000000000)
   1.5707963267948966        0.0000000000000000     
       (0.59209326641797788,-3.17570360432501704E-017)
   3.1415926535897931        0.0000000000000000     
         (2.0550181456750991,6.35140720865003407E-017)
   1.0000000000000000                1           4
               (0.0000000000000000,0.0000000000000000)
  -1.5707963267948966        0.0000000000000000     
        (0.66773748943278033,7.74493919079726896E-017)
   0.0000000000000000        0.0000000000000000     
              (0.35579033739421800,0.0000000000000000)
   1.5707963267948966        0.0000000000000000     
       (0.66773748943278033,-7.74493919079726896E-017)
   3.1415926535897931        0.0000000000000000     
         (1.6962419604302168,4.38764813534297190E-017)
   1.0000000000000000                1           4
               (0.0000000000000000,0.0000000000000000)
  -1.5707963267948966        0.0000000000000000     
        (0.68864620554777289,1.96679701091647226E-017)
   0.0000000000000000        0.0000000000000000     
              (0.35579552429268535,0.0000000000000000)
   1.5707963267948966        0.0000000000000000     
       (0.68864620554777289,-1.96679701091647226E-017)
   3.1415926535897931        0.0000000000000000     
         (1.6639015416913825,3.93359402183294452E-017)
   1.0000000000000000                1           4
               (0.0000000000000000,0.0000000000000000)
  -1.5707963267948966        0.0000000000000000     
       (0.65868179260318516,-3.20674987755997598E-017)
   0.0000000000000000        0.0000000000000000     
              (0.26912415735715423,0.0000000000000000)
   1.5707963267948966        0.0000000000000000     
        (0.65868179260318516,3.20674987755997598E-017)
   3.1415926535897931        0.0000000000000000     
         (1.8139672269821727,4.68873049113161468E-017)
   1.0000000000000000                1           4
               (0.0000000000000000,0.0000000000000000)
  -1.5707963267948966        0.0000000000000000     
        (0.63934673479056281,2.50468075199276989E-017)
   0.0000000000000000        0.0000000000000000     
              (0.38723152798669563,0.0000000000000000)
   1.5707963267948966        0.0000000000000000     
       (0.63934673479056281,-2.50468075199276989E-017)
   3.1415926535897931        0.0000000000000000     
         (1.7095527588771360,5.00936150398553978E-017)
   1.0000000000000000                1           4
               (0.0000000000000000,0.0000000000000000)
  -1.5707963267948966        0.0000000000000000     
        (0.68733925149729425,7.48545906595527464E-017)
   0.0000000000000000        0.0000000000000000     
              (0.41748978399342851,0.0000000000000000)
   1.5707963267948966        0.0000000000000000     
       (0.68733925149729425,-7.48545906595527464E-017)
   3.1415926535897931        0.0000000000000000     
         (1.5889933974362020,3.86868788565898387E-017)
   1.0000000000000000                1           4
               (0.0000000000000000,0.0000000000000000)
  -1.5707963267948966        0.0000000000000000     
        (0.63805232955449254,2.54012379015103740E-017)
   0.0000000000000000        0.0000000000000000     
              (0.39374220103806079,0.0000000000000000)
   1.5707963267948966        0.0000000000000000     
       (0.63805232955449254,-2.54012379015103740E-017)
   3.1415926535897931        0.0000000000000000     
         (1.7120298501449722,5.08024758030207479E-017)
   1.0000000000000000                1           4
               (0.0000000000000000,0.0000000000000000)
  -1.5707963267948966        0.0000000000000000     
       (0.62226696002215598,-2.75457127540142351E-017)
   0.0000000000000000        0.0000000000000000     
              (0.27921231756326814,0.0000000000000000)
   1.5707963267948966        0.0000000000000000     
        (0.62226696002215598,2.75457127540142351E-017)
   3.1415926535897931        0.0000000000000000     
         (1.8787421412588932,5.59308769544871962E-017)
   1.0000000000000000                1           4
               (0.0000000000000000,0.0000000000000000)
  -1.5707963267948966        0.0000000000000000     
        (0.66388014386846494,2.21879903720626479E-017)
   0.0000000000000000        0.0000000000000000     
              (0.39442187091066655,0.0000000000000000)
   1.5707963267948966        0.0000000000000000     
       (0.66388014386846494,-2.21879903720626479E-017)
   3.1415926535897931        0.0000000000000000     
         (1.6580531798913622,4.43759807441252958E-017)
   1.0000000000000000                1           4
               (0.0000000000000000,0.0000000000000000)
  -1.5707963267948966        0.0000000000000000     
       (0.63995120520684623,-3.08408775443771868E-017)
   0.0000000000000000        0.0000000000000000     
              (0.37368875217824515,0.0000000000000000)
   1.5707963267948966        0.0000000000000000     
        (0.63995120520684623,3.08408775443771868E-017)
   3.1415926535897931        0.0000000000000000     
         (1.7120059472140181,4.93405473737612928E-017)
   1.0000000000000000                1           4
               (0.0000000000000000,0.0000000000000000)
  -1.5707963267948966        0.0000000000000000     
        (0.67052544854628970,1.32790872055433419E-016)
   0.0000000000000000        0.0000000000000000     
              (0.33094447365630753,0.0000000000000000)
   1.5707963267948966        0.0000000000000000     
       (0.67052544854628970,-1.32790872055433419E-016)
   3.1415926535897931        0.0000000000000000     
         (1.7211218642335333,4.35371391858355105E-017)
   1.0000000000000000                1           4
               (0.0000000000000000,0.0000000000000000)
  -1.5707963267948966        0.0000000000000000     
        (0.60018927172796932,3.03493206598155026E-017)
   0.0000000000000000        0.0000000000000000     
              (0.24394989424828453,0.0000000000000000)
   1.5707963267948966        0.0000000000000000     
       (0.60018927172796932,-3.03493206598155026E-017)
   3.1415926535897931        0.0000000000000000     
         (1.9477126890123024,6.06986413196310051E-017)
   1.0000000000000000                1           4
               (0.0000000000000000,0.0000000000000000)
  -1.5707963267948966        0.0000000000000000     
       (0.59475576843468803,-2.48984842964010026E-017)
   0.0000000000000000        0.0000000000000000     
              (0.32923010494457267,0.0000000000000000)
   1.5707963267948966        0.0000000000000000     
        (0.59475576843468803,2.48984842964010026E-017)
   3.1415926535897931        0.0000000000000000     
         (1.8601670138303965,6.12253338697136488E-017)
   1.0000000000000000                1           4
               (0.0000000000000000,0.0000000000000000)
  -1.5707963267948966        0.0000000000000000     
        (0.66048604635637953,1.34302634378733484E-016)
   0.0000000000000000        0.0000000000000000     
              (0.30309716067143244,0.0000000000000000)
   1.5707963267948966        0.0000000000000000     
       (0.66048604635637953,-1.34302634378733484E-016)
   3.1415926535897931        0.0000000000000000     
         (1.7782682775325007,4.65606638324356713E-017)
   1.0000000000000000                1           4
               (0.0000000000000000,0.0000000000000000)
  -1.5707963267948966        0.0000000000000000     
       (0.64773538561938515,-3.11315137360230967E-017)
   0.0000000000000000        0.0000000000000000     
              (0.32915492419885811,0.0000000000000000)
   1.5707963267948966        0.0000000000000000     
        (0.64773538561938515,3.11315137360230967E-017)
   3.1415926535897931        0.0000000000000000     
         (1.7626152375975419,4.87592749904694668E-017)
   1.0000000000000000                1           4
               (0.0000000000000000,0.0000000000000000)
  -1.5707963267948966        0.0000000000000000     
        (0.66117565863448435,2.24758181764324538E-017)
   0.0000000000000000        0.0000000000000000     
              (0.37822020911865739,0.0000000000000000)
   1.5707963267948966        0.0000000000000000     
       (0.66117565863448435,-2.24758181764324538E-017)
   3.1415926535897931        0.0000000000000000     
         (1.6782470407467462,4.49516363528649076E-017)
   1.0000000000000000                1           4
               (0.0000000000000000,0.0000000000000000)
  -1.5707963267948966        0.0000000000000000     
        (0.58514148216511408,3.25423876956631881E-017)
   0.0000000000000000        0.0000000000000000     
              (0.19668715746064169,0.0000000000000000)
   1.5707963267948966        0.0000000000000000     
       (0.58514148216511408,-3.25423876956631881E-017)
   3.1415926535897931        0.0000000000000000     
         (2.0365108520342972,6.50847753913263763E-017)
   1.0000000000000000                1           4
               (0.0000000000000000,0.0000000000000000)
  -1.5707963267948966        0.0000000000000000     
        (0.63571505441695031,2.55935221630130311E-017)
   0.0000000000000000        0.0000000000000000     
              (0.33133646061761107,0.0000000000000000)
   1.5707963267948966        0.0000000000000000     
       (0.63571505441695031,-2.55935221630130311E-017)
   3.1415926535897931        0.0000000000000000     
         (1.7760415208872422,5.11870443260260622E-017)
   1.0000000000000000                1           4
               (0.0000000000000000,0.0000000000000000)
  -1.5707963267948966        0.0000000000000000     
        (0.59222064208268610,3.17706553313232892E-017)
   0.0000000000000000        0.0000000000000000     
              (0.19454970449764231,0.0000000000000000)
   1.5707963267948966        0.0000000000000000     
       (0.59222064208268610,-3.17706553313232892E-017)
   3.1415926535897931        0.0000000000000000     
         (2.0275999329151562,6.35413106626465785E-017)
   1.0000000000000000                1           4
               (0.0000000000000000,0.0000000000000000)
  -1.5707963267948966        0.0000000000000000     
        (0.62604434071635939,2.64261905442071161E-017)
   0.0000000000000000        0.0000000000000000     
              (0.37678865811855006,0.0000000000000000)
   1.5707963267948966        0.0000000000000000     
       (0.62604434071635939,-2.64261905442071161E-017)
   3.1415926535897931        0.0000000000000000     
         (1.7384449092553576,5.28523810884142323E-017)
   1.0000000000000000                1           4
               (0.0000000000000000,0.0000000000000000)
  -1.5707963267948966        0.0000000000000000     
       (0.64850365923431863,-3.11408328127070731E-017)
   0.0000000000000000        0.0000000000000000     
              (0.31571757975677955,0.0000000000000000)
   1.5707963267948966        0.0000000000000000     
        (0.64850365923431863,3.11408328127070731E-017)
   3.1415926535897931        0.0000000000000000     
         (1.7772847451257339,4.87406368371015201E-017)
   1.0000000000000000                1           4
               (0.0000000000000000,0.0000000000000000)
  -1.5707963267948966        0.0000000000000000     
        (0.68501124652604617,7.50572788311438501E-017)
   0.0000000000000000        0.0000000000000000     
              (0.40526431650500361,0.0000000000000000)
   1.5707963267948966        0.0000000000000000     
       (0.68501124652604617,-7.50572788311438501E-017)
   3.1415926535897931        0.0000000000000000     
         (1.6031831530707625,3.90922551997720462E-017)
   1.0000000000000000                1           4
               (0.0000000000000000,0.0000000000000000)
  -1.5707963267948966        0.0000000000000000     
       (0.63440083444038975,-2.94908198842996813E-017)
   0.0000000000000000        0.0000000000000000     
              (0.35292482980814793,0.0000000000000000)
   1.5707963267948966        0.0000000000000000     
        (0.63440083444038975,2.94908198842996813E-017)
   3.1415926535897931        0.0000000000000000     
         (1.7657653576258834,5.20406626939162976E-017)
   1.0000000000000000                1           4
               (0.0000000000000000,0.0000000000000000)
  -1.5707963267948966        0.0000000000000000     
        (0.70187681194102680,7.30286402740480463E-017)
   0.0000000000000000        0.0000000000000000     
              (0.47968266183878955,0.0000000000000000)
   1.5707963267948966        0.0000000000000000     
       (0.70187681194102680,-7.30286402740480463E-017)
   3.1415926535897931        0.0000000000000000     
         (1.4962355748928327,3.50349780855804261E-017)
   1.0000000000000000                1           4
               (0.0000000000000000,0.0000000000000000)
  -1.5707963267948966        0.0000000000000000     
        (0.56608237118950133,3.42882476962777019E-017)
   0.0000000000000000        0.0000000000000000     
              (0.26393763057295511,0.0000000000000000)
   1.5707963267948966        0.0000000000000000     
       (0.56608237118950133,-3.42882476962777019E-017)
   3.1415926535897931        0.0000000000000000     
         (1.9881662720651694,6.85764953925554038E-017)
   1.0000000000000000                1           4
               (0.0000000000000000,0.0000000000000000)
  -1.5707963267948966        0.0000000000000000     
        (0.61677492663168576,2.82882391097627670E-017)
   0.0000000000000000        0.0000000000000000     
              (0.27325682557426711,0.0000000000000000)
   1.5707963267948966        0.0000000000000000     
       (0.61677492663168576,-2.82882391097627670E-017)
   3.1415926535897931        0.0000000000000000     
         (1.8842570352530206,5.65764782195255340E-017)
   1.0000000000000000                1           4
               (0.0000000000000000,0.0000000000000000)
  -1.5707963267948966        0.0000000000000000     
        (0.60546020781761922,2.98403234049006546E-017)
   0.0000000000000000        0.0000000000000000     
              (0.29635992210775758,0.0000000000000000)
   1.5707963267948966        0.0000000000000000     
       (0.60546020781761922,-2.98403234049006546E-017)
   3.1415926535897931        0.0000000000000000     
         (1.8892194213318616,5.96806468098013092E-017)
   1.0000000000000000                1           4
               (0.0000000000000000,0.0000000000000000)
  -1.5707963267948966        0.0000000000000000     
       (0.60021161203126860,-8.09919992611029023E-017)
   0.0000000000000000        0.0000000000000000     
              (0.29411935128369937,0.0000000000000000)
   1.5707963267948966        0.0000000000000000     
        (0.60021161203126860,8.09919992611029023E-017)
   3.1415926535897931        0.0000000000000000     
         (1.8871680116414395,6.00606064028255282E-017)
   1.0000000000000000                1           4
               (0.0000000000000000,0.0000000000000000)
  -1.5707963267948966        0.0000000000000000     
       (0.62545018120164819,-2.81094540862291474E-017)
   0.0000000000000000        0.0000000000000000     
              (0.32570811837267089,0.0000000000000000)
   1.5707963267948966        0.0000000000000000     
        (0.62545018120164819,2.81094540862291474E-017)
   3.1415926535897931        0.0000000000000000     
         (1.8201995935490927,5.48033942900573715E-017)
   1.0000000000000000                1           4
               (0.0000000000000000,0.0000000000000000)
  -1.5707963267948966        0.0000000000000000     
        (0.56295115080183789,1.45833949132972568E-016)
   0.0000000000000000        0.0000000000000000     
              (0.20515321020024074,0.0000000000000000)
   1.5707963267948966        0.0000000000000000     
       (0.56295115080183789,-1.45833949132972568E-016)
   3.1415926535897931        0.0000000000000000     
         (2.0577837595116319,6.96232933409138024E-017)
   1.0000000000000000                1           4
               (0.0000000000000000,0.0000000000000000)
  -1.5707963267948966        0.0000000000000000     
        (0.63790893354095313,2.53988390835644781E-017)
   0.0000000000000000        0.0000000000000000     
              (0.36636458805382349,0.0000000000000000)
   1.5707963267948966        0.0000000000000000     
       (0.63790893354095313,-2.53988390835644781E-017)
   3.1415926535897931        0.0000000000000000     
         (1.7390423197620524,5.07976781671289562E-017)
   1.0000000000000000                1           4
               (0.0000000000000000,0.0000000000000000)
  -1.5707963267948966        0.0000000000000000     
        (0.57014600530918147,3.40255275016378225E-017)
   0.0000000000000000        0.0000000000000000     
              (0.20051482766989992,0.0000000000000000)
   1.5707963267948966        0.0000000000000000     
       (0.57014600530918147,-3.40255275016378225E-017)
   3.1415926535897931        0.0000000000000000     
         (2.0511352504444207,6.80510550032756451E-017)
   1.0000000000000000                1           4
               (0.0000000000000000,0.0000000000000000)
  -1.5707963267948966        0.0000000000000000     
        (0.59226488290952917,3.09705057687277660E-017)
   0.0000000000000000        0.0000000000000000     
              (0.31306527314509891,0.0000000000000000)
   1.5707963267948966        0.0000000000000000     
       (0.59226488290952917,-3.09705057687277660E-017)
   3.1415926535897931        0.0000000000000000     
         (1.8830379778711817,6.19410115374555319E-017)
   1.0000000000000000                1           4
               (0.0000000000000000,0.0000000000000000)
  -1.5707963267948966        0.0000000000000000     
        (0.59441347546107870,8.65857861573039007E-017)
   0.0000000000000000        0.0000000000000000     
              (0.26499053842208703,0.0000000000000000)
   1.5707963267948966        0.0000000000000000     
       (0.59441347546107870,-8.65857861573039007E-017)
   3.1415926535897931        0.0000000000000000     
         (1.9388110140809163,6.21492698520921473E-017)
   1.0000000000000000                1           4
               (0.0000000000000000,0.0000000000000000)
  -1.5707963267948966        0.0000000000000000     
        (0.63603236996386703,8.12320794516610944E-017)
   0.0000000000000000        0.0000000000000000     
              (0.34865990465685942,0.0000000000000000)
   1.5707963267948966        0.0000000000000000     
       (0.63603236996386703,-8.12320794516610944E-017)
   3.1415926535897931        0.0000000000000000     
         (1.7635141055784005,5.14418564408065102E-017)
   1.0000000000000000                1           4
               (0.0000000000000000,0.0000000000000000)
  -1.5707963267948966        0.0000000000000000     
        (0.66467522091243214,2.24827756421536448E-017)
   0.0000000000000000        0.0000000000000000     
              (0.40138722807047855,0.0000000000000000)
   1.5707963267948966        0.0000000000000000     
       (0.66467522091243214,-2.24827756421536448E-017)
   3.1415926535897931        0.0000000000000000     
         (1.6623063944267895,4.49655512843072897E-017)
   1.0000000000000000                1           4
               (0.0000000000000000,0.0000000000000000)
  -1.5707963267948966        0.0000000000000000     
        (0.62344098586654950,2.76498655263053498E-017)
   0.0000000000000000        0.0000000000000000     
              (0.33004081134151908,0.0000000000000000)
   1.5707963267948966        0.0000000000000000     
       (0.62344098586654950,-2.76498655263053498E-017)
   3.1415926535897931        0.0000000000000000     
         (1.8199543043790958,5.52997310526106996E-017)
   1.0000000000000000                1           4
               (0.0000000000000000,0.0000000000000000)
  -1.5707963267948966        0.0000000000000000     
       (0.63152436215164909,-1.40427045644071068E-016)
   0.0000000000000000        0.0000000000000000     
              (0.38721117656000281,0.0000000000000000)
   1.5707963267948966        0.0000000000000000     
        (0.63152436215164909,1.40427045644071068E-016)
   3.1415926535897931        0.0000000000000000     
         (1.7285375447670481,5.22128160994048325E-017)
   1.0000000000000000                1           4
               (0.0000000000000000,0.0000000000000000)
  -1.5707963267948966        0.0000000000000000     
        (0.59677871046677922,3.09390049173738620E-017)
   0.0000000000000000        0.0000000000000000     
              (0.21970108262630045,0.0000000000000000)
   1.5707963267948966        0.0000000000000000     
       (0.59677871046677922,-3.09390049173738620E-017)
   3.1415926535897931        0.0000000000000000     
         (1.9844009276179000,6.18780098347477240E-017)
   1.0000000000000000                1           4
               (0.0000000000000000,0.0000000000000000)
  -1.5707963267948966        0.0000000000000000     
        (0.62366708387093306,8.27879396808766365E-017)
   0.0000000000000000        0.0000000000000000     
              (0.32354706451265258,0.0000000000000000)
   1.5707963267948966        0.0000000000000000     
       (0.62366708387093306,-8.27879396808766365E-017)
   3.1415926535897931        0.0000000000000000     
         (1.8147146251436128,5.45535768992376252E-017)
   1.0000000000000000                1           4
               (0.0000000000000000,0.0000000000000000)
  -1.5707963267948966        0.0000000000000000     
        (0.57497767332516847,3.29157676059925575E-017)
   0.0000000000000000        0.0000000000000000     
              (0.28887646869115413,0.0000000000000000)
   1.5707963267948966        0.0000000000000000     
       (0.57497767332516847,-3.29157676059925575E-017)
   3.1415926535897931        0.0000000000000000     
         (1.9361894364944208,6.58315352119851149E-017)
   1.0000000000000000                1           4
               (0.0000000000000000,0.0000000000000000)
  -1.5707963267948966        0.0000000000000000     
        (0.60315177168011447,8.58563785098232141E-017)
   0.0000000000000000        0.0000000000000000     
              (0.25180576532820664,0.0000000000000000)
   1.5707963267948966        0.0000000000000000     
       (0.60315177168011447,-8.58563785098232141E-017)
   3.1415926535897931        0.0000000000000000     
         (1.9456481178587515,6.06904545571307742E-017)
   1.0000000000000000                1           4
               (0.0000000000000000,0.0000000000000000)
  -1.5707963267948966        0.0000000000000000     
        (0.63463488300773929,8.12272556040058023E-017)
   0.0000000000000000        0.0000000000000000     
              (0.33377341274353067,0.0000000000000000)
   1.5707963267948966        0.0000000000000000     
       (0.63463488300773929,-8.12272556040058023E-017)
   3.1415926535897931        0.0000000000000000     
         (1.7754480647581503,5.14322087454959382E-017)
   1.0000000000000000                1           4
               (0.0000000000000000,0.0000000000000000)
  -1.5707963267948966        0.0000000000000000     
       (0.66185766250063016,-3.33387299508824235E-017)
   0.0000000000000000        0.0000000000000000     
              (0.42498119442894255,0.0000000000000000)
   1.5707963267948966        0.0000000000000000     
        (0.66185766250063016,3.33387299508824235E-017)
   3.1415926535897931        0.0000000000000000     
         (1.6229403685117041,4.43448425607508069E-017)
   1.0000000000000000                1           4
               (0.0000000000000000,0.0000000000000000)
  -1.5707963267948966        0.0000000000000000     
        (0.60856079344649583,2.96158026828352953E-017)
   0.0000000000000000        0.0000000000000000     
              (0.22118108925212382,0.0000000000000000)
   1.5707963267948966        0.0000000000000000     
       (0.60856079344649583,-2.96158026828352953E-017)
   3.1415926535897931        0.0000000000000000     
         (1.9632660221416454,5.92316053656705907E-017)
   1.0000000000000000                1           4
               (0.0000000000000000,0.0000000000000000)
  -1.5707963267948966        0.0000000000000000     
        (0.63782822093534208,2.55468236855951022E-017)
   0.0000000000000000        0.0000000000000000     
              (0.36249579932353237,0.0000000000000000)
   1.5707963267948966        0.0000000000000000     
       (0.63782822093534208,-2.55468236855951022E-017)
   3.1415926535897931        0.0000000000000000     
         (1.7475832271938205,5.10936473711902043E-017)
   1.0000000000000000                1           4
               (0.0000000000000000,0.0000000000000000)
  -1.5707963267948966        0.0000000000000000     
        (0.65087437030288353,2.37172301636955585E-017)
   0.0000000000000000        0.0000000000000000     
              (0.42383694264169841,0.0000000000000000)
   1.5707963267948966        0.0000000000000000     
       (0.65087437030288353,-2.37172301636955585E-017)
   3.1415926535897931        0.0000000000000000     
         (1.6525753231603431,4.74344603273911170E-017)
   1.0000000000000000                1           4
               (0.0000000000000000,0.0000000000000000)
  -1.5707963267948966        0.0000000000000000     
        (0.60370491019977390,3.01217537484937518E-017)
   0.0000000000000000        0.0000000000000000     
              (0.26475446493470156,0.0000000000000000)
   1.5707963267948966        0.0000000000000000     
       (0.60370491019977390,-3.01217537484937518E-017)
   3.1415926535897931        0.0000000000000000     
         (1.9265064958741687,6.02435074969875037E-017)
   1.0000000000000000                1           4
               (0.0000000000000000,0.0000000000000000)
  -1.5707963267948966        0.0000000000000000     
       (0.59564860151546739,-2.46183931290474785E-017)
   0.0000000000000000        0.0000000000000000     
              (0.27751191582065221,0.0000000000000000)
   1.5707963267948966        0.0000000000000000     
        (0.59564860151546739,2.46183931290474785E-017)
   3.1415926535897931        0.0000000000000000     
         (1.9228193409054080,6.17855162044207094E-017)
   1.0000000000000000                1           4
               (0.0000000000000000,0.0000000000000000)
  -1.5707963267948966        0.0000000000000000     
        (0.63878960902710269,1.36680456907450978E-016)
   0.0000000000000000        0.0000000000000000     
              (0.30299868958754306,0.0000000000000000)
   1.5707963267948966        0.0000000000000000     
       (0.63878960902710269,-1.36680456907450978E-016)
   3.1415926535897931        0.0000000000000000     
         (1.8126394516696467,5.13163088898706100E-017)
   1.0000000000000000                1           4
               (0.0000000000000000,0.0000000000000000)
  -1.5707963267948966        0.0000000000000000     
        (0.64371039503182104,8.00826892530496185E-017)
   0.0000000000000000        0.0000000000000000     
              (0.36118352720478220,0.0000000000000000)
   1.5707963267948966        0.0000000000000000     
       (0.64371039503182104,-8.00826892530496185E-017)
   3.1415926535897931        0.0000000000000000     
         (1.7288046002789044,4.91430760435835707E-017)
   1.0000000000000000                1           4
               (0.0000000000000000,0.0000000000000000)
  -1.5707963267948966        0.0000000000000000     
        (0.64321104710416255,2.49676788774371674E-017)
   0.0000000000000000        0.0000000000000000     
              (0.32973355142897010,0.0000000000000000)
   1.5707963267948966        0.0000000000000000     
       (0.64321104710416255,-2.49676788774371674E-017)
   3.1415926535897931        0.0000000000000000     
         (1.7721948224616486,4.99353577548743349E-017)
   1.0000000000000000                1           4
               (0.0000000000000000,0.0000000000000000)
  -1.5707963267948966        0.0000000000000000     
       (0.64416992486470936,-8.59429158091798692E-017)
   0.0000000000000000        0.0000000000000000     
              (0.38527610216039543,0.0000000000000000)
   1.5707963267948966        0.0000000000000000     
        (0.64416992486470936,8.59429158091798692E-017)
   3.1415926535897931        0.0000000000000000     
         (1.7222186801029433,5.01587733066715821E-017)
   1.0000000000000000                1           4
               (0.0000000000000000,0.0000000000000000)
  -1.5707963267948966        0.0000000000000000     
       (0.63809650396942308,-2.97430571777914103E-017)
   0.0000000000000000        0.0000000000000000     
              (0.30679512422704669,0.0000000000000000)
   1.5707963267948966        0.0000000000000000     
        (0.63809650396942308,2.97430571777914103E-017)
   3.1415926535897931        0.0000000000000000     
         (1.8110477070374202,5.15361881069328457E-017)
   1.0000000000000000                1           4
               (0.0000000000000000,0.0000000000000000)
  -1.5707963267948966        0.0000000000000000     
        (0.64113157925580255,2.47150289415698596E-017)
   0.0000000000000000        0.0000000000000000     
              (0.38942943134800495,0.0000000000000000)
   1.5707963267948966        0.0000000000000000     
       (0.64113157925580255,-2.47150289415698596E-017)
   3.1415926535897931        0.0000000000000000     
         (1.7000878336954564,4.94300578831397192E-017)
   1.0000000000000000                1           4
               (0.0000000000000000,0.0000000000000000)
  -1.5707963267948966        0.0000000000000000     
        (0.62620644426581251,1.38496850055836371E-016)
   0.0000000000000000        0.0000000000000000     
              (0.23137365038213906,0.0000000000000000)
   1.5707963267948966        0.0000000000000000     
       (0.62620644426581251,-1.38496850055836371E-016)
   3.1415926535897931        0.0000000000000000     
         (1.9184260638840431,5.49490951866414341E-017)
   1.0000000000000000                1           4
               (0.0000000000000000,0.0000000000000000)
  -1.5707963267948966        0.0000000000000000     
       (0.54787282824792150,-7.40369228577977026E-017)
   0.0000000000000000        0.0000000000000000     
              (0.24337038436470448,0.0000000000000000)
   1.5707963267948966        0.0000000000000000     
        (0.54787282824792150,7.40369228577977026E-017)
   3.1415926535897931        0.0000000000000000     
         (2.0604094459180167,7.39707592094359028E-017)
   1.0000000000000000                1           4
               (0.0000000000000000,0.0000000000000000)
  -1.5707963267948966        0.0000000000000000     
        (0.65492489853439406,7.88227412103321948E-017)
   0.0000000000000000        0.0000000000000000     
              (0.42930227187588510,0.0000000000000000)
   1.5707963267948966        0.0000000000000000     
       (0.65492489853439406,-7.88227412103321948E-017)
   3.1415926535897931        0.0000000000000000     
         (1.6419618364965314,4.66231799581487417E-017)
   1.0000000000000000                1           4
               (0.0000000000000000,0.0000000000000000)
  -1.5707963267948966        0.0000000000000000     
        (0.68760829863013972,1.90882768949097013E-017)
   0.0000000000000000        0.0000000000000000     
              (0.41390938683818224,0.0000000000000000)
   1.5707963267948966        0.0000000000000000     
       (0.68760829863013972,-1.90882768949097013E-017)
   3.1415926535897931        0.0000000000000000     
         (1.5847776480437756,3.81765537898194026E-017)
   1.0000000000000000                1           4
               (0.0000000000000000,0.0000000000000000)
  -1.5707963267948966        0.0000000000000000     
        (0.63945555835696966,8.08433171623336411E-017)
   0.0000000000000000        0.0000000000000000     
              (0.31741366002328153,0.0000000000000000)
   1.5707963267948966        0.0000000000000000     
       (0.63945555835696966,-8.08433171623336411E-017)
   3.1415926535897931        0.0000000000000000     
         (1.7889087870011784,5.06643318621516157E-017)
   1.0000000000000000                1           4
               (0.0000000000000000,0.0000000000000000)
  -1.5707963267948966        0.0000000000000000     
        (0.63814869822911291,2.57914912628211116E-017)
   0.0000000000000000        0.0000000000000000     
              (0.26124017594254995,0.0000000000000000)
   1.5707963267948966        0.0000000000000000     
       (0.63814869822911291,-2.57914912628211116E-017)
   3.1415926535897931        0.0000000000000000     
         (1.8574712546936334,5.15829825256422232E-017)
   1.0000000000000000                1           4
               (0.0000000000000000,0.0000000000000000)
  -1.5707963267948966        0.0000000000000000     
        (0.66491673542228136,1.33139720996795870E-016)
   0.0000000000000000        0.0000000000000000     
              (0.41995748938103983,0.0000000000000000)
   1.5707963267948966        0.0000000000000000     
       (0.66491673542228136,-1.33139720996795870E-016)
   3.1415926535897931        0.0000000000000000     
         (1.6322856933797820,4.42348370685604068E-017)
   1.0000000000000000                1           4
               (0.0000000000000000,0.0000000000000000)
  -1.5707963267948966        0.0000000000000000     
       (0.58226902805902925,-2.31021558586024915E-017)
   0.0000000000000000        0.0000000000000000     
              (0.27771490313331670,0.0000000000000000)
   1.5707963267948966        0.0000000000000000     
        (0.58226902805902925,2.31021558586024915E-017)
   3.1415926535897931        0.0000000000000000     
         (1.9453812742396126,6.48179907453106834E-017)
   1.0000000000000000                1           4
               (0.0000000000000000,0.0000000000000000)
  -1.5707963267948966        0.0000000000000000     
        (0.58145917404234093,1.43461868471587988E-016)
   0.0000000000000000        0.0000000000000000     
              (0.25246387815255417,0.0000000000000000)
   1.5707963267948966        0.0000000000000000     
       (0.58145917404234093,-1.43461868471587988E-016)
   3.1415926535897931        0.0000000000000000     
         (1.9700111039480099,6.48791320181446805E-017)
   1.0000000000000000                1           4
               (0.0000000000000000,0.0000000000000000)
  -1.5707963267948966        0.0000000000000000     
        (0.70780135152507773,1.73653369670614272E-017)
   0.0000000000000000        0.0000000000000000     
              (0.38023977124489122,0.0000000000000000)
   1.5707963267948966        0.0000000000000000     
       (0.70780135152507773,-1.73653369670614272E-017)
   3.1415926535897931        0.0000000000000000     
         (1.6025578807212080,3.47306739341228544E-017)
   1.0000000000000000                1           4
               (0.0000000000000000,0.0000000000000000)
  -1.5707963267948966        0.0000000000000000     
        (0.64705296071463281,2.45437013344720234E-017)
   0.0000000000000000        0.0000000000000000     
              (0.31158610718547031,0.0000000000000000)
   1.5707963267948966        0.0000000000000000     
       (0.64705296071463281,-2.45437013344720234E-017)
   3.1415926535897931        0.0000000000000000     
         (1.7841779364570018,4.90874026689440469E-017)
   1.0000000000000000                1           4
               (0.0000000000000000,0.0000000000000000)
  -1.5707963267948966        0.0000000000000000     
        (0.65298433013661328,2.34231000919672808E-017)
   0.0000000000000000        0.0000000000000000     
              (0.41154783894707803,0.0000000000000000)
   1.5707963267948966        0.0000000000000000     
       (0.65298433013661328,-2.34231000919672808E-017)
   3.1415926535897931        0.0000000000000000     
         (1.6594773293176888,4.68462001839345615E-017)
   1.0000000000000000                1           4
               (0.0000000000000000,0.0000000000000000)
  -1.5707963267948966        0.0000000000000000     
       (0.61519074369108251,-1.93373847188291003E-016)
   0.0000000000000000        0.0000000000000000     
              (0.19587745799260914,0.0000000000000000)
   1.5707963267948966        0.0000000000000000     
        (0.61519074369108251,1.93373847188291003E-016)
   3.1415926535897931        0.0000000000000000     
         (1.9709620434619239,5.73415154734806354E-017)
   1.0000000000000000                1           4
               (0.0000000000000000,0.0000000000000000)
  -1.5707963267948966        0.0000000000000000     
        (0.57002344023458851,3.38989355416638655E-017)
   0.0000000000000000        0.0000000000000000     
              (0.23414612374965899,0.0000000000000000)
   1.5707963267948966        0.0000000000000000     
       (0.57002344023458851,-3.38989355416638655E-017)
   3.1415926535897931        0.0000000000000000     
         (2.0131240170184261,6.77978710833277309E-017)
   1.0000000000000000                1           4
               (0.0000000000000000,0.0000000000000000)
  -1.5707963267948966        0.0000000000000000     
       (0.66854625688692570,-8.91437474780368509E-017)
   0.0000000000000000        0.0000000000000000     
              (0.42492755863083875,0.0000000000000000)
   1.5707963267948966        0.0000000000000000     
        (0.66854625688692570,8.91437474780368509E-017)
   3.1415926535897931        0.0000000000000000     
         (1.6267727914501502,4.37571099689576063E-017)
   1.0000000000000000                1           4
               (0.0000000000000000,0.0000000000000000)
  -1.5707963267948966        0.0000000000000000     
       (0.64753646076609062,-3.08854873532676995E-017)
   0.0000000000000000        0.0000000000000000     
              (0.31402946770378459,0.0000000000000000)
   1.5707963267948966        0.0000000000000000     
        (0.64753646076609062,3.08854873532676995E-017)
   3.1415926535897931        0.0000000000000000     
         (1.7853786758739849,4.92513277559802674E-017)
   1.0000000000000000                1           4
               (0.0000000000000000,0.0000000000000000)
  -1.5707963267948966        0.0000000000000000     
        (0.63589359161456460,2.59472311412625599E-017)
   0.0000000000000000        0.0000000000000000     
              (0.26546489620371194,0.0000000000000000)
   1.5707963267948966        0.0000000000000000     
       (0.63589359161456460,-2.59472311412625599E-017)
   3.1415926535897931        0.0000000000000000     
         (1.8538231716667042,5.18944622825251198E-017)
   1.0000000000000000                1           4
               (0.0000000000000000,0.0000000000000000)
  -1.5707963267948966        0.0000000000000000     
        (0.66974586171295281,1.32784392664589032E-016)
   0.0000000000000000        0.0000000000000000     
              (0.40177554451625669,0.0000000000000000)
   1.5707963267948966        0.0000000000000000     
       (0.66974586171295281,-1.32784392664589032E-016)
   3.1415926535897931        0.0000000000000000     
         (1.6485199867414251,4.35241804041467434E-017)
   1.0000000000000000                1           4
               (0.0000000000000000,0.0000000000000000)
  -1.5707963267948966        0.0000000000000000     
        (0.67958773026718799,2.03612306274911024E-017)
   0.0000000000000000        0.0000000000000000     
              (0.34505836634987341,0.0000000000000000)
   1.5707963267948966        0.0000000000000000     
       (0.67958773026718799,-2.03612306274911024E-017)
   3.1415926535897931        0.0000000000000000     
         (1.6791653559908415,4.07224612549822048E-017)
   1.0000000000000000                1           4
               (0.0000000000000000,0.0000000000000000)
  -1.5707963267948966        0.0000000000000000     
        (0.60245076639310002,2.93631464524130045E-017)
   0.0000000000000000        0.0000000000000000     
              (0.31792060297869784,0.0000000000000000)
   1.5707963267948966        0.0000000000000000     
       (0.60245076639310002,-2.93631464524130045E-017)
   3.1415926535897931        0.0000000000000000     
         (1.8460540755620749,5.87262929048260091E-017)
   1.0000000000000000                1           4
               (0.0000000000000000,0.0000000000000000)
  -1.5707963267948966        0.0000000000000000     
        (0.63189039277591885,2.61312181091796147E-017)
   0.0000000000000000        0.0000000000000000     
              (0.36748545267208887,0.0000000000000000)
   1.5707963267948966        0.0000000000000000     
       (0.63189039277591885,-2.61312181091796147E-017)
   3.1415926535897931        0.0000000000000000     
         (1.7498056879428801,5.22624362183592295E-017)
   1.0000000000000000                1           4
               (0.0000000000000000,0.0000000000000000)
  -1.5707963267948966        0.0000000000000000     
       (0.60119644148030227,-8.05899039686600640E-017)
   0.0000000000000000        0.0000000000000000     
              (0.24831737717085878,0.0000000000000000)
   1.5707963267948966        0.0000000000000000     
        (0.60119644148030227,8.05899039686600640E-017)
   3.1415926535897931        0.0000000000000000     
         (1.9480730735797016,6.08647969877112047E-017)
   1.0000000000000000                1           4
               (0.0000000000000000,0.0000000000000000)
  -1.5707963267948966        0.0000000000000000     
        (0.59934054658937308,8.58195376051706442E-017)
   0.0000000000000000        0.0000000000000000     
              (0.29040312885416369,0.0000000000000000)
   1.5707963267948966        0.0000000000000000     
       (0.59934054658937308,-8.58195376051706442E-017)
   3.1415926535897931        0.0000000000000000     
         (1.8982249888875731,6.06167727478256343E-017)
   1.0000000000000000                1           4
               (0.0000000000000000,0.0000000000000000)
  -1.5707963267948966        0.0000000000000000     
        (0.65918230550544765,2.28568082538774064E-017)
   0.0000000000000000        0.0000000000000000     
              (0.36549227455611821,0.0000000000000000)
   1.5707963267948966        0.0000000000000000     
       (0.65918230550544765,-2.28568082538774064E-017)
   3.1415926535897931        0.0000000000000000     
         (1.6994323493431038,4.57136165077548128E-017)
   1.0000000000000000                1           4
               (0.0000000000000000,0.0000000000000000)
  -1.5707963267948966        0.0000000000000000     
       (0.56088508185231700,-7.59997633612733031E-017)
   0.0000000000000000        0.0000000000000000     
              (0.26799542079462141,0.0000000000000000)
   1.5707963267948966        0.0000000000000000     
        (0.56088508185231700,7.59997633612733031E-017)
   3.1415926535897931        0.0000000000000000     
         (1.9976976805480779,7.00450782024847264E-017)
   1.0000000000000000                1           4
               (0.0000000000000000,0.0000000000000000)
  -1.5707963267948966        0.0000000000000000     
        (0.61611978769746423,8.40880741707739482E-017)
   0.0000000000000000        0.0000000000000000     
              (0.25666658666223641,0.0000000000000000)
   1.5707963267948966        0.0000000000000000     
       (0.61611978769746423,-8.40880741707739482E-017)
   3.1415926535897931        0.0000000000000000     
         (1.9089661257388062,5.71538458790322424E-017)
   1.0000000000000000                1           4
               (0.0000000000000000,0.0000000000000000)
  -1.5707963267948966        0.0000000000000000     
        (0.62325625720206723,8.28429216859472137E-017)
   0.0000000000000000        0.0000000000000000     
              (0.30120928024366861,0.0000000000000000)
   1.5707963267948966        0.0000000000000000     
       (0.62325625720206723,-8.28429216859472137E-017)
   3.1415926535897931        0.0000000000000000     
         (1.8380266046447173,5.46635409093787549E-017)
   1.0000000000000000                1           4
               (0.0000000000000000,0.0000000000000000)
  -1.5707963267948966        0.0000000000000000     
        (0.60351723731030615,2.99218514682261488E-017)
   0.0000000000000000        0.0000000000000000     
              (0.28917963269399366,0.0000000000000000)
   1.5707963267948966        0.0000000000000000     
       (0.60351723731030615,-2.99218514682261488E-017)
   3.1415926535897931        0.0000000000000000     
         (1.8951766783633419,5.98437029364522976E-017)
   1.0000000000000000                1           4
               (0.0000000000000000,0.0000000000000000)
  -1.5707963267948966        0.0000000000000000     
        (0.64402260154653257,2.50475070393878064E-017)
   0.0000000000000000        0.0000000000000000     
              (0.37183349428809992,0.0000000000000000)
   1.5707963267948966        0.0000000000000000     
       (0.64402260154653257,-2.50475070393878064E-017)
   3.1415926535897931        0.0000000000000000     
         (1.7343253741271416,5.00950140787756127E-017)
   1.0000000000000000                1           4
               (0.0000000000000000,0.0000000000000000)
  -1.5707963267948966        0.0000000000000000     
       (0.66355759917918722,-3.33204319188638286E-017)
   0.0000000000000000        0.0000000000000000     
              (0.44396178778716178,0.0000000000000000)
   1.5707963267948966        0.0000000000000000     
        (0.66355759917918722,3.33204319188638286E-017)
   3.1415926535897931        0.0000000000000000     
         (1.6079573075917755,4.43814386247880029E-017)
   1.0000000000000000                1           4
               (0.0000000000000000,0.0000000000000000)
  -1.5707963267948966        0.0000000000000000     
       (0.64513156784326242,-3.05820679322863402E-017)
   0.0000000000000000        0.0000000000000000     
              (0.41889538721882980,0.0000000000000000)
   1.5707963267948966        0.0000000000000000     
        (0.64513156784326242,3.05820679322863402E-017)
   3.1415926535897931        0.0000000000000000     
         (1.6856134008901920,4.98581665979429797E-017)
   1.0000000000000000                1           4
               (0.0000000000000000,0.0000000000000000)
  -1.5707963267948966        0.0000000000000000     
        (0.61810777103773884,2.76808228624493633E-017)
   0.0000000000000000        0.0000000000000000     
              (0.38096112697602069,0.0000000000000000)
   1.5707963267948966        0.0000000000000000     
       (0.61810777103773884,-2.76808228624493633E-017)
   3.1415926535897931        0.0000000000000000     
         (1.7593787024195833,5.53616457248987266E-017)
   1.0000000000000000                1           4
               (0.0000000000000000,0.0000000000000000)
  -1.5707963267948966        0.0000000000000000     
        (0.63961688820016960,8.07932577524061367E-017)
   0.0000000000000000        0.0000000000000000     
              (0.37491767057175601,0.0000000000000000)
   1.5707963267948966        0.0000000000000000     
       (0.63961688820016960,-8.07932577524061367E-017)
   3.1415926535897931        0.0000000000000000     
         (1.7300923717282921,5.05642130422966070E-017)
   1.0000000000000000                1           4
               (0.0000000000000000,0.0000000000000000)
  -1.5707963267948966        0.0000000000000000     
       (0.65357080440305615,-8.73201702862670600E-017)
   0.0000000000000000        0.0000000000000000     
              (0.36062572558713274,0.0000000000000000)
   1.5707963267948966        0.0000000000000000     
        (0.65357080440305615,8.73201702862670600E-017)
   3.1415926535897931        0.0000000000000000     
         (1.7206862707217578,4.74042643524971942E-017)
   1.0000000000000000                1           4
               (0.0000000000000000,0.0000000000000000)
  -1.5707963267948966        0.0000000000000000     
        (0.66690947787331245,2.20361399583090878E-017)
   0.0000000000000000        0.0000000000000000     
              (0.36946438643590301,0.0000000000000000)
   1.5707963267948966        0.0000000000000000     
       (0.66690947787331245,-2.20361399583090878E-017)
   3.1415926535897931        0.0000000000000000     
         (1.6841095214700386,4.40722799166181756E-017)
   1.0000000000000000                1           4
               (0.0000000000000000,0.0000000000000000)
  -1.5707963267948966        0.0000000000000000     
       (0.66239084292526051,-8.80836768178906338E-017)
   0.0000000000000000        0.0000000000000000     
              (0.25583938222709035,0.0000000000000000)
   1.5707963267948966        0.0000000000000000     
        (0.66239084292526051,8.80836768178906338E-017)
   3.1415926535897931        0.0000000000000000     
         (1.8181746752948640,4.58772512892500652E-017)
   1.0000000000000000                1           4
               (0.0000000000000000,0.0000000000000000)
  -1.5707963267948966        0.0000000000000000     
        (0.61680247391012177,2.83111740008800371E-017)
   0.0000000000000000        0.0000000000000000     
              (0.25801081201245757,0.0000000000000000)
   1.5707963267948966        0.0000000000000000     
       (0.61680247391012177,-2.83111740008800371E-017)
   3.1415926535897931        0.0000000000000000     
         (1.9003072537644532,5.66223480017600742E-017)
   1.0000000000000000                1           4
               (0.0000000000000000,0.0000000000000000)
  -1.5707963267948966        0.0000000000000000     
        (0.68082474571250107,7.60171335466272943E-017)
   0.0000000000000000        0.0000000000000000     
              (0.37629794958658169,0.0000000000000000)
   1.5707963267948966        0.0000000000000000     
       (0.68082474571250107,-7.60171335466272943E-017)
   3.1415926535897931        0.0000000000000000     
         (1.6551277525678010,4.10119646307389346E-017)
   1.0000000000000000                1           4
               (0.0000000000000000,0.0000000000000000)
  -1.5707963267948966        0.0000000000000000     
       (0.59777405336821143,-2.51885543936159070E-017)
   0.0000000000000000        0.0000000000000000     
              (0.30833231335363265,0.0000000000000000)
   1.5707963267948966        0.0000000000000000     
        (0.59777405336821143,2.51885543936159070E-017)
   3.1415926535897931        0.0000000000000000     
         (1.8776269669147405,6.06451936752838400E-017)
   1.0000000000000000                1           4
               (0.0000000000000000,0.0000000000000000)
  -1.5707963267948966        0.0000000000000000     
       (0.66732943808587364,-3.42577087673332715E-017)
   0.0000000000000000        0.0000000000000000     
              (0.49290371187776622,0.0000000000000000)
   1.5707963267948966        0.0000000000000000     
        (0.66732943808587364,3.42577087673332715E-017)
   3.1415926535897931        0.0000000000000000     
         (1.5359452762094177,4.25068849278491171E-017)
   1.0000000000000000                1           4
               (0.0000000000000000,0.0000000000000000)
  -1.5707963267948966        0.0000000000000000     
        (0.63546447870820277,2.59829871227774328E-017)
   0.0000000000000000        0.0000000000000000     
              (0.27595712684034435,0.0000000000000000)
   1.5707963267948966        0.0000000000000000     
       (0.63546447870820277,-2.59829871227774328E-017)
   3.1415926535897931        0.0000000000000000     
         (1.8436405942022038,5.19659742455548656E-017)
   1.0000000000000000                1           4
               (0.0000000000000000,0.0000000000000000)
  -1.5707963267948966        0.0000000000000000     
        (0.60739840676697043,8.45188240778067419E-017)
   0.0000000000000000        0.0000000000000000     
              (0.33593987332693143,0.0000000000000000)
   1.5707963267948966        0.0000000000000000     
       (0.60739840676697043,-8.45188240778067419E-017)
   3.1415926535897931        0.0000000000000000     
         (1.8263194368793625,5.80153456930978299E-017)
   1.0000000000000000                1           4
               (0.0000000000000000,0.0000000000000000)
  -1.5707963267948966        0.0000000000000000     
        (0.61815699269158331,2.84226671239888781E-017)
   0.0000000000000000        0.0000000000000000     
              (0.28956293983264808,0.0000000000000000)
   1.5707963267948966        0.0000000000000000     
       (0.61815699269158331,-2.84226671239888781E-017)
   3.1415926535897931        0.0000000000000000     
         (1.8751058052666376,5.68453342479777563E-017)
   1.0000000000000000                1           4
               (0.0000000000000000,0.0000000000000000)
  -1.5707963267948966        0.0000000000000000     
        (0.62071587142197071,2.76272940959331073E-017)
   0.0000000000000000        0.0000000000000000     
              (0.27284516611685772,0.0000000000000000)
   1.5707963267948966        0.0000000000000000     
       (0.62071587142197071,-2.76272940959331073E-017)
   3.1415926535897931        0.0000000000000000     
         (1.8709624818506934,5.52545881918662147E-017)
   1.0000000000000000                1           4
               (0.0000000000000000,0.0000000000000000)
  -1.5707963267948966        0.0000000000000000     
       (0.59538568149724092,-8.04136336500715828E-017)
   0.0000000000000000        0.0000000000000000     
              (0.26293018728484829,0.0000000000000000)
   1.5707963267948966        0.0000000000000000     
        (0.59538568149724092,8.04136336500715828E-017)
   3.1415926535897931        0.0000000000000000     
         (1.9275961690270544,6.12173376248881671E-017)
   1.0000000000000000                1           4
               (0.0000000000000000,0.0000000000000000)
  -1.5707963267948966        0.0000000000000000     
        (0.66252212789627707,2.24552288378327454E-017)
   0.0000000000000000        0.0000000000000000     
              (0.39082674849544208,0.0000000000000000)
   1.5707963267948966        0.0000000000000000     
       (0.66252212789627707,-2.24552288378327454E-017)
   3.1415926535897931        0.0000000000000000     
         (1.6676609410599554,4.49104576756654907E-017)
   1.0000000000000000                1           4
               (0.0000000000000000,0.0000000000000000)
  -1.5707963267948966        0.0000000000000000     
       (0.69138492543184271,-3.68431292911577508E-017)
   0.0000000000000000        0.0000000000000000     
              (0.45489176911009782,0.0000000000000000)
   1.5707963267948966        0.0000000000000000     
        (0.69138492543184271,3.68431292911577508E-017)
   3.1415926535897931        0.0000000000000000     
         (1.5376219508625415,3.73360438802001587E-017)
   1.0000000000000000                1           4
               (0.0000000000000000,0.0000000000000000)
  -1.5707963267948966        0.0000000000000000     
       (0.54766532207026120,-1.79796011284275389E-017)
   0.0000000000000000        0.0000000000000000     
              (0.17906673409530638,0.0000000000000000)
   1.5707963267948966        0.0000000000000000     
        (0.54766532207026120,1.79796011284275389E-017)
   3.1415926535897931        0.0000000000000000     
         (2.1421373660967471,7.50631002056605886E-017)
   1.0000000000000000                1           4
               (0.0000000000000000,0.0000000000000000)
  -1.5707963267948966        0.0000000000000000     
        (0.67248358296913380,2.15380632898278500E-017)
   0.0000000000000000        0.0000000000000000     
              (0.31464173734715378,0.0000000000000000)
   1.5707963267948966        0.0000000000000000     
       (0.67248358296913380,-2.15380632898278500E-017)
   3.1415926535897931        0.0000000000000000     
         (1.7338119621720123,4.30761265796556999E-017)
   1.0000000000000000                1           4
               (0.0000000000000000,0.0000000000000000)
  -1.5707963267948966        0.0000000000000000     
        (0.67263360702636210,2.12249514399562348E-017)
   0.0000000000000000        0.0000000000000000     
              (0.36507401519910787,0.0000000000000000)
   1.5707963267948966        0.0000000000000000     
       (0.67263360702636210,-2.12249514399562348E-017)
   3.1415926535897931        0.0000000000000000     
         (1.6734527233053644,4.24499028799124696E-017)
   1.0000000000000000                1           4
               (0.0000000000000000,0.0000000000000000)
  -1.5707963267948966        0.0000000000000000     
        (0.63433702333589059,2.62786376170260400E-017)
   0.0000000000000000        0.0000000000000000     
              (0.32904828718426349,0.0000000000000000)
   1.5707963267948966        0.0000000000000000     
       (0.63433702333589059,-2.62786376170260400E-017)
   3.1415926535897931        0.0000000000000000     
         (1.7979512010865895,5.25572752340520799E-017)
   1.0000000000000000                1           4
               (0.0000000000000000,0.0000000000000000)
  -1.5707963267948966        0.0000000000000000     
        (0.65396839073591417,2.34229536180613449E-017)
   0.0000000000000000        0.0000000000000000     
              (0.43656673483002834,0.0000000000000000)
   1.5707963267948966        0.0000000000000000     
       (0.65396839073591417,-2.34229536180613449E-017)
   3.1415926535897931        0.0000000000000000     
         (1.6364217704325066,4.68459072361226898E-017)
   1.0000000000000000                1           4
               (0.0000000000000000,0.0000000000000000)
  -1.5707963267948966        0.0000000000000000     
        (0.69627053939782391,1.00929872672772069E-016)
   0.0000000000000000        0.0000000000000000     
              (0.53657721204105679,0.0000000000000000)
   1.5707963267948966        0.0000000000000000     
       (0.69627053939782391,-1.00929872672772069E-016)
   3.1415926535897931        0.0000000000000000     
         (1.4328859911804450,3.53262916517706444E-017)
   1.0000000000000000                1           4
               (0.0000000000000000,0.0000000000000000)
  -1.5707963267948966        0.0000000000000000     
        (0.65408753422765686,7.91347673303706065E-017)
   0.0000000000000000        0.0000000000000000     
              (0.28341306994625171,0.0000000000000000)
   1.5707963267948966        0.0000000000000000     
       (0.65408753422765686,-7.91347673303706065E-017)
   3.1415926535897931        0.0000000000000000     
         (1.7963678563142824,4.72472321982255466E-017)
   1.0000000000000000                1           4
               (0.0000000000000000,0.0000000000000000)
  -1.5707963267948966        0.0000000000000000     
       (0.68838881997627444,-1.46951665647550745E-016)
   0.0000000000000000        0.0000000000000000     
              (0.37736684644958496,0.0000000000000000)
   1.5707963267948966        0.0000000000000000     
        (0.68838881997627444,1.46951665647550745E-016)
   3.1415926535897931        0.0000000000000000     
         (1.6390005285957709,3.91635760924454966E-017)
   1.0000000000000000                1           4
               (0.0000000000000000,0.0000000000000000)
  -1.5707963267948966        0.0000000000000000     
        (0.66923562501277767,7.70645469248391312E-017)
   0.0000000000000000        0.0000000000000000     
              (0.41820521081236683,0.0000000000000000)
   1.5707963267948966        0.0000000000000000     
       (0.66923562501277767,-7.70645469248391312E-017)
   3.1415926535897931        0.0000000000000000     
         (1.6242533671052020,4.31067913871626145E-017)
   1.0000000000000000                1           4
               (0.0000000000000000,0.0000000000000000)
  -1.5707963267948966        0.0000000000000000     
       (0.64812421753756189,-8.64143006128778557E-017)
   0.0000000000000000        0.0000000000000000     
              (0.26401407557686196,0.0000000000000000)
   1.5707963267948966        0.0000000000000000     
        (0.64812421753756189,8.64143006128778557E-017)
   3.1415926535897931        0.0000000000000000     
         (1.8359926959188806,4.92160036992756152E-017)
   1.0000000000000000                1           4
               (0.0000000000000000,0.0000000000000000)
  -1.5707963267948966        0.0000000000000000     
        (0.57712677724225547,1.44664912624223057E-016)
   0.0000000000000000        0.0000000000000000     
              (0.10352166355755943,0.0000000000000000)
   1.5707963267948966        0.0000000000000000     
       (0.57712677724225547,-1.44664912624223057E-016)
   3.1415926535897931        0.0000000000000000     
         (2.1495829289611241,6.72852203234147806E-017)
   1.0000000000000000                1           4
               (0.0000000000000000,0.0000000000000000)
  -1.5707963267948966        0.0000000000000000     
        (0.65621133038621338,1.34275674995472973E-016)
   0.0000000000000000        0.0000000000000000     
              (0.34195780813702614,0.0000000000000000)
   1.5707963267948966        0.0000000000000000     
       (0.65621133038621338,-1.34275674995472973E-016)
   3.1415926535897931        0.0000000000000000     
         (1.7299776378448901,4.65067450659146137E-017)
   1.0000000000000000                1           4
               (0.0000000000000000,0.0000000000000000)
  -1.5707963267948966        0.0000000000000000     
        (0.60989458644642769,1.40295985858826719E-016)
   0.0000000000000000        0.0000000000000000     
              (0.26741985033597326,0.0000000000000000)
   1.5707963267948966        0.0000000000000000     
       (0.60989458644642769,-1.40295985858826719E-016)
   3.1415926535897931        0.0000000000000000     
         (1.9085203831465165,5.85473667926221183E-017)
   1.0000000000000000                1           4
               (0.0000000000000000,0.0000000000000000)
  -1.5707963267948966        0.0000000000000000     
        (0.58506014509400206,3.19498555934282474E-017)
   0.0000000000000000        0.0000000000000000     
              (0.28706371535353165,0.0000000000000000)
   1.5707963267948966        0.0000000000000000     
       (0.58506014509400206,-3.19498555934282474E-017)
   3.1415926535897931        0.0000000000000000     
         (1.9266180528270818,6.38997111868564948E-017)
   1.0000000000000000                1           4
               (0.0000000000000000,0.0000000000000000)
  -1.5707963267948966        0.0000000000000000     
        (0.68398659494104508,7.56577807006670558E-017)
   0.0000000000000000        0.0000000000000000     
              (0.32654589598284811,0.0000000000000000)
   1.5707963267948966        0.0000000000000000     
       (0.68398659494104508,-7.56577807006670558E-017)
   3.1415926535897931        0.0000000000000000     
         (1.6994661499493653,4.02932589388184638E-017)
   1.0000000000000000                1           4
               (0.0000000000000000,0.0000000000000000)
  -1.5707963267948966        0.0000000000000000     
        (0.67944260545679347,7.59879162713519834E-017)
   0.0000000000000000        0.0000000000000000     
              (0.37624006476521799,0.0000000000000000)
   1.5707963267948966        0.0000000000000000     
       (0.67944260545679347,-7.59879162713519834E-017)
   3.1415926535897931        0.0000000000000000     
         (1.6514670482462104,4.09535300801883005E-017)
   1.0000000000000000                1           4
               (0.0000000000000000,0.0000000000000000)
  -1.5707963267948966        0.0000000000000000     
       (0.66891522379558133,-8.90295377684645009E-017)
   0.0000000000000000        0.0000000000000000     
              (0.28422972973517274,0.0000000000000000)
   1.5707963267948966        0.0000000000000000     
        (0.66891522379558133,8.90295377684645009E-017)
   3.1415926535897931        0.0000000000000000     
         (1.7719389263700975,4.39855293881023125E-017)
   1.0000000000000000                1           4
               (0.0000000000000000,0.0000000000000000)
  -1.5707963267948966        0.0000000000000000     
        (0.62934712707436835,1.93325292025485658E-016)
   0.0000000000000000        0.0000000000000000     
              (0.23661507098360074,0.0000000000000000)
   1.5707963267948966        0.0000000000000000     
       (0.62934712707436835,-1.93325292025485658E-016)
   3.1415926535897931        0.0000000000000000     
         (1.8971670321797487,5.35836766634243595E-017)
   1.0000000000000000                1           4
               (0.0000000000000000,0.0000000000000000)
  -1.5707963267948966        0.0000000000000000     
        (0.64458188311266484,1.35915352244367820E-016)
   0.0000000000000000        0.0000000000000000     
              (0.30403594430825476,0.0000000000000000)
   1.5707963267948966        0.0000000000000000     
       (0.64458188311266484,-1.35915352244367820E-016)
   3.1415926535897931        0.0000000000000000     
         (1.7981965303539462,4.97860995637043267E-017)
   1.0000000000000000                1           4
               (0.0000000000000000,0.0000000000000000)
  -1.5707963267948966        0.0000000000000000     
       (0.59366325748430193,-2.44554649905117327E-017)
   0.0000000000000000        0.0000000000000000     
              (0.24889023540405136,0.0000000000000000)
   1.5707963267948966        0.0000000000000000     
        (0.59366325748430193,2.44554649905117327E-017)
   3.1415926535897931        0.0000000000000000     
         (1.9527919701152738,6.21113724814922009E-017)
   1.0000000000000000                1           4
               (0.0000000000000000,0.0000000000000000)
  -1.5707963267948966        0.0000000000000000     
        (0.67718534425252719,7.58900796430106456E-017)
   0.0000000000000000        0.0000000000000000     
              (0.39909211512725240,0.0000000000000000)
   1.5707963267948966        0.0000000000000000     
       (0.67718534425252719,-7.58900796430106456E-017)
   3.1415926535897931        0.0000000000000000     
         (1.6209048886857398,4.07578568235056309E-017)
   1.0000000000000000                1           4
               (0.0000000000000000,0.0000000000000000)
  -1.5707963267948966        0.0000000000000000     
        (0.60777531144877206,2.95219014340164862E-017)
   0.0000000000000000        0.0000000000000000     
              (0.30943762501975913,0.0000000000000000)
   1.5707963267948966        0.0000000000000000     
       (0.60777531144877206,-2.95219014340164862E-017)
   3.1415926535897931        0.0000000000000000     
         (1.8703714748385145,5.90438028680329723E-017)
   1.0000000000000000                1           4
               (0.0000000000000000,0.0000000000000000)
  -1.5707963267948966        0.0000000000000000     
        (0.62283398265617707,2.74412683448946831E-017)
   0.0000000000000000        0.0000000000000000     
              (0.35693979721778818,0.0000000000000000)
   1.5707963267948966        0.0000000000000000     
       (0.62283398265617707,-2.74412683448946831E-017)
   3.1415926535897931        0.0000000000000000     
         (1.7850280110860426,5.48825366897893662E-017)
   1.0000000000000000                1           4
               (0.0000000000000000,0.0000000000000000)
  -1.5707963267948966        0.0000000000000000     
        (0.62951308120172422,2.63729318010796499E-017)
   0.0000000000000000        0.0000000000000000     
              (0.34573689922802797,0.0000000000000000)
   1.5707963267948966        0.0000000000000000     
       (0.62951308120172422,-2.63729318010796499E-017)
   3.1415926535897931        0.0000000000000000     
         (1.7746945865532795,5.27458636021592999E-017)
   1.0000000000000000                1           4
               (0.0000000000000000,0.0000000000000000)
  -1.5707963267948966        0.0000000000000000     
        (0.60815823513240352,2.93911761784800762E-017)
   0.0000000000000000        0.0000000000000000     
              (0.31043648060491436,0.0000000000000000)
   1.5707963267948966        0.0000000000000000     
       (0.60815823513240352,-2.93911761784800762E-017)
   3.1415926535897931        0.0000000000000000     
         (1.8658686557452768,5.87823523569601524E-017)
   1.0000000000000000                1           4
               (0.0000000000000000,0.0000000000000000)
  -1.5707963267948966        0.0000000000000000     
        (0.58490180238221279,3.21284189165287826E-017)
   0.0000000000000000        0.0000000000000000     
              (0.27982340202752176,0.0000000000000000)
   1.5707963267948966        0.0000000000000000     
       (0.58490180238221279,-3.21284189165287826E-017)
   3.1415926535897931        0.0000000000000000     
         (1.9393740014680265,6.42568378330575651E-017)
   1.0000000000000000                1           4
               (0.0000000000000000,0.0000000000000000)
  -1.5707963267948966        0.0000000000000000     
        (0.61845160533072274,8.34284808320193467E-017)
   0.0000000000000000        0.0000000000000000     
              (0.33364319809287479,0.0000000000000000)
   1.5707963267948966        0.0000000000000000     
       (0.61845160533072274,-8.34284808320193467E-017)
   3.1415926535897931        0.0000000000000000     
         (1.8151091961927359,5.58346592015230393E-017)
   1.0000000000000000                1           4
               (0.0000000000000000,0.0000000000000000)
  -1.5707963267948966        0.0000000000000000     
        (0.61042052076629694,2.94471489297790876E-017)
   0.0000000000000000        0.0000000000000000     
              (0.18251601335954989,0.0000000000000000)
   1.5707963267948966        0.0000000000000000     
       (0.61042052076629694,-2.94471489297790876E-017)
   3.1415926535897931        0.0000000000000000     
         (2.0001419030558703,5.88942978595581752E-017)
   1.0000000000000000                1           4
               (0.0000000000000000,0.0000000000000000)
  -1.5707963267948966        0.0000000000000000     
        (0.61472839639003918,2.86115780552717992E-017)
   0.0000000000000000        0.0000000000000000     
              (0.24121124064762128,0.0000000000000000)
   1.5707963267948966        0.0000000000000000     
       (0.61472839639003918,-2.86115780552717992E-017)
   3.1415926535897931        0.0000000000000000     
         (1.9227706111190086,5.72231561105435985E-017)
   1.0000000000000000                1           4
               (0.0000000000000000,0.0000000000000000)
  -1.5707963267948966        0.0000000000000000     
       (0.66711062203296645,-3.36289249213541792E-017)
   0.0000000000000000        0.0000000000000000     
              (0.45455913403243720,0.0000000000000000)
   1.5707963267948966        0.0000000000000000     
        (0.66711062203296645,3.36289249213541792E-017)
   3.1415926535897931        0.0000000000000000     
         (1.5943898609291467,4.37644526198072956E-017)
   1.0000000000000000                1           4
               (0.0000000000000000,0.0000000000000000)
  -1.5707963267948966        0.0000000000000000     
        (0.58678814494566511,3.19175213770805051E-017)
   0.0000000000000000        0.0000000000000000     
              (0.25547986570421682,0.0000000000000000)
   1.5707963267948966        0.0000000000000000     
       (0.58678814494566511,-3.19175213770805051E-017)
   3.1415926535897931        0.0000000000000000     
         (1.9606017865267766,6.38350427541610102E-017)
   1.0000000000000000                1           4
               (0.0000000000000000,0.0000000000000000)
  -1.5707963267948966        0.0000000000000000     
       (0.65213716907932262,-3.16687610493172430E-017)
   0.0000000000000000        0.0000000000000000     
              (0.34075524158267240,0.0000000000000000)
   1.5707963267948966        0.0000000000000000     
        (0.65213716907932262,3.16687610493172430E-017)
   3.1415926535897931        0.0000000000000000     
         (1.7422706582030669,4.76847803638811743E-017)
   1.0000000000000000                1           4
               (0.0000000000000000,0.0000000000000000)
  -1.5707963267948966        0.0000000000000000     
       (0.63963545560678881,-8.57495700617634742E-017)
   0.0000000000000000        0.0000000000000000     
              (0.36010521391307859,0.0000000000000000)
   1.5707963267948966        0.0000000000000000     
        (0.63963545560678881,8.57495700617634742E-017)
   3.1415926535897931        0.0000000000000000     
         (1.7446357811923783,5.05454648015043844E-017)
   1.0000000000000000                1           4
               (0.0000000000000000,0.0000000000000000)
  -1.5707963267948966        0.0000000000000000     
       (0.62665746315208493,-2.81008272876467259E-017)
   0.0000000000000000        0.0000000000000000     
              (0.28686359143352957,0.0000000000000000)
   1.5707963267948966        0.0000000000000000     
        (0.62665746315208493,2.81008272876467259E-017)
   3.1415926535897931        0.0000000000000000     
         (1.8617404570141098,5.48206478872222084E-017)
   1.0000000000000000                1           4
               (0.0000000000000000,0.0000000000000000)
  -1.5707963267948966        0.0000000000000000     
        (0.60553473350222431,2.98031427455009091E-017)
   0.0000000000000000        0.0000000000000000     
              (0.26181586599339551,0.0000000000000000)
   1.5707963267948966        0.0000000000000000     
       (0.60553473350222431,-2.98031427455009091E-017)
   3.1415926535897931        0.0000000000000000     
         (1.9226981163195003,5.96062854910018182E-017)
   1.0000000000000000                1           4
               (0.0000000000000000,0.0000000000000000)
  -1.5707963267948966        0.0000000000000000     
       (0.62075521496992503,-2.76928299046839416E-017)
   0.0000000000000000        0.0000000000000000     
              (0.29284836849731655,0.0000000000000000)
   1.5707963267948966        0.0000000000000000     
        (0.62075521496992503,2.76928299046839416E-017)
   3.1415926535897931        0.0000000000000000     
         (1.8572773894192884,5.56366426531477708E-017)
   1.0000000000000000                1           4
               (0.0000000000000000,0.0000000000000000)
  -1.5707963267948966        0.0000000000000000     
        (0.69771061026670089,1.82701350869631505E-017)
   0.0000000000000000        0.0000000000000000     
              (0.34893136423052584,0.0000000000000000)
   1.5707963267948966        0.0000000000000000     
       (0.69771061026670089,-1.82701350869631505E-017)
   3.1415926535897931        0.0000000000000000     
         (1.6432377545436923,3.65402701739263010E-017)
   1.0000000000000000                1           4
               (0.0000000000000000,0.0000000000000000)
  -1.5707963267948966        0.0000000000000000     
        (0.62319293735812598,8.24703561415598243E-017)
   0.0000000000000000        0.0000000000000000     
              (0.36547501220557443,0.0000000000000000)
   1.5707963267948966        0.0000000000000000     
       (0.62319293735812598,-8.24703561415598243E-017)
   3.1415926535897931        0.0000000000000000     
         (1.7614653188346412,5.39184098206040007E-017)
   1.0000000000000000                1           4
               (0.0000000000000000,0.0000000000000000)
  -1.5707963267948966        0.0000000000000000     
       (0.67198112549706324,-3.41667476227767729E-017)
   0.0000000000000000        0.0000000000000000     
              (0.38689510568816510,0.0000000000000000)
   1.5707963267948966        0.0000000000000000     
        (0.67198112549706324,3.41667476227767729E-017)
   3.1415926535897931        0.0000000000000000     
         (1.6542282736685836,4.26888072169621143E-017)
   1.0000000000000000                1           4
               (0.0000000000000000,0.0000000000000000)
  -1.5707963267948966        0.0000000000000000     
        (0.64180665425428840,2.48687500321468749E-017)
   0.0000000000000000        0.0000000000000000     
              (0.39716839646987140,0.0000000000000000)
   1.5707963267948966        0.0000000000000000     
       (0.64180665425428840,-2.48687500321468749E-017)
   3.1415926535897931        0.0000000000000000     
         (1.6987199304182568,4.97375000642937497E-017)
   1.0000000000000000                1           4
               (0.0000000000000000,0.0000000000000000)
  -1.5707963267948966        0.0000000000000000     
        (0.61278706723897469,2.90308315305966763E-017)
   0.0000000000000000        0.0000000000000000     
              (0.32155518814700712,0.0000000000000000)
   1.5707963267948966        0.0000000000000000     
       (0.61278706723897469,-2.90308315305966763E-017)
   3.1415926535897931        0.0000000000000000     
         (1.8522378630278729,5.80616630611933526E-017)
   1.0000000000000000                1           4
               (0.0000000000000000,0.0000000000000000)
  -1.5707963267948966        0.0000000000000000     
        (0.52675954108439826,3.97471551346984613E-017)
   0.0000000000000000        0.0000000000000000     
              (0.11016873477887168,0.0000000000000000)
   1.5707963267948966        0.0000000000000000     
       (0.52675954108439826,-3.97471551346984613E-017)
   3.1415926535897931        0.0000000000000000     
         (2.2415909556166222,7.94943102693969226E-017)
   1.0000000000000000                1           4
               (0.0000000000000000,0.0000000000000000)
  -1.5707963267948966        0.0000000000000000     
        (0.66660324020320028,2.15776848422723141E-017)
   0.0000000000000000        0.0000000000000000     
              (0.45018807381471015,0.0000000000000000)
   1.5707963267948966        0.0000000000000000     
       (0.66660324020320028,-2.15776848422723141E-017)
   3.1415926535897931        0.0000000000000000     
         (1.5877990782856199,4.31553696845446282E-017)
   1.0000000000000000                1           4
               (0.0000000000000000,0.0000000000000000)
  -1.5707963267948966        0.0000000000000000     
        (0.58967004349868435,3.21449465685842499E-017)
   0.0000000000000000        0.0000000000000000     
              (0.21325967662706652,0.0000000000000000)
   1.5707963267948966        0.0000000000000000     
       (0.58967004349868435,-3.21449465685842499E-017)
   3.1415926535897931        0.0000000000000000     
         (2.0160140431847533,6.42898931371684999E-017)
   1.0000000000000000                1           4
               (0.0000000000000000,0.0000000000000000)
  -1.5707963267948966        0.0000000000000000     
        (0.65467504532378784,2.42162452546588943E-017)
   0.0000000000000000        0.0000000000000000     
              (0.22521383058122804,0.0000000000000000)
   1.5707963267948966        0.0000000000000000     
       (0.65467504532378784,-2.42162452546588943E-017)
   3.1415926535897931        0.0000000000000000     
         (1.8750988550453793,4.84324905093177887E-017)
   1.0000000000000000                1           4
               (0.0000000000000000,0.0000000000000000)
  -1.5707963267948966        0.0000000000000000     
       (0.63061609951581832,-2.90023455415917701E-017)
   0.0000000000000000        0.0000000000000000     
              (0.29687298212887769,0.0000000000000000)
   1.5707963267948966        0.0000000000000000     
        (0.63061609951581832,2.90023455415917701E-017)
   3.1415926535897931        0.0000000000000000     
         (1.8302025182733264,5.30176113793321200E-017)
   1.0000000000000000                1           4
               (0.0000000000000000,0.0000000000000000)
  -1.5707963267948966        0.0000000000000000     
        (0.60974599927326234,2.93526098795948260E-017)
   0.0000000000000000        0.0000000000000000     
              (0.27400468218450252,0.0000000000000000)
   1.5707963267948966        0.0000000000000000     
       (0.60974599927326234,-2.93526098795948260E-017)
   3.1415926535897931        0.0000000000000000     
         (1.9042163115312825,5.87052197591896520E-017)
   1.0000000000000000                1           4
               (0.0000000000000000,0.0000000000000000)
  -1.5707963267948966        0.0000000000000000     
       (0.65324389049034570,-3.18517821573456582E-017)
   0.0000000000000000        0.0000000000000000     
              (0.37830072258381170,0.0000000000000000)
   1.5707963267948966        0.0000000000000000     
        (0.65324389049034570,3.18517821573456582E-017)
   3.1415926535897931        0.0000000000000000     
         (1.7009606969801756,4.73187381478243376E-017)
   1.0000000000000000                1           4
               (0.0000000000000000,0.0000000000000000)
  -1.5707963267948966        0.0000000000000000     
        (0.67074869781755864,7.68171234076995927E-017)
   0.0000000000000000        0.0000000000000000     
              (0.45388334830525512,0.0000000000000000)
   1.5707963267948966        0.0000000000000000     
       (0.67074869781755864,-7.68171234076995927E-017)
   3.1415926535897931        0.0000000000000000     
         (1.5835199098618447,4.26119443528835190E-017)
   1.0000000000000000                1           4
               (0.0000000000000000,0.0000000000000000)
  -1.5707963267948966        0.0000000000000000     
       (0.59774859966014204,-2.53212640594066712E-017)
   0.0000000000000000        0.0000000000000000     
              (0.34898355347351684,0.0000000000000000)
   1.5707963267948966        0.0000000000000000     
        (0.59774859966014204,2.53212640594066712E-017)
   3.1415926535897931        0.0000000000000000     
         (1.8325901927456945,6.03797743437023116E-017)
   1.0000000000000000                1           4
               (0.0000000000000000,0.0000000000000000)
  -1.5707963267948966        0.0000000000000000     
        (0.59362942076419178,1.42004990087287636E-016)
   0.0000000000000000        0.0000000000000000     
              (0.30044423134857934,0.0000000000000000)
   1.5707963267948966        0.0000000000000000     
       (0.59362942076419178,-1.42004990087287636E-016)
   3.1415926535897931        0.0000000000000000     
         (1.8987859849906754,6.19653752495439754E-017)
   1.0000000000000000                1           4
               (0.0000000000000000,0.0000000000000000)
  -1.5707963267948966        0.0000000000000000     
        (0.58443193559321893,3.22450440563891002E-017)
   0.0000000000000000        0.0000000000000000     
              (0.28465317426337355,0.0000000000000000)
   1.5707963267948966        0.0000000000000000     
       (0.58443193559321893,-3.22450440563891002E-017)
   3.1415926535897931        0.0000000000000000     
         (1.9374137618015046,6.44900881127782003E-017)
   1.0000000000000000                1           4
               (0.0000000000000000,0.0000000000000000)
  -1.5707963267948966        0.0000000000000000     
        (0.56733966633331789,1.45464611444723618E-016)
   0.0000000000000000        0.0000000000000000     
              (0.14387815529113740,0.0000000000000000)
   1.5707963267948966        0.0000000000000000     
       (0.56733966633331789,-1.45464611444723618E-016)
   3.1415926535897931        0.0000000000000000     
         (2.1157723611057970,6.88846179644159281E-017)
   1.0000000000000000                1           4
               (0.0000000000000000,0.0000000000000000)
  -1.5707963267948966        0.0000000000000000     
       (0.60867039852747740,-2.60214760864668427E-017)
   0.0000000000000000        0.0000000000000000     
              (0.22749920970865370,0.0000000000000000)
   1.5707963267948966        0.0000000000000000     
        (0.60867039852747740,2.60214760864668427E-017)
   3.1415926535897931        0.0000000000000000     
         (1.9530474738214170,5.89793502895819810E-017)
   1.0000000000000000                1           4
               (0.0000000000000000,0.0000000000000000)
  -1.5707963267948966        0.0000000000000000     
        (0.64676701468911180,2.45464457215649088E-017)
   0.0000000000000000        0.0000000000000000     
              (0.32728299964334007,0.0000000000000000)
   1.5707963267948966        0.0000000000000000     
       (0.64676701468911180,-2.45464457215649088E-017)
   3.1415926535897931        0.0000000000000000     
         (1.7679987904330734,4.90928914431298175E-017)
   1.0000000000000000                1           4
               (0.0000000000000000,0.0000000000000000)
  -1.5707963267948966        0.0000000000000000     
        (0.61588927063872090,8.41869677745576857E-017)
   0.0000000000000000        0.0000000000000000     
              (0.25779614157175007,0.0000000000000000)
   1.5707963267948966        0.0000000000000000     
       (0.61588927063872090,-8.41869677745576857E-017)
   3.1415926535897931        0.0000000000000000     
         (1.9106056469395907,5.73516330865997173E-017)
   1.0000000000000000                1           4
               (0.0000000000000000,0.0000000000000000)
  -1.5707963267948966        0.0000000000000000     
        (0.66185924522414208,2.19989556132137803E-017)
   0.0000000000000000        0.0000000000000000     
              (0.34804694696995253,0.0000000000000000)
   1.5707963267948966        0.0000000000000000     
       (0.66185924522414208,-2.19989556132137803E-017)
   3.1415926535897931        0.0000000000000000     
         (1.6942119627577616,4.39979112264275606E-017)
   1.0000000000000000                1           4
               (0.0000000000000000,0.0000000000000000)
  -1.5707963267948966        0.0000000000000000     
        (0.60537289919159343,2.93283834686784101E-017)
   0.0000000000000000        0.0000000000000000     
              (0.30117461125803152,0.0000000000000000)
   1.5707963267948966        0.0000000000000000     
       (0.60537289919159343,-2.93283834686784101E-017)
   3.1415926535897931        0.0000000000000000     
         (1.8675088876637258,5.86567669373568202E-017)
   1.0000000000000000                1           4
               (0.0000000000000000,0.0000000000000000)
  -1.5707963267948966        0.0000000000000000     
        (0.66679548129763300,2.21073149101081811E-017)
   0.0000000000000000        0.0000000000000000     
              (0.39825683796617717,0.0000000000000000)
   1.5707963267948966        0.0000000000000000     
       (0.66679548129763300,-2.21073149101081811E-017)
   3.1415926535897931        0.0000000000000000     
         (1.6574138271359715,4.42146298202163622E-017)
   1.0000000000000000                1           4
               (0.0000000000000000,0.0000000000000000)
  -1.5707963267948966        0.0000000000000000     
        (0.60331078399522187,2.97732733894995922E-017)
   0.0000000000000000        0.0000000000000000     
              (0.31862086553065605,0.0000000000000000)
   1.5707963267948966        0.0000000000000000     
       (0.60331078399522187,-2.97732733894995922E-017)
   3.1415926535897931        0.0000000000000000     
         (1.8604696105638681,5.95465467789991844E-017)
   1.0000000000000000                1           4
               (0.0000000000000000,0.0000000000000000)
  -1.5707963267948966        0.0000000000000000     
        (0.62211627389026192,8.29063514860494474E-017)
   0.0000000000000000        0.0000000000000000     
              (0.35194290685268825,0.0000000000000000)
   1.5707963267948966        0.0000000000000000     
       (0.62211627389026192,-8.29063514860494474E-017)
   3.1415926535897931        0.0000000000000000     
         (1.7870847859072769,5.47904005095832285E-017)
   1.0000000000000000                1           4
               (0.0000000000000000,0.0000000000000000)
  -1.5707963267948966        0.0000000000000000     
        (0.64523343030254665,8.04330531430975538E-017)
   0.0000000000000000        0.0000000000000000     
              (0.33912052045779861,0.0000000000000000)
   1.5707963267948966        0.0000000000000000     
       (0.64523343030254665,-8.04330531430975538E-017)
   3.1415926535897931        0.0000000000000000     
         (1.7653574306655182,4.98438038236794350E-017)
   1.0000000000000000                1           4
               (0.0000000000000000,0.0000000000000000)
  -1.5707963267948966        0.0000000000000000     
        (0.59435270464114920,8.59639570785586028E-017)
   0.0000000000000000        0.0000000000000000     
              (0.38543162511830281,0.0000000000000000)
   1.5707963267948966        0.0000000000000000     
       (0.59435270464114920,-8.59639570785586028E-017)
   3.1415926535897931        0.0000000000000000     
         (1.7979379067013084,6.09056116946015516E-017)
   1.0000000000000000                1           4
               (0.0000000000000000,0.0000000000000000)
  -1.5707963267948966        0.0000000000000000     
        (0.61234289945302645,2.87195252869714693E-017)
   0.0000000000000000        0.0000000000000000     
              (0.35252715528669748,0.0000000000000000)
   1.5707963267948966        0.0000000000000000     
       (0.61234289945302645,-2.87195252869714693E-017)
   3.1415926535897931        0.0000000000000000     
         (1.8102095267627116,5.74390505739429386E-017)
   1.0000000000000000                1           4
               (0.0000000000000000,0.0000000000000000)
  -1.5707963267948966        0.0000000000000000     
       (0.64298092594413181,-3.05024117620700992E-017)
   0.0000000000000000        0.0000000000000000     
              (0.31603733630351832,0.0000000000000000)
   1.5707963267948966        0.0000000000000000     
        (0.64298092594413181,3.05024117620700992E-017)
   3.1415926535897931        0.0000000000000000     
         (1.7867719359707630,5.00174789383754557E-017)
   1.0000000000000000                1           4
               (0.0000000000000000,0.0000000000000000)
  -1.5707963267948966        0.0000000000000000     
        (0.60197153583392016,8.52417886287171758E-017)
   0.0000000000000000        0.0000000000000000     
              (0.27307561466944574,0.0000000000000000)
   1.5707963267948966        0.0000000000000000     
       (0.60197153583392016,-8.52417886287171758E-017)
   3.1415926535897931        0.0000000000000000     
         (1.9019437679203344,5.94612747949186729E-017)
   1.0000000000000000                1           4
               (0.0000000000000000,0.0000000000000000)
  -1.5707963267948966        0.0000000000000000     
        (0.64726865638892694,2.43213220509638552E-017)
   0.0000000000000000        0.0000000000000000     
              (0.40629135022748020,0.0000000000000000)
   1.5707963267948966        0.0000000000000000     
       (0.64726865638892694,-2.43213220509638552E-017)
   3.1415926535897931        0.0000000000000000     
         (1.6826406261512521,4.86426441019277103E-017)
   1.0000000000000000                1           4
               (0.0000000000000000,0.0000000000000000)
  -1.5707963267948966        0.0000000000000000     
       (0.63088253135733474,-2.90272355726132314E-017)
   0.0000000000000000        0.0000000000000000     
              (0.27972096120037560,0.0000000000000000)
   1.5707963267948966        0.0000000000000000     
        (0.63088253135733474,2.90272355726132314E-017)
   3.1415926535897931        0.0000000000000000     
         (1.8470744327766215,5.29678313172892097E-017)
   1.0000000000000000                1           4
               (0.0000000000000000,0.0000000000000000)
  -1.5707963267948966        0.0000000000000000     
        (0.64299108447580056,8.03957609204936344E-017)
   0.0000000000000000        0.0000000000000000     
              (0.33179648044438481,0.0000000000000000)
   1.5707963267948966        0.0000000000000000     
       (0.64299108447580056,-8.03957609204936344E-017)
   3.1415926535897931        0.0000000000000000     
         (1.7669787225987255,4.97692193784716025E-017)
   1.0000000000000000                1           4
               (0.0000000000000000,0.0000000000000000)
  -1.5707963267948966        0.0000000000000000     
        (0.66732704574019908,2.17943480032242464E-017)
   0.0000000000000000        0.0000000000000000     
              (0.45123852080469229,0.0000000000000000)
   1.5707963267948966        0.0000000000000000     
       (0.66732704574019908,-2.17943480032242464E-017)
   3.1415926535897931        0.0000000000000000     
         (1.5952729982506875,4.35886960064484928E-017)
   1.0000000000000000                1           4
               (0.0000000000000000,0.0000000000000000)
  -1.5707963267948966        0.0000000000000000     
        (0.63611806154119876,8.12941420110774134E-017)
   0.0000000000000000        0.0000000000000000     
              (0.25744776640711053,0.0000000000000000)
   1.5707963267948966        0.0000000000000000     
       (0.63611806154119876,-8.12941420110774134E-017)
   3.1415926535897931        0.0000000000000000     
         (1.8569247440082131,5.15659815596391728E-017)
   1.0000000000000000                1           4
               (0.0000000000000000,0.0000000000000000)
  -1.5707963267948966        0.0000000000000000     
        (0.62964105929852887,2.68428258583548505E-017)
   0.0000000000000000        0.0000000000000000     
              (0.31490703683328630,0.0000000000000000)
   1.5707963267948966        0.0000000000000000     
       (0.62964105929852887,-2.68428258583548505E-017)
   3.1415926535897931        0.0000000000000000     
         (1.8211283097816415,5.36856517167097009E-017)
   1.0000000000000000                1           4
               (0.0000000000000000,0.0000000000000000)
  -1.5707963267948966        0.0000000000000000     
       (0.66708450516589735,-3.38517103670347536E-017)
   0.0000000000000000        0.0000000000000000     
              (0.41115682860953096,0.0000000000000000)
   1.5707963267948966        0.0000000000000000     
        (0.66708450516589735,3.38517103670347536E-017)
   3.1415926535897931        0.0000000000000000     
         (1.6304632077422794,4.33188817284461653E-017)
   1.0000000000000000                1           4
               (0.0000000000000000,0.0000000000000000)
  -1.5707963267948966        0.0000000000000000     
        (0.63792539274603111,8.13380835724080647E-017)
   0.0000000000000000        0.0000000000000000     
              (0.29505989687800133,0.0000000000000000)
   1.5707963267948966        0.0000000000000000     
       (0.63792539274603111,-8.13380835724080647E-017)
   3.1415926535897931        0.0000000000000000     
         (1.8243625162582748,5.16538646823004506E-017)
   1.0000000000000000                1           4
               (0.0000000000000000,0.0000000000000000)
  -1.5707963267948966        0.0000000000000000     
       (0.60995004574194767,-2.64799241422229940E-017)
   0.0000000000000000        0.0000000000000000     
              (0.31869421299636214,0.0000000000000000)
   1.5707963267948966        0.0000000000000000     
        (0.60995004574194767,2.64799241422229940E-017)
   3.1415926535897931        0.0000000000000000     
         (1.8494377151035275,5.80624541780696783E-017)
   1.0000000000000000                1           4
               (0.0000000000000000,0.0000000000000000)
  -1.5707963267948966        0.0000000000000000     
        (0.60223250095419167,8.57940164148640420E-017)
   0.0000000000000000        0.0000000000000000     
              (0.22634010158115983,0.0000000000000000)
   1.5707963267948966        0.0000000000000000     
       (0.60223250095419167,-8.57940164148640420E-017)
   3.1415926535897931        0.0000000000000000     
         (1.9672383395552631,6.05657303672124299E-017)
   1.0000000000000000                1           4
               (0.0000000000000000,0.0000000000000000)
  -1.5707963267948966        0.0000000000000000     
        (0.60802239969070904,2.89671632276522493E-017)
   0.0000000000000000        0.0000000000000000     
              (0.37419617808270078,0.0000000000000000)
   1.5707963267948966        0.0000000000000000     
       (0.60802239969070904,-2.89671632276522493E-017)
   3.1415926535897931        0.0000000000000000     
         (1.7879879734064537,5.79343264553044986E-017)
