   1.0000000000000000                1           4
               (1.0000000000000118,0.0000000000000000)
  -1.5707963267948966        0.0000000000000000     
        (0.17119085572099735,2.31089783971614905E-016)
   0.0000000000000000        0.0000000000000000     
               (4.0049107303222895,0.0000000000000000)
   1.5707963267948966        0.0000000000000000     
       (0.17119085572099735,-2.31089783971614905E-016)
   3.1415926535897931        0.0000000000000000     
        (0.25917253924062311,2.40134963018198501E-016)
   1.0000000000000000                1           4
              (0.99999999999997147,0.0000000000000000)
  -1.5707963267948966        0.0000000000000000     
        (0.16832604893995429,2.31276487840970359E-016)
   0.0000000000000000        0.0000000000000000     
               (4.0044084597076068,0.0000000000000000)
   1.5707963267948966        0.0000000000000000     
       (0.16832604893995429,-2.31276487840970359E-016)
   3.1415926535897931        0.0000000000000000     
        (0.26004340745044308,2.40508370756909411E-016)
   1.0000000000000000                1           4
               (1.0000000000000167,0.0000000000000000)
  -1.5707963267948966        0.0000000000000000     
        (0.17277389470444138,2.30987809758561066E-016)
   0.0000000000000000        0.0000000000000000     
               (4.0044220306781355,0.0000000000000000)
   1.5707963267948966        0.0000000000000000     
       (0.17277389470444138,-2.30987809758561066E-016)
   3.1415926535897931        0.0000000000000000     
        (0.25949658628919425,2.39931014592090873E-016)
   1.0000000000000000                1           4
               (1.0000000000002729,0.0000000000000000)
  -1.5707963267948966        0.0000000000000000     
        (0.17074308796459359,1.20045330405969615E-016)
   0.0000000000000000        0.0000000000000000     
               (4.0045074051453131,0.0000000000000000)
   1.5707963267948966        0.0000000000000000     
       (0.17074308796459359,-1.20045330405969615E-016)
   3.1415926535897931        0.0000000000000000     
        (0.25795681897049649,2.40090660811939230E-016)
   1.0000000000000000                1           4
               (1.0000000000000759,0.0000000000000000)
  -1.5707963267948966        0.0000000000000000     
        (0.16691281455644968,9.18425175095991255E-018)
   0.0000000000000000        0.0000000000000000     
               (4.0042416502010818,0.0000000000000000)
   1.5707963267948966        0.0000000000000000     
       (0.16691281455644968,-9.18425175095991255E-018)
   3.1415926535897931        0.0000000000000000     
        (0.25582799627806696,2.40413108426951133E-016)
   1.0000000000000000                1           4
               (1.0000000000000353,0.0000000000000000)
  -1.5707963267948966        0.0000000000000000     
        (0.16819482866721280,9.25751115749598215E-018)
   0.0000000000000000        0.0000000000000000     
               (4.0047733827629335,0.0000000000000000)
   1.5707963267948966        0.0000000000000000     
       (0.16819482866721280,-9.25751115749598215E-018)
   3.1415926535897931        0.0000000000000000     
        (0.26025312574376869,2.40559627240023272E-016)
   1.0000000000000000                1           4
               (1.0000000000000679,0.0000000000000000)
  -1.5707963267948966        0.0000000000000000     
        (0.16086928885169216,2.31472931575416273E-016)
   0.0000000000000000        0.0000000000000000     
               (4.0043234074592151,0.0000000000000000)
   1.5707963267948966        0.0000000000000000     
       (0.16086928885169216,-2.31472931575416273E-016)
   3.1415926535897931        0.0000000000000000     
        (0.25163127881565406,2.40901258225801238E-016)
   1.0000000000000000                1           4
              (0.99999999999998901,0.0000000000000000)
  -1.5707963267948966        0.0000000000000000     
        (0.17009605545668460,1.20177558469107668E-016)
   0.0000000000000000        0.0000000000000000     
               (4.0042314523980487,0.0000000000000000)
   1.5707963267948966        0.0000000000000000     
       (0.17009605545668460,-1.20177558469107668E-016)
   3.1415926535897931        0.0000000000000000     
        (0.26125760299857781,2.40355116938215336E-016)
   1.0000000000000000                1           4
              (0.99999999999999345,0.0000000000000000)
  -1.5707963267948966        0.0000000000000000     
        (0.17061849396523210,1.20179461756979862E-016)
   0.0000000000000000        0.0000000000000000     
               (4.0041695952753562,0.0000000000000000)
   1.5707963267948966        0.0000000000000000     
       (0.17061849396523210,-1.20179461756979862E-016)
   3.1415926535897931        0.0000000000000000     
        (0.26242650323796235,2.40358923513959723E-016)
   1.0000000000000000                1           4
               (1.0000000000000133,0.0000000000000000)
  -1.5707963267948966        0.0000000000000000     
        (0.17465534382771075,2.31032847862457436E-016)
   0.0000000000000000        0.0000000000000000     
               (4.0047492750641833,0.0000000000000000)
   1.5707963267948966        0.0000000000000000     
       (0.17465534382771075,-2.31032847862457436E-016)
   3.1415926535897931        0.0000000000000000     
        (0.26440329625917525,2.40021090799883515E-016)
   1.0000000000000000                1           4
               (1.0000000000000100,0.0000000000000000)
  -1.5707963267948966        0.0000000000000000     
        (0.16806191502379975,1.20151767416907252E-016)
   0.0000000000000000        0.0000000000000000     
               (4.0046348321684144,0.0000000000000000)
   1.5707963267948966        0.0000000000000000     
       (0.16806191502379975,-1.20151767416907252E-016)
   3.1415926535897931        0.0000000000000000     
        (0.25594354266913066,2.40303534833814503E-016)
   1.0000000000000000                1           4
              (0.99999999999999634,0.0000000000000000)
  -1.5707963267948966        0.0000000000000000     
        (0.17142489619001322,2.31079602649863330E-016)
   0.0000000000000000        0.0000000000000000     
               (4.0043046918933731,0.0000000000000000)
   1.5707963267948966        0.0000000000000000     
       (0.17142489619001322,-2.31079602649863330E-016)
   3.1415926535897931        0.0000000000000000     
        (0.25991411140265708,2.40114600374695353E-016)
   1.0000000000000000                1           4
              (0.99999999999999889,0.0000000000000000)
  -1.5707963267948966        0.0000000000000000     
        (0.17082759409600845,9.07607476653100262E-018)
   0.0000000000000000        0.0000000000000000     
               (4.0048855177485425,0.0000000000000000)
   1.5707963267948966        0.0000000000000000     
       (0.17082759409600845,-9.07607476653100262E-018)
   3.1415926535897931        0.0000000000000000     
        (0.25948035935929281,2.40196754458093313E-016)
   1.0000000000000000                1           4
               (1.0000000000000000,0.0000000000000000)
  -1.5707963267948966        0.0000000000000000     
        (0.15949106384799183,9.44549968409659019E-018)
   0.0000000000000000        0.0000000000000000     
               (4.0045759225575965,0.0000000000000000)
   1.5707963267948966        0.0000000000000000     
       (0.15949106384799183,-9.44549968409659019E-018)
   3.1415926535897931        0.0000000000000000     
        (0.24918322755780287,2.40935604293224538E-016)
   1.0000000000000000                1           4
               (1.0000000000000246,0.0000000000000000)
  -1.5707963267948966        0.0000000000000000     
        (0.16915876860516754,1.20157760746030046E-016)
   0.0000000000000000        0.0000000000000000     
               (4.0050674302945390,0.0000000000000000)
   1.5707963267948966        0.0000000000000000     
       (0.16915876860516754,-1.20157760746030046E-016)
   3.1415926535897931        0.0000000000000000     
        (0.25790040869059505,2.40315521492060091E-016)
   1.0000000000000000                1           4
               (1.0000000000000040,0.0000000000000000)
  -1.5707963267948966        0.0000000000000000     
        (0.17160430395829462,9.02254554917422816E-018)
   0.0000000000000000        0.0000000000000000     
               (4.0048425823933105,0.0000000000000000)
   1.5707963267948966        0.0000000000000000     
       (0.17160430395829462,-9.02254554917422816E-018)
   3.1415926535897931        0.0000000000000000     
        (0.25932831751701235,2.40089696023379764E-016)
   1.0000000000000000                1           4
               (1.0000000000000129,0.0000000000000000)
  -1.5707963267948966        0.0000000000000000     
        (0.16816433884311932,1.20041613171526577E-016)
   0.0000000000000000        0.0000000000000000     
               (4.0043627981579686,0.0000000000000000)
   1.5707963267948966        0.0000000000000000     
       (0.16816433884311932,-1.20041613171526577E-016)
   3.1415926535897931        0.0000000000000000     
        (0.25282251362405139,2.40083226343053154E-016)
   1.0000000000000000                1           4
               (1.0000000000000040,0.0000000000000000)
  -1.5707963267948966        0.0000000000000000     
        (0.16664280420224564,9.27056767207351153E-018)
   0.0000000000000000        0.0000000000000000     
               (4.0039805247826994,0.0000000000000000)
   1.5707963267948966        0.0000000000000000     
       (0.16664280420224564,-9.27056767207351153E-018)
   3.1415926535897931        0.0000000000000000     
        (0.25836839292343738,2.40585740269178331E-016)
   1.0000000000000000                1           4
              (0.99999999999998990,0.0000000000000000)
  -1.5707963267948966        0.0000000000000000     
        (0.16702382016355322,1.20224319139788322E-016)
   0.0000000000000000        0.0000000000000000     
               (4.0043465145125587,0.0000000000000000)
   1.5707963267948966        0.0000000000000000     
       (0.16702382016355322,-1.20224319139788322E-016)
   3.1415926535897931        0.0000000000000000     
        (0.25652538970820760,2.40448638279576645E-016)
   1.0000000000000000                1           4
               (1.0000000000000095,0.0000000000000000)
  -1.5707963267948966        0.0000000000000000     
        (0.16599255408683167,2.31434804666401095E-016)
   0.0000000000000000        0.0000000000000000     
               (4.0053504906847257,0.0000000000000000)
   1.5707963267948966        0.0000000000000000     
       (0.16599255408683167,-2.31434804666401095E-016)
   3.1415926535897931        0.0000000000000000     
        (0.25960540670657373,2.40825004407770882E-016)
   1.0000000000000000                1           4
              (0.99999999999992306,0.0000000000000000)
  -1.5707963267948966        0.0000000000000000     
        (0.16523190292628387,1.20408179423296925E-016)
   0.0000000000000000        0.0000000000000000     
               (4.0048980976172652,0.0000000000000000)
   1.5707963267948966        0.0000000000000000     
       (0.16523190292628387,-1.20408179423296925E-016)
   3.1415926535897931        0.0000000000000000     
        (0.25839530472401440,2.40816358846593850E-016)
   1.0000000000000000                1           4
              (0.99999999999999878,0.0000000000000000)
  -1.5707963267948966        0.0000000000000000     
        (0.17332171039588584,8.95122802005026885E-018)
   0.0000000000000000        0.0000000000000000     
               (4.0046474646608452,0.0000000000000000)
   1.5707963267948966        0.0000000000000000     
       (0.17332171039588584,-8.95122802005026885E-018)
   3.1415926535897931        0.0000000000000000     
        (0.26062884084825599,2.39947060965131895E-016)
   1.0000000000000000                1           4
               (1.0000000000000382,0.0000000000000000)
  -1.5707963267948966        0.0000000000000000     
        (0.16841553175321589,1.20245008879712515E-016)
   0.0000000000000000        0.0000000000000000     
               (4.0050241082863618,0.0000000000000000)
   1.5707963267948966        0.0000000000000000     
       (0.16841553175321589,-1.20245008879712515E-016)
   3.1415926535897931        0.0000000000000000     
        (0.25930699730344542,2.40490017759425030E-016)
   1.0000000000000000                1           4
              (0.99999999999999978,0.0000000000000000)
  -1.5707963267948966        0.0000000000000000     
        (0.17335256958297185,1.19968464330083059E-016)
   0.0000000000000000        0.0000000000000000     
               (4.0049014180700091,0.0000000000000000)
   1.5707963267948966        0.0000000000000000     
       (0.17335256958297185,-1.19968464330083059E-016)
   3.1415926535897931        0.0000000000000000     
        (0.26027113271566926,2.39936928660166118E-016)
   1.0000000000000000                1           4
               (1.0000000000005527,0.0000000000000000)
  -1.5707963267948966        0.0000000000000000     
        (0.16808865009705021,1.20262457138047969E-016)
   0.0000000000000000        0.0000000000000000     
               (4.0049318861286389,0.0000000000000000)
   1.5707963267948966        0.0000000000000000     
       (0.16808865009705021,-1.20262457138047969E-016)
   3.1415926535897931        0.0000000000000000     
        (0.25931535951518270,2.40524914276095937E-016)
   1.0000000000000000                1           4
              (0.99999999999999578,0.0000000000000000)
  -1.5707963267948966        0.0000000000000000     
        (0.16704658516799487,3.42275875056817278E-016)
   0.0000000000000000        0.0000000000000000     
               (4.0039037097151597,0.0000000000000000)
   1.5707963267948966        0.0000000000000000     
       (0.16704658516799487,-3.42275875056817278E-016)
   3.1415926535897931        0.0000000000000000     
        (0.25724076114260075,2.40462540263571842E-016)
   1.0000000000000000                1           4
               (1.0000000000000000,0.0000000000000000)
  -1.5707963267948966        0.0000000000000000     
        (0.16067385553601465,9.51677670656712149E-018)
   0.0000000000000000        0.0000000000000000     
               (4.0042807563340919,0.0000000000000000)
   1.5707963267948966        0.0000000000000000     
       (0.16067385553601465,-9.51677670656712149E-018)
   3.1415926535897931        0.0000000000000000     
        (0.25417206138605120,2.41078158338165551E-016)
   1.0000000000000000                1           4
               (1.0000000000000009,0.0000000000000000)
  -1.5707963267948966        0.0000000000000000     
        (0.16837177496367961,1.20269551442892231E-016)
   0.0000000000000000        0.0000000000000000     
               (4.0047257440306137,0.0000000000000000)
   1.5707963267948966        0.0000000000000000     
       (0.16837177496367961,-1.20269551442892231E-016)
   3.1415926535897931        0.0000000000000000     
        (0.26031946892737878,2.40539102885784462E-016)
   1.0000000000000000                1           4
               (1.0000000000000195,0.0000000000000000)
  -1.5707963267948966        0.0000000000000000     
        (0.16919183280860839,2.31113719054531562E-016)
   0.0000000000000000        0.0000000000000000     
               (4.0044990500685902,0.0000000000000000)
   1.5707963267948966        0.0000000000000000     
       (0.16919183280860839,-2.31113719054531562E-016)
   3.1415926535897931        0.0000000000000000     
        (0.25636795280564584,2.40182833184031815E-016)
   1.0000000000000000                1           4
               (1.0000000000000138,0.0000000000000000)
  -1.5707963267948966        0.0000000000000000     
        (0.16597663371695259,1.20263747829137073E-016)
   0.0000000000000000        0.0000000000000000     
               (4.0042167946732450,0.0000000000000000)
   1.5707963267948966        0.0000000000000000     
       (0.16597663371695259,-1.20263747829137073E-016)
   3.1415926535897931        0.0000000000000000     
        (0.25584857538059591,2.40527495658274146E-016)
   1.0000000000000000                1           4
               (1.0000000000000102,0.0000000000000000)
  -1.5707963267948966        0.0000000000000000     
        (0.17019895045168343,1.20093790947103620E-016)
   0.0000000000000000        0.0000000000000000     
               (4.0039192215814339,0.0000000000000000)
   1.5707963267948966        0.0000000000000000     
       (0.17019895045168343,-1.20093790947103620E-016)
   3.1415926535897931        0.0000000000000000     
        (0.25903956890144642,2.40187581894207240E-016)
   1.0000000000000000                1           4
               (1.0000000000000397,0.0000000000000000)
  -1.5707963267948966        0.0000000000000000     
        (0.16158799618763908,2.31435022333027856E-016)
   0.0000000000000000        0.0000000000000000     
               (4.0036141562449759,0.0000000000000000)
   1.5707963267948966        0.0000000000000000     
       (0.16158799618763908,-2.31435022333027856E-016)
   3.1415926535897931        0.0000000000000000     
        (0.25253973487949999,2.40825439741024403E-016)
   1.0000000000000000                1           4
               (1.0000000000000204,0.0000000000000000)
  -1.5707963267948966        0.0000000000000000     
        (0.16698077280274737,1.20307234443923967E-016)
   0.0000000000000000        0.0000000000000000     
               (4.0042512347128909,0.0000000000000000)
   1.5707963267948966        0.0000000000000000     
       (0.16698077280274737,-1.20307234443923967E-016)
   3.1415926535897931        0.0000000000000000     
        (0.25924279414202867,2.40614468887847934E-016)
   1.0000000000000000                1           4
               (1.0000000000000049,0.0000000000000000)
  -1.5707963267948966        0.0000000000000000     
        (0.17518595618554467,1.19930948131864653E-016)
   0.0000000000000000        0.0000000000000000     
               (4.0052401938939912,0.0000000000000000)
   1.5707963267948966        0.0000000000000000     
       (0.17518595618554467,-1.19930948131864653E-016)
   3.1415926535897931        0.0000000000000000     
        (0.26237375807138008,2.39861896263729306E-016)
   1.0000000000000000                1           4
               (1.0000000000000107,0.0000000000000000)
  -1.5707963267948966        0.0000000000000000     
       (0.16148427844861601,-1.01584652741464669E-016)
   0.0000000000000000        0.0000000000000000     
               (4.0041476133955269,0.0000000000000000)
   1.5707963267948966        0.0000000000000000     
        (0.16148427844861601,1.01584652741464669E-016)
   3.1415926535897931        0.0000000000000000     
        (0.25334156667029706,2.40919904367133277E-016)
   1.0000000000000000                1           4
              (0.99999999999999778,0.0000000000000000)
  -1.5707963267948966        0.0000000000000000     
        (0.17034813636910351,2.31023119017104640E-016)
   0.0000000000000000        0.0000000000000000     
               (4.0049085821648696,0.0000000000000000)
   1.5707963267948966        0.0000000000000000     
       (0.17034813636910351,-2.31023119017104640E-016)
   3.1415926535897931        0.0000000000000000     
        (0.25531180603710213,2.40001633109177971E-016)
   1.0000000000000000                1           4
               (1.0000000000000111,0.0000000000000000)
  -1.5707963267948966        0.0000000000000000     
        (0.16531676276594576,1.20297449241878705E-016)
   0.0000000000000000        0.0000000000000000     
               (4.0039876286089013,0.0000000000000000)
   1.5707963267948966        0.0000000000000000     
       (0.16531676276594576,-1.20297449241878705E-016)
   3.1415926535897931        0.0000000000000000     
        (0.25585877121897371,2.40594898483757409E-016)
   1.0000000000000000                1           4
               (1.0000000000000127,0.0000000000000000)
  -1.5707963267948966        0.0000000000000000     
        (0.16959648979822539,2.31092625173847830E-016)
   0.0000000000000000        0.0000000000000000     
               (4.0046742382623615,0.0000000000000000)
   1.5707963267948966        0.0000000000000000     
       (0.16959648979822539,-2.31092625173847830E-016)
   3.1415926535897931        0.0000000000000000     
        (0.25631310016244024,2.40140645422664352E-016)
   1.0000000000000000                1           4
               (1.0000000000000140,0.0000000000000000)
  -1.5707963267948966        0.0000000000000000     
        (0.16221859746098866,9.51349703133038218E-018)
   0.0000000000000000        0.0000000000000000     
               (4.0041219494430020,0.0000000000000000)
   1.5707963267948966        0.0000000000000000     
       (0.16221859746098866,-9.51349703133038218E-018)
   3.1415926535897931        0.0000000000000000     
        (0.25731322980450499,2.41071598987692072E-016)
   1.0000000000000000                1           4
               (1.0000000000000102,0.0000000000000000)
  -1.5707963267948966        0.0000000000000000     
        (0.16542607162478795,3.42315225937824548E-016)
   0.0000000000000000        0.0000000000000000     
               (4.0039213376095235,0.0000000000000000)
   1.5707963267948966        0.0000000000000000     
       (0.16542607162478795,-3.42315225937824548E-016)
   3.1415926535897931        0.0000000000000000     
        (0.25526740347480170,2.40541242025586480E-016)
   1.0000000000000000                1           4
              (0.99999999999998035,0.0000000000000000)
  -1.5707963267948966        0.0000000000000000     
        (0.16758922776137997,9.23285740452306257E-018)
   0.0000000000000000        0.0000000000000000     
               (4.0043316309197872,0.0000000000000000)
   1.5707963267948966        0.0000000000000000     
       (0.16758922776137997,-9.23285740452306257E-018)
   3.1415926535897931        0.0000000000000000     
        (0.25867842309373967,2.40510319734077433E-016)
   1.0000000000000000                1           4
              (0.99999999999999156,0.0000000000000000)
  -1.5707963267948966        0.0000000000000000     
        (0.17704221140463927,1.19789140899879496E-016)
   0.0000000000000000        0.0000000000000000     
               (4.0054457212592212,0.0000000000000000)
   1.5707963267948966        0.0000000000000000     
       (0.17704221140463927,-1.19789140899879496E-016)
   3.1415926535897931        0.0000000000000000     
        (0.26124896544921161,2.39578281799758993E-016)
   1.0000000000000000                1           4
              (0.99999999999999778,0.0000000000000000)
  -1.5707963267948966        0.0000000000000000     
        (0.16827895362201672,9.22167023014804905E-018)
   0.0000000000000000        0.0000000000000000     
               (4.0045539033721713,0.0000000000000000)
   1.5707963267948966        0.0000000000000000     
       (0.16827895362201672,-9.22167023014804905E-018)
   3.1415926535897931        0.0000000000000000     
        (0.25947020151781985,2.40487945385327455E-016)
   1.0000000000000000                1           4
               (1.0000000000000002,0.0000000000000000)
  -1.5707963267948966        0.0000000000000000     
        (0.16900570981400431,1.20027523730559413E-016)
   0.0000000000000000        0.0000000000000000     
               (4.0047483375947381,0.0000000000000000)
   1.5707963267948966        0.0000000000000000     
       (0.16900570981400431,-1.20027523730559413E-016)
   3.1415926535897931        0.0000000000000000     
        (0.25365952006347681,2.40055047461118825E-016)
   1.0000000000000000                1           4
               (1.0000000000000082,0.0000000000000000)
  -1.5707963267948966        0.0000000000000000     
        (0.16631511143823907,9.23188809176243967E-018)
   0.0000000000000000        0.0000000000000000     
               (4.0044481951133708,0.0000000000000000)
   1.5707963267948966        0.0000000000000000     
       (0.16631511143823907,-9.23188809176243967E-018)
   3.1415926535897931        0.0000000000000000     
        (0.25598196609646962,2.40508381108556187E-016)
   1.0000000000000000                1           4
              (0.99999999999999800,0.0000000000000000)
  -1.5707963267948966        0.0000000000000000     
        (0.16869541487848994,1.20155788797428914E-016)
   0.0000000000000000        0.0000000000000000     
               (4.0040569584806924,0.0000000000000000)
   1.5707963267948966        0.0000000000000000     
       (0.16869541487848994,-1.20155788797428914E-016)
   3.1415926535897931        0.0000000000000000     
        (0.25791976432189212,2.40311577594857828E-016)
   1.0000000000000000                1           4
               (1.0000000000000062,0.0000000000000000)
  -1.5707963267948966        0.0000000000000000     
        (0.17465537945537302,2.31017603212411895E-016)
   0.0000000000000000        0.0000000000000000     
               (4.0048702971728503,0.0000000000000000)
   1.5707963267948966        0.0000000000000000     
       (0.17465537945537302,-2.31017603212411895E-016)
   3.1415926535897931        0.0000000000000000     
        (0.26378441734833347,2.39990601499792383E-016)
   1.0000000000000000                1           4
               (1.0000000000000093,0.0000000000000000)
  -1.5707963267948966        0.0000000000000000     
        (0.17409436441591264,4.52936821191701207E-016)
   0.0000000000000000        0.0000000000000000     
               (4.0049859641034731,0.0000000000000000)
   1.5707963267948966        0.0000000000000000     
       (0.17409436441591264,-4.52936821191701207E-016)
   3.1415926535897931        0.0000000000000000     
        (0.25845127189343087,2.39739827608308342E-016)
   1.0000000000000000                1           4
               (1.0000000000000311,0.0000000000000000)
  -1.5707963267948966        0.0000000000000000     
        (0.16889829448513505,1.20283838506517025E-016)
   0.0000000000000000        0.0000000000000000     
               (4.0039811379227119,0.0000000000000000)
   1.5707963267948966        0.0000000000000000     
       (0.16889829448513505,-1.20283838506517025E-016)
   3.1415926535897931        0.0000000000000000     
        (0.26258376498961311,2.40567677013034049E-016)
   1.0000000000000000                1           4
               (1.0000000000000004,0.0000000000000000)
  -1.5707963267948966        0.0000000000000000     
        (0.16784761850357377,1.20133683253066977E-016)
   0.0000000000000000        0.0000000000000000     
               (4.0046134771009543,0.0000000000000000)
   1.5707963267948966        0.0000000000000000     
       (0.16784761850357377,-1.20133683253066977E-016)
   3.1415926535897931        0.0000000000000000     
        (0.25494563107978330,2.40267366506133954E-016)
   1.0000000000000000                1           4
               (1.0000000000000224,0.0000000000000000)
  -1.5707963267948966        0.0000000000000000     
        (0.17610977608293188,8.86760261422508388E-018)
   0.0000000000000000        0.0000000000000000     
               (4.0047958052703780,0.0000000000000000)
   1.5707963267948966        0.0000000000000000     
       (0.17610977608293188,-8.86760261422508388E-018)
   3.1415926535897931        0.0000000000000000     
        (0.26332521857573665,2.39779810153481525E-016)
   1.0000000000000000                1           4
               (1.0000000000000191,0.0000000000000000)
  -1.5707963267948966        0.0000000000000000     
        (0.17236436596455074,2.31053985831776171E-016)
   0.0000000000000000        0.0000000000000000     
               (4.0041424692598708,0.0000000000000000)
   1.5707963267948966        0.0000000000000000     
       (0.17236436596455074,-2.31053985831776171E-016)
   3.1415926535897931        0.0000000000000000     
        (0.26111856480993678,2.40063366738520935E-016)
   1.0000000000000000                1           4
               (1.0000000000000357,0.0000000000000000)
  -1.5707963267948966        0.0000000000000000     
        (0.16936803128816269,1.20073220495502402E-016)
   0.0000000000000000        0.0000000000000000     
               (4.0049706200850794,0.0000000000000000)
   1.5707963267948966        0.0000000000000000     
       (0.16936803128816269,-1.20073220495502402E-016)
   3.1415926535897931        0.0000000000000000     
        (0.25565445013335331,2.40146440991004804E-016)
   1.0000000000000000                1           4
               (1.0000000000001066,0.0000000000000000)
  -1.5707963267948966        0.0000000000000000     
        (0.16882777166378271,2.31139281089867770E-016)
   0.0000000000000000        0.0000000000000000     
               (4.0035287552218151,0.0000000000000000)
   1.5707963267948966        0.0000000000000000     
       (0.16882777166378271,-2.31139281089867770E-016)
   3.1415926535897931        0.0000000000000000     
        (0.25744504479763031,2.40233957254704232E-016)
   1.0000000000000000                1           4
               (1.0000000000000107,0.0000000000000000)
  -1.5707963267948966        0.0000000000000000     
        (0.16848793010324259,1.20199482949522926E-016)
   0.0000000000000000        0.0000000000000000     
               (4.0046237055184104,0.0000000000000000)
   1.5707963267948966        0.0000000000000000     
       (0.16848793010324259,-1.20199482949522926E-016)
   3.1415926535897931        0.0000000000000000     
        (0.25836520704604438,2.40398965899045851E-016)
   1.0000000000000000                1           4
               (1.0000000000000935,0.0000000000000000)
  -1.5707963267948966        0.0000000000000000     
        (0.17237947877223847,2.31056855080139320E-016)
   0.0000000000000000        0.0000000000000000     
               (4.0049047154207740,0.0000000000000000)
   1.5707963267948966        0.0000000000000000     
       (0.17237947877223847,-2.31056855080139320E-016)
   3.1415926535897931        0.0000000000000000     
        (0.26048026102797461,2.40069105235247332E-016)
   1.0000000000000000                1           4
              (0.99999999999999345,0.0000000000000000)
  -1.5707963267948966        0.0000000000000000     
        (0.17301329584397140,2.31068226052656830E-016)
   0.0000000000000000        0.0000000000000000     
               (4.0044863747126183,0.0000000000000000)
   1.5707963267948966        0.0000000000000000     
       (0.17301329584397140,-2.31068226052656830E-016)
   3.1415926535897931        0.0000000000000000     
        (0.26253764002732172,2.40091847180282352E-016)
   1.0000000000000000                1           4
               (1.0000000000000138,0.0000000000000000)
  -1.5707963267948966        0.0000000000000000     
        (0.17529787463711777,1.19899121043388327E-016)
   0.0000000000000000        0.0000000000000000     
               (4.0050193355829160,0.0000000000000000)
   1.5707963267948966        0.0000000000000000     
       (0.17529787463711777,-1.19899121043388327E-016)
   3.1415926535897931        0.0000000000000000     
        (0.26177890168595674,2.39798242086776655E-016)
   1.0000000000000000                1           4
               (1.0000000000000451,0.0000000000000000)
  -1.5707963267948966        0.0000000000000000     
        (0.16816412228491828,1.20222043907410253E-016)
   0.0000000000000000        0.0000000000000000     
               (4.0050965358619068,0.0000000000000000)
   1.5707963267948966        0.0000000000000000     
       (0.16816412228491828,-1.20222043907410253E-016)
   3.1415926535897931        0.0000000000000000     
        (0.25798165787248972,2.40444087814820505E-016)
   1.0000000000000000                1           4
               (1.0000000000000169,0.0000000000000000)
  -1.5707963267948966        0.0000000000000000     
        (0.16978138310834434,9.07847417009113179E-018)
   0.0000000000000000        0.0000000000000000     
               (4.0046026153705299,0.0000000000000000)
   1.5707963267948966        0.0000000000000000     
       (0.16978138310834434,-9.07847417009113179E-018)
   3.1415926535897931        0.0000000000000000     
        (0.25774921022966846,2.40201553265213572E-016)
   1.0000000000000000                1           4
               (1.0000000000000331,0.0000000000000000)
  -1.5707963267948966        0.0000000000000000     
        (0.16558178496953990,1.20298469549014513E-016)
   0.0000000000000000        0.0000000000000000     
               (4.0044747944652235,0.0000000000000000)
   1.5707963267948966        0.0000000000000000     
       (0.16558178496953990,-1.20298469549014513E-016)
   3.1415926535897931        0.0000000000000000     
        (0.25593497552993794,2.40596939098029027E-016)
   1.0000000000000000                1           4
               (1.0000000000000075,0.0000000000000000)
  -1.5707963267948966        0.0000000000000000     
        (0.17222013486583054,2.30988833145400284E-016)
   0.0000000000000000        0.0000000000000000     
               (4.0051341424950433,0.0000000000000000)
   1.5707963267948966        0.0000000000000000     
       (0.17222013486583054,-2.30988833145400284E-016)
   3.1415926535897931        0.0000000000000000     
        (0.25771038114590772,2.39933061365769210E-016)
   1.0000000000000000                1           4
              (0.99999999999999500,0.0000000000000000)
  -1.5707963267948966        0.0000000000000000     
        (0.16427137116554025,3.42539701800792047E-016)
   0.0000000000000000        0.0000000000000000     
               (4.0044961181882313,0.0000000000000000)
   1.5707963267948966        0.0000000000000000     
       (0.16427137116554025,-3.42539701800792047E-016)
   3.1415926535897931        0.0000000000000000     
        (0.25971516007187312,2.40990193751521478E-016)
   1.0000000000000000                1           4
               (1.0000000000000739,0.0000000000000000)
  -1.5707963267948966        0.0000000000000000     
        (0.16322875398865822,1.20404868219346241E-016)
   0.0000000000000000        0.0000000000000000     
               (4.0037938744042485,0.0000000000000000)
   1.5707963267948966        0.0000000000000000     
       (0.16322875398865822,-1.20404868219346241E-016)
   3.1415926535897931        0.0000000000000000     
        (0.25538507793324705,2.40809736438692482E-016)
   1.0000000000000000                1           4
               (1.0000000000000773,0.0000000000000000)
  -1.5707963267948966        0.0000000000000000     
        (0.16840662389307903,2.31246423664082756E-016)
   0.0000000000000000        0.0000000000000000     
               (4.0048621699240581,0.0000000000000000)
   1.5707963267948966        0.0000000000000000     
       (0.16840662389307903,-2.31246423664082756E-016)
   3.1415926535897931        0.0000000000000000     
        (0.25876887660282455,2.40448242403134205E-016)
   1.0000000000000000                1           4
               (1.0000000000000107,0.0000000000000000)
  -1.5707963267948966        0.0000000000000000     
        (0.16459175834805340,9.43198512451989427E-018)
   0.0000000000000000        0.0000000000000000     
               (4.0048102102905307,0.0000000000000000)
   1.5707963267948966        0.0000000000000000     
       (0.16459175834805340,-9.43198512451989427E-018)
   3.1415926535897931        0.0000000000000000     
        (0.25870890981059069,2.40908575174071097E-016)
   1.0000000000000000                1           4
               (1.0000000000000149,0.0000000000000000)
  -1.5707963267948966        0.0000000000000000     
       (0.17232993202600477,-1.02005903677374682E-016)
   0.0000000000000000        0.0000000000000000     
               (4.0045001985036031,0.0000000000000000)
   1.5707963267948966        0.0000000000000000     
        (0.17232993202600477,1.02005903677374682E-016)
   3.1415926535897931        0.0000000000000000     
        (0.26092118899279004,2.40077402495313301E-016)
   1.0000000000000000                1           4
              (0.99999999999999323,0.0000000000000000)
  -1.5707963267948966        0.0000000000000000     
        (0.16802308766206875,1.20165388174833137E-016)
   0.0000000000000000        0.0000000000000000     
               (4.0043484047402078,0.0000000000000000)
   1.5707963267948966        0.0000000000000000     
       (0.16802308766206875,-1.20165388174833137E-016)
   3.1415926535897931        0.0000000000000000     
        (0.25659720308959466,2.40330776349666275E-016)
   1.0000000000000000                1           4
               (1.0000000000000151,0.0000000000000000)
  -1.5707963267948966        0.0000000000000000     
        (0.16954006191583826,1.20064519076071314E-016)
   0.0000000000000000        0.0000000000000000     
               (4.0048219303430121,0.0000000000000000)
   1.5707963267948966        0.0000000000000000     
       (0.16954006191583826,-1.20064519076071314E-016)
   3.1415926535897931        0.0000000000000000     
        (0.25586299120388811,2.40129038152142628E-016)
   1.0000000000000000                1           4
               (1.0000000000000009,0.0000000000000000)
  -1.5707963267948966        0.0000000000000000     
        (0.16661921455143647,9.13360524354759525E-018)
   0.0000000000000000        0.0000000000000000     
               (4.0040134642820639,0.0000000000000000)
   1.5707963267948966        0.0000000000000000     
       (0.16661921455143647,-9.13360524354759525E-018)
   3.1415926535897931        0.0000000000000000     
        (0.25381474171715179,2.40311815412126499E-016)
   1.0000000000000000                1           4
              (0.99999999999998257,0.0000000000000000)
  -1.5707963267948966        0.0000000000000000     
        (0.17034746048356342,1.20147049075125155E-016)
   0.0000000000000000        0.0000000000000000     
               (4.0043756355858857,0.0000000000000000)
   1.5707963267948966        0.0000000000000000     
       (0.17034746048356342,-1.20147049075125155E-016)
   3.1415926535897931        0.0000000000000000     
        (0.26061971743319978,2.40294098150250311E-016)
   1.0000000000000000                1           4
               (1.0000000000000049,0.0000000000000000)
  -1.5707963267948966        0.0000000000000000     
        (0.16794072929481352,2.31215870720016513E-016)
   0.0000000000000000        0.0000000000000000     
               (4.0048817352804074,0.0000000000000000)
   1.5707963267948966        0.0000000000000000     
       (0.16794072929481352,-2.31215870720016513E-016)
   3.1415926535897931        0.0000000000000000     
        (0.25681958716496278,2.40387136515001719E-016)
   1.0000000000000000                1           4
               (1.0000000000000042,0.0000000000000000)
  -1.5707963267948966        0.0000000000000000     
        (0.16509681341559701,9.32062541687513045E-018)
   0.0000000000000000        0.0000000000000000     
               (4.0041993895068568,0.0000000000000000)
   1.5707963267948966        0.0000000000000000     
       (0.16509681341559701,-9.32062541687513045E-018)
   3.1415926535897931        0.0000000000000000     
        (0.25669255664965529,2.40685855758781569E-016)
   1.0000000000000000                1           4
               (1.0000000000000338,0.0000000000000000)
  -1.5707963267948966        0.0000000000000000     
       (0.16590499261327885,-1.01785221538928586E-016)
   0.0000000000000000        0.0000000000000000     
               (4.0046593257933081,0.0000000000000000)
   1.5707963267948966        0.0000000000000000     
        (0.16590499261327885,1.01785221538928586E-016)
   3.1415926535897931        0.0000000000000000     
        (0.25512020852551009,2.40518766772205445E-016)
   1.0000000000000000                1           4
              (0.99999999999999500,0.0000000000000000)
  -1.5707963267948966        0.0000000000000000     
        (0.16884864477615469,1.20160982278631415E-016)
   0.0000000000000000        0.0000000000000000     
               (4.0047335285652261,0.0000000000000000)
   1.5707963267948966        0.0000000000000000     
       (0.16884864477615469,-1.20160982278631415E-016)
   3.1415926535897931        0.0000000000000000     
        (0.25771928600187632,2.40321964557262831E-016)
   1.0000000000000000                1           4
              (0.99999999999973521,0.0000000000000000)
  -1.5707963267948966        0.0000000000000000     
        (0.17217107289636058,1.19948931118194213E-016)
   0.0000000000000000        0.0000000000000000     
               (4.0042884803099525,0.0000000000000000)
   1.5707963267948966        0.0000000000000000     
       (0.17217107289636058,-1.19948931118194213E-016)
   3.1415926535897931        0.0000000000000000     
        (0.25788307398511656,2.39897862236388426E-016)
   1.0000000000000000                1           4
               (1.0000000000000089,0.0000000000000000)
  -1.5707963267948966        0.0000000000000000     
        (0.17519135508956218,2.30831263924010700E-016)
   0.0000000000000000        0.0000000000000000     
               (4.0047574841193248,0.0000000000000000)
   1.5707963267948966        0.0000000000000000     
       (0.17519135508956218,-2.30831263924010700E-016)
   3.1415926535897931        0.0000000000000000     
        (0.25888287863067028,2.39617922922990093E-016)
   1.0000000000000000                1           4
               (1.0000000000000095,0.0000000000000000)
  -1.5707963267948966        0.0000000000000000     
        (0.17355411196746451,8.90779939167864712E-018)
   0.0000000000000000        0.0000000000000000     
               (4.0050633087659202,0.0000000000000000)
   1.5707963267948966        0.0000000000000000     
       (0.17355411196746451,-8.90779939167864712E-018)
   3.1415926535897931        0.0000000000000000     
        (0.25925931323690321,2.39860203708388652E-016)
   1.0000000000000000                1           4
               (1.0000000000000357,0.0000000000000000)
  -1.5707963267948966        0.0000000000000000     
        (0.17602981774023396,8.71078268636400541E-018)
   0.0000000000000000        0.0000000000000000     
               (4.0046826044731132,0.0000000000000000)
   1.5707963267948966        0.0000000000000000     
       (0.17602981774023396,-8.71078268636400541E-018)
   3.1415926535897931        0.0000000000000000     
        (0.25815637513310541,2.39466170297759319E-016)
   1.0000000000000000                1           4
              (0.99999999999999745,0.0000000000000000)
  -1.5707963267948966        0.0000000000000000     
        (0.16666954943440038,9.29728959231376841E-018)
   0.0000000000000000        0.0000000000000000     
               (4.0045053916585562,0.0000000000000000)
   1.5707963267948966        0.0000000000000000     
       (0.16666954943440038,-9.29728959231376841E-018)
   3.1415926535897931        0.0000000000000000     
        (0.25876982066273102,2.40639184109658845E-016)
   1.0000000000000000                1           4
               (1.0000000000000060,0.0000000000000000)
  -1.5707963267948966        0.0000000000000000     
        (0.17215526860437480,1.19956195987954213E-016)
   0.0000000000000000        0.0000000000000000     
               (4.0048212509341514,0.0000000000000000)
   1.5707963267948966        0.0000000000000000     
       (0.17215526860437480,-1.19956195987954213E-016)
   3.1415926535897931        0.0000000000000000     
        (0.25755598343078590,2.39912391975908425E-016)
   1.0000000000000000                1           4
               (1.0000000000000207,0.0000000000000000)
  -1.5707963267948966        0.0000000000000000     
        (0.17435454948163187,8.81501136597961140E-018)
   0.0000000000000000        0.0000000000000000     
               (4.0046599876155664,0.0000000000000000)
   1.5707963267948966        0.0000000000000000     
       (0.17435454948163187,-8.81501136597961140E-018)
   3.1415926535897931        0.0000000000000000     
        (0.25823282250198887,2.39674627656990580E-016)
   1.0000000000000000                1           4
               (1.0000000000000053,0.0000000000000000)
  -1.5707963267948966        0.0000000000000000     
        (0.16575845176421267,2.31330856867879049E-016)
   0.0000000000000000        0.0000000000000000     
               (4.0033002435135971,0.0000000000000000)
   1.5707963267948966        0.0000000000000000     
       (0.16575845176421267,-2.31330856867879049E-016)
   3.1415926535897931        0.0000000000000000     
        (0.25779225647666215,2.40617108810726790E-016)
   1.0000000000000000                1           4
               (1.0000000000000031,0.0000000000000000)
  -1.5707963267948966        0.0000000000000000     
        (0.17339555500605597,1.20034490734824086E-016)
   0.0000000000000000        0.0000000000000000     
               (4.0046867692008377,0.0000000000000000)
   1.5707963267948966        0.0000000000000000     
       (0.17339555500605597,-1.20034490734824086E-016)
   3.1415926535897931        0.0000000000000000     
        (0.26272833846992283,2.40068981469648172E-016)
   1.0000000000000000                1           4
              (0.99999999999999112,0.0000000000000000)
  -1.5707963267948966        0.0000000000000000     
        (0.16884451417467239,2.31143866998423243E-016)
   0.0000000000000000        0.0000000000000000     
               (4.0046793116443880,0.0000000000000000)
   1.5707963267948966        0.0000000000000000     
       (0.16884451417467239,-2.31143866998423243E-016)
   3.1415926535897931        0.0000000000000000     
        (0.25647776053737881,2.40243129071815129E-016)
   1.0000000000000000                1           4
               (1.0000000000000375,0.0000000000000000)
  -1.5707963267948966        0.0000000000000000     
        (0.17120405541879891,2.31031562531450941E-016)
   0.0000000000000000        0.0000000000000000     
               (4.0049319067188724,0.0000000000000000)
   1.5707963267948966        0.0000000000000000     
       (0.17120405541879891,-2.31031562531450941E-016)
   3.1415926535897931        0.0000000000000000     
        (0.25727610569003234,2.40018520137870575E-016)
   1.0000000000000000                1           4
               (1.0000000000000031,0.0000000000000000)
  -1.5707963267948966        0.0000000000000000     
        (0.16789597965753478,1.20148377654001757E-016)
   0.0000000000000000        0.0000000000000000     
               (4.0041917592777887,0.0000000000000000)
   1.5707963267948966        0.0000000000000000     
       (0.16789597965753478,-1.20148377654001757E-016)
   3.1415926535897931        0.0000000000000000     
        (0.25594402676850625,2.40296755308003515E-016)
   1.0000000000000000                1           4
               (1.0000000000000013,0.0000000000000000)
  -1.5707963267948966        0.0000000000000000     
        (0.16867607305911125,1.20149474876291534E-016)
   0.0000000000000000        0.0000000000000000     
               (4.0049547610015566,0.0000000000000000)
   1.5707963267948966        0.0000000000000000     
       (0.16867607305911125,-1.20149474876291534E-016)
   3.1415926535897931        0.0000000000000000     
        (0.25677704984756744,2.40298949752583067E-016)
   1.0000000000000000                1           4
               (1.0000000000000031,0.0000000000000000)
  -1.5707963267948966        0.0000000000000000     
        (0.16998552206188289,1.20115718232663292E-016)
   0.0000000000000000        0.0000000000000000     
               (4.0041279020228027,0.0000000000000000)
   1.5707963267948966        0.0000000000000000     
       (0.16998552206188289,-1.20115718232663292E-016)
   3.1415926535897931        0.0000000000000000     
        (0.25912023117815752,2.40231436465326584E-016)
   1.0000000000000000                1           4
               (1.0000000000000095,0.0000000000000000)
  -1.5707963267948966        0.0000000000000000     
        (0.17166923507612708,1.20110930496473849E-016)
   0.0000000000000000        0.0000000000000000     
               (4.0048024802866653,0.0000000000000000)
   1.5707963267948966        0.0000000000000000     
       (0.17166923507612708,-1.20110930496473849E-016)
   3.1415926535897931        0.0000000000000000     
        (0.26165669961144422,2.40221860992947699E-016)
   1.0000000000000000                1           4
              (0.99999999999995226,0.0000000000000000)
  -1.5707963267948966        0.0000000000000000     
       (0.17220409458630292,-1.01985243559142031E-016)
   0.0000000000000000        0.0000000000000000     
               (4.0048034003104505,0.0000000000000000)
   1.5707963267948966        0.0000000000000000     
        (0.17220409458630292,1.01985243559142031E-016)
   3.1415926535897931        0.0000000000000000     
        (0.26104112297838478,2.40118722731778554E-016)
   1.0000000000000000                1           4
               (1.0000000000000380,0.0000000000000000)
  -1.5707963267948966        0.0000000000000000     
        (0.16480944589537605,9.32822797048028681E-018)
   0.0000000000000000        0.0000000000000000     
               (4.0050696452498613,0.0000000000000000)
   1.5707963267948966        0.0000000000000000     
       (0.16480944589537605,-9.32822797048028681E-018)
   3.1415926535897931        0.0000000000000000     
        (0.25549588411145163,2.40701060865991882E-016)
   1.0000000000000000                1           4
               (1.0000000000000264,0.0000000000000000)
  -1.5707963267948966        0.0000000000000000     
        (0.16939759417242717,1.20165507444991825E-016)
   0.0000000000000000        0.0000000000000000     
               (4.0046304870807194,0.0000000000000000)
   1.5707963267948966        0.0000000000000000     
       (0.16939759417242717,-1.20165507444991825E-016)
   3.1415926535897931        0.0000000000000000     
        (0.25906802942881801,2.40331014889983651E-016)
   1.0000000000000000                1           4
              (0.99999999999999034,0.0000000000000000)
  -1.5707963267948966        0.0000000000000000     
       (0.17090998335472063,-1.01950450760713463E-016)
   0.0000000000000000        0.0000000000000000     
               (4.0041228461042584,0.0000000000000000)
   1.5707963267948966        0.0000000000000000     
        (0.17090998335472063,1.01950450760713463E-016)
   3.1415926535897931        0.0000000000000000     
        (0.26026987375922117,2.40188308328635739E-016)
   1.0000000000000000                1           4
              (0.99999999999997957,0.0000000000000000)
  -1.5707963267948966        0.0000000000000000     
       (0.17137798542619609,-1.02029719991880062E-016)
   0.0000000000000000        0.0000000000000000     
               (4.0049653650944226,0.0000000000000000)
   1.5707963267948966        0.0000000000000000     
        (0.17137798542619609,1.02029719991880062E-016)
   3.1415926535897931        0.0000000000000000     
        (0.25777422933695626,2.40029769866302542E-016)
   1.0000000000000000                1           4
              (0.99999999999999900,0.0000000000000000)
  -1.5707963267948966        0.0000000000000000     
        (0.17262213588318831,9.00925582052339910E-018)
   0.0000000000000000        0.0000000000000000     
               (4.0045626167864778,0.0000000000000000)
   1.5707963267948966        0.0000000000000000     
       (0.17262213588318831,-9.00925582052339910E-018)
   3.1415926535897931        0.0000000000000000     
        (0.26120987149456087,2.40063116566078106E-016)
   1.0000000000000000                1           4
               (1.0000000000000140,0.0000000000000000)
  -1.5707963267948966        0.0000000000000000     
        (0.16719633310154203,9.21576486377886107E-018)
   0.0000000000000000        0.0000000000000000     
               (4.0048469135491080,0.0000000000000000)
   1.5707963267948966        0.0000000000000000     
       (0.16719633310154203,-9.21576486377886107E-018)
   3.1415926535897931        0.0000000000000000     
        (0.25681906639664664,2.40476134652589030E-016)
   1.0000000000000000                1           4
              (0.99999999999999833,0.0000000000000000)
  -1.5707963267948966        0.0000000000000000     
        (0.16970937947609421,1.20037312851158932E-016)
   0.0000000000000000        0.0000000000000000     
               (4.0038610375617942,0.0000000000000000)
   1.5707963267948966        0.0000000000000000     
       (0.16970937947609421,-1.20037312851158932E-016)
   3.1415926535897931        0.0000000000000000     
        (0.25627389636373654,2.40074625702317864E-016)
   1.0000000000000000                1           4
               (1.0000000000000140,0.0000000000000000)
  -1.5707963267948966        0.0000000000000000     
        (0.16576339394604833,1.20228529189438100E-016)
   0.0000000000000000        0.0000000000000000     
               (4.0046815948841159,0.0000000000000000)
   1.5707963267948966        0.0000000000000000     
       (0.16576339394604833,-1.20228529189438100E-016)
   3.1415926535897931        0.0000000000000000     
        (0.25380696755868049,2.40457058378876200E-016)
   1.0000000000000000                1           4
               (1.0000000000000961,0.0000000000000000)
  -1.5707963267948966        0.0000000000000000     
        (0.17210070024434887,1.20015299887418193E-016)
   0.0000000000000000        0.0000000000000000     
               (4.0047551888747197,0.0000000000000000)
   1.5707963267948966        0.0000000000000000     
       (0.17210070024434887,-1.20015299887418193E-016)
   3.1415926535897931        0.0000000000000000     
        (0.25944338862787331,2.40030599774836386E-016)
   1.0000000000000000                1           4
              (0.99999999999999067,0.0000000000000000)
  -1.5707963267948966        0.0000000000000000     
        (0.16803329104248510,1.20202826942437914E-016)
   0.0000000000000000        0.0000000000000000     
               (4.0042214520664352,0.0000000000000000)
   1.5707963267948966        0.0000000000000000     
       (0.16803329104248510,-1.20202826942437914E-016)
   3.1415926535897931        0.0000000000000000     
        (0.25796740547388430,2.40405653884875828E-016)
   1.0000000000000000                1           4
               (1.0000000000000049,0.0000000000000000)
  -1.5707963267948966        0.0000000000000000     
        (0.16749196139417155,9.15611198859783882E-018)
   0.0000000000000000        0.0000000000000000     
               (4.0043502373991204,0.0000000000000000)
   1.5707963267948966        0.0000000000000000     
       (0.16749196139417155,-9.15611198859783882E-018)
   3.1415926535897931        0.0000000000000000     
        (0.25595858836651830,2.40356828902226986E-016)
   1.0000000000000000                1           4
              (0.99999999999999967,0.0000000000000000)
  -1.5707963267948966        0.0000000000000000     
        (0.17441341639707131,1.19954672074395050E-016)
   0.0000000000000000        0.0000000000000000     
               (4.0053863656431288,0.0000000000000000)
   1.5707963267948966        0.0000000000000000     
       (0.17441341639707131,-1.19954672074395050E-016)
   3.1415926535897931        0.0000000000000000     
        (0.26145738951302511,2.39909344148790100E-016)
   1.0000000000000000                1           4
               (1.0000000000000080,0.0000000000000000)
  -1.5707963267948966        0.0000000000000000     
        (0.16494444918424278,2.31329113334616678E-016)
   0.0000000000000000        0.0000000000000000     
               (4.0043876077780967,0.0000000000000000)
   1.5707963267948966        0.0000000000000000     
       (0.16494444918424278,-2.31329113334616678E-016)
   3.1415926535897931        0.0000000000000000     
        (0.25501993893416630,2.40613621744202048E-016)
   1.0000000000000000                1           4
              (0.99999999999999400,0.0000000000000000)
  -1.5707963267948966        0.0000000000000000     
       (0.16818070943420316,-1.01868878537981968E-016)
   0.0000000000000000        0.0000000000000000     
               (4.0051449556819829,0.0000000000000000)
   1.5707963267948966        0.0000000000000000     
        (0.16818070943420316,1.01868878537981968E-016)
   3.1415926535897931        0.0000000000000000     
        (0.25645356732846225,2.40351452774098680E-016)
   1.0000000000000000                1           4
               (1.0000000000000231,0.0000000000000000)
  -1.5707963267948966        0.0000000000000000     
        (0.16856916455324289,1.20166732623340508E-016)
   0.0000000000000000        0.0000000000000000     
               (4.0040559732401864,0.0000000000000000)
   1.5707963267948966        0.0000000000000000     
       (0.16856916455324289,-1.20166732623340508E-016)
   3.1415926535897931        0.0000000000000000     
        (0.25802570139270797,2.40333465246681015E-016)
   1.0000000000000000                1           4
               (1.0000000000000047,0.0000000000000000)
  -1.5707963267948966        0.0000000000000000     
        (0.17053291875041232,1.20059478903695513E-016)
   0.0000000000000000        0.0000000000000000     
               (4.0042570904165409,0.0000000000000000)
   1.5707963267948966        0.0000000000000000     
       (0.17053291875041232,-1.20059478903695513E-016)
   3.1415926535897931        0.0000000000000000     
        (0.25824892027660717,2.40118957807391026E-016)
   1.0000000000000000                1           4
               (1.0000000000000124,0.0000000000000000)
  -1.5707963267948966        0.0000000000000000     
        (0.16882267018938224,2.31212794871539872E-016)
   0.0000000000000000        0.0000000000000000     
               (4.0048426395513488,0.0000000000000000)
   1.5707963267948966        0.0000000000000000     
       (0.16882267018938224,-2.31212794871539872E-016)
   3.1415926535897931        0.0000000000000000     
        (0.25852209984778807,2.40380984818048486E-016)
   1.0000000000000000                1           4
              (0.99999999999998779,0.0000000000000000)
  -1.5707963267948966        0.0000000000000000     
        (0.17192419957028982,1.20041853019650201E-016)
   0.0000000000000000        0.0000000000000000     
               (4.0047511843695123,0.0000000000000000)
   1.5707963267948966        0.0000000000000000     
       (0.17192419957028982,-1.20041853019650201E-016)
   3.1415926535897931        0.0000000000000000     
        (0.25996168290107846,2.40083706039300401E-016)
   1.0000000000000000                1           4
               (1.0000000000000100,0.0000000000000000)
  -1.5707963267948966        0.0000000000000000     
        (0.17405526146842276,8.97644137578002539E-018)
   0.0000000000000000        0.0000000000000000     
               (4.0051590565222979,0.0000000000000000)
   1.5707963267948966        0.0000000000000000     
       (0.17405526146842276,-8.97644137578002539E-018)
   3.1415926535897931        0.0000000000000000     
        (0.26240788182651664,2.39997487676591359E-016)
   1.0000000000000000                1           4
               (1.0000000000000053,0.0000000000000000)
  -1.5707963267948966        0.0000000000000000     
        (0.16495949526283626,1.20352721956749780E-016)
   0.0000000000000000        0.0000000000000000     
               (4.0052087031503900,0.0000000000000000)
   1.5707963267948966        0.0000000000000000     
       (0.16495949526283626,-1.20352721956749780E-016)
   3.1415926535897931        0.0000000000000000     
        (0.25572850554378712,2.40705443913499560E-016)
   1.0000000000000000                1           4
               (1.0000000000000018,0.0000000000000000)
  -1.5707963267948966        0.0000000000000000     
        (0.16689746985808585,1.20288724669922119E-016)
   0.0000000000000000        0.0000000000000000     
               (4.0040394133427917,0.0000000000000000)
   1.5707963267948966        0.0000000000000000     
       (0.16689746985808585,-1.20288724669922119E-016)
   3.1415926535897931        0.0000000000000000     
        (0.25868343452360909,2.40577449339844238E-016)
   1.0000000000000000                1           4
               (1.0000000000000551,0.0000000000000000)
  -1.5707963267948966        0.0000000000000000     
   (9.83779028475162409E-002,1.24194801373052343E-016)
   0.0000000000000000        0.0000000000000000     
               (4.0043182716627745,0.0000000000000000)
   1.5707963267948966        0.0000000000000000     
  (9.83779028475162409E-002,-1.24194801373052343E-016)
   3.1415926535897931        0.0000000000000000     
        (0.24894758932400696,2.48389602746104685E-016)
   1.0000000000000000                1           4
              (0.99999999999999578,0.0000000000000000)
  -1.5707963267948966        0.0000000000000000     
        (0.16982141993869038,2.31079849537406717E-016)
   0.0000000000000000        0.0000000000000000     
               (4.0043653293745232,0.0000000000000000)
   1.5707963267948966        0.0000000000000000     
       (0.16982141993869038,-2.31079849537406717E-016)
   3.1415926535897931        0.0000000000000000     
        (0.25665458537799002,2.40115094149782125E-016)
   1.0000000000000000                1           4
               (1.0000000000000528,0.0000000000000000)
  -1.5707963267948966        0.0000000000000000     
        (0.16968100762717286,1.20119484584483972E-016)
   0.0000000000000000        0.0000000000000000     
               (4.0050896115694012,0.0000000000000000)
   1.5707963267948966        0.0000000000000000     
       (0.16968100762717286,-1.20119484584483972E-016)
   3.1415926535897931        0.0000000000000000     
        (0.25767251114828249,2.40238969168967945E-016)
   1.0000000000000000                1           4
              (0.99999999999999933,0.0000000000000000)
  -1.5707963267948966        0.0000000000000000     
        (0.17117183732446128,1.20129470945769543E-016)
   0.0000000000000000        0.0000000000000000     
               (4.0043802258240699,0.0000000000000000)
   1.5707963267948966        0.0000000000000000     
       (0.17117183732446128,-1.20129470945769543E-016)
   3.1415926535897931        0.0000000000000000     
        (0.26168973560103503,2.40258941891539087E-016)
   1.0000000000000000                1           4
              (0.99999999999999534,0.0000000000000000)
  -1.5707963267948966        0.0000000000000000     
        (0.16872993631280164,1.20190986161420245E-016)
   0.0000000000000000        0.0000000000000000     
               (4.0042212719970198,0.0000000000000000)
   1.5707963267948966        0.0000000000000000     
       (0.16872993631280164,-1.20190986161420245E-016)
   3.1415926535897931        0.0000000000000000     
        (0.25897412682607701,2.40381972322840490E-016)
   1.0000000000000000                1           4
              (0.99999999999998268,0.0000000000000000)
  -1.5707963267948966        0.0000000000000000     
        (0.16643906129910302,1.20272434219344170E-016)
   0.0000000000000000        0.0000000000000000     
               (4.0045770013600492,0.0000000000000000)
   1.5707963267948966        0.0000000000000000     
       (0.16643906129910302,-1.20272434219344170E-016)
   3.1415926535897931        0.0000000000000000     
        (0.25669694289326672,2.40544868438688341E-016)
   1.0000000000000000                1           4
               (1.0000000000000038,0.0000000000000000)
  -1.5707963267948966        0.0000000000000000     
        (0.17196093882241581,1.20027353647366024E-016)
   0.0000000000000000        0.0000000000000000     
               (4.0044597258086032,0.0000000000000000)
   1.5707963267948966        0.0000000000000000     
       (0.17196093882241581,-1.20027353647366024E-016)
   3.1415926535897931        0.0000000000000000     
        (0.25985303452775133,2.40054707294732048E-016)
   1.0000000000000000                1           4
              (0.99999999999997935,0.0000000000000000)
  -1.5707963267948966        0.0000000000000000     
        (0.16699776200356031,9.19071172897972881E-018)
   0.0000000000000000        0.0000000000000000     
               (4.0040447023125054,0.0000000000000000)
   1.5707963267948966        0.0000000000000000     
       (0.16699776200356031,-9.19071172897972881E-018)
   3.1415926535897931        0.0000000000000000     
        (0.25640583795538163,2.40426028382990766E-016)
   1.0000000000000000                1           4
              (0.99999999999997646,0.0000000000000000)
  -1.5707963267948966        0.0000000000000000     
        (0.17144416152166420,9.03605351603089658E-018)
   0.0000000000000000        0.0000000000000000     
               (4.0045081574843708,0.0000000000000000)
   1.5707963267948966        0.0000000000000000     
       (0.17144416152166420,-9.03605351603089658E-018)
   3.1415926535897931        0.0000000000000000     
        (0.25978366123251384,2.40116711957093151E-016)
   1.0000000000000000                1           4
              (0.99999999999992317,0.0000000000000000)
  -1.5707963267948966        0.0000000000000000     
        (0.16832872799064746,1.20215697918413051E-016)
   0.0000000000000000        0.0000000000000000     
               (4.0038342549652768,0.0000000000000000)
   1.5707963267948966        0.0000000000000000     
       (0.16832872799064746,-1.20215697918413051E-016)
   3.1415926535897931        0.0000000000000000     
        (0.25936587445008585,2.40431395836826103E-016)
   1.0000000000000000                1           4
               (1.0000000000000093,0.0000000000000000)
  -1.5707963267948966        0.0000000000000000     
        (0.16959314600189812,2.31225831551130861E-016)
   0.0000000000000000        0.0000000000000000     
               (4.0045715481274176,0.0000000000000000)
   1.5707963267948966        0.0000000000000000     
       (0.16959314600189812,-2.31225831551130861E-016)
   3.1415926535897931        0.0000000000000000     
        (0.26075995316629297,2.40407058177230464E-016)
   1.0000000000000000                1           4
               (1.0000000000000167,0.0000000000000000)
  -1.5707963267948966        0.0000000000000000     
        (0.17066172854394823,9.02022475752588154E-018)
   0.0000000000000000        0.0000000000000000     
               (4.0043942019934295,0.0000000000000000)
   1.5707963267948966        0.0000000000000000     
       (0.17066172854394823,-9.02022475752588154E-018)
   3.1415926535897931        0.0000000000000000     
        (0.25781574428040399,2.40085054440083071E-016)
   1.0000000000000000                1           4
               (1.0000000000000118,0.0000000000000000)
  -1.5707963267948966        0.0000000000000000     
        (0.17119085572099735,2.31089783971614905E-016)
   0.0000000000000000        0.0000000000000000     
               (4.0049107303222895,0.0000000000000000)
   1.5707963267948966        0.0000000000000000     
       (0.17119085572099735,-2.31089783971614905E-016)
   3.1415926535897931        0.0000000000000000     
        (0.25917253924062311,2.40134963018198501E-016)
   1.0000000000000000                1           4
              (0.99999999999997147,0.0000000000000000)
  -1.5707963267948966        0.0000000000000000     
        (0.16832604893995429,2.31276487840970359E-016)
   0.0000000000000000        0.0000000000000000     
               (4.0044084597076068,0.0000000000000000)
   1.5707963267948966        0.0000000000000000     
       (0.16832604893995429,-2.31276487840970359E-016)
   3.1415926535897931        0.0000000000000000     
        (0.26004340745044308,2.40508370756909411E-016)
   1.0000000000000000                1           4
               (1.0000000000000167,0.0000000000000000)
  -1.5707963267948966        0.0000000000000000     
        (0.17277389470444138,2.30987809758561066E-016)
   0.0000000000000000        0.0000000000000000     
               (4.0044220306781355,0.0000000000000000)
   1.5707963267948966        0.0000000000000000     
       (0.17277389470444138,-2.30987809758561066E-016)
   3.1415926535897931        0.0000000000000000     
        (0.25949658628919425,2.39931014592090873E-016)
   1.0000000000000000                1           4
               (1.0000000000002729,0.0000000000000000)
  -1.5707963267948966        0.0000000000000000     
        (0.17074308796459359,1.20045330405969615E-016)
   0.0000000000000000        0.0000000000000000     
               (4.0045074051453131,0.0000000000000000)
   1.5707963267948966        0.0000000000000000     
       (0.17074308796459359,-1.20045330405969615E-016)
   3.1415926535897931        0.0000000000000000     
        (0.25795681897049649,2.40090660811939230E-016)
   1.0000000000000000                1           4
               (1.0000000000000759,0.0000000000000000)
  -1.5707963267948966        0.0000000000000000     
        (0.16691281455644968,9.18425175095991255E-018)
   0.0000000000000000        0.0000000000000000     
               (4.0042416502010818,0.0000000000000000)
   1.5707963267948966        0.0000000000000000     
       (0.16691281455644968,-9.18425175095991255E-018)
   3.1415926535897931        0.0000000000000000     
        (0.25582799627806696,2.40413108426951133E-016)
   1.0000000000000000                1           4
               (1.0000000000000353,0.0000000000000000)
  -1.5707963267948966        0.0000000000000000     
        (0.16819482866721280,9.25751115749598215E-018)
   0.0000000000000000        0.0000000000000000     
               (4.0047733827629335,0.0000000000000000)
   1.5707963267948966        0.0000000000000000     
       (0.16819482866721280,-9.25751115749598215E-018)
   3.1415926535897931        0.0000000000000000     
        (0.26025312574376869,2.40559627240023272E-016)
   1.0000000000000000                1           4
               (1.0000000000000679,0.0000000000000000)
  -1.5707963267948966        0.0000000000000000     
        (0.16086928885169216,2.31472931575416273E-016)
   0.0000000000000000        0.0000000000000000     
               (4.0043234074592151,0.0000000000000000)
   1.5707963267948966        0.0000000000000000     
       (0.16086928885169216,-2.31472931575416273E-016)
   3.1415926535897931        0.0000000000000000     
        (0.25163127881565406,2.40901258225801238E-016)
   1.0000000000000000                1           4
              (0.99999999999998901,0.0000000000000000)
  -1.5707963267948966        0.0000000000000000     
        (0.17009605545668460,1.20177558469107668E-016)
   0.0000000000000000        0.0000000000000000     
               (4.0042314523980487,0.0000000000000000)
   1.5707963267948966        0.0000000000000000     
       (0.17009605545668460,-1.20177558469107668E-016)
   3.1415926535897931        0.0000000000000000     
        (0.26125760299857781,2.40355116938215336E-016)
   1.0000000000000000                1           4
              (0.99999999999999345,0.0000000000000000)
  -1.5707963267948966        0.0000000000000000     
        (0.17061849396523210,1.20179461756979862E-016)
   0.0000000000000000        0.0000000000000000     
               (4.0041695952753562,0.0000000000000000)
   1.5707963267948966        0.0000000000000000     
       (0.17061849396523210,-1.20179461756979862E-016)
   3.1415926535897931        0.0000000000000000     
        (0.26242650323796235,2.40358923513959723E-016)
   1.0000000000000000                1           4
               (1.0000000000000133,0.0000000000000000)
  -1.5707963267948966        0.0000000000000000     
        (0.17465534382771075,2.31032847862457436E-016)
   0.0000000000000000        0.0000000000000000     
               (4.0047492750641833,0.0000000000000000)
   1.5707963267948966        0.0000000000000000     
       (0.17465534382771075,-2.31032847862457436E-016)
   3.1415926535897931        0.0000000000000000     
        (0.26440329625917525,2.40021090799883515E-016)
   1.0000000000000000                1           4
               (1.0000000000000100,0.0000000000000000)
  -1.5707963267948966        0.0000000000000000     
        (0.16806191502379975,1.20151767416907252E-016)
   0.0000000000000000        0.0000000000000000     
               (4.0046348321684144,0.0000000000000000)
   1.5707963267948966        0.0000000000000000     
       (0.16806191502379975,-1.20151767416907252E-016)
   3.1415926535897931        0.0000000000000000     
        (0.25594354266913066,2.40303534833814503E-016)
   1.0000000000000000                1           4
              (0.99999999999999634,0.0000000000000000)
  -1.5707963267948966        0.0000000000000000     
        (0.17142489619001322,2.31079602649863330E-016)
   0.0000000000000000        0.0000000000000000     
               (4.0043046918933731,0.0000000000000000)
   1.5707963267948966        0.0000000000000000     
       (0.17142489619001322,-2.31079602649863330E-016)
   3.1415926535897931        0.0000000000000000     
        (0.25991411140265708,2.40114600374695353E-016)
   1.0000000000000000                1           4
              (0.99999999999999889,0.0000000000000000)
  -1.5707963267948966        0.0000000000000000     
        (0.17082759409600845,9.07607476653100262E-018)
   0.0000000000000000        0.0000000000000000     
               (4.0048855177485425,0.0000000000000000)
   1.5707963267948966        0.0000000000000000     
       (0.17082759409600845,-9.07607476653100262E-018)
   3.1415926535897931        0.0000000000000000     
        (0.25948035935929281,2.40196754458093313E-016)
   1.0000000000000000                1           4
               (1.0000000000000000,0.0000000000000000)
  -1.5707963267948966        0.0000000000000000     
        (0.15949106384799183,9.44549968409659019E-018)
   0.0000000000000000        0.0000000000000000     
               (4.0045759225575965,0.0000000000000000)
   1.5707963267948966        0.0000000000000000     
       (0.15949106384799183,-9.44549968409659019E-018)
   3.1415926535897931        0.0000000000000000     
        (0.24918322755780287,2.40935604293224538E-016)
   1.0000000000000000                1           4
               (1.0000000000000246,0.0000000000000000)
  -1.5707963267948966        0.0000000000000000     
        (0.16915876860516754,1.20157760746030046E-016)
   0.0000000000000000        0.0000000000000000     
               (4.0050674302945390,0.0000000000000000)
   1.5707963267948966        0.0000000000000000     
       (0.16915876860516754,-1.20157760746030046E-016)
   3.1415926535897931        0.0000000000000000     
        (0.25790040869059505,2.40315521492060091E-016)
   1.0000000000000000                1           4
               (1.0000000000000040,0.0000000000000000)
  -1.5707963267948966        0.0000000000000000     
        (0.17160430395829462,9.02254554917422816E-018)
   0.0000000000000000        0.0000000000000000     
               (4.0048425823933105,0.0000000000000000)
   1.5707963267948966        0.0000000000000000     
       (0.17160430395829462,-9.02254554917422816E-018)
   3.1415926535897931        0.0000000000000000     
        (0.25932831751701235,2.40089696023379764E-016)
   1.0000000000000000                1           4
               (1.0000000000000129,0.0000000000000000)
  -1.5707963267948966        0.0000000000000000     
        (0.16816433884311932,1.20041613171526577E-016)
   0.0000000000000000        0.0000000000000000     
               (4.0043627981579686,0.0000000000000000)
   1.5707963267948966        0.0000000000000000     
       (0.16816433884311932,-1.20041613171526577E-016)
   3.1415926535897931        0.0000000000000000     
        (0.25282251362405139,2.40083226343053154E-016)
   1.0000000000000000                1           4
               (1.0000000000000040,0.0000000000000000)
  -1.5707963267948966        0.0000000000000000     
        (0.16664280420224564,9.27056767207351153E-018)
   0.0000000000000000        0.0000000000000000     
               (4.0039805247826994,0.0000000000000000)
   1.5707963267948966        0.0000000000000000     
       (0.16664280420224564,-9.27056767207351153E-018)
   3.1415926535897931        0.0000000000000000     
        (0.25836839292343738,2.40585740269178331E-016)
   1.0000000000000000                1           4
              (0.99999999999998990,0.0000000000000000)
  -1.5707963267948966        0.0000000000000000     
        (0.16702382016355322,1.20224319139788322E-016)
   0.0000000000000000        0.0000000000000000     
               (4.0043465145125587,0.0000000000000000)
   1.5707963267948966        0.0000000000000000     
       (0.16702382016355322,-1.20224319139788322E-016)
   3.1415926535897931        0.0000000000000000     
        (0.25652538970820760,2.40448638279576645E-016)
   1.0000000000000000                1           4
               (1.0000000000000095,0.0000000000000000)
  -1.5707963267948966        0.0000000000000000     
        (0.16599255408683167,2.31434804666401095E-016)
   0.0000000000000000        0.0000000000000000     
               (4.0053504906847257,0.0000000000000000)
   1.5707963267948966        0.0000000000000000     
       (0.16599255408683167,-2.31434804666401095E-016)
   3.1415926535897931        0.0000000000000000     
        (0.25960540670657373,2.40825004407770882E-016)
   1.0000000000000000                1           4
              (0.99999999999992306,0.0000000000000000)
  -1.5707963267948966        0.0000000000000000     
        (0.16523190292628387,1.20408179423296925E-016)
   0.0000000000000000        0.0000000000000000     
               (4.0048980976172652,0.0000000000000000)
   1.5707963267948966        0.0000000000000000     
       (0.16523190292628387,-1.20408179423296925E-016)
   3.1415926535897931        0.0000000000000000     
        (0.25839530472401440,2.40816358846593850E-016)
   1.0000000000000000                1           4
              (0.99999999999999878,0.0000000000000000)
  -1.5707963267948966        0.0000000000000000     
        (0.17332171039588584,8.95122802005026885E-018)
   0.0000000000000000        0.0000000000000000     
               (4.0046474646608452,0.0000000000000000)
   1.5707963267948966        0.0000000000000000     
       (0.17332171039588584,-8.95122802005026885E-018)
   3.1415926535897931        0.0000000000000000     
        (0.26062884084825599,2.39947060965131895E-016)
   1.0000000000000000                1           4
               (1.0000000000000382,0.0000000000000000)
  -1.5707963267948966        0.0000000000000000     
        (0.16841553175321589,1.20245008879712515E-016)
   0.0000000000000000        0.0000000000000000     
               (4.0050241082863618,0.0000000000000000)
   1.5707963267948966        0.0000000000000000     
       (0.16841553175321589,-1.20245008879712515E-016)
   3.1415926535897931        0.0000000000000000     
        (0.25930699730344542,2.40490017759425030E-016)
   1.0000000000000000                1           4
              (0.99999999999999978,0.0000000000000000)
  -1.5707963267948966        0.0000000000000000     
        (0.17335256958297185,1.19968464330083059E-016)
   0.0000000000000000        0.0000000000000000     
               (4.0049014180700091,0.0000000000000000)
   1.5707963267948966        0.0000000000000000     
       (0.17335256958297185,-1.19968464330083059E-016)
   3.1415926535897931        0.0000000000000000     
        (0.26027113271566926,2.39936928660166118E-016)
   1.0000000000000000                1           4
               (1.0000000000005527,0.0000000000000000)
  -1.5707963267948966        0.0000000000000000     
        (0.16808865009705021,1.20262457138047969E-016)
   0.0000000000000000        0.0000000000000000     
               (4.0049318861286389,0.0000000000000000)
   1.5707963267948966        0.0000000000000000     
       (0.16808865009705021,-1.20262457138047969E-016)
   3.1415926535897931        0.0000000000000000     
        (0.25931535951518270,2.40524914276095937E-016)
   1.0000000000000000                1           4
              (0.99999999999999578,0.0000000000000000)
  -1.5707963267948966        0.0000000000000000     
        (0.16704658516799487,3.42275875056817278E-016)
   0.0000000000000000        0.0000000000000000     
               (4.0039037097151597,0.0000000000000000)
   1.5707963267948966        0.0000000000000000     
       (0.16704658516799487,-3.42275875056817278E-016)
   3.1415926535897931        0.0000000000000000     
        (0.25724076114260075,2.40462540263571842E-016)
   1.0000000000000000                1           4
               (1.0000000000000000,0.0000000000000000)
  -1.5707963267948966        0.0000000000000000     
        (0.16067385553601465,9.51677670656712149E-018)
   0.0000000000000000        0.0000000000000000     
               (4.0042807563340919,0.0000000000000000)
   1.5707963267948966        0.0000000000000000     
       (0.16067385553601465,-9.51677670656712149E-018)
   3.1415926535897931        0.0000000000000000     
        (0.25417206138605120,2.41078158338165551E-016)
   1.0000000000000000                1           4
               (1.0000000000000009,0.0000000000000000)
  -1.5707963267948966        0.0000000000000000     
        (0.16837177496367961,1.20269551442892231E-016)
   0.0000000000000000        0.0000000000000000     
               (4.0047257440306137,0.0000000000000000)
   1.5707963267948966        0.0000000000000000     
       (0.16837177496367961,-1.20269551442892231E-016)
   3.1415926535897931        0.0000000000000000     
        (0.26031946892737878,2.40539102885784462E-016)
   1.0000000000000000                1           4
               (1.0000000000000195,0.0000000000000000)
  -1.5707963267948966        0.0000000000000000     
        (0.16919183280860839,2.31113719054531562E-016)
   0.0000000000000000        0.0000000000000000     
               (4.0044990500685902,0.0000000000000000)
   1.5707963267948966        0.0000000000000000     
       (0.16919183280860839,-2.31113719054531562E-016)
   3.1415926535897931        0.0000000000000000     
        (0.25636795280564584,2.40182833184031815E-016)
   1.0000000000000000                1           4
               (1.0000000000000138,0.0000000000000000)
  -1.5707963267948966        0.0000000000000000     
        (0.16597663371695259,1.20263747829137073E-016)
   0.0000000000000000        0.0000000000000000     
               (4.0042167946732450,0.0000000000000000)
   1.5707963267948966        0.0000000000000000     
       (0.16597663371695259,-1.20263747829137073E-016)
   3.1415926535897931        0.0000000000000000     
        (0.25584857538059591,2.40527495658274146E-016)
   1.0000000000000000                1           4
               (1.0000000000000102,0.0000000000000000)
  -1.5707963267948966        0.0000000000000000     
        (0.17019895045168343,1.20093790947103620E-016)
   0.0000000000000000        0.0000000000000000     
               (4.0039192215814339,0.0000000000000000)
   1.5707963267948966        0.0000000000000000     
       (0.17019895045168343,-1.20093790947103620E-016)
   3.1415926535897931        0.0000000000000000     
        (0.25903956890144642,2.40187581894207240E-016)
   1.0000000000000000                1           4
               (1.0000000000000397,0.0000000000000000)
  -1.5707963267948966        0.0000000000000000     
        (0.16158799618763908,2.31435022333027856E-016)
   0.0000000000000000        0.0000000000000000     
               (4.0036141562449759,0.0000000000000000)
   1.5707963267948966        0.0000000000000000     
       (0.16158799618763908,-2.31435022333027856E-016)
   3.1415926535897931        0.0000000000000000     
        (0.25253973487949999,2.40825439741024403E-016)
   1.0000000000000000                1           4
               (1.0000000000000204,0.0000000000000000)
  -1.5707963267948966        0.0000000000000000     
        (0.16698077280274737,1.20307234443923967E-016)
   0.0000000000000000        0.0000000000000000     
               (4.0042512347128909,0.0000000000000000)
   1.5707963267948966        0.0000000000000000     
       (0.16698077280274737,-1.20307234443923967E-016)
   3.1415926535897931        0.0000000000000000     
        (0.25924279414202867,2.40614468887847934E-016)
   1.0000000000000000                1           4
               (1.0000000000000049,0.0000000000000000)
  -1.5707963267948966        0.0000000000000000     
        (0.17518595618554467,1.19930948131864653E-016)
   0.0000000000000000        0.0000000000000000     
               (4.0052401938939912,0.0000000000000000)
   1.5707963267948966        0.0000000000000000     
       (0.17518595618554467,-1.19930948131864653E-016)
   3.1415926535897931        0.0000000000000000     
        (0.26237375807138008,2.39861896263729306E-016)
   1.0000000000000000                1           4
               (1.0000000000000107,0.0000000000000000)
  -1.5707963267948966        0.0000000000000000     
       (0.16148427844861601,-1.01584652741464669E-016)
   0.0000000000000000        0.0000000000000000     
               (4.0041476133955269,0.0000000000000000)
   1.5707963267948966        0.0000000000000000     
        (0.16148427844861601,1.01584652741464669E-016)
   3.1415926535897931        0.0000000000000000     
        (0.25334156667029706,2.40919904367133277E-016)
   1.0000000000000000                1           4
              (0.99999999999999778,0.0000000000000000)
  -1.5707963267948966        0.0000000000000000     
        (0.17034813636910351,2.31023119017104640E-016)
   0.0000000000000000        0.0000000000000000     
               (4.0049085821648696,0.0000000000000000)
   1.5707963267948966        0.0000000000000000     
       (0.17034813636910351,-2.31023119017104640E-016)
   3.1415926535897931        0.0000000000000000     
        (0.25531180603710213,2.40001633109177971E-016)
   1.0000000000000000                1           4
               (1.0000000000000111,0.0000000000000000)
  -1.5707963267948966        0.0000000000000000     
        (0.16531676276594576,1.20297449241878705E-016)
   0.0000000000000000        0.0000000000000000     
               (4.0039876286089013,0.0000000000000000)
   1.5707963267948966        0.0000000000000000     
       (0.16531676276594576,-1.20297449241878705E-016)
   3.1415926535897931        0.0000000000000000     
        (0.25585877121897371,2.40594898483757409E-016)
   1.0000000000000000                1           4
               (1.0000000000000127,0.0000000000000000)
  -1.5707963267948966        0.0000000000000000     
        (0.16959648979822539,2.31092625173847830E-016)
   0.0000000000000000        0.0000000000000000     
               (4.0046742382623615,0.0000000000000000)
   1.5707963267948966        0.0000000000000000     
       (0.16959648979822539,-2.31092625173847830E-016)
   3.1415926535897931        0.0000000000000000     
        (0.25631310016244024,2.40140645422664352E-016)
   1.0000000000000000                1           4
               (1.0000000000000140,0.0000000000000000)
  -1.5707963267948966        0.0000000000000000     
        (0.16221859746098866,9.51349703133038218E-018)
   0.0000000000000000        0.0000000000000000     
               (4.0041219494430020,0.0000000000000000)
   1.5707963267948966        0.0000000000000000     
       (0.16221859746098866,-9.51349703133038218E-018)
   3.1415926535897931        0.0000000000000000     
        (0.25731322980450499,2.41071598987692072E-016)
   1.0000000000000000                1           4
               (1.0000000000000102,0.0000000000000000)
  -1.5707963267948966        0.0000000000000000     
        (0.16542607162478795,3.42315225937824548E-016)
   0.0000000000000000        0.0000000000000000     
               (4.0039213376095235,0.0000000000000000)
   1.5707963267948966        0.0000000000000000     
       (0.16542607162478795,-3.42315225937824548E-016)
   3.1415926535897931        0.0000000000000000     
        (0.25526740347480170,2.40541242025586480E-016)
   1.0000000000000000                1           4
              (0.99999999999998035,0.0000000000000000)
  -1.5707963267948966        0.0000000000000000     
        (0.16758922776137997,9.23285740452306257E-018)
   0.0000000000000000        0.0000000000000000     
               (4.0043316309197872,0.0000000000000000)
   1.5707963267948966        0.0000000000000000     
       (0.16758922776137997,-9.23285740452306257E-018)
   3.1415926535897931        0.0000000000000000     
        (0.25867842309373967,2.40510319734077433E-016)
   1.0000000000000000                1           4
              (0.99999999999999156,0.0000000000000000)
  -1.5707963267948966        0.0000000000000000     
        (0.17704221140463927,1.19789140899879496E-016)
   0.0000000000000000        0.0000000000000000     
               (4.0054457212592212,0.0000000000000000)
   1.5707963267948966        0.0000000000000000     
       (0.17704221140463927,-1.19789140899879496E-016)
   3.1415926535897931        0.0000000000000000     
        (0.26124896544921161,2.39578281799758993E-016)
   1.0000000000000000                1           4
              (0.99999999999999778,0.0000000000000000)
  -1.5707963267948966        0.0000000000000000     
        (0.16827895362201672,9.22167023014804905E-018)
   0.0000000000000000        0.0000000000000000     
               (4.0045539033721713,0.0000000000000000)
   1.5707963267948966        0.0000000000000000     
       (0.16827895362201672,-9.22167023014804905E-018)
   3.1415926535897931        0.0000000000000000     
        (0.25947020151781985,2.40487945385327455E-016)
   1.0000000000000000                1           4
               (1.0000000000000002,0.0000000000000000)
  -1.5707963267948966        0.0000000000000000     
        (0.16900570981400431,1.20027523730559413E-016)
   0.0000000000000000        0.0000000000000000     
               (4.0047483375947381,0.0000000000000000)
   1.5707963267948966        0.0000000000000000     
       (0.16900570981400431,-1.20027523730559413E-016)
   3.1415926535897931        0.0000000000000000     
        (0.25365952006347681,2.40055047461118825E-016)
   1.0000000000000000                1           4
               (1.0000000000000082,0.0000000000000000)
  -1.5707963267948966        0.0000000000000000     
        (0.16631511143823907,9.23188809176243967E-018)
   0.0000000000000000        0.0000000000000000     
               (4.0044481951133708,0.0000000000000000)
   1.5707963267948966        0.0000000000000000     
       (0.16631511143823907,-9.23188809176243967E-018)
   3.1415926535897931        0.0000000000000000     
        (0.25598196609646962,2.40508381108556187E-016)
   1.0000000000000000                1           4
              (0.99999999999999800,0.0000000000000000)
  -1.5707963267948966        0.0000000000000000     
        (0.16869541487848994,1.20155788797428914E-016)
   0.0000000000000000        0.0000000000000000     
               (4.0040569584806924,0.0000000000000000)
   1.5707963267948966        0.0000000000000000     
       (0.16869541487848994,-1.20155788797428914E-016)
   3.1415926535897931        0.0000000000000000     
        (0.25791976432189212,2.40311577594857828E-016)
   1.0000000000000000                1           4
               (1.0000000000000062,0.0000000000000000)
  -1.5707963267948966        0.0000000000000000     
        (0.17465537945537302,2.31017603212411895E-016)
   0.0000000000000000        0.0000000000000000     
               (4.0048702971728503,0.0000000000000000)
   1.5707963267948966        0.0000000000000000     
       (0.17465537945537302,-2.31017603212411895E-016)
   3.1415926535897931        0.0000000000000000     
        (0.26378441734833347,2.39990601499792383E-016)
   1.0000000000000000                1           4
               (1.0000000000000093,0.0000000000000000)
  -1.5707963267948966        0.0000000000000000     
        (0.17409436441591264,4.52936821191701207E-016)
   0.0000000000000000        0.0000000000000000     
               (4.0049859641034731,0.0000000000000000)
   1.5707963267948966        0.0000000000000000     
       (0.17409436441591264,-4.52936821191701207E-016)
   3.1415926535897931        0.0000000000000000     
        (0.25845127189343087,2.39739827608308342E-016)
   1.0000000000000000                1           4
               (1.0000000000000311,0.0000000000000000)
  -1.5707963267948966        0.0000000000000000     
        (0.16889829448513505,1.20283838506517025E-016)
   0.0000000000000000        0.0000000000000000     
               (4.0039811379227119,0.0000000000000000)
   1.5707963267948966        0.0000000000000000     
       (0.16889829448513505,-1.20283838506517025E-016)
   3.1415926535897931        0.0000000000000000     
        (0.26258376498961311,2.40567677013034049E-016)
   1.0000000000000000                1           4
               (1.0000000000000004,0.0000000000000000)
  -1.5707963267948966        0.0000000000000000     
        (0.16784761850357377,1.20133683253066977E-016)
   0.0000000000000000        0.0000000000000000     
               (4.0046134771009543,0.0000000000000000)
   1.5707963267948966        0.0000000000000000     
       (0.16784761850357377,-1.20133683253066977E-016)
   3.1415926535897931        0.0000000000000000     
        (0.25494563107978330,2.40267366506133954E-016)
   1.0000000000000000                1           4
               (1.0000000000000224,0.0000000000000000)
  -1.5707963267948966        0.0000000000000000     
        (0.17610977608293188,8.86760261422508388E-018)
   0.0000000000000000        0.0000000000000000     
               (4.0047958052703780,0.0000000000000000)
   1.5707963267948966        0.0000000000000000     
       (0.17610977608293188,-8.86760261422508388E-018)
   3.1415926535897931        0.0000000000000000     
        (0.26332521857573665,2.39779810153481525E-016)
   1.0000000000000000                1           4
               (1.0000000000000191,0.0000000000000000)
  -1.5707963267948966        0.0000000000000000     
        (0.17236436596455074,2.31053985831776171E-016)
   0.0000000000000000        0.0000000000000000     
               (4.0041424692598708,0.0000000000000000)
   1.5707963267948966        0.0000000000000000     
       (0.17236436596455074,-2.31053985831776171E-016)
   3.1415926535897931        0.0000000000000000     
        (0.26111856480993678,2.40063366738520935E-016)
   1.0000000000000000                1           4
               (1.0000000000000357,0.0000000000000000)
  -1.5707963267948966        0.0000000000000000     
        (0.16936803128816269,1.20073220495502402E-016)
   0.0000000000000000        0.0000000000000000     
               (4.0049706200850794,0.0000000000000000)
   1.5707963267948966        0.0000000000000000     
       (0.16936803128816269,-1.20073220495502402E-016)
   3.1415926535897931        0.0000000000000000     
        (0.25565445013335331,2.40146440991004804E-016)
   1.0000000000000000                1           4
               (1.0000000000001066,0.0000000000000000)
  -1.5707963267948966        0.0000000000000000     
        (0.16882777166378271,2.31139281089867770E-016)
   0.0000000000000000        0.0000000000000000     
               (4.0035287552218151,0.0000000000000000)
   1.5707963267948966        0.0000000000000000     
       (0.16882777166378271,-2.31139281089867770E-016)
   3.1415926535897931        0.0000000000000000     
        (0.25744504479763031,2.40233957254704232E-016)
   1.0000000000000000                1           4
               (1.0000000000000107,0.0000000000000000)
  -1.5707963267948966        0.0000000000000000     
        (0.16848793010324259,1.20199482949522926E-016)
   0.0000000000000000        0.0000000000000000     
               (4.0046237055184104,0.0000000000000000)
   1.5707963267948966        0.0000000000000000     
       (0.16848793010324259,-1.20199482949522926E-016)
   3.1415926535897931        0.0000000000000000     
        (0.25836520704604438,2.40398965899045851E-016)
   1.0000000000000000                1           4
               (1.0000000000000935,0.0000000000000000)
  -1.5707963267948966        0.0000000000000000     
        (0.17237947877223847,2.31056855080139320E-016)
   0.0000000000000000        0.0000000000000000     
               (4.0049047154207740,0.0000000000000000)
   1.5707963267948966        0.0000000000000000     
       (0.17237947877223847,-2.31056855080139320E-016)
   3.1415926535897931        0.0000000000000000     
        (0.26048026102797461,2.40069105235247332E-016)
   1.0000000000000000                1           4
              (0.99999999999999345,0.0000000000000000)
  -1.5707963267948966        0.0000000000000000     
        (0.17301329584397140,2.31068226052656830E-016)
   0.0000000000000000        0.0000000000000000     
               (4.0044863747126183,0.0000000000000000)
   1.5707963267948966        0.0000000000000000     
       (0.17301329584397140,-2.31068226052656830E-016)
   3.1415926535897931        0.0000000000000000     
        (0.26253764002732172,2.40091847180282352E-016)
   1.0000000000000000                1           4
               (1.0000000000000138,0.0000000000000000)
  -1.5707963267948966        0.0000000000000000     
        (0.17529787463711777,1.19899121043388327E-016)
   0.0000000000000000        0.0000000000000000     
               (4.0050193355829160,0.0000000000000000)
   1.5707963267948966        0.0000000000000000     
       (0.17529787463711777,-1.19899121043388327E-016)
   3.1415926535897931        0.0000000000000000     
        (0.26177890168595674,2.39798242086776655E-016)
   1.0000000000000000                1           4
               (1.0000000000000451,0.0000000000000000)
  -1.5707963267948966        0.0000000000000000     
        (0.16816412228491828,1.20222043907410253E-016)
   0.0000000000000000        0.0000000000000000     
               (4.0050965358619068,0.0000000000000000)
   1.5707963267948966        0.0000000000000000     
       (0.16816412228491828,-1.20222043907410253E-016)
   3.1415926535897931        0.0000000000000000     
        (0.25798165787248972,2.40444087814820505E-016)
   1.0000000000000000                1           4
               (1.0000000000000169,0.0000000000000000)
  -1.5707963267948966        0.0000000000000000     
        (0.16978138310834434,9.07847417009113179E-018)
   0.0000000000000000        0.0000000000000000     
               (4.0046026153705299,0.0000000000000000)
   1.5707963267948966        0.0000000000000000     
       (0.16978138310834434,-9.07847417009113179E-018)
   3.1415926535897931        0.0000000000000000     
        (0.25774921022966846,2.40201553265213572E-016)
   1.0000000000000000                1           4
               (1.0000000000000331,0.0000000000000000)
  -1.5707963267948966        0.0000000000000000     
        (0.16558178496953990,1.20298469549014513E-016)
   0.0000000000000000        0.0000000000000000     
               (4.0044747944652235,0.0000000000000000)
   1.5707963267948966        0.0000000000000000     
       (0.16558178496953990,-1.20298469549014513E-016)
   3.1415926535897931        0.0000000000000000     
        (0.25593497552993794,2.40596939098029027E-016)
   1.0000000000000000                1           4
               (1.0000000000000075,0.0000000000000000)
  -1.5707963267948966        0.0000000000000000     
        (0.17222013486583054,2.30988833145400284E-016)
   0.0000000000000000        0.0000000000000000     
               (4.0051341424950433,0.0000000000000000)
   1.5707963267948966        0.0000000000000000     
       (0.17222013486583054,-2.30988833145400284E-016)
   3.1415926535897931        0.0000000000000000     
        (0.25771038114590772,2.39933061365769210E-016)
   1.0000000000000000                1           4
              (0.99999999999999500,0.0000000000000000)
  -1.5707963267948966        0.0000000000000000     
        (0.16427137116554025,3.42539701800792047E-016)
   0.0000000000000000        0.0000000000000000     
               (4.0044961181882313,0.0000000000000000)
   1.5707963267948966        0.0000000000000000     
       (0.16427137116554025,-3.42539701800792047E-016)
   3.1415926535897931        0.0000000000000000     
        (0.25971516007187312,2.40990193751521478E-016)
   1.0000000000000000                1           4
               (1.0000000000000739,0.0000000000000000)
  -1.5707963267948966        0.0000000000000000     
        (0.16322875398865822,1.20404868219346241E-016)
   0.0000000000000000        0.0000000000000000     
               (4.0037938744042485,0.0000000000000000)
   1.5707963267948966        0.0000000000000000     
       (0.16322875398865822,-1.20404868219346241E-016)
   3.1415926535897931        0.0000000000000000     
        (0.25538507793324705,2.40809736438692482E-016)
   1.0000000000000000                1           4
               (1.0000000000000773,0.0000000000000000)
  -1.5707963267948966        0.0000000000000000     
        (0.16840662389307903,2.31246423664082756E-016)
   0.0000000000000000        0.0000000000000000     
               (4.0048621699240581,0.0000000000000000)
   1.5707963267948966        0.0000000000000000     
       (0.16840662389307903,-2.31246423664082756E-016)
   3.1415926535897931        0.0000000000000000     
        (0.25876887660282455,2.40448242403134205E-016)
   1.0000000000000000                1           4
               (1.0000000000000107,0.0000000000000000)
  -1.5707963267948966        0.0000000000000000     
        (0.16459175834805340,9.43198512451989427E-018)
   0.0000000000000000        0.0000000000000000     
               (4.0048102102905307,0.0000000000000000)
   1.5707963267948966        0.0000000000000000     
       (0.16459175834805340,-9.43198512451989427E-018)
   3.1415926535897931        0.0000000000000000     
        (0.25870890981059069,2.40908575174071097E-016)
   1.0000000000000000                1           4
               (1.0000000000000149,0.0000000000000000)
  -1.5707963267948966        0.0000000000000000     
       (0.17232993202600477,-1.02005903677374682E-016)
   0.0000000000000000        0.0000000000000000     
               (4.0045001985036031,0.0000000000000000)
   1.5707963267948966        0.0000000000000000     
        (0.17232993202600477,1.02005903677374682E-016)
   3.1415926535897931        0.0000000000000000     
        (0.26092118899279004,2.40077402495313301E-016)
   1.0000000000000000                1           4
              (0.99999999999999323,0.0000000000000000)
  -1.5707963267948966        0.0000000000000000     
        (0.16802308766206875,1.20165388174833137E-016)
   0.0000000000000000        0.0000000000000000     
               (4.0043484047402078,0.0000000000000000)
   1.5707963267948966        0.0000000000000000     
       (0.16802308766206875,-1.20165388174833137E-016)
   3.1415926535897931        0.0000000000000000     
        (0.25659720308959466,2.40330776349666275E-016)
   1.0000000000000000                1           4
               (1.0000000000000151,0.0000000000000000)
  -1.5707963267948966        0.0000000000000000     
        (0.16954006191583826,1.20064519076071314E-016)
   0.0000000000000000        0.0000000000000000     
               (4.0048219303430121,0.0000000000000000)
   1.5707963267948966        0.0000000000000000     
       (0.16954006191583826,-1.20064519076071314E-016)
   3.1415926535897931        0.0000000000000000     
        (0.25586299120388811,2.40129038152142628E-016)
   1.0000000000000000                1           4
               (1.0000000000000009,0.0000000000000000)
  -1.5707963267948966        0.0000000000000000     
        (0.16661921455143647,9.13360524354759525E-018)
   0.0000000000000000        0.0000000000000000     
               (4.0040134642820639,0.0000000000000000)
   1.5707963267948966        0.0000000000000000     
       (0.16661921455143647,-9.13360524354759525E-018)
   3.1415926535897931        0.0000000000000000     
        (0.25381474171715179,2.40311815412126499E-016)
   1.0000000000000000                1           4
              (0.99999999999998257,0.0000000000000000)
  -1.5707963267948966        0.0000000000000000     
        (0.17034746048356342,1.20147049075125155E-016)
   0.0000000000000000        0.0000000000000000     
               (4.0043756355858857,0.0000000000000000)
   1.5707963267948966        0.0000000000000000     
       (0.17034746048356342,-1.20147049075125155E-016)
   3.1415926535897931        0.0000000000000000     
        (0.26061971743319978,2.40294098150250311E-016)
   1.0000000000000000                1           4
               (1.0000000000000049,0.0000000000000000)
  -1.5707963267948966        0.0000000000000000     
        (0.16794072929481352,2.31215870720016513E-016)
   0.0000000000000000        0.0000000000000000     
               (4.0048817352804074,0.0000000000000000)
   1.5707963267948966        0.0000000000000000     
       (0.16794072929481352,-2.31215870720016513E-016)
   3.1415926535897931        0.0000000000000000     
        (0.25681958716496278,2.40387136515001719E-016)
   1.0000000000000000                1           4
               (1.0000000000000042,0.0000000000000000)
  -1.5707963267948966        0.0000000000000000     
        (0.16509681341559701,9.32062541687513045E-018)
   0.0000000000000000        0.0000000000000000     
               (4.0041993895068568,0.0000000000000000)
   1.5707963267948966        0.0000000000000000     
       (0.16509681341559701,-9.32062541687513045E-018)
   3.1415926535897931        0.0000000000000000     
        (0.25669255664965529,2.40685855758781569E-016)
   1.0000000000000000                1           4
               (1.0000000000000338,0.0000000000000000)
  -1.5707963267948966        0.0000000000000000     
       (0.16590499261327885,-1.01785221538928586E-016)
   0.0000000000000000        0.0000000000000000     
               (4.0046593257933081,0.0000000000000000)
   1.5707963267948966        0.0000000000000000     
        (0.16590499261327885,1.01785221538928586E-016)
   3.1415926535897931        0.0000000000000000     
        (0.25512020852551009,2.40518766772205445E-016)
   1.0000000000000000                1           4
              (0.99999999999999500,0.0000000000000000)
  -1.5707963267948966        0.0000000000000000     
        (0.16884864477615469,1.20160982278631415E-016)
   0.0000000000000000        0.0000000000000000     
               (4.0047335285652261,0.0000000000000000)
   1.5707963267948966        0.0000000000000000     
       (0.16884864477615469,-1.20160982278631415E-016)
   3.1415926535897931        0.0000000000000000     
        (0.25771928600187632,2.40321964557262831E-016)
   1.0000000000000000                1           4
              (0.99999999999973521,0.0000000000000000)
  -1.5707963267948966        0.0000000000000000     
        (0.17217107289636058,1.19948931118194213E-016)
   0.0000000000000000        0.0000000000000000     
               (4.0042884803099525,0.0000000000000000)
   1.5707963267948966        0.0000000000000000     
       (0.17217107289636058,-1.19948931118194213E-016)
   3.1415926535897931        0.0000000000000000     
        (0.25788307398511656,2.39897862236388426E-016)
   1.0000000000000000                1           4
               (1.0000000000000089,0.0000000000000000)
  -1.5707963267948966        0.0000000000000000     
        (0.17519135508956218,2.30831263924010700E-016)
   0.0000000000000000        0.0000000000000000     
               (4.0047574841193248,0.0000000000000000)
   1.5707963267948966        0.0000000000000000     
       (0.17519135508956218,-2.30831263924010700E-016)
   3.1415926535897931        0.0000000000000000     
        (0.25888287863067028,2.39617922922990093E-016)
   1.0000000000000000                1           4
               (1.0000000000000095,0.0000000000000000)
  -1.5707963267948966        0.0000000000000000     
        (0.17355411196746451,8.90779939167864712E-018)
   0.0000000000000000        0.0000000000000000     
               (4.0050633087659202,0.0000000000000000)
   1.5707963267948966        0.0000000000000000     
       (0.17355411196746451,-8.90779939167864712E-018)
   3.1415926535897931        0.0000000000000000     
        (0.25925931323690321,2.39860203708388652E-016)
   1.0000000000000000                1           4
               (1.0000000000000357,0.0000000000000000)
  -1.5707963267948966        0.0000000000000000     
        (0.17602981774023396,8.71078268636400541E-018)
   0.0000000000000000        0.0000000000000000     
               (4.0046826044731132,0.0000000000000000)
   1.5707963267948966        0.0000000000000000     
       (0.17602981774023396,-8.71078268636400541E-018)
   3.1415926535897931        0.0000000000000000     
        (0.25815637513310541,2.39466170297759319E-016)
   1.0000000000000000                1           4
              (0.99999999999999745,0.0000000000000000)
  -1.5707963267948966        0.0000000000000000     
        (0.16666954943440038,9.29728959231376841E-018)
   0.0000000000000000        0.0000000000000000     
               (4.0045053916585562,0.0000000000000000)
   1.5707963267948966        0.0000000000000000     
       (0.16666954943440038,-9.29728959231376841E-018)
   3.1415926535897931        0.0000000000000000     
        (0.25876982066273102,2.40639184109658845E-016)
   1.0000000000000000                1           4
               (1.0000000000000060,0.0000000000000000)
  -1.5707963267948966        0.0000000000000000     
        (0.17215526860437480,1.19956195987954213E-016)
   0.0000000000000000        0.0000000000000000     
               (4.0048212509341514,0.0000000000000000)
   1.5707963267948966        0.0000000000000000     
       (0.17215526860437480,-1.19956195987954213E-016)
   3.1415926535897931        0.0000000000000000     
        (0.25755598343078590,2.39912391975908425E-016)
   1.0000000000000000                1           4
               (1.0000000000000207,0.0000000000000000)
  -1.5707963267948966        0.0000000000000000     
        (0.17435454948163187,8.81501136597961140E-018)
   0.0000000000000000        0.0000000000000000     
               (4.0046599876155664,0.0000000000000000)
   1.5707963267948966        0.0000000000000000     
       (0.17435454948163187,-8.81501136597961140E-018)
   3.1415926535897931        0.0000000000000000     
        (0.25823282250198887,2.39674627656990580E-016)
   1.0000000000000000                1           4
               (1.0000000000000053,0.0000000000000000)
  -1.5707963267948966        0.0000000000000000     
        (0.16575845176421267,2.31330856867879049E-016)
   0.0000000000000000        0.0000000000000000     
               (4.0033002435135971,0.0000000000000000)
   1.5707963267948966        0.0000000000000000     
       (0.16575845176421267,-2.31330856867879049E-016)
   3.1415926535897931        0.0000000000000000     
        (0.25779225647666215,2.40617108810726790E-016)
   1.0000000000000000                1           4
               (1.0000000000000031,0.0000000000000000)
  -1.5707963267948966        0.0000000000000000     
        (0.17339555500605597,1.20034490734824086E-016)
   0.0000000000000000        0.0000000000000000     
               (4.0046867692008377,0.0000000000000000)
   1.5707963267948966        0.0000000000000000     
       (0.17339555500605597,-1.20034490734824086E-016)
   3.1415926535897931        0.0000000000000000     
        (0.26272833846992283,2.40068981469648172E-016)
   1.0000000000000000                1           4
              (0.99999999999999112,0.0000000000000000)
  -1.5707963267948966        0.0000000000000000     
        (0.16884451417467239,2.31143866998423243E-016)
   0.0000000000000000        0.0000000000000000     
               (4.0046793116443880,0.0000000000000000)
   1.5707963267948966        0.0000000000000000     
       (0.16884451417467239,-2.31143866998423243E-016)
   3.1415926535897931        0.0000000000000000     
        (0.25647776053737881,2.40243129071815129E-016)
   1.0000000000000000                1           4
               (1.0000000000000375,0.0000000000000000)
  -1.5707963267948966        0.0000000000000000     
        (0.17120405541879891,2.31031562531450941E-016)
   0.0000000000000000        0.0000000000000000     
               (4.0049319067188724,0.0000000000000000)
   1.5707963267948966        0.0000000000000000     
       (0.17120405541879891,-2.31031562531450941E-016)
   3.1415926535897931        0.0000000000000000     
        (0.25727610569003234,2.40018520137870575E-016)
   1.0000000000000000                1           4
               (1.0000000000000031,0.0000000000000000)
  -1.5707963267948966        0.0000000000000000     
        (0.16789597965753478,1.20148377654001757E-016)
   0.0000000000000000        0.0000000000000000     
               (4.0041917592777887,0.0000000000000000)
   1.5707963267948966        0.0000000000000000     
       (0.16789597965753478,-1.20148377654001757E-016)
   3.1415926535897931        0.0000000000000000     
        (0.25594402676850625,2.40296755308003515E-016)
   1.0000000000000000                1           4
               (1.0000000000000013,0.0000000000000000)
  -1.5707963267948966        0.0000000000000000     
        (0.16867607305911125,1.20149474876291534E-016)
   0.0000000000000000        0.0000000000000000     
               (4.0049547610015566,0.0000000000000000)
   1.5707963267948966        0.0000000000000000     
       (0.16867607305911125,-1.20149474876291534E-016)
   3.1415926535897931        0.0000000000000000     
        (0.25677704984756744,2.40298949752583067E-016)
   1.0000000000000000                1           4
               (1.0000000000000031,0.0000000000000000)
  -1.5707963267948966        0.0000000000000000     
        (0.16998552206188289,1.20115718232663292E-016)
   0.0000000000000000        0.0000000000000000     
               (4.0041279020228027,0.0000000000000000)
   1.5707963267948966        0.0000000000000000     
       (0.16998552206188289,-1.20115718232663292E-016)
   3.1415926535897931        0.0000000000000000     
        (0.25912023117815752,2.40231436465326584E-016)
   1.0000000000000000                1           4
               (1.0000000000000095,0.0000000000000000)
  -1.5707963267948966        0.0000000000000000     
        (0.17166923507612708,1.20110930496473849E-016)
   0.0000000000000000        0.0000000000000000     
               (4.0048024802866653,0.0000000000000000)
   1.5707963267948966        0.0000000000000000     
       (0.17166923507612708,-1.20110930496473849E-016)
   3.1415926535897931        0.0000000000000000     
        (0.26165669961144422,2.40221860992947699E-016)
   1.0000000000000000                1           4
              (0.99999999999995226,0.0000000000000000)
  -1.5707963267948966        0.0000000000000000     
       (0.17220409458630292,-1.01985243559142031E-016)
   0.0000000000000000        0.0000000000000000     
               (4.0048034003104505,0.0000000000000000)
   1.5707963267948966        0.0000000000000000     
        (0.17220409458630292,1.01985243559142031E-016)
   3.1415926535897931        0.0000000000000000     
        (0.26104112297838478,2.40118722731778554E-016)
   1.0000000000000000                1           4
               (1.0000000000000380,0.0000000000000000)
  -1.5707963267948966        0.0000000000000000     
        (0.16480944589537605,9.32822797048028681E-018)
   0.0000000000000000        0.0000000000000000     
               (4.0050696452498613,0.0000000000000000)
   1.5707963267948966        0.0000000000000000     
       (0.16480944589537605,-9.32822797048028681E-018)
   3.1415926535897931        0.0000000000000000     
        (0.25549588411145163,2.40701060865991882E-016)
   1.0000000000000000                1           4
               (1.0000000000000264,0.0000000000000000)
  -1.5707963267948966        0.0000000000000000     
        (0.16939759417242717,1.20165507444991825E-016)
   0.0000000000000000        0.0000000000000000     
               (4.0046304870807194,0.0000000000000000)
   1.5707963267948966        0.0000000000000000     
       (0.16939759417242717,-1.20165507444991825E-016)
   3.1415926535897931        0.0000000000000000     
        (0.25906802942881801,2.40331014889983651E-016)
   1.0000000000000000                1           4
              (0.99999999999999034,0.0000000000000000)
  -1.5707963267948966        0.0000000000000000     
       (0.17090998335472063,-1.01950450760713463E-016)
   0.0000000000000000        0.0000000000000000     
               (4.0041228461042584,0.0000000000000000)
   1.5707963267948966        0.0000000000000000     
        (0.17090998335472063,1.01950450760713463E-016)
   3.1415926535897931        0.0000000000000000     
        (0.26026987375922117,2.40188308328635739E-016)
   1.0000000000000000                1           4
              (0.99999999999997957,0.0000000000000000)
  -1.5707963267948966        0.0000000000000000     
       (0.17137798542619609,-1.02029719991880062E-016)
   0.0000000000000000        0.0000000000000000     
               (4.0049653650944226,0.0000000000000000)
   1.5707963267948966        0.0000000000000000     
        (0.17137798542619609,1.02029719991880062E-016)
   3.1415926535897931        0.0000000000000000     
        (0.25777422933695626,2.40029769866302542E-016)
   1.0000000000000000                1           4
              (0.99999999999999900,0.0000000000000000)
  -1.5707963267948966        0.0000000000000000     
        (0.17262213588318831,9.00925582052339910E-018)
   0.0000000000000000        0.0000000000000000     
               (4.0045626167864778,0.0000000000000000)
   1.5707963267948966        0.0000000000000000     
       (0.17262213588318831,-9.00925582052339910E-018)
   3.1415926535897931        0.0000000000000000     
        (0.26120987149456087,2.40063116566078106E-016)
   1.0000000000000000                1           4
               (1.0000000000000140,0.0000000000000000)
  -1.5707963267948966        0.0000000000000000     
        (0.16719633310154203,9.21576486377886107E-018)
   0.0000000000000000        0.0000000000000000     
               (4.0048469135491080,0.0000000000000000)
   1.5707963267948966        0.0000000000000000     
       (0.16719633310154203,-9.21576486377886107E-018)
   3.1415926535897931        0.0000000000000000     
        (0.25681906639664664,2.40476134652589030E-016)
   1.0000000000000000                1           4
              (0.99999999999999833,0.0000000000000000)
  -1.5707963267948966        0.0000000000000000     
        (0.16970937947609421,1.20037312851158932E-016)
   0.0000000000000000        0.0000000000000000     
               (4.0038610375617942,0.0000000000000000)
   1.5707963267948966        0.0000000000000000     
       (0.16970937947609421,-1.20037312851158932E-016)
   3.1415926535897931        0.0000000000000000     
        (0.25627389636373654,2.40074625702317864E-016)
   1.0000000000000000                1           4
               (1.0000000000000140,0.0000000000000000)
  -1.5707963267948966        0.0000000000000000     
        (0.16576339394604833,1.20228529189438100E-016)
   0.0000000000000000        0.0000000000000000     
               (4.0046815948841159,0.0000000000000000)
   1.5707963267948966        0.0000000000000000     
       (0.16576339394604833,-1.20228529189438100E-016)
   3.1415926535897931        0.0000000000000000     
        (0.25380696755868049,2.40457058378876200E-016)
   1.0000000000000000                1           4
               (1.0000000000000961,0.0000000000000000)
  -1.5707963267948966        0.0000000000000000     
        (0.17210070024434887,1.20015299887418193E-016)
   0.0000000000000000        0.0000000000000000     
               (4.0047551888747197,0.0000000000000000)
   1.5707963267948966        0.0000000000000000     
       (0.17210070024434887,-1.20015299887418193E-016)
   3.1415926535897931        0.0000000000000000     
        (0.25944338862787331,2.40030599774836386E-016)
   1.0000000000000000                1           4
              (0.99999999999999067,0.0000000000000000)
  -1.5707963267948966        0.0000000000000000     
        (0.16803329104248510,1.20202826942437914E-016)
   0.0000000000000000        0.0000000000000000     
               (4.0042214520664352,0.0000000000000000)
   1.5707963267948966        0.0000000000000000     
       (0.16803329104248510,-1.20202826942437914E-016)
   3.1415926535897931        0.0000000000000000     
        (0.25796740547388430,2.40405653884875828E-016)
   1.0000000000000000                1           4
               (1.0000000000000049,0.0000000000000000)
  -1.5707963267948966        0.0000000000000000     
        (0.16749196139417155,9.15611198859783882E-018)
   0.0000000000000000        0.0000000000000000     
               (4.0043502373991204,0.0000000000000000)
   1.5707963267948966        0.0000000000000000     
       (0.16749196139417155,-9.15611198859783882E-018)
   3.1415926535897931        0.0000000000000000     
        (0.25595858836651830,2.40356828902226986E-016)
   1.0000000000000000                1           4
              (0.99999999999999967,0.0000000000000000)
  -1.5707963267948966        0.0000000000000000     
        (0.17441341639707131,1.19954672074395050E-016)
   0.0000000000000000        0.0000000000000000     
               (4.0053863656431288,0.0000000000000000)
   1.5707963267948966        0.0000000000000000     
       (0.17441341639707131,-1.19954672074395050E-016)
   3.1415926535897931        0.0000000000000000     
        (0.26145738951302511,2.39909344148790100E-016)
   1.0000000000000000                1           4
               (1.0000000000000080,0.0000000000000000)
  -1.5707963267948966        0.0000000000000000     
        (0.16494444918424278,2.31329113334616678E-016)
   0.0000000000000000        0.0000000000000000     
               (4.0043876077780967,0.0000000000000000)
   1.5707963267948966        0.0000000000000000     
       (0.16494444918424278,-2.31329113334616678E-016)
   3.1415926535897931        0.0000000000000000     
        (0.25501993893416630,2.40613621744202048E-016)
   1.0000000000000000                1           4
              (0.99999999999999400,0.0000000000000000)
  -1.5707963267948966        0.0000000000000000     
       (0.16818070943420316,-1.01868878537981968E-016)
   0.0000000000000000        0.0000000000000000     
               (4.0051449556819829,0.0000000000000000)
   1.5707963267948966        0.0000000000000000     
        (0.16818070943420316,1.01868878537981968E-016)
   3.1415926535897931        0.0000000000000000     
        (0.25645356732846225,2.40351452774098680E-016)
   1.0000000000000000                1           4
               (1.0000000000000231,0.0000000000000000)
  -1.5707963267948966        0.0000000000000000     
        (0.16856916455324289,1.20166732623340508E-016)
   0.0000000000000000        0.0000000000000000     
               (4.0040559732401864,0.0000000000000000)
   1.5707963267948966        0.0000000000000000     
       (0.16856916455324289,-1.20166732623340508E-016)
   3.1415926535897931        0.0000000000000000     
        (0.25802570139270797,2.40333465246681015E-016)
   1.0000000000000000                1           4
               (1.0000000000000047,0.0000000000000000)
  -1.5707963267948966        0.0000000000000000     
        (0.17053291875041232,1.20059478903695513E-016)
   0.0000000000000000        0.0000000000000000     
               (4.0042570904165409,0.0000000000000000)
   1.5707963267948966        0.0000000000000000     
       (0.17053291875041232,-1.20059478903695513E-016)
   3.1415926535897931        0.0000000000000000     
        (0.25824892027660717,2.40118957807391026E-016)
   1.0000000000000000                1           4
               (1.0000000000000124,0.0000000000000000)
  -1.5707963267948966        0.0000000000000000     
        (0.16882267018938224,2.31212794871539872E-016)
   0.0000000000000000        0.0000000000000000     
               (4.0048426395513488,0.0000000000000000)
   1.5707963267948966        0.0000000000000000     
       (0.16882267018938224,-2.31212794871539872E-016)
   3.1415926535897931        0.0000000000000000     
        (0.25852209984778807,2.40380984818048486E-016)
   1.0000000000000000                1           4
              (0.99999999999998779,0.0000000000000000)
  -1.5707963267948966        0.0000000000000000     
        (0.17192419957028982,1.20041853019650201E-016)
   0.0000000000000000        0.0000000000000000     
               (4.0047511843695123,0.0000000000000000)
   1.5707963267948966        0.0000000000000000     
       (0.17192419957028982,-1.20041853019650201E-016)
   3.1415926535897931        0.0000000000000000     
        (0.25996168290107846,2.40083706039300401E-016)
   1.0000000000000000                1           4
               (1.0000000000000100,0.0000000000000000)
  -1.5707963267948966        0.0000000000000000     
        (0.17405526146842276,8.97644137578002539E-018)
   0.0000000000000000        0.0000000000000000     
               (4.0051590565222979,0.0000000000000000)
   1.5707963267948966        0.0000000000000000     
       (0.17405526146842276,-8.97644137578002539E-018)
   3.1415926535897931        0.0000000000000000     
        (0.26240788182651664,2.39997487676591359E-016)
   1.0000000000000000                1           4
               (1.0000000000000053,0.0000000000000000)
  -1.5707963267948966        0.0000000000000000     
        (0.16495949526283626,1.20352721956749780E-016)
   0.0000000000000000        0.0000000000000000     
               (4.0052087031503900,0.0000000000000000)
   1.5707963267948966        0.0000000000000000     
       (0.16495949526283626,-1.20352721956749780E-016)
   3.1415926535897931        0.0000000000000000     
        (0.25572850554378712,2.40705443913499560E-016)
   1.0000000000000000                1           4
               (1.0000000000000018,0.0000000000000000)
  -1.5707963267948966        0.0000000000000000     
        (0.16689746985808585,1.20288724669922119E-016)
   0.0000000000000000        0.0000000000000000     
               (4.0040394133427917,0.0000000000000000)
   1.5707963267948966        0.0000000000000000     
       (0.16689746985808585,-1.20288724669922119E-016)
   3.1415926535897931        0.0000000000000000     
        (0.25868343452360909,2.40577449339844238E-016)
   1.0000000000000000                1           4
               (1.0000000000000551,0.0000000000000000)
  -1.5707963267948966        0.0000000000000000     
   (9.83779028475162409E-002,1.24194801373052343E-016)
   0.0000000000000000        0.0000000000000000     
               (4.0043182716627745,0.0000000000000000)
   1.5707963267948966        0.0000000000000000     
  (9.83779028475162409E-002,-1.24194801373052343E-016)
   3.1415926535897931        0.0000000000000000     
        (0.24894758932400696,2.48389602746104685E-016)
   1.0000000000000000                1           4
              (0.99999999999999578,0.0000000000000000)
  -1.5707963267948966        0.0000000000000000     
        (0.16982141993869038,2.31079849537406717E-016)
   0.0000000000000000        0.0000000000000000     
               (4.0043653293745232,0.0000000000000000)
   1.5707963267948966        0.0000000000000000     
       (0.16982141993869038,-2.31079849537406717E-016)
   3.1415926535897931        0.0000000000000000     
        (0.25665458537799002,2.40115094149782125E-016)
   1.0000000000000000                1           4
               (1.0000000000000528,0.0000000000000000)
  -1.5707963267948966        0.0000000000000000     
        (0.16968100762717286,1.20119484584483972E-016)
   0.0000000000000000        0.0000000000000000     
               (4.0050896115694012,0.0000000000000000)
   1.5707963267948966        0.0000000000000000     
       (0.16968100762717286,-1.20119484584483972E-016)
   3.1415926535897931        0.0000000000000000     
        (0.25767251114828249,2.40238969168967945E-016)
   1.0000000000000000                1           4
              (0.99999999999999933,0.0000000000000000)
  -1.5707963267948966        0.0000000000000000     
        (0.17117183732446128,1.20129470945769543E-016)
   0.0000000000000000        0.0000000000000000     
               (4.0043802258240699,0.0000000000000000)
   1.5707963267948966        0.0000000000000000     
       (0.17117183732446128,-1.20129470945769543E-016)
   3.1415926535897931        0.0000000000000000     
        (0.26168973560103503,2.40258941891539087E-016)
   1.0000000000000000                1           4
              (0.99999999999999534,0.0000000000000000)
  -1.5707963267948966        0.0000000000000000     
        (0.16872993631280164,1.20190986161420245E-016)
   0.0000000000000000        0.0000000000000000     
               (4.0042212719970198,0.0000000000000000)
   1.5707963267948966        0.0000000000000000     
       (0.16872993631280164,-1.20190986161420245E-016)
   3.1415926535897931        0.0000000000000000     
        (0.25897412682607701,2.40381972322840490E-016)
   1.0000000000000000                1           4
              (0.99999999999998268,0.0000000000000000)
  -1.5707963267948966        0.0000000000000000     
        (0.16643906129910302,1.20272434219344170E-016)
   0.0000000000000000        0.0000000000000000     
               (4.0045770013600492,0.0000000000000000)
   1.5707963267948966        0.0000000000000000     
       (0.16643906129910302,-1.20272434219344170E-016)
   3.1415926535897931        0.0000000000000000     
        (0.25669694289326672,2.40544868438688341E-016)
   1.0000000000000000                1           4
               (1.0000000000000038,0.0000000000000000)
  -1.5707963267948966        0.0000000000000000     
        (0.17196093882241581,1.20027353647366024E-016)
   0.0000000000000000        0.0000000000000000     
               (4.0044597258086032,0.0000000000000000)
   1.5707963267948966        0.0000000000000000     
       (0.17196093882241581,-1.20027353647366024E-016)
   3.1415926535897931        0.0000000000000000     
        (0.25985303452775133,2.40054707294732048E-016)
   1.0000000000000000                1           4
              (0.99999999999997935,0.0000000000000000)
  -1.5707963267948966        0.0000000000000000     
        (0.16699776200356031,9.19071172897972881E-018)
   0.0000000000000000        0.0000000000000000     
               (4.0040447023125054,0.0000000000000000)
   1.5707963267948966        0.0000000000000000     
       (0.16699776200356031,-9.19071172897972881E-018)
   3.1415926535897931        0.0000000000000000     
        (0.25640583795538163,2.40426028382990766E-016)
   1.0000000000000000                1           4
              (0.99999999999997646,0.0000000000000000)
  -1.5707963267948966        0.0000000000000000     
        (0.17144416152166420,9.03605351603089658E-018)
   0.0000000000000000        0.0000000000000000     
               (4.0045081574843708,0.0000000000000000)
   1.5707963267948966        0.0000000000000000     
       (0.17144416152166420,-9.03605351603089658E-018)
   3.1415926535897931        0.0000000000000000     
        (0.25978366123251384,2.40116711957093151E-016)
   1.0000000000000000                1           4
              (0.99999999999992317,0.0000000000000000)
  -1.5707963267948966        0.0000000000000000     
        (0.16832872799064746,1.20215697918413051E-016)
   0.0000000000000000        0.0000000000000000     
               (4.0038342549652768,0.0000000000000000)
   1.5707963267948966        0.0000000000000000     
       (0.16832872799064746,-1.20215697918413051E-016)
   3.1415926535897931        0.0000000000000000     
        (0.25936587445008585,2.40431395836826103E-016)
   1.0000000000000000                1           4
               (1.0000000000000093,0.0000000000000000)
  -1.5707963267948966        0.0000000000000000     
        (0.16959314600189812,2.31225831551130861E-016)
   0.0000000000000000        0.0000000000000000     
               (4.0045715481274176,0.0000000000000000)
   1.5707963267948966        0.0000000000000000     
       (0.16959314600189812,-2.31225831551130861E-016)
   3.1415926535897931        0.0000000000000000     
        (0.26075995316629297,2.40407058177230464E-016)
   1.0000000000000000                1           4
               (1.0000000000000167,0.0000000000000000)
  -1.5707963267948966        0.0000000000000000     
        (0.17066172854394823,9.02022475752588154E-018)
   0.0000000000000000        0.0000000000000000     
               (4.0043942019934295,0.0000000000000000)
   1.5707963267948966        0.0000000000000000     
       (0.17066172854394823,-9.02022475752588154E-018)
   3.1415926535897931        0.0000000000000000     
        (0.25781574428040399,2.40085054440083071E-016)
   1.0000000000000000                1           4
               (1.0000000000000047,0.0000000000000000)
  -1.5707963267948966        0.0000000000000000     
        (0.17214725651653007,2.31036164786812119E-016)
   0.0000000000000000        0.0000000000000000     
               (4.0046357768741050,0.0000000000000000)
   1.5707963267948966        0.0000000000000000     
       (0.17214725651653007,-2.31036164786812119E-016)
   3.1415926535897931        0.0000000000000000     
        (0.25960895879799872,2.40027724648592929E-016)
   1.0000000000000000                1           4
               (1.0000000000000202,0.0000000000000000)
  -1.5707963267948966        0.0000000000000000     
        (0.16729662963477010,1.20193316793226364E-016)
   0.0000000000000000        0.0000000000000000     
               (4.0036141826142799,0.0000000000000000)
   1.5707963267948966        0.0000000000000000     
       (0.16729662963477010,-1.20193316793226364E-016)
   3.1415926535897931        0.0000000000000000     
        (0.25679072706449257,2.40386633586452728E-016)
   1.0000000000000000                1           4
              (0.99999999999998357,0.0000000000000000)
  -1.5707963267948966        0.0000000000000000     
        (0.16975507581468330,2.31116809987124487E-016)
   0.0000000000000000        0.0000000000000000     
               (4.0046544731177658,0.0000000000000000)
   1.5707963267948966        0.0000000000000000     
       (0.16975507581468330,-2.31116809987124487E-016)
   3.1415926535897931        0.0000000000000000     
        (0.25743997328862089,2.40189015049217716E-016)
   1.0000000000000000                1           4
               (1.0000000000000118,0.0000000000000000)
  -1.5707963267948966        0.0000000000000000     
        (0.17119085572099735,2.31089783971614905E-016)
   0.0000000000000000        0.0000000000000000     
               (4.0049107303222895,0.0000000000000000)
   1.5707963267948966        0.0000000000000000     
       (0.17119085572099735,-2.31089783971614905E-016)
   3.1415926535897931        0.0000000000000000     
        (0.25917253924062311,2.40134963018198501E-016)
   1.0000000000000000                1           4
              (0.99999999999997147,0.0000000000000000)
  -1.5707963267948966        0.0000000000000000     
        (0.16832604893995429,2.31276487840970359E-016)
   0.0000000000000000        0.0000000000000000     
               (4.0044084597076068,0.0000000000000000)
   1.5707963267948966        0.0000000000000000     
       (0.16832604893995429,-2.31276487840970359E-016)
   3.1415926535897931        0.0000000000000000     
        (0.26004340745044308,2.40508370756909411E-016)
   1.0000000000000000                1           4
               (1.0000000000000167,0.0000000000000000)
  -1.5707963267948966        0.0000000000000000     
        (0.17277389470444138,2.30987809758561066E-016)
   0.0000000000000000        0.0000000000000000     
               (4.0044220306781355,0.0000000000000000)
   1.5707963267948966        0.0000000000000000     
       (0.17277389470444138,-2.30987809758561066E-016)
   3.1415926535897931        0.0000000000000000     
        (0.25949658628919425,2.39931014592090873E-016)
   1.0000000000000000                1           4
               (1.0000000000002729,0.0000000000000000)
  -1.5707963267948966        0.0000000000000000     
        (0.17074308796459359,1.20045330405969615E-016)
   0.0000000000000000        0.0000000000000000     
               (4.0045074051453131,0.0000000000000000)
   1.5707963267948966        0.0000000000000000     
       (0.17074308796459359,-1.20045330405969615E-016)
   3.1415926535897931        0.0000000000000000     
        (0.25795681897049649,2.40090660811939230E-016)
   1.0000000000000000                1           4
               (1.0000000000000759,0.0000000000000000)
  -1.5707963267948966        0.0000000000000000     
        (0.16691281455644968,9.18425175095991255E-018)
   0.0000000000000000        0.0000000000000000     
               (4.0042416502010818,0.0000000000000000)
   1.5707963267948966        0.0000000000000000     
       (0.16691281455644968,-9.18425175095991255E-018)
   3.1415926535897931        0.0000000000000000     
        (0.25582799627806696,2.40413108426951133E-016)
   1.0000000000000000                1           4
               (1.0000000000000353,0.0000000000000000)
  -1.5707963267948966        0.0000000000000000     
        (0.16819482866721280,9.25751115749598215E-018)
   0.0000000000000000        0.0000000000000000     
               (4.0047733827629335,0.0000000000000000)
   1.5707963267948966        0.0000000000000000     
       (0.16819482866721280,-9.25751115749598215E-018)
   3.1415926535897931        0.0000000000000000     
        (0.26025312574376869,2.40559627240023272E-016)
   1.0000000000000000                1           4
               (1.0000000000000679,0.0000000000000000)
  -1.5707963267948966        0.0000000000000000     
        (0.16086928885169216,2.31472931575416273E-016)
   0.0000000000000000        0.0000000000000000     
               (4.0043234074592151,0.0000000000000000)
   1.5707963267948966        0.0000000000000000     
       (0.16086928885169216,-2.31472931575416273E-016)
   3.1415926535897931        0.0000000000000000     
        (0.25163127881565406,2.40901258225801238E-016)
   1.0000000000000000                1           4
              (0.99999999999998901,0.0000000000000000)
  -1.5707963267948966        0.0000000000000000     
        (0.17009605545668460,1.20177558469107668E-016)
   0.0000000000000000        0.0000000000000000     
               (4.0042314523980487,0.0000000000000000)
   1.5707963267948966        0.0000000000000000     
       (0.17009605545668460,-1.20177558469107668E-016)
   3.1415926535897931        0.0000000000000000     
        (0.26125760299857781,2.40355116938215336E-016)
   1.0000000000000000                1           4
              (0.99999999999999345,0.0000000000000000)
  -1.5707963267948966        0.0000000000000000     
        (0.17061849396523210,1.20179461756979862E-016)
   0.0000000000000000        0.0000000000000000     
               (4.0041695952753562,0.0000000000000000)
   1.5707963267948966        0.0000000000000000     
       (0.17061849396523210,-1.20179461756979862E-016)
   3.1415926535897931        0.0000000000000000     
        (0.26242650323796235,2.40358923513959723E-016)
   1.0000000000000000                1           4
               (1.0000000000000133,0.0000000000000000)
  -1.5707963267948966        0.0000000000000000     
        (0.17465534382771075,2.31032847862457436E-016)
   0.0000000000000000        0.0000000000000000     
               (4.0047492750641833,0.0000000000000000)
   1.5707963267948966        0.0000000000000000     
       (0.17465534382771075,-2.31032847862457436E-016)
   3.1415926535897931        0.0000000000000000     
        (0.26440329625917525,2.40021090799883515E-016)
   1.0000000000000000                1           4
               (1.0000000000000100,0.0000000000000000)
  -1.5707963267948966        0.0000000000000000     
        (0.16806191502379975,1.20151767416907252E-016)
   0.0000000000000000        0.0000000000000000     
               (4.0046348321684144,0.0000000000000000)
   1.5707963267948966        0.0000000000000000     
       (0.16806191502379975,-1.20151767416907252E-016)
   3.1415926535897931        0.0000000000000000     
        (0.25594354266913066,2.40303534833814503E-016)
   1.0000000000000000                1           4
              (0.99999999999999634,0.0000000000000000)
  -1.5707963267948966        0.0000000000000000     
        (0.17142489619001322,2.31079602649863330E-016)
   0.0000000000000000        0.0000000000000000     
               (4.0043046918933731,0.0000000000000000)
   1.5707963267948966        0.0000000000000000     
       (0.17142489619001322,-2.31079602649863330E-016)
   3.1415926535897931        0.0000000000000000     
        (0.25991411140265708,2.40114600374695353E-016)
   1.0000000000000000                1           4
              (0.99999999999999889,0.0000000000000000)
  -1.5707963267948966        0.0000000000000000     
        (0.17082759409600845,9.07607476653100262E-018)
   0.0000000000000000        0.0000000000000000     
               (4.0048855177485425,0.0000000000000000)
   1.5707963267948966        0.0000000000000000     
       (0.17082759409600845,-9.07607476653100262E-018)
   3.1415926535897931        0.0000000000000000     
        (0.25948035935929281,2.40196754458093313E-016)
   1.0000000000000000                1           4
               (1.0000000000000000,0.0000000000000000)
  -1.5707963267948966        0.0000000000000000     
        (0.15949106384799183,9.44549968409659019E-018)
   0.0000000000000000        0.0000000000000000     
               (4.0045759225575965,0.0000000000000000)
   1.5707963267948966        0.0000000000000000     
       (0.15949106384799183,-9.44549968409659019E-018)
   3.1415926535897931        0.0000000000000000     
        (0.24918322755780287,2.40935604293224538E-016)
   1.0000000000000000                1           4
               (1.0000000000000246,0.0000000000000000)
  -1.5707963267948966        0.0000000000000000     
        (0.16915876860516754,1.20157760746030046E-016)
   0.0000000000000000        0.0000000000000000     
               (4.0050674302945390,0.0000000000000000)
   1.5707963267948966        0.0000000000000000     
       (0.16915876860516754,-1.20157760746030046E-016)
   3.1415926535897931        0.0000000000000000     
        (0.25790040869059505,2.40315521492060091E-016)
   1.0000000000000000                1           4
               (1.0000000000000040,0.0000000000000000)
  -1.5707963267948966        0.0000000000000000     
        (0.17160430395829462,9.02254554917422816E-018)
   0.0000000000000000        0.0000000000000000     
               (4.0048425823933105,0.0000000000000000)
   1.5707963267948966        0.0000000000000000     
       (0.17160430395829462,-9.02254554917422816E-018)
   3.1415926535897931        0.0000000000000000     
        (0.25932831751701235,2.40089696023379764E-016)
   1.0000000000000000                1           4
               (1.0000000000000129,0.0000000000000000)
  -1.5707963267948966        0.0000000000000000     
        (0.16816433884311932,1.20041613171526577E-016)
   0.0000000000000000        0.0000000000000000     
               (4.0043627981579686,0.0000000000000000)
   1.5707963267948966        0.0000000000000000     
       (0.16816433884311932,-1.20041613171526577E-016)
   3.1415926535897931        0.0000000000000000     
        (0.25282251362405139,2.40083226343053154E-016)
   1.0000000000000000                1           4
               (1.0000000000000040,0.0000000000000000)
  -1.5707963267948966        0.0000000000000000     
        (0.16664280420224564,9.27056767207351153E-018)
   0.0000000000000000        0.0000000000000000     
               (4.0039805247826994,0.0000000000000000)
   1.5707963267948966        0.0000000000000000     
       (0.16664280420224564,-9.27056767207351153E-018)
   3.1415926535897931        0.0000000000000000     
        (0.25836839292343738,2.40585740269178331E-016)
   1.0000000000000000                1           4
              (0.99999999999998990,0.0000000000000000)
  -1.5707963267948966        0.0000000000000000     
        (0.16702382016355322,1.20224319139788322E-016)
   0.0000000000000000        0.0000000000000000     
               (4.0043465145125587,0.0000000000000000)
   1.5707963267948966        0.0000000000000000     
       (0.16702382016355322,-1.20224319139788322E-016)
   3.1415926535897931        0.0000000000000000     
        (0.25652538970820760,2.40448638279576645E-016)
   1.0000000000000000                1           4
               (1.0000000000000095,0.0000000000000000)
  -1.5707963267948966        0.0000000000000000     
        (0.16599255408683167,2.31434804666401095E-016)
   0.0000000000000000        0.0000000000000000     
               (4.0053504906847257,0.0000000000000000)
   1.5707963267948966        0.0000000000000000     
       (0.16599255408683167,-2.31434804666401095E-016)
   3.1415926535897931        0.0000000000000000     
        (0.25960540670657373,2.40825004407770882E-016)
   1.0000000000000000                1           4
              (0.99999999999992306,0.0000000000000000)
  -1.5707963267948966        0.0000000000000000     
        (0.16523190292628387,1.20408179423296925E-016)
   0.0000000000000000        0.0000000000000000     
               (4.0048980976172652,0.0000000000000000)
   1.5707963267948966        0.0000000000000000     
       (0.16523190292628387,-1.20408179423296925E-016)
   3.1415926535897931        0.0000000000000000     
        (0.25839530472401440,2.40816358846593850E-016)
   1.0000000000000000                1           4
              (0.99999999999999878,0.0000000000000000)
  -1.5707963267948966        0.0000000000000000     
        (0.17332171039588584,8.95122802005026885E-018)
   0.0000000000000000        0.0000000000000000     
               (4.0046474646608452,0.0000000000000000)
   1.5707963267948966        0.0000000000000000     
       (0.17332171039588584,-8.95122802005026885E-018)
   3.1415926535897931        0.0000000000000000     
        (0.26062884084825599,2.39947060965131895E-016)
   1.0000000000000000                1           4
               (1.0000000000000382,0.0000000000000000)
  -1.5707963267948966        0.0000000000000000     
        (0.16841553175321589,1.20245008879712515E-016)
   0.0000000000000000        0.0000000000000000     
               (4.0050241082863618,0.0000000000000000)
   1.5707963267948966        0.0000000000000000     
       (0.16841553175321589,-1.20245008879712515E-016)
   3.1415926535897931        0.0000000000000000     
        (0.25930699730344542,2.40490017759425030E-016)
   1.0000000000000000                1           4
              (0.99999999999999978,0.0000000000000000)
  -1.5707963267948966        0.0000000000000000     
        (0.17335256958297185,1.19968464330083059E-016)
   0.0000000000000000        0.0000000000000000     
               (4.0049014180700091,0.0000000000000000)
   1.5707963267948966        0.0000000000000000     
       (0.17335256958297185,-1.19968464330083059E-016)
   3.1415926535897931        0.0000000000000000     
        (0.26027113271566926,2.39936928660166118E-016)
   1.0000000000000000                1           4
               (1.0000000000005527,0.0000000000000000)
  -1.5707963267948966        0.0000000000000000     
        (0.16808865009705021,1.20262457138047969E-016)
   0.0000000000000000        0.0000000000000000     
               (4.0049318861286389,0.0000000000000000)
   1.5707963267948966        0.0000000000000000     
       (0.16808865009705021,-1.20262457138047969E-016)
   3.1415926535897931        0.0000000000000000     
        (0.25931535951518270,2.40524914276095937E-016)
   1.0000000000000000                1           4
              (0.99999999999999578,0.0000000000000000)
  -1.5707963267948966        0.0000000000000000     
        (0.16704658516799487,3.42275875056817278E-016)
   0.0000000000000000        0.0000000000000000     
               (4.0039037097151597,0.0000000000000000)
   1.5707963267948966        0.0000000000000000     
       (0.16704658516799487,-3.42275875056817278E-016)
   3.1415926535897931        0.0000000000000000     
        (0.25724076114260075,2.40462540263571842E-016)
   1.0000000000000000                1           4
               (1.0000000000000000,0.0000000000000000)
  -1.5707963267948966        0.0000000000000000     
        (0.16067385553601465,9.51677670656712149E-018)
   0.0000000000000000        0.0000000000000000     
               (4.0042807563340919,0.0000000000000000)
   1.5707963267948966        0.0000000000000000     
       (0.16067385553601465,-9.51677670656712149E-018)
   3.1415926535897931        0.0000000000000000     
        (0.25417206138605120,2.41078158338165551E-016)
   1.0000000000000000                1           4
               (1.0000000000000009,0.0000000000000000)
  -1.5707963267948966        0.0000000000000000     
        (0.16837177496367961,1.20269551442892231E-016)
   0.0000000000000000        0.0000000000000000     
               (4.0047257440306137,0.0000000000000000)
   1.5707963267948966        0.0000000000000000     
       (0.16837177496367961,-1.20269551442892231E-016)
   3.1415926535897931        0.0000000000000000     
        (0.26031946892737878,2.40539102885784462E-016)
   1.0000000000000000                1           4
               (1.0000000000000195,0.0000000000000000)
  -1.5707963267948966        0.0000000000000000     
        (0.16919183280860839,2.31113719054531562E-016)
   0.0000000000000000        0.0000000000000000     
               (4.0044990500685902,0.0000000000000000)
   1.5707963267948966        0.0000000000000000     
       (0.16919183280860839,-2.31113719054531562E-016)
   3.1415926535897931        0.0000000000000000     
        (0.25636795280564584,2.40182833184031815E-016)
   1.0000000000000000                1           4
               (1.0000000000000138,0.0000000000000000)
  -1.5707963267948966        0.0000000000000000     
        (0.16597663371695259,1.20263747829137073E-016)
   0.0000000000000000        0.0000000000000000     
               (4.0042167946732450,0.0000000000000000)
   1.5707963267948966        0.0000000000000000     
       (0.16597663371695259,-1.20263747829137073E-016)
   3.1415926535897931        0.0000000000000000     
        (0.25584857538059591,2.40527495658274146E-016)
   1.0000000000000000                1           4
               (1.0000000000000102,0.0000000000000000)
  -1.5707963267948966        0.0000000000000000     
        (0.17019895045168343,1.20093790947103620E-016)
   0.0000000000000000        0.0000000000000000     
               (4.0039192215814339,0.0000000000000000)
   1.5707963267948966        0.0000000000000000     
       (0.17019895045168343,-1.20093790947103620E-016)
   3.1415926535897931        0.0000000000000000     
        (0.25903956890144642,2.40187581894207240E-016)
   1.0000000000000000                1           4
               (1.0000000000000397,0.0000000000000000)
  -1.5707963267948966        0.0000000000000000     
        (0.16158799618763908,2.31435022333027856E-016)
   0.0000000000000000        0.0000000000000000     
               (4.0036141562449759,0.0000000000000000)
   1.5707963267948966        0.0000000000000000     
       (0.16158799618763908,-2.31435022333027856E-016)
   3.1415926535897931        0.0000000000000000     
        (0.25253973487949999,2.40825439741024403E-016)
   1.0000000000000000                1           4
               (1.0000000000000204,0.0000000000000000)
  -1.5707963267948966        0.0000000000000000     
        (0.16698077280274737,1.20307234443923967E-016)
   0.0000000000000000        0.0000000000000000     
               (4.0042512347128909,0.0000000000000000)
   1.5707963267948966        0.0000000000000000     
       (0.16698077280274737,-1.20307234443923967E-016)
   3.1415926535897931        0.0000000000000000     
        (0.25924279414202867,2.40614468887847934E-016)
   1.0000000000000000                1           4
               (1.0000000000000049,0.0000000000000000)
  -1.5707963267948966        0.0000000000000000     
        (0.17518595618554467,1.19930948131864653E-016)
   0.0000000000000000        0.0000000000000000     
               (4.0052401938939912,0.0000000000000000)
   1.5707963267948966        0.0000000000000000     
       (0.17518595618554467,-1.19930948131864653E-016)
   3.1415926535897931        0.0000000000000000     
        (0.26237375807138008,2.39861896263729306E-016)
   1.0000000000000000                1           4
               (1.0000000000000107,0.0000000000000000)
  -1.5707963267948966        0.0000000000000000     
       (0.16148427844861601,-1.01584652741464669E-016)
   0.0000000000000000        0.0000000000000000     
               (4.0041476133955269,0.0000000000000000)
   1.5707963267948966        0.0000000000000000     
        (0.16148427844861601,1.01584652741464669E-016)
   3.1415926535897931        0.0000000000000000     
        (0.25334156667029706,2.40919904367133277E-016)
   1.0000000000000000                1           4
              (0.99999999999999778,0.0000000000000000)
  -1.5707963267948966        0.0000000000000000     
        (0.17034813636910351,2.31023119017104640E-016)
   0.0000000000000000        0.0000000000000000     
               (4.0049085821648696,0.0000000000000000)
   1.5707963267948966        0.0000000000000000     
       (0.17034813636910351,-2.31023119017104640E-016)
   3.1415926535897931        0.0000000000000000     
        (0.25531180603710213,2.40001633109177971E-016)
   1.0000000000000000                1           4
               (1.0000000000000111,0.0000000000000000)
  -1.5707963267948966        0.0000000000000000     
        (0.16531676276594576,1.20297449241878705E-016)
   0.0000000000000000        0.0000000000000000     
               (4.0039876286089013,0.0000000000000000)
   1.5707963267948966        0.0000000000000000     
       (0.16531676276594576,-1.20297449241878705E-016)
   3.1415926535897931        0.0000000000000000     
        (0.25585877121897371,2.40594898483757409E-016)
   1.0000000000000000                1           4
               (1.0000000000000127,0.0000000000000000)
  -1.5707963267948966        0.0000000000000000     
        (0.16959648979822539,2.31092625173847830E-016)
   0.0000000000000000        0.0000000000000000     
               (4.0046742382623615,0.0000000000000000)
   1.5707963267948966        0.0000000000000000     
       (0.16959648979822539,-2.31092625173847830E-016)
   3.1415926535897931        0.0000000000000000     
        (0.25631310016244024,2.40140645422664352E-016)
   1.0000000000000000                1           4
               (1.0000000000000140,0.0000000000000000)
  -1.5707963267948966        0.0000000000000000     
        (0.16221859746098866,9.51349703133038218E-018)
   0.0000000000000000        0.0000000000000000     
               (4.0041219494430020,0.0000000000000000)
   1.5707963267948966        0.0000000000000000     
       (0.16221859746098866,-9.51349703133038218E-018)
   3.1415926535897931        0.0000000000000000     
        (0.25731322980450499,2.41071598987692072E-016)
   1.0000000000000000                1           4
               (1.0000000000000102,0.0000000000000000)
  -1.5707963267948966        0.0000000000000000     
        (0.16542607162478795,3.42315225937824548E-016)
   0.0000000000000000        0.0000000000000000     
               (4.0039213376095235,0.0000000000000000)
   1.5707963267948966        0.0000000000000000     
       (0.16542607162478795,-3.42315225937824548E-016)
   3.1415926535897931        0.0000000000000000     
        (0.25526740347480170,2.40541242025586480E-016)
   1.0000000000000000                1           4
              (0.99999999999998035,0.0000000000000000)
  -1.5707963267948966        0.0000000000000000     
        (0.16758922776137997,9.23285740452306257E-018)
   0.0000000000000000        0.0000000000000000     
               (4.0043316309197872,0.0000000000000000)
   1.5707963267948966        0.0000000000000000     
       (0.16758922776137997,-9.23285740452306257E-018)
   3.1415926535897931        0.0000000000000000     
        (0.25867842309373967,2.40510319734077433E-016)
   1.0000000000000000                1           4
              (0.99999999999999156,0.0000000000000000)
  -1.5707963267948966        0.0000000000000000     
        (0.17704221140463927,1.19789140899879496E-016)
   0.0000000000000000        0.0000000000000000     
               (4.0054457212592212,0.0000000000000000)
   1.5707963267948966        0.0000000000000000     
       (0.17704221140463927,-1.19789140899879496E-016)
   3.1415926535897931        0.0000000000000000     
        (0.26124896544921161,2.39578281799758993E-016)
   1.0000000000000000                1           4
              (0.99999999999999778,0.0000000000000000)
  -1.5707963267948966        0.0000000000000000     
        (0.16827895362201672,9.22167023014804905E-018)
   0.0000000000000000        0.0000000000000000     
               (4.0045539033721713,0.0000000000000000)
   1.5707963267948966        0.0000000000000000     
       (0.16827895362201672,-9.22167023014804905E-018)
   3.1415926535897931        0.0000000000000000     
        (0.25947020151781985,2.40487945385327455E-016)
   1.0000000000000000                1           4
               (1.0000000000000002,0.0000000000000000)
  -1.5707963267948966        0.0000000000000000     
        (0.16900570981400431,1.20027523730559413E-016)
   0.0000000000000000        0.0000000000000000     
               (4.0047483375947381,0.0000000000000000)
   1.5707963267948966        0.0000000000000000     
       (0.16900570981400431,-1.20027523730559413E-016)
   3.1415926535897931        0.0000000000000000     
        (0.25365952006347681,2.40055047461118825E-016)
   1.0000000000000000                1           4
               (1.0000000000000082,0.0000000000000000)
  -1.5707963267948966        0.0000000000000000     
        (0.16631511143823907,9.23188809176243967E-018)
   0.0000000000000000        0.0000000000000000     
               (4.0044481951133708,0.0000000000000000)
   1.5707963267948966        0.0000000000000000     
       (0.16631511143823907,-9.23188809176243967E-018)
   3.1415926535897931        0.0000000000000000     
        (0.25598196609646962,2.40508381108556187E-016)
   1.0000000000000000                1           4
              (0.99999999999999800,0.0000000000000000)
  -1.5707963267948966        0.0000000000000000     
        (0.16869541487848994,1.20155788797428914E-016)
   0.0000000000000000        0.0000000000000000     
               (4.0040569584806924,0.0000000000000000)
   1.5707963267948966        0.0000000000000000     
       (0.16869541487848994,-1.20155788797428914E-016)
   3.1415926535897931        0.0000000000000000     
        (0.25791976432189212,2.40311577594857828E-016)
   1.0000000000000000                1           4
               (1.0000000000000062,0.0000000000000000)
  -1.5707963267948966        0.0000000000000000     
        (0.17465537945537302,2.31017603212411895E-016)
   0.0000000000000000        0.0000000000000000     
               (4.0048702971728503,0.0000000000000000)
   1.5707963267948966        0.0000000000000000     
       (0.17465537945537302,-2.31017603212411895E-016)
   3.1415926535897931        0.0000000000000000     
        (0.26378441734833347,2.39990601499792383E-016)
   1.0000000000000000                1           4
               (1.0000000000000093,0.0000000000000000)
  -1.5707963267948966        0.0000000000000000     
        (0.17409436441591264,4.52936821191701207E-016)
   0.0000000000000000        0.0000000000000000     
               (4.0049859641034731,0.0000000000000000)
   1.5707963267948966        0.0000000000000000     
       (0.17409436441591264,-4.52936821191701207E-016)
   3.1415926535897931        0.0000000000000000     
        (0.25845127189343087,2.39739827608308342E-016)
   1.0000000000000000                1           4
               (1.0000000000000311,0.0000000000000000)
  -1.5707963267948966        0.0000000000000000     
        (0.16889829448513505,1.20283838506517025E-016)
   0.0000000000000000        0.0000000000000000     
               (4.0039811379227119,0.0000000000000000)
   1.5707963267948966        0.0000000000000000     
       (0.16889829448513505,-1.20283838506517025E-016)
   3.1415926535897931        0.0000000000000000     
        (0.26258376498961311,2.40567677013034049E-016)
   1.0000000000000000                1           4
               (1.0000000000000004,0.0000000000000000)
  -1.5707963267948966        0.0000000000000000     
        (0.16784761850357377,1.20133683253066977E-016)
   0.0000000000000000        0.0000000000000000     
               (4.0046134771009543,0.0000000000000000)
   1.5707963267948966        0.0000000000000000     
       (0.16784761850357377,-1.20133683253066977E-016)
   3.1415926535897931        0.0000000000000000     
        (0.25494563107978330,2.40267366506133954E-016)
   1.0000000000000000                1           4
               (1.0000000000000224,0.0000000000000000)
  -1.5707963267948966        0.0000000000000000     
        (0.17610977608293188,8.86760261422508388E-018)
   0.0000000000000000        0.0000000000000000     
               (4.0047958052703780,0.0000000000000000)
   1.5707963267948966        0.0000000000000000     
       (0.17610977608293188,-8.86760261422508388E-018)
   3.1415926535897931        0.0000000000000000     
        (0.26332521857573665,2.39779810153481525E-016)
   1.0000000000000000                1           4
               (1.0000000000000191,0.0000000000000000)
  -1.5707963267948966        0.0000000000000000     
        (0.17236436596455074,2.31053985831776171E-016)
   0.0000000000000000        0.0000000000000000     
               (4.0041424692598708,0.0000000000000000)
   1.5707963267948966        0.0000000000000000     
       (0.17236436596455074,-2.31053985831776171E-016)
   3.1415926535897931        0.0000000000000000     
        (0.26111856480993678,2.40063366738520935E-016)
   1.0000000000000000                1           4
               (1.0000000000000357,0.0000000000000000)
  -1.5707963267948966        0.0000000000000000     
        (0.16936803128816269,1.20073220495502402E-016)
   0.0000000000000000        0.0000000000000000     
               (4.0049706200850794,0.0000000000000000)
   1.5707963267948966        0.0000000000000000     
       (0.16936803128816269,-1.20073220495502402E-016)
   3.1415926535897931        0.0000000000000000     
        (0.25565445013335331,2.40146440991004804E-016)
   1.0000000000000000                1           4
               (1.0000000000001066,0.0000000000000000)
  -1.5707963267948966        0.0000000000000000     
        (0.16882777166378271,2.31139281089867770E-016)
   0.0000000000000000        0.0000000000000000     
               (4.0035287552218151,0.0000000000000000)
   1.5707963267948966        0.0000000000000000     
       (0.16882777166378271,-2.31139281089867770E-016)
   3.1415926535897931        0.0000000000000000     
        (0.25744504479763031,2.40233957254704232E-016)
   1.0000000000000000                1           4
               (1.0000000000000107,0.0000000000000000)
  -1.5707963267948966        0.0000000000000000     
        (0.16848793010324259,1.20199482949522926E-016)
   0.0000000000000000        0.0000000000000000     
               (4.0046237055184104,0.0000000000000000)
   1.5707963267948966        0.0000000000000000     
       (0.16848793010324259,-1.20199482949522926E-016)
   3.1415926535897931        0.0000000000000000     
        (0.25836520704604438,2.40398965899045851E-016)
   1.0000000000000000                1           4
               (1.0000000000000935,0.0000000000000000)
  -1.5707963267948966        0.0000000000000000     
        (0.17237947877223847,2.31056855080139320E-016)
   0.0000000000000000        0.0000000000000000     
               (4.0049047154207740,0.0000000000000000)
   1.5707963267948966        0.0000000000000000     
       (0.17237947877223847,-2.31056855080139320E-016)
   3.1415926535897931        0.0000000000000000     
        (0.26048026102797461,2.40069105235247332E-016)
   1.0000000000000000                1           4
              (0.99999999999999345,0.0000000000000000)
  -1.5707963267948966        0.0000000000000000     
        (0.17301329584397140,2.31068226052656830E-016)
   0.0000000000000000        0.0000000000000000     
               (4.0044863747126183,0.0000000000000000)
   1.5707963267948966        0.0000000000000000     
       (0.17301329584397140,-2.31068226052656830E-016)
   3.1415926535897931        0.0000000000000000     
        (0.26253764002732172,2.40091847180282352E-016)
   1.0000000000000000                1           4
               (1.0000000000000138,0.0000000000000000)
  -1.5707963267948966        0.0000000000000000     
        (0.17529787463711777,1.19899121043388327E-016)
   0.0000000000000000        0.0000000000000000     
               (4.0050193355829160,0.0000000000000000)
   1.5707963267948966        0.0000000000000000     
       (0.17529787463711777,-1.19899121043388327E-016)
   3.1415926535897931        0.0000000000000000     
        (0.26177890168595674,2.39798242086776655E-016)
   1.0000000000000000                1           4
               (1.0000000000000451,0.0000000000000000)
  -1.5707963267948966        0.0000000000000000     
        (0.16816412228491828,1.20222043907410253E-016)
   0.0000000000000000        0.0000000000000000     
               (4.0050965358619068,0.0000000000000000)
   1.5707963267948966        0.0000000000000000     
       (0.16816412228491828,-1.20222043907410253E-016)
   3.1415926535897931        0.0000000000000000     
        (0.25798165787248972,2.40444087814820505E-016)
   1.0000000000000000                1           4
               (1.0000000000000169,0.0000000000000000)
  -1.5707963267948966        0.0000000000000000     
        (0.16978138310834434,9.07847417009113179E-018)
   0.0000000000000000        0.0000000000000000     
               (4.0046026153705299,0.0000000000000000)
   1.5707963267948966        0.0000000000000000     
       (0.16978138310834434,-9.07847417009113179E-018)
   3.1415926535897931        0.0000000000000000     
        (0.25774921022966846,2.40201553265213572E-016)
   1.0000000000000000                1           4
               (1.0000000000000331,0.0000000000000000)
  -1.5707963267948966        0.0000000000000000     
        (0.16558178496953990,1.20298469549014513E-016)
   0.0000000000000000        0.0000000000000000     
               (4.0044747944652235,0.0000000000000000)
   1.5707963267948966        0.0000000000000000     
       (0.16558178496953990,-1.20298469549014513E-016)
   3.1415926535897931        0.0000000000000000     
        (0.25593497552993794,2.40596939098029027E-016)
   1.0000000000000000                1           4
               (1.0000000000000075,0.0000000000000000)
  -1.5707963267948966        0.0000000000000000     
        (0.17222013486583054,2.30988833145400284E-016)
   0.0000000000000000        0.0000000000000000     
               (4.0051341424950433,0.0000000000000000)
   1.5707963267948966        0.0000000000000000     
       (0.17222013486583054,-2.30988833145400284E-016)
   3.1415926535897931        0.0000000000000000     
        (0.25771038114590772,2.39933061365769210E-016)
   1.0000000000000000                1           4
              (0.99999999999999500,0.0000000000000000)
  -1.5707963267948966        0.0000000000000000     
        (0.16427137116554025,3.42539701800792047E-016)
   0.0000000000000000        0.0000000000000000     
               (4.0044961181882313,0.0000000000000000)
   1.5707963267948966        0.0000000000000000     
       (0.16427137116554025,-3.42539701800792047E-016)
   3.1415926535897931        0.0000000000000000     
        (0.25971516007187312,2.40990193751521478E-016)
   1.0000000000000000                1           4
               (1.0000000000000739,0.0000000000000000)
  -1.5707963267948966        0.0000000000000000     
        (0.16322875398865822,1.20404868219346241E-016)
   0.0000000000000000        0.0000000000000000     
               (4.0037938744042485,0.0000000000000000)
   1.5707963267948966        0.0000000000000000     
       (0.16322875398865822,-1.20404868219346241E-016)
   3.1415926535897931        0.0000000000000000     
        (0.25538507793324705,2.40809736438692482E-016)
   1.0000000000000000                1           4
               (1.0000000000000773,0.0000000000000000)
  -1.5707963267948966        0.0000000000000000     
        (0.16840662389307903,2.31246423664082756E-016)
   0.0000000000000000        0.0000000000000000     
               (4.0048621699240581,0.0000000000000000)
   1.5707963267948966        0.0000000000000000     
       (0.16840662389307903,-2.31246423664082756E-016)
   3.1415926535897931        0.0000000000000000     
        (0.25876887660282455,2.40448242403134205E-016)
   1.0000000000000000                1           4
               (1.0000000000000107,0.0000000000000000)
  -1.5707963267948966        0.0000000000000000     
        (0.16459175834805340,9.43198512451989427E-018)
   0.0000000000000000        0.0000000000000000     
               (4.0048102102905307,0.0000000000000000)
   1.5707963267948966        0.0000000000000000     
       (0.16459175834805340,-9.43198512451989427E-018)
   3.1415926535897931        0.0000000000000000     
        (0.25870890981059069,2.40908575174071097E-016)
   1.0000000000000000                1           4
               (1.0000000000000149,0.0000000000000000)
  -1.5707963267948966        0.0000000000000000     
       (0.17232993202600477,-1.02005903677374682E-016)
   0.0000000000000000        0.0000000000000000     
               (4.0045001985036031,0.0000000000000000)
   1.5707963267948966        0.0000000000000000     
        (0.17232993202600477,1.02005903677374682E-016)
   3.1415926535897931        0.0000000000000000     
        (0.26092118899279004,2.40077402495313301E-016)
   1.0000000000000000                1           4
              (0.99999999999999323,0.0000000000000000)
  -1.5707963267948966        0.0000000000000000     
        (0.16802308766206875,1.20165388174833137E-016)
   0.0000000000000000        0.0000000000000000     
               (4.0043484047402078,0.0000000000000000)
   1.5707963267948966        0.0000000000000000     
       (0.16802308766206875,-1.20165388174833137E-016)
   3.1415926535897931        0.0000000000000000     
        (0.25659720308959466,2.40330776349666275E-016)
   1.0000000000000000                1           4
               (1.0000000000000151,0.0000000000000000)
  -1.5707963267948966        0.0000000000000000     
        (0.16954006191583826,1.20064519076071314E-016)
   0.0000000000000000        0.0000000000000000     
               (4.0048219303430121,0.0000000000000000)
   1.5707963267948966        0.0000000000000000     
       (0.16954006191583826,-1.20064519076071314E-016)
   3.1415926535897931        0.0000000000000000     
        (0.25586299120388811,2.40129038152142628E-016)
   1.0000000000000000                1           4
               (1.0000000000000009,0.0000000000000000)
  -1.5707963267948966        0.0000000000000000     
        (0.16661921455143647,9.13360524354759525E-018)
   0.0000000000000000        0.0000000000000000     
               (4.0040134642820639,0.0000000000000000)
   1.5707963267948966        0.0000000000000000     
       (0.16661921455143647,-9.13360524354759525E-018)
   3.1415926535897931        0.0000000000000000     
        (0.25381474171715179,2.40311815412126499E-016)
   1.0000000000000000                1           4
              (0.99999999999998257,0.0000000000000000)
  -1.5707963267948966        0.0000000000000000     
        (0.17034746048356342,1.20147049075125155E-016)
   0.0000000000000000        0.0000000000000000     
               (4.0043756355858857,0.0000000000000000)
   1.5707963267948966        0.0000000000000000     
       (0.17034746048356342,-1.20147049075125155E-016)
   3.1415926535897931        0.0000000000000000     
        (0.26061971743319978,2.40294098150250311E-016)
   1.0000000000000000                1           4
               (1.0000000000000049,0.0000000000000000)
  -1.5707963267948966        0.0000000000000000     
        (0.16794072929481352,2.31215870720016513E-016)
   0.0000000000000000        0.0000000000000000     
               (4.0048817352804074,0.0000000000000000)
   1.5707963267948966        0.0000000000000000     
       (0.16794072929481352,-2.31215870720016513E-016)
   3.1415926535897931        0.0000000000000000     
        (0.25681958716496278,2.40387136515001719E-016)
   1.0000000000000000                1           4
               (1.0000000000000042,0.0000000000000000)
  -1.5707963267948966        0.0000000000000000     
        (0.16509681341559701,9.32062541687513045E-018)
   0.0000000000000000        0.0000000000000000     
               (4.0041993895068568,0.0000000000000000)
   1.5707963267948966        0.0000000000000000     
       (0.16509681341559701,-9.32062541687513045E-018)
   3.1415926535897931        0.0000000000000000     
        (0.25669255664965529,2.40685855758781569E-016)
   1.0000000000000000                1           4
               (1.0000000000000338,0.0000000000000000)
  -1.5707963267948966        0.0000000000000000     
       (0.16590499261327885,-1.01785221538928586E-016)
   0.0000000000000000        0.0000000000000000     
               (4.0046593257933081,0.0000000000000000)
   1.5707963267948966        0.0000000000000000     
        (0.16590499261327885,1.01785221538928586E-016)
   3.1415926535897931        0.0000000000000000     
        (0.25512020852551009,2.40518766772205445E-016)
   1.0000000000000000                1           4
              (0.99999999999999500,0.0000000000000000)
  -1.5707963267948966        0.0000000000000000     
        (0.16884864477615469,1.20160982278631415E-016)
   0.0000000000000000        0.0000000000000000     
               (4.0047335285652261,0.0000000000000000)
   1.5707963267948966        0.0000000000000000     
       (0.16884864477615469,-1.20160982278631415E-016)
   3.1415926535897931        0.0000000000000000     
        (0.25771928600187632,2.40321964557262831E-016)
   1.0000000000000000                1           4
              (0.99999999999973521,0.0000000000000000)
  -1.5707963267948966        0.0000000000000000     
        (0.17217107289636058,1.19948931118194213E-016)
   0.0000000000000000        0.0000000000000000     
               (4.0042884803099525,0.0000000000000000)
   1.5707963267948966        0.0000000000000000     
       (0.17217107289636058,-1.19948931118194213E-016)
   3.1415926535897931        0.0000000000000000     
        (0.25788307398511656,2.39897862236388426E-016)
   1.0000000000000000                1           4
               (1.0000000000000089,0.0000000000000000)
  -1.5707963267948966        0.0000000000000000     
        (0.17519135508956218,2.30831263924010700E-016)
   0.0000000000000000        0.0000000000000000     
               (4.0047574841193248,0.0000000000000000)
   1.5707963267948966        0.0000000000000000     
       (0.17519135508956218,-2.30831263924010700E-016)
   3.1415926535897931        0.0000000000000000     
        (0.25888287863067028,2.39617922922990093E-016)
   1.0000000000000000                1           4
               (1.0000000000000095,0.0000000000000000)
  -1.5707963267948966        0.0000000000000000     
        (0.17355411196746451,8.90779939167864712E-018)
   0.0000000000000000        0.0000000000000000     
               (4.0050633087659202,0.0000000000000000)
   1.5707963267948966        0.0000000000000000     
       (0.17355411196746451,-8.90779939167864712E-018)
   3.1415926535897931        0.0000000000000000     
        (0.25925931323690321,2.39860203708388652E-016)
   1.0000000000000000                1           4
               (1.0000000000000357,0.0000000000000000)
  -1.5707963267948966        0.0000000000000000     
        (0.17602981774023396,8.71078268636400541E-018)
   0.0000000000000000        0.0000000000000000     
               (4.0046826044731132,0.0000000000000000)
   1.5707963267948966        0.0000000000000000     
       (0.17602981774023396,-8.71078268636400541E-018)
   3.1415926535897931        0.0000000000000000     
        (0.25815637513310541,2.39466170297759319E-016)
   1.0000000000000000                1           4
              (0.99999999999999745,0.0000000000000000)
  -1.5707963267948966        0.0000000000000000     
        (0.16666954943440038,9.29728959231376841E-018)
   0.0000000000000000        0.0000000000000000     
               (4.0045053916585562,0.0000000000000000)
   1.5707963267948966        0.0000000000000000     
       (0.16666954943440038,-9.29728959231376841E-018)
   3.1415926535897931        0.0000000000000000     
        (0.25876982066273102,2.40639184109658845E-016)
   1.0000000000000000                1           4
               (1.0000000000000060,0.0000000000000000)
  -1.5707963267948966        0.0000000000000000     
        (0.17215526860437480,1.19956195987954213E-016)
   0.0000000000000000        0.0000000000000000     
               (4.0048212509341514,0.0000000000000000)
   1.5707963267948966        0.0000000000000000     
       (0.17215526860437480,-1.19956195987954213E-016)
   3.1415926535897931        0.0000000000000000     
        (0.25755598343078590,2.39912391975908425E-016)
   1.0000000000000000                1           4
               (1.0000000000000207,0.0000000000000000)
  -1.5707963267948966        0.0000000000000000     
        (0.17435454948163187,8.81501136597961140E-018)
   0.0000000000000000        0.0000000000000000     
               (4.0046599876155664,0.0000000000000000)
   1.5707963267948966        0.0000000000000000     
       (0.17435454948163187,-8.81501136597961140E-018)
   3.1415926535897931        0.0000000000000000     
        (0.25823282250198887,2.39674627656990580E-016)
   1.0000000000000000                1           4
               (1.0000000000000053,0.0000000000000000)
  -1.5707963267948966        0.0000000000000000     
        (0.16575845176421267,2.31330856867879049E-016)
   0.0000000000000000        0.0000000000000000     
               (4.0033002435135971,0.0000000000000000)
   1.5707963267948966        0.0000000000000000     
       (0.16575845176421267,-2.31330856867879049E-016)
   3.1415926535897931        0.0000000000000000     
        (0.25779225647666215,2.40617108810726790E-016)
   1.0000000000000000                1           4
               (1.0000000000000031,0.0000000000000000)
  -1.5707963267948966        0.0000000000000000     
        (0.17339555500605597,1.20034490734824086E-016)
   0.0000000000000000        0.0000000000000000     
               (4.0046867692008377,0.0000000000000000)
   1.5707963267948966        0.0000000000000000     
       (0.17339555500605597,-1.20034490734824086E-016)
   3.1415926535897931        0.0000000000000000     
        (0.26272833846992283,2.40068981469648172E-016)
   1.0000000000000000                1           4
              (0.99999999999999112,0.0000000000000000)
  -1.5707963267948966        0.0000000000000000     
        (0.16884451417467239,2.31143866998423243E-016)
   0.0000000000000000        0.0000000000000000     
               (4.0046793116443880,0.0000000000000000)
   1.5707963267948966        0.0000000000000000     
       (0.16884451417467239,-2.31143866998423243E-016)
   3.1415926535897931        0.0000000000000000     
        (0.25647776053737881,2.40243129071815129E-016)
   1.0000000000000000                1           4
               (1.0000000000000375,0.0000000000000000)
  -1.5707963267948966        0.0000000000000000     
        (0.17120405541879891,2.31031562531450941E-016)
   0.0000000000000000        0.0000000000000000     
               (4.0049319067188724,0.0000000000000000)
   1.5707963267948966        0.0000000000000000     
       (0.17120405541879891,-2.31031562531450941E-016)
   3.1415926535897931        0.0000000000000000     
        (0.25727610569003234,2.40018520137870575E-016)
   1.0000000000000000                1           4
               (1.0000000000000031,0.0000000000000000)
  -1.5707963267948966        0.0000000000000000     
        (0.16789597965753478,1.20148377654001757E-016)
   0.0000000000000000        0.0000000000000000     
               (4.0041917592777887,0.0000000000000000)
   1.5707963267948966        0.0000000000000000     
       (0.16789597965753478,-1.20148377654001757E-016)
   3.1415926535897931        0.0000000000000000     
        (0.25594402676850625,2.40296755308003515E-016)
   1.0000000000000000                1           4
               (1.0000000000000013,0.0000000000000000)
  -1.5707963267948966        0.0000000000000000     
        (0.16867607305911125,1.20149474876291534E-016)
   0.0000000000000000        0.0000000000000000     
               (4.0049547610015566,0.0000000000000000)
   1.5707963267948966        0.0000000000000000     
       (0.16867607305911125,-1.20149474876291534E-016)
   3.1415926535897931        0.0000000000000000     
        (0.25677704984756744,2.40298949752583067E-016)
   1.0000000000000000                1           4
               (1.0000000000000031,0.0000000000000000)
  -1.5707963267948966        0.0000000000000000     
        (0.16998552206188289,1.20115718232663292E-016)
   0.0000000000000000        0.0000000000000000     
               (4.0041279020228027,0.0000000000000000)
   1.5707963267948966        0.0000000000000000     
       (0.16998552206188289,-1.20115718232663292E-016)
   3.1415926535897931        0.0000000000000000     
        (0.25912023117815752,2.40231436465326584E-016)
   1.0000000000000000                1           4
               (1.0000000000000095,0.0000000000000000)
  -1.5707963267948966        0.0000000000000000     
        (0.17166923507612708,1.20110930496473849E-016)
   0.0000000000000000        0.0000000000000000     
               (4.0048024802866653,0.0000000000000000)
   1.5707963267948966        0.0000000000000000     
       (0.17166923507612708,-1.20110930496473849E-016)
   3.1415926535897931        0.0000000000000000     
        (0.26165669961144422,2.40221860992947699E-016)
   1.0000000000000000                1           4
              (0.99999999999995226,0.0000000000000000)
  -1.5707963267948966        0.0000000000000000     
       (0.17220409458630292,-1.01985243559142031E-016)
   0.0000000000000000        0.0000000000000000     
               (4.0048034003104505,0.0000000000000000)
   1.5707963267948966        0.0000000000000000     
        (0.17220409458630292,1.01985243559142031E-016)
   3.1415926535897931        0.0000000000000000     
        (0.26104112297838478,2.40118722731778554E-016)
   1.0000000000000000                1           4
               (1.0000000000000380,0.0000000000000000)
  -1.5707963267948966        0.0000000000000000     
        (0.16480944589537605,9.32822797048028681E-018)
   0.0000000000000000        0.0000000000000000     
               (4.0050696452498613,0.0000000000000000)
   1.5707963267948966        0.0000000000000000     
       (0.16480944589537605,-9.32822797048028681E-018)
   3.1415926535897931        0.0000000000000000     
        (0.25549588411145163,2.40701060865991882E-016)
   1.0000000000000000                1           4
               (1.0000000000000264,0.0000000000000000)
  -1.5707963267948966        0.0000000000000000     
        (0.16939759417242717,1.20165507444991825E-016)
   0.0000000000000000        0.0000000000000000     
               (4.0046304870807194,0.0000000000000000)
   1.5707963267948966        0.0000000000000000     
       (0.16939759417242717,-1.20165507444991825E-016)
   3.1415926535897931        0.0000000000000000     
        (0.25906802942881801,2.40331014889983651E-016)
   1.0000000000000000                1           4
              (0.99999999999999034,0.0000000000000000)
  -1.5707963267948966        0.0000000000000000     
       (0.17090998335472063,-1.01950450760713463E-016)
   0.0000000000000000        0.0000000000000000     
               (4.0041228461042584,0.0000000000000000)
   1.5707963267948966        0.0000000000000000     
        (0.17090998335472063,1.01950450760713463E-016)
   3.1415926535897931        0.0000000000000000     
        (0.26026987375922117,2.40188308328635739E-016)
   1.0000000000000000                1           4
              (0.99999999999997957,0.0000000000000000)
  -1.5707963267948966        0.0000000000000000     
       (0.17137798542619609,-1.02029719991880062E-016)
   0.0000000000000000        0.0000000000000000     
               (4.0049653650944226,0.0000000000000000)
   1.5707963267948966        0.0000000000000000     
        (0.17137798542619609,1.02029719991880062E-016)
   3.1415926535897931        0.0000000000000000     
        (0.25777422933695626,2.40029769866302542E-016)
   1.0000000000000000                1           4
              (0.99999999999999900,0.0000000000000000)
  -1.5707963267948966        0.0000000000000000     
        (0.17262213588318831,9.00925582052339910E-018)
   0.0000000000000000        0.0000000000000000     
               (4.0045626167864778,0.0000000000000000)
   1.5707963267948966        0.0000000000000000     
       (0.17262213588318831,-9.00925582052339910E-018)
   3.1415926535897931        0.0000000000000000     
        (0.26120987149456087,2.40063116566078106E-016)
   1.0000000000000000                1           4
               (1.0000000000000140,0.0000000000000000)
  -1.5707963267948966        0.0000000000000000     
        (0.16719633310154203,9.21576486377886107E-018)
   0.0000000000000000        0.0000000000000000     
               (4.0048469135491080,0.0000000000000000)
   1.5707963267948966        0.0000000000000000     
       (0.16719633310154203,-9.21576486377886107E-018)
   3.1415926535897931        0.0000000000000000     
        (0.25681906639664664,2.40476134652589030E-016)
   1.0000000000000000                1           4
              (0.99999999999999833,0.0000000000000000)
  -1.5707963267948966        0.0000000000000000     
        (0.16970937947609421,1.20037312851158932E-016)
   0.0000000000000000        0.0000000000000000     
               (4.0038610375617942,0.0000000000000000)
   1.5707963267948966        0.0000000000000000     
       (0.16970937947609421,-1.20037312851158932E-016)
   3.1415926535897931        0.0000000000000000     
        (0.25627389636373654,2.40074625702317864E-016)
   1.0000000000000000                1           4
               (1.0000000000000140,0.0000000000000000)
  -1.5707963267948966        0.0000000000000000     
        (0.16576339394604833,1.20228529189438100E-016)
   0.0000000000000000        0.0000000000000000     
               (4.0046815948841159,0.0000000000000000)
   1.5707963267948966        0.0000000000000000     
       (0.16576339394604833,-1.20228529189438100E-016)
   3.1415926535897931        0.0000000000000000     
        (0.25380696755868049,2.40457058378876200E-016)
   1.0000000000000000                1           4
               (1.0000000000000961,0.0000000000000000)
  -1.5707963267948966        0.0000000000000000     
        (0.17210070024434887,1.20015299887418193E-016)
   0.0000000000000000        0.0000000000000000     
               (4.0047551888747197,0.0000000000000000)
   1.5707963267948966        0.0000000000000000     
       (0.17210070024434887,-1.20015299887418193E-016)
   3.1415926535897931        0.0000000000000000     
        (0.25944338862787331,2.40030599774836386E-016)
   1.0000000000000000                1           4
              (0.99999999999999067,0.0000000000000000)
  -1.5707963267948966        0.0000000000000000     
        (0.16803329104248510,1.20202826942437914E-016)
   0.0000000000000000        0.0000000000000000     
               (4.0042214520664352,0.0000000000000000)
   1.5707963267948966        0.0000000000000000     
       (0.16803329104248510,-1.20202826942437914E-016)
   3.1415926535897931        0.0000000000000000     
        (0.25796740547388430,2.40405653884875828E-016)
   1.0000000000000000                1           4
               (1.0000000000000049,0.0000000000000000)
  -1.5707963267948966        0.0000000000000000     
        (0.16749196139417155,9.15611198859783882E-018)
   0.0000000000000000        0.0000000000000000     
               (4.0043502373991204,0.0000000000000000)
   1.5707963267948966        0.0000000000000000     
       (0.16749196139417155,-9.15611198859783882E-018)
   3.1415926535897931        0.0000000000000000     
        (0.25595858836651830,2.40356828902226986E-016)
   1.0000000000000000                1           4
              (0.99999999999999967,0.0000000000000000)
  -1.5707963267948966        0.0000000000000000     
        (0.17441341639707131,1.19954672074395050E-016)
   0.0000000000000000        0.0000000000000000     
               (4.0053863656431288,0.0000000000000000)
   1.5707963267948966        0.0000000000000000     
       (0.17441341639707131,-1.19954672074395050E-016)
   3.1415926535897931        0.0000000000000000     
        (0.26145738951302511,2.39909344148790100E-016)
   1.0000000000000000                1           4
               (1.0000000000000080,0.0000000000000000)
  -1.5707963267948966        0.0000000000000000     
        (0.16494444918424278,2.31329113334616678E-016)
   0.0000000000000000        0.0000000000000000     
               (4.0043876077780967,0.0000000000000000)
   1.5707963267948966        0.0000000000000000     
       (0.16494444918424278,-2.31329113334616678E-016)
   3.1415926535897931        0.0000000000000000     
        (0.25501993893416630,2.40613621744202048E-016)
   1.0000000000000000                1           4
              (0.99999999999999400,0.0000000000000000)
  -1.5707963267948966        0.0000000000000000     
       (0.16818070943420316,-1.01868878537981968E-016)
   0.0000000000000000        0.0000000000000000     
               (4.0051449556819829,0.0000000000000000)
   1.5707963267948966        0.0000000000000000     
        (0.16818070943420316,1.01868878537981968E-016)
   3.1415926535897931        0.0000000000000000     
        (0.25645356732846225,2.40351452774098680E-016)
   1.0000000000000000                1           4
               (1.0000000000000231,0.0000000000000000)
  -1.5707963267948966        0.0000000000000000     
        (0.16856916455324289,1.20166732623340508E-016)
   0.0000000000000000        0.0000000000000000     
               (4.0040559732401864,0.0000000000000000)
   1.5707963267948966        0.0000000000000000     
       (0.16856916455324289,-1.20166732623340508E-016)
   3.1415926535897931        0.0000000000000000     
        (0.25802570139270797,2.40333465246681015E-016)
   1.0000000000000000                1           4
               (1.0000000000000047,0.0000000000000000)
  -1.5707963267948966        0.0000000000000000     
        (0.17053291875041232,1.20059478903695513E-016)
   0.0000000000000000        0.0000000000000000     
               (4.0042570904165409,0.0000000000000000)
   1.5707963267948966        0.0000000000000000     
       (0.17053291875041232,-1.20059478903695513E-016)
   3.1415926535897931        0.0000000000000000     
        (0.25824892027660717,2.40118957807391026E-016)
   1.0000000000000000                1           4
               (1.0000000000000124,0.0000000000000000)
  -1.5707963267948966        0.0000000000000000     
        (0.16882267018938224,2.31212794871539872E-016)
   0.0000000000000000        0.0000000000000000     
               (4.0048426395513488,0.0000000000000000)
   1.5707963267948966        0.0000000000000000     
       (0.16882267018938224,-2.31212794871539872E-016)
   3.1415926535897931        0.0000000000000000     
        (0.25852209984778807,2.40380984818048486E-016)
   1.0000000000000000                1           4
              (0.99999999999998779,0.0000000000000000)
  -1.5707963267948966        0.0000000000000000     
        (0.17192419957028982,1.20041853019650201E-016)
   0.0000000000000000        0.0000000000000000     
               (4.0047511843695123,0.0000000000000000)
   1.5707963267948966        0.0000000000000000     
       (0.17192419957028982,-1.20041853019650201E-016)
   3.1415926535897931        0.0000000000000000     
        (0.25996168290107846,2.40083706039300401E-016)
   1.0000000000000000                1           4
               (1.0000000000000100,0.0000000000000000)
  -1.5707963267948966        0.0000000000000000     
        (0.17405526146842276,8.97644137578002539E-018)
   0.0000000000000000        0.0000000000000000     
               (4.0051590565222979,0.0000000000000000)
   1.5707963267948966        0.0000000000000000     
       (0.17405526146842276,-8.97644137578002539E-018)
   3.1415926535897931        0.0000000000000000     
        (0.26240788182651664,2.39997487676591359E-016)
   1.0000000000000000                1           4
               (1.0000000000000053,0.0000000000000000)
  -1.5707963267948966        0.0000000000000000     
        (0.16495949526283626,1.20352721956749780E-016)
   0.0000000000000000        0.0000000000000000     
               (4.0052087031503900,0.0000000000000000)
   1.5707963267948966        0.0000000000000000     
       (0.16495949526283626,-1.20352721956749780E-016)
   3.1415926535897931        0.0000000000000000     
        (0.25572850554378712,2.40705443913499560E-016)
   1.0000000000000000                1           4
               (1.0000000000000018,0.0000000000000000)
  -1.5707963267948966        0.0000000000000000     
        (0.16689746985808585,1.20288724669922119E-016)
   0.0000000000000000        0.0000000000000000     
               (4.0040394133427917,0.0000000000000000)
   1.5707963267948966        0.0000000000000000     
       (0.16689746985808585,-1.20288724669922119E-016)
   3.1415926535897931        0.0000000000000000     
        (0.25868343452360909,2.40577449339844238E-016)
   1.0000000000000000                1           4
               (1.0000000000000551,0.0000000000000000)
  -1.5707963267948966        0.0000000000000000     
   (9.83779028475162409E-002,1.24194801373052343E-016)
   0.0000000000000000        0.0000000000000000     
               (4.0043182716627745,0.0000000000000000)
   1.5707963267948966        0.0000000000000000     
  (9.83779028475162409E-002,-1.24194801373052343E-016)
   3.1415926535897931        0.0000000000000000     
        (0.24894758932400696,2.48389602746104685E-016)
   1.0000000000000000                1           4
              (0.99999999999999578,0.0000000000000000)
  -1.5707963267948966        0.0000000000000000     
        (0.16982141993869038,2.31079849537406717E-016)
   0.0000000000000000        0.0000000000000000     
               (4.0043653293745232,0.0000000000000000)
   1.5707963267948966        0.0000000000000000     
       (0.16982141993869038,-2.31079849537406717E-016)
   3.1415926535897931        0.0000000000000000     
        (0.25665458537799002,2.40115094149782125E-016)
   1.0000000000000000                1           4
               (1.0000000000000528,0.0000000000000000)
  -1.5707963267948966        0.0000000000000000     
        (0.16968100762717286,1.20119484584483972E-016)
   0.0000000000000000        0.0000000000000000     
               (4.0050896115694012,0.0000000000000000)
   1.5707963267948966        0.0000000000000000     
       (0.16968100762717286,-1.20119484584483972E-016)
   3.1415926535897931        0.0000000000000000     
        (0.25767251114828249,2.40238969168967945E-016)
   1.0000000000000000                1           4
              (0.99999999999999933,0.0000000000000000)
  -1.5707963267948966        0.0000000000000000     
        (0.17117183732446128,1.20129470945769543E-016)
   0.0000000000000000        0.0000000000000000     
               (4.0043802258240699,0.0000000000000000)
   1.5707963267948966        0.0000000000000000     
       (0.17117183732446128,-1.20129470945769543E-016)
   3.1415926535897931        0.0000000000000000     
        (0.26168973560103503,2.40258941891539087E-016)
   1.0000000000000000                1           4
              (0.99999999999999534,0.0000000000000000)
  -1.5707963267948966        0.0000000000000000     
        (0.16872993631280164,1.20190986161420245E-016)
   0.0000000000000000        0.0000000000000000     
               (4.0042212719970198,0.0000000000000000)
   1.5707963267948966        0.0000000000000000     
       (0.16872993631280164,-1.20190986161420245E-016)
   3.1415926535897931        0.0000000000000000     
        (0.25897412682607701,2.40381972322840490E-016)
   1.0000000000000000                1           4
              (0.99999999999998268,0.0000000000000000)
  -1.5707963267948966        0.0000000000000000     
        (0.16643906129910302,1.20272434219344170E-016)
   0.0000000000000000        0.0000000000000000     
               (4.0045770013600492,0.0000000000000000)
   1.5707963267948966        0.0000000000000000     
       (0.16643906129910302,-1.20272434219344170E-016)
   3.1415926535897931        0.0000000000000000     
        (0.25669694289326672,2.40544868438688341E-016)
   1.0000000000000000                1           4
               (1.0000000000000038,0.0000000000000000)
  -1.5707963267948966        0.0000000000000000     
        (0.17196093882241581,1.20027353647366024E-016)
   0.0000000000000000        0.0000000000000000     
               (4.0044597258086032,0.0000000000000000)
   1.5707963267948966        0.0000000000000000     
       (0.17196093882241581,-1.20027353647366024E-016)
   3.1415926535897931        0.0000000000000000     
        (0.25985303452775133,2.40054707294732048E-016)
   1.0000000000000000                1           4
              (0.99999999999997935,0.0000000000000000)
  -1.5707963267948966        0.0000000000000000     
        (0.16699776200356031,9.19071172897972881E-018)
   0.0000000000000000        0.0000000000000000     
               (4.0040447023125054,0.0000000000000000)
   1.5707963267948966        0.0000000000000000     
       (0.16699776200356031,-9.19071172897972881E-018)
   3.1415926535897931        0.0000000000000000     
        (0.25640583795538163,2.40426028382990766E-016)
   1.0000000000000000                1           4
              (0.99999999999997646,0.0000000000000000)
  -1.5707963267948966        0.0000000000000000     
        (0.17144416152166420,9.03605351603089658E-018)
   0.0000000000000000        0.0000000000000000     
               (4.0045081574843708,0.0000000000000000)
   1.5707963267948966        0.0000000000000000     
       (0.17144416152166420,-9.03605351603089658E-018)
   3.1415926535897931        0.0000000000000000     
        (0.25978366123251384,2.40116711957093151E-016)
   1.0000000000000000                1           4
              (0.99999999999992317,0.0000000000000000)
  -1.5707963267948966        0.0000000000000000     
        (0.16832872799064746,1.20215697918413051E-016)
   0.0000000000000000        0.0000000000000000     
               (4.0038342549652768,0.0000000000000000)
   1.5707963267948966        0.0000000000000000     
       (0.16832872799064746,-1.20215697918413051E-016)
   3.1415926535897931        0.0000000000000000     
        (0.25936587445008585,2.40431395836826103E-016)
   1.0000000000000000                1           4
               (1.0000000000000093,0.0000000000000000)
  -1.5707963267948966        0.0000000000000000     
        (0.16959314600189812,2.31225831551130861E-016)
   0.0000000000000000        0.0000000000000000     
               (4.0045715481274176,0.0000000000000000)
   1.5707963267948966        0.0000000000000000     
       (0.16959314600189812,-2.31225831551130861E-016)
   3.1415926535897931        0.0000000000000000     
        (0.26075995316629297,2.40407058177230464E-016)
