   1.0000000000000000                1           4
               (0.0000000000000000,0.0000000000000000)
  -1.5707963267948966        0.0000000000000000     
        (0.65047093939193057,7.97484808149578333E-017)
   0.0000000000000000        0.0000000000000000     
              (0.36467568489374702,0.0000000000000000)
   1.5707963267948966        0.0000000000000000     
       (0.65047093939193057,-7.97484808149578333E-017)
   3.1415926535897931        0.0000000000000000     
         (1.7279174553174896,4.84746591674000002E-017)
   1.0000000000000000                1           4
               (0.0000000000000000,0.0000000000000000)
  -1.5707963267948966        0.0000000000000000     
        (0.61031315646886597,8.48305246228150640E-017)
   0.0000000000000000        0.0000000000000000     
              (0.24552743618821493,0.0000000000000000)
   1.5707963267948966        0.0000000000000000     
       (0.61031315646886597,-8.48305246228150640E-017)
   3.1415926535897931        0.0000000000000000     
         (1.9327422858359742,5.86387467831144739E-017)
   1.0000000000000000                1           4
               (0.0000000000000000,0.0000000000000000)
  -1.5707963267948966        0.0000000000000000     
        (0.66841804665437865,2.19475506880699793E-017)
   0.0000000000000000        0.0000000000000000     
              (0.40799932818638418,0.0000000000000000)
   1.5707963267948966        0.0000000000000000     
       (0.66841804665437865,-2.19475506880699793E-017)
   3.1415926535897931        0.0000000000000000     
         (1.6456981721288904,4.38951013761399586E-017)
   1.0000000000000000                1           4
               (0.0000000000000000,0.0000000000000000)
  -1.5707963267948966        0.0000000000000000     
        (0.58928517817816650,8.73185623155044723E-017)
   0.0000000000000000        0.0000000000000000     
              (0.28113157554960971,0.0000000000000000)
   1.5707963267948966        0.0000000000000000     
       (0.58928517817816650,-8.73185623155044723E-017)
   3.1415926535897931        0.0000000000000000     
         (1.9363476680513461,6.36148221684932906E-017)
   1.0000000000000000                1           4
               (0.0000000000000000,0.0000000000000000)
  -1.5707963267948966        0.0000000000000000     
        (0.64489138574306570,2.53054640728929576E-017)
   0.0000000000000000        0.0000000000000000     
              (0.30913820905913914,0.0000000000000000)
   1.5707963267948966        0.0000000000000000     
       (0.64489138574306570,-2.53054640728929576E-017)
   3.1415926535897931        0.0000000000000000     
         (1.8071837438631941,5.06109281457859152E-017)
   1.0000000000000000                1           4
               (0.0000000000000000,0.0000000000000000)
  -1.5707963267948966        0.0000000000000000     
       (0.65864653391323036,-3.21204678304650936E-017)
   0.0000000000000000        0.0000000000000000     
              (0.30720708452494372,0.0000000000000000)
   1.5707963267948966        0.0000000000000000     
        (0.65864653391323036,3.21204678304650936E-017)
   3.1415926535897931        0.0000000000000000     
         (1.7740836818078369,4.67813668015854668E-017)
   1.0000000000000000                1           4
               (0.0000000000000000,0.0000000000000000)
  -1.5707963267948966        0.0000000000000000     
       (0.65931974019416395,-3.14766074263460506E-017)
   0.0000000000000000        0.0000000000000000     
              (0.23414504509411824,0.0000000000000000)
   1.5707963267948966        0.0000000000000000     
        (0.65931974019416395,3.14766074263460506E-017)
   3.1415926535897931        0.0000000000000000     
         (1.8695222105399558,4.80690876098235591E-017)
   1.0000000000000000                1           4
               (0.0000000000000000,0.0000000000000000)
  -1.5707963267948966        0.0000000000000000     
       (0.59276833950351548,-7.96944450493029759E-017)
   0.0000000000000000        0.0000000000000000     
              (0.22243221243342931,0.0000000000000000)
   1.5707963267948966        0.0000000000000000     
        (0.59276833950351548,7.96944450493029759E-017)
   3.1415926535897931        0.0000000000000000     
         (1.9863499422495061,6.26557148264253686E-017)
   1.0000000000000000                1           4
               (0.0000000000000000,0.0000000000000000)
  -1.5707963267948966        0.0000000000000000     
       (0.56202097413262309,-2.04837111122731191E-017)
   0.0000000000000000        0.0000000000000000     
              (0.20343675499600317,0.0000000000000000)
   1.5707963267948966        0.0000000000000000     
        (0.56202097413262309,2.04837111122731191E-017)
   3.1415926535897931        0.0000000000000000     
         (2.0646882102949577,7.00548802379694159E-017)
   1.0000000000000000                1           4
               (0.0000000000000000,0.0000000000000000)
  -1.5707963267948966        0.0000000000000000     
        (0.67187129252847100,7.67603521001365510E-017)
   0.0000000000000000        0.0000000000000000     
              (0.38388578461766742,0.0000000000000000)
   1.5707963267948966        0.0000000000000000     
       (0.67187129252847100,-7.67603521001365510E-017)
   3.1415926535897931        0.0000000000000000     
         (1.6539083713468454,4.24984017377574417E-017)
   1.0000000000000000                1           4
               (0.0000000000000000,0.0000000000000000)
  -1.5707963267948966        0.0000000000000000     
        (0.60131408127462715,3.05562072918016261E-017)
   0.0000000000000000        0.0000000000000000     
              (0.31666151403018006,0.0000000000000000)
   1.5707963267948966        0.0000000000000000     
       (0.60131408127462715,-3.05562072918016261E-017)
   3.1415926535897931        0.0000000000000000     
         (1.8840081185356061,6.11124145836032521E-017)
   1.0000000000000000                1           4
               (0.0000000000000000,0.0000000000000000)
  -1.5707963267948966        0.0000000000000000     
       (0.64313856892193899,-8.59054968455664872E-017)
   0.0000000000000000        0.0000000000000000     
              (0.31339056206300664,0.0000000000000000)
   1.5707963267948966        0.0000000000000000     
        (0.64313856892193899,8.59054968455664872E-017)
   3.1415926535897931        0.0000000000000000     
         (1.7932637044170288,5.02336112338983460E-017)
   1.0000000000000000                1           4
               (0.0000000000000000,0.0000000000000000)
  -1.5707963267948966        0.0000000000000000     
        (0.64689303578025070,8.02002386342075406E-017)
   0.0000000000000000        0.0000000000000000     
              (0.29695327007122124,0.0000000000000000)
   1.5707963267948966        0.0000000000000000     
       (0.64689303578025070,-8.02002386342075406E-017)
   3.1415926535897931        0.0000000000000000     
         (1.8032395930683451,4.93781748058994272E-017)
   1.0000000000000000                1           4
               (0.0000000000000000,0.0000000000000000)
  -1.5707963267948966        0.0000000000000000     
        (0.67747857942012224,7.74734894529391789E-017)
   0.0000000000000000        0.0000000000000000     
              (0.30859876929630797,0.0000000000000000)
   1.5707963267948966        0.0000000000000000     
       (0.67747857942012224,-7.74734894529391789E-017)
   3.1415926535897931        0.0000000000000000     
         (1.7637027940521552,4.39246764433627037E-017)
   1.0000000000000000                1           4
               (0.0000000000000000,0.0000000000000000)
  -1.5707963267948966        0.0000000000000000     
        (0.68979080088587830,1.95806149928248348E-017)
   0.0000000000000000        0.0000000000000000     
              (0.35567953519283713,0.0000000000000000)
   1.5707963267948966        0.0000000000000000     
       (0.68979080088587830,-1.95806149928248348E-017)
   3.1415926535897931        0.0000000000000000     
         (1.6634534868400959,3.91612299856496695E-017)
   1.0000000000000000                1           4
               (0.0000000000000000,0.0000000000000000)
  -1.5707963267948966        0.0000000000000000     
        (0.63232630381028909,2.64314072637420673E-017)
   0.0000000000000000        0.0000000000000000     
              (0.36575966555179457,0.0000000000000000)
   1.5707963267948966        0.0000000000000000     
       (0.63232630381028909,-2.64314072637420673E-017)
   3.1415926535897931        0.0000000000000000     
         (1.7622082190007005,5.28628145274841345E-017)
   1.0000000000000000                1           4
               (0.0000000000000000,0.0000000000000000)
  -1.5707963267948966        0.0000000000000000     
       (0.63640073496654215,-8.46653600392428722E-017)
   0.0000000000000000        0.0000000000000000     
              (0.41125033436490666,0.0000000000000000)
   1.5707963267948966        0.0000000000000000     
        (0.63640073496654215,8.46653600392428722E-017)
   3.1415926535897931        0.0000000000000000     
         (1.7224342062338920,5.27138848465455882E-017)
   1.0000000000000000                1           4
               (0.0000000000000000,0.0000000000000000)
  -1.5707963267948966        0.0000000000000000     
       (0.58042273172972281,-2.23638032696141235E-017)
   0.0000000000000000        0.0000000000000000     
              (0.20082181290998041,0.0000000000000000)
   1.5707963267948966        0.0000000000000000     
        (0.58042273172972281,2.23638032696141235E-017)
   3.1415926535897931        0.0000000000000000     
         (2.0426981975199774,6.62946959232874194E-017)
   1.0000000000000000                1           4
               (0.0000000000000000,0.0000000000000000)
  -1.5707963267948966        0.0000000000000000     
        (0.62798897816345434,8.28552040457014955E-017)
   0.0000000000000000        0.0000000000000000     
              (0.29416757886119460,0.0000000000000000)
   1.5707963267948966        0.0000000000000000     
       (0.62798897816345434,-8.28552040457014955E-017)
   3.1415926535897931        0.0000000000000000     
         (1.8549349202639041,5.46881056288873309E-017)
   1.0000000000000000                1           4
               (0.0000000000000000,0.0000000000000000)
  -1.5707963267948966        0.0000000000000000     
        (0.63553040791812332,1.37380907101858953E-016)
   0.0000000000000000        0.0000000000000000     
              (0.24465761674963496,0.0000000000000000)
   1.5707963267948966        0.0000000000000000     
       (0.63553040791812332,-1.37380907101858953E-016)
   3.1415926535897931        0.0000000000000000     
         (1.8873405618493346,5.27172092786866039E-017)
   1.0000000000000000                1           4
               (0.0000000000000000,0.0000000000000000)
  -1.5707963267948966        0.0000000000000000     
        (0.66453011803258111,2.29046401040279869E-017)
   0.0000000000000000        0.0000000000000000     
              (0.33677940546843699,0.0000000000000000)
   1.5707963267948966        0.0000000000000000     
       (0.66453011803258111,-2.29046401040279869E-017)
   3.1415926535897931        0.0000000000000000     
         (1.7404031502720829,4.58092802080559738E-017)
   1.0000000000000000                1           4
               (0.0000000000000000,0.0000000000000000)
  -1.5707963267948966        0.0000000000000000     
        (0.68801397729087943,1.86006083748982374E-016)
   0.0000000000000000        0.0000000000000000     
              (0.45750661385716584,0.0000000000000000)
   1.5707963267948966        0.0000000000000000     
       (0.68801397729087943,-1.86006083748982374E-016)
   3.1415926535897931        0.0000000000000000     
         (1.5545457052602778,3.89452601104177605E-017)
   1.0000000000000000                1           4
               (0.0000000000000000,0.0000000000000000)
  -1.5707963267948966        0.0000000000000000     
        (0.68215069227779090,2.05200305775253886E-017)
   0.0000000000000000        0.0000000000000000     
              (0.29799074003209514,0.0000000000000000)
   1.5707963267948966        0.0000000000000000     
       (0.68215069227779090,-2.05200305775253886E-017)
   3.1415926535897931        0.0000000000000000     
         (1.7365457063163965,4.10400611550507772E-017)
   1.0000000000000000                1           4
               (0.0000000000000000,0.0000000000000000)
  -1.5707963267948966        0.0000000000000000     
        (0.64906112120437431,7.97554173308793153E-017)
   0.0000000000000000        0.0000000000000000     
              (0.38352242577476225,0.0000000000000000)
   1.5707963267948966        0.0000000000000000     
       (0.64906112120437431,-7.97554173308793153E-017)
   3.1415926535897931        0.0000000000000000     
         (1.7064776418649441,4.84885321992429766E-017)
   1.0000000000000000                1           4
               (0.0000000000000000,0.0000000000000000)
  -1.5707963267948966        0.0000000000000000     
        (0.59501466935007175,3.12136989335975265E-017)
   0.0000000000000000        0.0000000000000000     
              (0.26410188237904808,0.0000000000000000)
   1.5707963267948966        0.0000000000000000     
       (0.59501466935007175,-3.12136989335975265E-017)
   3.1415926535897931        0.0000000000000000     
         (1.9454442330874158,6.24273978671950530E-017)
   1.0000000000000000                1           4
               (0.0000000000000000,0.0000000000000000)
  -1.5707963267948966        0.0000000000000000     
       (0.61691799332294961,-8.23321839342179294E-017)
   0.0000000000000000        0.0000000000000000     
              (0.27940696481249949,0.0000000000000000)
   1.5707963267948966        0.0000000000000000     
        (0.61691799332294961,8.23321839342179294E-017)
   3.1415926535897931        0.0000000000000000     
         (1.8915194073477504,5.73802370565954617E-017)
   1.0000000000000000                1           4
               (0.0000000000000000,0.0000000000000000)
  -1.5707963267948966        0.0000000000000000     
        (0.63995227442589897,2.63418579232291188E-017)
   0.0000000000000000        0.0000000000000000     
              (0.21038461994616448,0.0000000000000000)
   1.5707963267948966        0.0000000000000000     
       (0.63995227442589897,-2.63418579232291188E-017)
   3.1415926535897931        0.0000000000000000     
         (1.9299103024098747,5.26837158464582375E-017)
   1.0000000000000000                1           4
               (0.0000000000000000,0.0000000000000000)
  -1.5707963267948966        0.0000000000000000     
        (0.64356021338614600,1.36249119783295872E-016)
   0.0000000000000000        0.0000000000000000     
              (0.24941355660520648,0.0000000000000000)
   1.5707963267948966        0.0000000000000000     
       (0.64356021338614600,-1.36249119783295872E-016)
   3.1415926535897931        0.0000000000000000     
         (1.8616772537370783,5.04536346415604118E-017)
   1.0000000000000000                1           4
               (0.0000000000000000,0.0000000000000000)
  -1.5707963267948966        0.0000000000000000     
        (0.63475472046916659,2.63828859217425784E-017)
   0.0000000000000000        0.0000000000000000     
              (0.35785204423469408,0.0000000000000000)
   1.5707963267948966        0.0000000000000000     
       (0.63475472046916659,-2.63828859217425784E-017)
   3.1415926535897931        0.0000000000000000     
         (1.7733878463356922,5.27657718434851568E-017)
   1.0000000000000000                1           4
               (0.0000000000000000,0.0000000000000000)
  -1.5707963267948966        0.0000000000000000     
        (0.59982474969615873,1.41904293164903409E-016)
   0.0000000000000000        0.0000000000000000     
              (0.30510873429376650,0.0000000000000000)
   1.5707963267948966        0.0000000000000000     
       (0.59982474969615873,-1.41904293164903409E-016)
   3.1415926535897931        0.0000000000000000     
         (1.9032231288262480,6.17639814047755226E-017)
   1.0000000000000000                1           4
               (0.0000000000000000,0.0000000000000000)
  -1.5707963267948966        0.0000000000000000     
        (0.55107768469108531,1.47526959092150997E-016)
   0.0000000000000000        0.0000000000000000     
              (0.27480888944468962,0.0000000000000000)
   1.5707963267948966        0.0000000000000000     
       (0.55107768469108531,-1.47526959092150997E-016)
   3.1415926535897931        0.0000000000000000     
         (2.0196790497870509,7.30093132592706613E-017)
   1.0000000000000000                1           4
               (0.0000000000000000,0.0000000000000000)
  -1.5707963267948966        0.0000000000000000     
        (0.65590965250906175,2.44020520802777360E-017)
   0.0000000000000000        0.0000000000000000     
              (0.32875156090510688,0.0000000000000000)
   1.5707963267948966        0.0000000000000000     
       (0.65590965250906175,-2.44020520802777360E-017)
   3.1415926535897931        0.0000000000000000     
         (1.7800992505773261,4.88041041605554720E-017)
   1.0000000000000000                1           4
               (0.0000000000000000,0.0000000000000000)
  -1.5707963267948966        0.0000000000000000     
       (0.58562517486453480,-2.30566723287051225E-017)
   0.0000000000000000        0.0000000000000000     
              (0.22458763490135353,0.0000000000000000)
   1.5707963267948966        0.0000000000000000     
        (0.58562517486453480,2.30566723287051225E-017)
   3.1415926535897931        0.0000000000000000     
         (2.0067064409093511,6.49089578051054091E-017)
   1.0000000000000000                1           4
               (0.0000000000000000,0.0000000000000000)
  -1.5707963267948966        0.0000000000000000     
       (0.61594198096623975,-2.73979691285475837E-017)
   0.0000000000000000        0.0000000000000000     
              (0.33475144051856859,0.0000000000000000)
   1.5707963267948966        0.0000000000000000     
        (0.61594198096623975,2.73979691285475837E-017)
   3.1415926535897931        0.0000000000000000     
         (1.8153787332125693,5.62263642054204866E-017)
   1.0000000000000000                1           4
               (0.0000000000000000,0.0000000000000000)
  -1.5707963267948966        0.0000000000000000     
        (0.64206923547578254,8.15736350000538383E-017)
   0.0000000000000000        0.0000000000000000     
              (0.25243634096317846,0.0000000000000000)
   1.5707963267948966        0.0000000000000000     
       (0.64206923547578254,-8.15736350000538383E-017)
   3.1415926535897931        0.0000000000000000     
         (1.8829674511223407,5.21249675375920286E-017)
   1.0000000000000000                1           4
               (0.0000000000000000,0.0000000000000000)
  -1.5707963267948966        0.0000000000000000     
       (0.67125124222695920,-3.36488064725847785E-017)
   0.0000000000000000        0.0000000000000000     
              (0.38267150646171166,0.0000000000000000)
   1.5707963267948966        0.0000000000000000     
        (0.67125124222695920,3.36488064725847785E-017)
   3.1415926535897931        0.0000000000000000     
         (1.6739093481441385,4.37246895173461093E-017)
   1.0000000000000000                1           4
               (0.0000000000000000,0.0000000000000000)
  -1.5707963267948966        0.0000000000000000     
        (0.60344069043414050,3.04862751493800838E-017)
   0.0000000000000000        0.0000000000000000     
              (0.25355013225620793,0.0000000000000000)
   1.5707963267948966        0.0000000000000000     
       (0.60344069043414050,-3.04862751493800838E-017)
   3.1415926535897931        0.0000000000000000     
         (1.9490885615158691,6.09725502987601676E-017)
   1.0000000000000000                1           4
               (0.0000000000000000,0.0000000000000000)
  -1.5707963267948966        0.0000000000000000     
        (0.66956533397993390,2.20913529724840070E-017)
   0.0000000000000000        0.0000000000000000     
              (0.34691648569484818,0.0000000000000000)
   1.5707963267948966        0.0000000000000000     
       (0.66956533397993390,-2.20913529724840070E-017)
   3.1415926535897931        0.0000000000000000     
         (1.7137725283241401,4.41827059449680140E-017)
   1.0000000000000000                1           4
               (0.0000000000000000,0.0000000000000000)
  -1.5707963267948966        0.0000000000000000     
        (0.60536858007498950,3.03912423320307538E-017)
   0.0000000000000000        0.0000000000000000     
              (0.15610094001770083,0.0000000000000000)
   1.5707963267948966        0.0000000000000000     
       (0.60536858007498950,-3.03912423320307538E-017)
   3.1415926535897931        0.0000000000000000     
         (2.0472895256629937,6.07824846640615077E-017)
   1.0000000000000000                1           4
               (0.0000000000000000,0.0000000000000000)
  -1.5707963267948966        0.0000000000000000     
        (0.59594737794028518,3.14173830201164102E-017)
   0.0000000000000000        0.0000000000000000     
              (0.23110481825644091,0.0000000000000000)
   1.5707963267948966        0.0000000000000000     
       (0.59594737794028518,-3.14173830201164102E-017)
   3.1415926535897931        0.0000000000000000     
         (1.9869595415292038,6.28347660402328204E-017)
   1.0000000000000000                1           4
               (0.0000000000000000,0.0000000000000000)
  -1.5707963267948966        0.0000000000000000     
        (0.61893553820074243,8.38638474851216824E-017)
   0.0000000000000000        0.0000000000000000     
              (0.28049662178257267,0.0000000000000000)
   1.5707963267948966        0.0000000000000000     
       (0.61893553820074243,-8.38638474851216824E-017)
   3.1415926535897931        0.0000000000000000     
         (1.8834437922795044,5.67053925077276861E-017)
   1.0000000000000000                1           4
               (0.0000000000000000,0.0000000000000000)
  -1.5707963267948966        0.0000000000000000     
       (0.70200878596854011,-3.80236313237018313E-017)
   0.0000000000000000        0.0000000000000000     
              (0.46007084373602525,0.0000000000000000)
   1.5707963267948966        0.0000000000000000     
        (0.70200878596854011,3.80236313237018313E-017)
   3.1415926535897931        0.0000000000000000     
         (1.5151324748091870,3.49750398151120038E-017)
   1.0000000000000000                1           4
               (0.0000000000000000,0.0000000000000000)
  -1.5707963267948966        0.0000000000000000     
        (0.61961336590031624,2.81964064192246858E-017)
   0.0000000000000000        0.0000000000000000     
              (0.31501296035077037,0.0000000000000000)
   1.5707963267948966        0.0000000000000000     
       (0.61961336590031624,-2.81964064192246858E-017)
   3.1415926535897931        0.0000000000000000     
         (1.8451782957145273,5.63928128384493716E-017)
   1.0000000000000000                1           4
               (0.0000000000000000,0.0000000000000000)
  -1.5707963267948966        0.0000000000000000     
       (0.65328781968716099,-3.13112290186620115E-017)
   0.0000000000000000        0.0000000000000000     
              (0.37198689943167068,0.0000000000000000)
   1.5707963267948966        0.0000000000000000     
        (0.65328781968716099,3.13112290186620115E-017)
   3.1415926535897931        0.0000000000000000     
         (1.7250181839078742,4.83998444251916372E-017)
   1.0000000000000000                1           4
               (0.0000000000000000,0.0000000000000000)
  -1.5707963267948966        0.0000000000000000     
       (0.57196995767213732,-2.12498266304919220E-017)
   0.0000000000000000        0.0000000000000000     
              (0.21129690518764921,0.0000000000000000)
   1.5707963267948966        0.0000000000000000     
        (0.57196995767213732,2.12498266304919220E-017)
   3.1415926535897931        0.0000000000000000     
         (2.0517027953818832,6.85226492015318100E-017)
   1.0000000000000000                1           4
               (0.0000000000000000,0.0000000000000000)
  -1.5707963267948966        0.0000000000000000     
       (0.62806794088036866,-2.83129495300167116E-017)
   0.0000000000000000        0.0000000000000000     
              (0.30694110166921651,0.0000000000000000)
   1.5707963267948966        0.0000000000000000     
        (0.62806794088036866,2.83129495300167116E-017)
   3.1415926535897931        0.0000000000000000     
         (1.8375554640104295,5.43964034024822432E-017)
   1.0000000000000000                1           4
               (0.0000000000000000,0.0000000000000000)
  -1.5707963267948966        0.0000000000000000     
        (0.61265343902870950,8.40276878611338456E-017)
   0.0000000000000000        0.0000000000000000     
              (0.32003367773192370,0.0000000000000000)
   1.5707963267948966        0.0000000000000000     
       (0.61265343902870950,-8.40276878611338456E-017)
   3.1415926535897931        0.0000000000000000     
         (1.8366939707788323,5.70330732597520372E-017)
   1.0000000000000000                1           4
               (0.0000000000000000,0.0000000000000000)
  -1.5707963267948966        0.0000000000000000     
        (0.68116744022884990,7.58312341074544996E-017)
   0.0000000000000000        0.0000000000000000     
              (0.44563864011343873,0.0000000000000000)
   1.5707963267948966        0.0000000000000000     
       (0.68116744022884990,-7.58312341074544996E-017)
   3.1415926535897931        0.0000000000000000     
         (1.5804005146001299,4.06401657523933453E-017)
   1.0000000000000000                1           4
               (0.0000000000000000,0.0000000000000000)
  -1.5707963267948966        0.0000000000000000     
        (0.62285453401551494,1.38706067071561022E-016)
   0.0000000000000000        0.0000000000000000     
              (0.28817471969500585,0.0000000000000000)
   1.5707963267948966        0.0000000000000000     
       (0.62285453401551494,-1.38706067071561022E-016)
   3.1415926535897931        0.0000000000000000     
         (1.8617547203917024,5.53675292180907418E-017)
   1.0000000000000000                1           4
               (0.0000000000000000,0.0000000000000000)
  -1.5707963267948966        0.0000000000000000     
        (0.65044611355161208,2.45835966040359238E-017)
   0.0000000000000000        0.0000000000000000     
              (0.42364288352773649,0.0000000000000000)
   1.5707963267948966        0.0000000000000000     
       (0.65044611355161208,-2.45835966040359238E-017)
   3.1415926535897931        0.0000000000000000     
         (1.6802105441813107,4.91671932080718476E-017)
   1.0000000000000000                1           4
               (0.0000000000000000,0.0000000000000000)
  -1.5707963267948966        0.0000000000000000     
        (0.57669622911884666,3.28473082878078971E-017)
   0.0000000000000000        0.0000000000000000     
              (0.30389633660258991,0.0000000000000000)
   1.5707963267948966        0.0000000000000000     
       (0.57669622911884666,-3.28473082878078971E-017)
   3.1415926535897931        0.0000000000000000     
         (1.9223706291478810,6.56946165756157943E-017)
   1.0000000000000000                1           4
               (0.0000000000000000,0.0000000000000000)
  -1.5707963267948966        0.0000000000000000     
       (0.60976794680400703,-2.63970581052178962E-017)
   0.0000000000000000        0.0000000000000000     
              (0.31093697397351550,0.0000000000000000)
   1.5707963267948966        0.0000000000000000     
        (0.60976794680400703,2.63970581052178962E-017)
   3.1415926535897931        0.0000000000000000     
         (1.8595373664196546,5.82281862520798739E-017)
   1.0000000000000000                1           4
               (0.0000000000000000,0.0000000000000000)
  -1.5707963267948966        0.0000000000000000     
       (0.64516726178070305,-8.59179670734701759E-017)
   0.0000000000000000        0.0000000000000000     
              (0.37071998989336391,0.0000000000000000)
   1.5707963267948966        0.0000000000000000     
        (0.64516726178070305,8.59179670734701759E-017)
   3.1415926535897931        0.0000000000000000     
         (1.7395843537508315,5.02086707780909625E-017)
   1.0000000000000000                1           4
               (0.0000000000000000,0.0000000000000000)
  -1.5707963267948966        0.0000000000000000     
        (0.64473354544404371,8.06910061427819227E-017)
   0.0000000000000000        0.0000000000000000     
              (0.31816790487020674,0.0000000000000000)
   1.5707963267948966        0.0000000000000000     
       (0.64473354544404371,-8.06910061427819227E-017)
   3.1415926535897931        0.0000000000000000     
         (1.7937356608955450,5.03597098230481913E-017)
   1.0000000000000000                1           4
               (0.0000000000000000,0.0000000000000000)
  -1.5707963267948966        0.0000000000000000     
        (0.59410384945095029,3.13393186912431505E-017)
   0.0000000000000000        0.0000000000000000     
              (0.25376723942985241,0.0000000000000000)
   1.5707963267948966        0.0000000000000000     
       (0.59410384945095029,-3.13393186912431505E-017)
   3.1415926535897931        0.0000000000000000     
         (1.9580602888975709,6.26786373824863010E-017)
   1.0000000000000000                1           4
               (0.0000000000000000,0.0000000000000000)
  -1.5707963267948966        0.0000000000000000     
        (0.63608251644519986,2.58867677443411325E-017)
   0.0000000000000000        0.0000000000000000     
              (0.33635951512778961,0.0000000000000000)
   1.5707963267948966        0.0000000000000000     
       (0.63608251644519986,-2.58867677443411325E-017)
   3.1415926535897931        0.0000000000000000     
         (1.7813315179894349,5.17735354886822649E-017)
   1.0000000000000000                1           4
               (0.0000000000000000,0.0000000000000000)
  -1.5707963267948966        0.0000000000000000     
        (0.62363976312822333,2.73215743692060103E-017)
   0.0000000000000000        0.0000000000000000     
              (0.30338311049411670,0.0000000000000000)
   1.5707963267948966        0.0000000000000000     
       (0.62363976312822333,-2.73215743692060103E-017)
   3.1415926535897931        0.0000000000000000     
         (1.8362867568215926,5.46431487384120206E-017)
   1.0000000000000000                1           4
               (0.0000000000000000,0.0000000000000000)
  -1.5707963267948966        0.0000000000000000     
       (0.62134001135409278,-2.80409161610345999E-017)
   0.0000000000000000        0.0000000000000000     
              (0.36348569520087176,0.0000000000000000)
   1.5707963267948966        0.0000000000000000     
        (0.62134001135409278,2.80409161610345999E-017)
   3.1415926535897931        0.0000000000000000     
         (1.7764402955480278,5.49404701404464542E-017)
   1.0000000000000000                1           4
               (0.0000000000000000,0.0000000000000000)
  -1.5707963267948966        0.0000000000000000     
        (0.67829482659622886,2.10459916863826599E-017)
   0.0000000000000000        0.0000000000000000     
              (0.34684746356370411,0.0000000000000000)
   1.5707963267948966        0.0000000000000000     
       (0.67829482659622886,-2.10459916863826599E-017)
   3.1415926535897931        0.0000000000000000     
         (1.6971564449401040,4.20919833727653197E-017)
   1.0000000000000000                1           4
               (0.0000000000000000,0.0000000000000000)
  -1.5707963267948966        0.0000000000000000     
        (0.63379095732429946,8.19305049687045960E-017)
   0.0000000000000000        0.0000000000000000     
              (0.34209470186162338,0.0000000000000000)
   1.5707963267948966        0.0000000000000000     
       (0.63379095732429946,-8.19305049687045960E-017)
   3.1415926535897931        0.0000000000000000     
         (1.7884087916729352,5.28387074748935442E-017)
   1.0000000000000000                1           4
               (0.0000000000000000,0.0000000000000000)
  -1.5707963267948966        0.0000000000000000     
        (0.64312057922220200,2.55934141034373684E-017)
   0.0000000000000000        0.0000000000000000     
              (0.22221687046970484,0.0000000000000000)
   1.5707963267948966        0.0000000000000000     
       (0.64312057922220200,-2.55934141034373684E-017)
   3.1415926535897931        0.0000000000000000     
         (1.8999686311520627,5.11868282068747368E-017)
   1.0000000000000000                1           4
               (0.0000000000000000,0.0000000000000000)
  -1.5707963267948966        0.0000000000000000     
        (0.67982739999324671,7.61282517491869267E-017)
   0.0000000000000000        0.0000000000000000     
              (0.38082218759269498,0.0000000000000000)
   1.5707963267948966        0.0000000000000000     
       (0.67982739999324671,-7.61282517491869267E-017)
   3.1415926535897931        0.0000000000000000     
         (1.6522382190481752,4.12342010358581994E-017)
   1.0000000000000000                1           4
               (0.0000000000000000,0.0000000000000000)
  -1.5707963267948966        0.0000000000000000     
       (0.65699064907117344,-3.16524787119665668E-017)
   0.0000000000000000        0.0000000000000000     
              (0.30820257520205951,0.0000000000000000)
   1.5707963267948966        0.0000000000000000     
        (0.65699064907117344,3.16524787119665668E-017)
   3.1415926535897931        0.0000000000000000     
         (1.7850621060643881,4.77173450385825266E-017)
   1.0000000000000000                1           4
               (0.0000000000000000,0.0000000000000000)
  -1.5707963267948966        0.0000000000000000     
        (0.57608324224409724,3.39848846343739973E-017)
   0.0000000000000000        0.0000000000000000     
              (0.19128709331323479,0.0000000000000000)
   1.5707963267948966        0.0000000000000000     
       (0.57608324224409724,-3.39848846343739973E-017)
   3.1415926535897931        0.0000000000000000     
         (2.0709099618843458,6.79697692687479945E-017)
   1.0000000000000000                1           4
               (0.0000000000000000,0.0000000000000000)
  -1.5707963267948966        0.0000000000000000     
        (0.66263050756870778,2.29325423261965710E-017)
   0.0000000000000000        0.0000000000000000     
              (0.33787978324219448,0.0000000000000000)
   1.5707963267948966        0.0000000000000000     
       (0.66263050756870778,-2.29325423261965710E-017)
   3.1415926535897931        0.0000000000000000     
         (1.7364149073080211,4.58650846523931420E-017)
   1.0000000000000000                1           4
               (0.0000000000000000,0.0000000000000000)
  -1.5707963267948966        0.0000000000000000     
        (0.65733949502937805,2.38175243856514188E-017)
   0.0000000000000000        0.0000000000000000     
              (0.31144182881572302,0.0000000000000000)
   1.5707963267948966        0.0000000000000000     
       (0.65733949502937805,-2.38175243856514188E-017)
   3.1415926535897931        0.0000000000000000     
         (1.7811765443283150,4.76350487713028375E-017)
   1.0000000000000000                1           4
               (0.0000000000000000,0.0000000000000000)
  -1.5707963267948966        0.0000000000000000     
        (0.61404260488029316,8.40989487871027097E-017)
   0.0000000000000000        0.0000000000000000     
              (0.33939752037524151,0.0000000000000000)
   1.5707963267948966        0.0000000000000000     
       (0.61404260488029316,-8.40989487871027097E-017)
   3.1415926535897931        0.0000000000000000     
         (1.8224360183157378,5.71755951116897654E-017)
   1.0000000000000000                1           4
               (0.0000000000000000,0.0000000000000000)
  -1.5707963267948966        0.0000000000000000     
        (0.66829325499598635,1.33367060906071458E-016)
   0.0000000000000000        0.0000000000000000     
              (0.29859167609762144,0.0000000000000000)
   1.5707963267948966        0.0000000000000000     
       (0.66829325499598635,-1.33367060906071458E-016)
   3.1415926535897931        0.0000000000000000     
         (1.7678300307564374,4.46895168871116151E-017)
   1.0000000000000000                1           4
               (0.0000000000000000,0.0000000000000000)
  -1.5707963267948966        0.0000000000000000     
        (0.58883849745462380,8.75014044571585917E-017)
   0.0000000000000000        0.0000000000000000     
              (0.30113649951148186,0.0000000000000000)
   1.5707963267948966        0.0000000000000000     
       (0.58883849745462380,-8.75014044571585917E-017)
   3.1415926535897931        0.0000000000000000     
         (1.9214214602007971,6.39805064518015294E-017)
   1.0000000000000000                1           4
               (0.0000000000000000,0.0000000000000000)
  -1.5707963267948966        0.0000000000000000     
        (0.61911759676409339,2.85484450284300349E-017)
   0.0000000000000000        0.0000000000000000     
              (0.32560851166414356,0.0000000000000000)
   1.5707963267948966        0.0000000000000000     
       (0.61911759676409339,-2.85484450284300349E-017)
   3.1415926535897931        0.0000000000000000     
         (1.8450896597057058,5.70968900568600698E-017)
   1.0000000000000000                1           4
               (0.0000000000000000,0.0000000000000000)
  -1.5707963267948966        0.0000000000000000     
        (0.59317057268482454,3.12783192132468699E-017)
   0.0000000000000000        0.0000000000000000     
              (0.27513948944964894,0.0000000000000000)
   1.5707963267948966        0.0000000000000000     
       (0.59317057268482454,-3.12783192132468699E-017)
   3.1415926535897931        0.0000000000000000     
         (1.9328290911943684,6.25566384264937399E-017)
   1.0000000000000000                1           4
               (0.0000000000000000,0.0000000000000000)
  -1.5707963267948966        0.0000000000000000     
       (0.63589337711137217,-2.92166462048667007E-017)
   0.0000000000000000        0.0000000000000000     
              (0.32136751837392941,0.0000000000000000)
   1.5707963267948966        0.0000000000000000     
        (0.63589337711137217,2.92166462048667007E-017)
   3.1415926535897931        0.0000000000000000     
         (1.8092629463683993,5.25890100527822588E-017)
   1.0000000000000000                1           4
               (0.0000000000000000,0.0000000000000000)
  -1.5707963267948966        0.0000000000000000     
        (0.56844413410721806,3.47535746073449971E-017)
   0.0000000000000000        0.0000000000000000     
              (0.22403428316259388,0.0000000000000000)
   1.5707963267948966        0.0000000000000000     
       (0.56844413410721806,-3.47535746073449971E-017)
   3.1415926535897931        0.0000000000000000     
         (2.0479918756352098,6.95071492146899942E-017)
   1.0000000000000000                1           4
               (0.0000000000000000,0.0000000000000000)
  -1.5707963267948966        0.0000000000000000     
        (0.63021799951259094,2.71730290399234322E-017)
   0.0000000000000000        0.0000000000000000     
              (0.22545896030813359,0.0000000000000000)
   1.5707963267948966        0.0000000000000000     
       (0.63021799951259094,-2.71730290399234322E-017)
   3.1415926535897931        0.0000000000000000     
         (1.9225155211216847,5.43460580798468643E-017)
   1.0000000000000000                1           4
               (0.0000000000000000,0.0000000000000000)
  -1.5707963267948966        0.0000000000000000     
       (0.65581386900425009,-3.17348044682163012E-017)
   0.0000000000000000        0.0000000000000000     
              (0.29709095377981143,0.0000000000000000)
   1.5707963267948966        0.0000000000000000     
        (0.65581386900425009,3.17348044682163012E-017)
   3.1415926535897931        0.0000000000000000     
         (1.7911312040922951,4.75526935260830516E-017)
   1.0000000000000000                1           4
               (0.0000000000000000,0.0000000000000000)
  -1.5707963267948966        0.0000000000000000     
        (0.61545115199471345,2.85245250461971656E-017)
   0.0000000000000000        0.0000000000000000     
              (0.36023186601080665,0.0000000000000000)
   1.5707963267948966        0.0000000000000000     
       (0.61545115199471345,-2.85245250461971656E-017)
   3.1415926535897931        0.0000000000000000     
         (1.8023521299099445,5.70490500923943312E-017)
   1.0000000000000000                1           4
               (0.0000000000000000,0.0000000000000000)
  -1.5707963267948966        0.0000000000000000     
        (0.68129919210383350,7.57417088871990580E-017)
   0.0000000000000000        0.0000000000000000     
              (0.48105521756405645,0.0000000000000000)
   1.5707963267948966        0.0000000000000000     
       (0.68129919210383350,-7.57417088871990580E-017)
   3.1415926535897931        0.0000000000000000     
         (1.5423233252992010,4.04611153118824497E-017)
   1.0000000000000000                1           4
               (0.0000000000000000,0.0000000000000000)
  -1.5707963267948966        0.0000000000000000     
        (0.67357091603329122,7.67675138046659698E-017)
   0.0000000000000000        0.0000000000000000     
              (0.41177284400983760,0.0000000000000000)
   1.5707963267948966        0.0000000000000000     
       (0.67357091603329122,-7.67675138046659698E-017)
   3.1415926535897931        0.0000000000000000     
         (1.6296544779860096,4.25127251468162794E-017)
   1.0000000000000000                1           4
               (0.0000000000000000,0.0000000000000000)
  -1.5707963267948966        0.0000000000000000     
       (0.64414637190176505,-3.07574910888509287E-017)
   0.0000000000000000        0.0000000000000000     
              (0.47892739870730017,0.0000000000000000)
   1.5707963267948966        0.0000000000000000     
        (0.64414637190176505,3.07574910888509287E-017)
   3.1415926535897931        0.0000000000000000     
         (1.6178812424028284,4.95073202848137966E-017)
   1.0000000000000000                1           4
               (0.0000000000000000,0.0000000000000000)
  -1.5707963267948966        0.0000000000000000     
       (0.62229723826380767,-8.30330998066920996E-017)
   0.0000000000000000        0.0000000000000000     
              (0.27717014218717317,0.0000000000000000)
   1.5707963267948966        0.0000000000000000     
        (0.62229723826380767,8.30330998066920996E-017)
   3.1415926535897931        0.0000000000000000     
         (1.8816210700951341,5.59784053116471089E-017)
   1.0000000000000000                1           4
               (0.0000000000000000,0.0000000000000000)
  -1.5707963267948966        0.0000000000000000     
        (0.67041939484353086,2.17875273781011364E-017)
   0.0000000000000000        0.0000000000000000     
              (0.38972859883849775,0.0000000000000000)
   1.5707963267948966        0.0000000000000000     
       (0.67041939484353086,-2.17875273781011364E-017)
   3.1415926535897931        0.0000000000000000     
         (1.6627448399006977,4.35750547562022727E-017)
   1.0000000000000000                1           4
               (0.0000000000000000,0.0000000000000000)
  -1.5707963267948966        0.0000000000000000     
        (0.62976013323829194,2.66163987669431328E-017)
   0.0000000000000000        0.0000000000000000     
              (0.44812024514051452,0.0000000000000000)
   1.5707963267948966        0.0000000000000000     
       (0.62976013323829194,-2.66163987669431328E-017)
   3.1415926535897931        0.0000000000000000     
         (1.6807575793021541,5.32327975338862655E-017)
   1.0000000000000000                1           4
               (0.0000000000000000,0.0000000000000000)
  -1.5707963267948966        0.0000000000000000     
        (0.58480918706768525,3.27027797802004490E-017)
   0.0000000000000000        0.0000000000000000     
              (0.20630359274701937,0.0000000000000000)
   1.5707963267948966        0.0000000000000000     
       (0.58480918706768525,-3.27027797802004490E-017)
   3.1415926535897931        0.0000000000000000     
         (2.0314686295989337,6.54055595604008980E-017)
   1.0000000000000000                1           4
               (0.0000000000000000,0.0000000000000000)
  -1.5707963267948966        0.0000000000000000     
        (0.67277510363819337,2.12688502305385466E-017)
   0.0000000000000000        0.0000000000000000     
              (0.35680276076374973,0.0000000000000000)
   1.5707963267948966        0.0000000000000000     
       (0.67277510363819337,-2.12688502305385466E-017)
   3.1415926535897931        0.0000000000000000     
         (1.6834408142770159,4.25377004610770932E-017)
   1.0000000000000000                1           4
               (0.0000000000000000,0.0000000000000000)
  -1.5707963267948966        0.0000000000000000     
        (0.62645233771838171,8.29231721205416789E-017)
   0.0000000000000000        0.0000000000000000     
              (0.31332550784562463,0.0000000000000000)
   1.5707963267948966        0.0000000000000000     
       (0.62645233771838171,-8.29231721205416789E-017)
   3.1415926535897931        0.0000000000000000     
         (1.8349237161865108,5.48240417785676976E-017)
   1.0000000000000000                1           4
               (0.0000000000000000,0.0000000000000000)
  -1.5707963267948966        0.0000000000000000     
       (0.64356523509906849,-3.03715118383402901E-017)
   0.0000000000000000        0.0000000000000000     
              (0.37512712096110634,0.0000000000000000)
   1.5707963267948966        0.0000000000000000     
        (0.64356523509906849,3.03715118383402901E-017)
   3.1415926535897931        0.0000000000000000     
         (1.7331262855945417,5.02792787858350861E-017)
   1.0000000000000000                1           4
               (0.0000000000000000,0.0000000000000000)
  -1.5707963267948966        0.0000000000000000     
       (0.60265906926043766,-2.50959464782085606E-017)
   0.0000000000000000        0.0000000000000000     
              (0.27303501460949886,0.0000000000000000)
   1.5707963267948966        0.0000000000000000     
        (0.60265906926043766,2.50959464782085606E-017)
   3.1415926535897931        0.0000000000000000     
         (1.9257191015083626,6.08304095060985453E-017)
   1.0000000000000000                1           4
               (0.0000000000000000,0.0000000000000000)
  -1.5707963267948966        0.0000000000000000     
        (0.63146611774318406,1.37813030132821311E-016)
   0.0000000000000000        0.0000000000000000     
              (0.29802955766470274,0.0000000000000000)
   1.5707963267948966        0.0000000000000000     
       (0.63146611774318406,-1.37813030132821311E-016)
   3.1415926535897931        0.0000000000000000     
         (1.8399542498817372,5.35814553406113016E-017)
   1.0000000000000000                1           4
               (0.0000000000000000,0.0000000000000000)
  -1.5707963267948966        0.0000000000000000     
        (0.64133815065760946,8.09662989412291654E-017)
   0.0000000000000000        0.0000000000000000     
              (0.26411386991751173,0.0000000000000000)
   1.5707963267948966        0.0000000000000000     
       (0.64133815065760946,-8.09662989412291654E-017)
   3.1415926535897931        0.0000000000000000     
         (1.8499906514426772,5.09102954199426707E-017)
   1.0000000000000000                1           4
               (0.0000000000000000,0.0000000000000000)
  -1.5707963267948966        0.0000000000000000     
       (0.60187702532478937,-2.54248170774966044E-017)
   0.0000000000000000        0.0000000000000000     
              (0.25651593337223177,0.0000000000000000)
   1.5707963267948966        0.0000000000000000     
        (0.60187702532478937,2.54248170774966044E-017)
   3.1415926535897931        0.0000000000000000     
         (1.9299323659279293,6.01726683075224576E-017)
   1.0000000000000000                1           4
               (0.0000000000000000,0.0000000000000000)
  -1.5707963267948966        0.0000000000000000     
        (0.64031953474111392,8.08757035060883291E-017)
   0.0000000000000000        0.0000000000000000     
              (0.35168225174619699,0.0000000000000000)
   1.5707963267948966        0.0000000000000000     
       (0.64031953474111392,-8.08757035060883291E-017)
   3.1415926535897931        0.0000000000000000     
         (1.7574259663098166,5.07291045496609858E-017)
   1.0000000000000000                1           4
               (0.0000000000000000,0.0000000000000000)
  -1.5707963267948966        0.0000000000000000     
       (0.59980276192847026,-2.45703111248216877E-017)
   0.0000000000000000        0.0000000000000000     
              (0.25859419497826924,0.0000000000000000)
   1.5707963267948966        0.0000000000000000     
        (0.59980276192847026,2.45703111248216877E-017)
   3.1415926535897931        0.0000000000000000     
         (1.9516158600129825,6.18816802128722910E-017)
   1.0000000000000000                1           4
               (0.0000000000000000,0.0000000000000000)
  -1.5707963267948966        0.0000000000000000     
        (0.64606389244390039,2.48986224432245158E-017)
   0.0000000000000000        0.0000000000000000     
              (0.28919445780222808,0.0000000000000000)
   1.5707963267948966        0.0000000000000000     
       (0.64606389244390039,-2.48986224432245158E-017)
   3.1415926535897931        0.0000000000000000     
         (1.8161840524558559,4.97972448864490316E-017)
   1.0000000000000000                1           4
               (0.0000000000000000,0.0000000000000000)
  -1.5707963267948966        0.0000000000000000     
        (0.54600050082700702,3.70389926923182456E-017)
   0.0000000000000000        0.0000000000000000     
              (0.21559173229040768,0.0000000000000000)
   1.5707963267948966        0.0000000000000000     
       (0.54600050082700702,-3.70389926923182456E-017)
   3.1415926535897931        0.0000000000000000     
         (2.0861945794826133,7.40779853846364912E-017)
   1.0000000000000000                1           4
               (0.0000000000000000,0.0000000000000000)
  -1.5707963267948966        0.0000000000000000     
       (0.62831027784141247,-2.85302435275815283E-017)
   0.0000000000000000        0.0000000000000000     
              (0.34306120210190938,0.0000000000000000)
   1.5707963267948966        0.0000000000000000     
        (0.62831027784141247,2.85302435275815283E-017)
   3.1415926535897931        0.0000000000000000     
         (1.7948226769313367,5.39618154073526160E-017)
   1.0000000000000000                1           4
               (0.0000000000000000,0.0000000000000000)
  -1.5707963267948966        0.0000000000000000     
       (0.62592163134597845,-2.84067565364526578E-017)
   0.0000000000000000        0.0000000000000000     
              (0.31741223464500129,0.0000000000000000)
   1.5707963267948966        0.0000000000000000     
        (0.62592163134597845,2.84067565364526578E-017)
   3.1415926535897931        0.0000000000000000     
         (1.8197277426156395,5.42087893896103507E-017)
   1.0000000000000000                1           4
               (0.0000000000000000,0.0000000000000000)
  -1.5707963267948966        0.0000000000000000     
        (0.65816559204120706,2.36136085267671400E-017)
   0.0000000000000000        0.0000000000000000     
              (0.32438738075201284,0.0000000000000000)
   1.5707963267948966        0.0000000000000000     
       (0.65816559204120706,-2.36136085267671400E-017)
   3.1415926535897931        0.0000000000000000     
         (1.7632227890169796,4.72272170535342799E-017)
   1.0000000000000000                1           4
               (0.0000000000000000,0.0000000000000000)
  -1.5707963267948966        0.0000000000000000     
       (0.58108619766264669,-2.25650442886396198E-017)
   0.0000000000000000        0.0000000000000000     
              (0.32656507898641141,0.0000000000000000)
   1.5707963267948966        0.0000000000000000     
        (0.58108619766264669,2.25650442886396198E-017)
   3.1415926535897931        0.0000000000000000     
         (1.9117088328106211,6.58922138852364145E-017)
   1.0000000000000000                1           4
               (0.0000000000000000,0.0000000000000000)
  -1.5707963267948966        0.0000000000000000     
        (0.66895787706405940,7.79881085990245030E-017)
   0.0000000000000000        0.0000000000000000     
              (0.38798853969920588,0.0000000000000000)
   1.5707963267948966        0.0000000000000000     
       (0.66895787706405940,-7.79881085990245030E-017)
   3.1415926535897931        0.0000000000000000     
         (1.6840803558380442,4.49539147355333335E-017)
   1.0000000000000000                1           4
               (0.0000000000000000,0.0000000000000000)
  -1.5707963267948966        0.0000000000000000     
        (0.71812500149617109,4.36484299421818855E-017)
   0.0000000000000000        0.0000000000000000     
              (0.47872805113694239,0.0000000000000000)
   1.5707963267948966        0.0000000000000000     
       (0.71812500149617109,-4.36484299421818855E-017)
   3.1415926535897931        0.0000000000000000     
         (1.4766219678802062,3.17857086531059378E-017)
   1.0000000000000000                1           4
               (0.0000000000000000,0.0000000000000000)
  -1.5707963267948966        0.0000000000000000     
       (0.59262392172503064,-2.39382604306354698E-017)
   0.0000000000000000        0.0000000000000000     
              (0.26354636499286965,0.0000000000000000)
   1.5707963267948966        0.0000000000000000     
        (0.59262392172503064,2.39382604306354698E-017)
   3.1415926535897931        0.0000000000000000     
         (1.9529503519317193,6.31457816012447267E-017)
   1.0000000000000000                1           4
               (0.0000000000000000,0.0000000000000000)
  -1.5707963267948966        0.0000000000000000     
        (0.59132202988817895,3.18230328211443266E-017)
   0.0000000000000000        0.0000000000000000     
              (0.30181840381117836,0.0000000000000000)
   1.5707963267948966        0.0000000000000000     
       (0.59132202988817895,-3.18230328211443266E-017)
   3.1415926535897931        0.0000000000000000     
         (1.9202447878585795,6.36460656422886531E-017)
   1.0000000000000000                1           4
               (0.0000000000000000,0.0000000000000000)
  -1.5707963267948966        0.0000000000000000     
        (0.66999825958913051,2.15640821391607338E-017)
   0.0000000000000000        0.0000000000000000     
              (0.42676761244541117,0.0000000000000000)
   1.5707963267948966        0.0000000000000000     
       (0.66999825958913051,-2.15640821391607338E-017)
   3.1415926535897931        0.0000000000000000     
         (1.6175652804260483,4.31281642783214677E-017)
   1.0000000000000000                1           4
               (0.0000000000000000,0.0000000000000000)
  -1.5707963267948966        0.0000000000000000     
       (0.64750930319670641,-8.58966422360061337E-017)
   0.0000000000000000        0.0000000000000000     
              (0.28076261994684160,0.0000000000000000)
   1.5707963267948966        0.0000000000000000     
        (0.64750930319670641,8.58966422360061337E-017)
   3.1415926535897931        0.0000000000000000     
         (1.8349223285789471,5.02513204530190468E-017)
   1.0000000000000000                1           4
               (0.0000000000000000,0.0000000000000000)
  -1.5707963267948966        0.0000000000000000     
        (0.66151691640713106,2.31449792677484823E-017)
   0.0000000000000000        0.0000000000000000     
              (0.32896990693989614,0.0000000000000000)
   1.5707963267948966        0.0000000000000000     
       (0.66151691640713106,-2.31449792677484823E-017)
   3.1415926535897931        0.0000000000000000     
         (1.7500363183670558,4.62899585354969647E-017)
   1.0000000000000000                1           4
               (0.0000000000000000,0.0000000000000000)
  -1.5707963267948966        0.0000000000000000     
        (0.59435568969979324,8.68424303623046872E-017)
   0.0000000000000000        0.0000000000000000     
              (0.25008676972062538,0.0000000000000000)
   1.5707963267948966        0.0000000000000000     
       (0.59435568969979324,-8.68424303623046872E-017)
   3.1415926535897931        0.0000000000000000     
         (1.9619818471407642,6.26625582620937203E-017)
   1.0000000000000000                1           4
               (0.0000000000000000,0.0000000000000000)
  -1.5707963267948966        0.0000000000000000     
        (0.59966388666652759,8.60591269102968506E-017)
   0.0000000000000000        0.0000000000000000     
              (0.28253063890051178,0.0000000000000000)
   1.5707963267948966        0.0000000000000000     
       (0.59966388666652759,-8.60591269102968506E-017)
   3.1415926535897931        0.0000000000000000     
         (1.9145697395724979,6.10959513580780472E-017)
   1.0000000000000000                1           4
               (0.0000000000000000,0.0000000000000000)
  -1.5707963267948966        0.0000000000000000     
        (0.65218157757951023,2.41948450087978218E-017)
   0.0000000000000000        0.0000000000000000     
              (0.35622714892476337,0.0000000000000000)
   1.5707963267948966        0.0000000000000000     
       (0.65218157757951023,-2.41948450087978218E-017)
   3.1415926535897931        0.0000000000000000     
         (1.7383996161385402,4.83896900175956436E-017)
   1.0000000000000000                1           4
               (0.0000000000000000,0.0000000000000000)
  -1.5707963267948966        0.0000000000000000     
       (0.67472401738469479,-3.43081473112143664E-017)
   0.0000000000000000        0.0000000000000000     
              (0.40703038818756299,0.0000000000000000)
   1.5707963267948966        0.0000000000000000     
        (0.67472401738469479,3.43081473112143664E-017)
   3.1415926535897931        0.0000000000000000     
         (1.6349603106317654,4.24060078400869274E-017)
   1.0000000000000000                1           4
               (0.0000000000000000,0.0000000000000000)
  -1.5707963267948966        0.0000000000000000     
        (0.68928364250295626,1.92020934583831466E-017)
   0.0000000000000000        0.0000000000000000     
              (0.39997226765815919,0.0000000000000000)
   1.5707963267948966        0.0000000000000000     
       (0.68928364250295626,-1.92020934583831466E-017)
   3.1415926535897931        0.0000000000000000     
         (1.6057829860503179,3.84041869167662932E-017)
   1.0000000000000000                1           4
               (0.0000000000000000,0.0000000000000000)
  -1.5707963267948966        0.0000000000000000     
        (0.70390323450930936,7.36827930125910421E-017)
   0.0000000000000000        0.0000000000000000     
              (0.29898753623065988,0.0000000000000000)
   1.5707963267948966        0.0000000000000000     
       (0.70390323450930936,-7.36827930125910421E-017)
   3.1415926535897931        0.0000000000000000     
         (1.7023497955309155,3.63432835626664241E-017)
   1.0000000000000000                1           4
               (0.0000000000000000,0.0000000000000000)
  -1.5707963267948966        0.0000000000000000     
        (0.60076281519022356,1.41651666530373285E-016)
   0.0000000000000000        0.0000000000000000     
              (0.22402350621273764,0.0000000000000000)
   1.5707963267948966        0.0000000000000000     
       (0.60076281519022356,-1.41651666530373285E-016)
   3.1415926535897931        0.0000000000000000     
         (1.9779330758243991,6.12587281357152734E-017)
   1.0000000000000000                1           4
               (0.0000000000000000,0.0000000000000000)
  -1.5707963267948966        0.0000000000000000     
        (0.69588286672512456,7.89768187731430928E-017)
   0.0000000000000000        0.0000000000000000     
              (0.22714522750371494,0.0000000000000000)
   1.5707963267948966        0.0000000000000000     
       (0.69588286672512456,-7.89768187731430928E-017)
   3.1415926535897931        0.0000000000000000     
         (1.9310673723646059,4.69313350837705130E-017)
   1.0000000000000000                1           4
               (0.0000000000000000,0.0000000000000000)
  -1.5707963267948966        0.0000000000000000     
        (0.64921715774380750,2.45685155008725303E-017)
   0.0000000000000000        0.0000000000000000     
              (0.34986892865475511,0.0000000000000000)
   1.5707963267948966        0.0000000000000000     
       (0.64921715774380750,-2.45685155008725303E-017)
   3.1415926535897931        0.0000000000000000     
         (1.7510340012277399,4.91370310017450605E-017)
   1.0000000000000000                1           4
               (0.0000000000000000,0.0000000000000000)
  -1.5707963267948966        0.0000000000000000     
        (0.63581967697310759,8.16756429655860623E-017)
   0.0000000000000000        0.0000000000000000     
              (0.34351744991899741,0.0000000000000000)
   1.5707963267948966        0.0000000000000000     
       (0.63581967697310759,-8.16756429655860623E-017)
   3.1415926535897931        0.0000000000000000     
         (1.7827190581632504,5.23289834686564645E-017)
   1.0000000000000000                1           4
               (0.0000000000000000,0.0000000000000000)
  -1.5707963267948966        0.0000000000000000     
        (0.59504442335570773,3.09654597740391184E-017)
   0.0000000000000000        0.0000000000000000     
              (0.28043006199593251,0.0000000000000000)
   1.5707963267948966        0.0000000000000000     
       (0.59504442335570773,-3.09654597740391184E-017)
   3.1415926535897931        0.0000000000000000     
         (1.9210674552186346,6.19309195480782369E-017)
   1.0000000000000000                1           4
               (0.0000000000000000,0.0000000000000000)
  -1.5707963267948966        0.0000000000000000     
        (0.60338735628344431,3.01812765736206671E-017)
   0.0000000000000000        0.0000000000000000     
              (0.26805871312853435,0.0000000000000000)
   1.5707963267948966        0.0000000000000000     
       (0.60338735628344431,-3.01812765736206671E-017)
   3.1415926535897931        0.0000000000000000     
         (1.9245113028559291,6.03625531472413342E-017)
   1.0000000000000000                1           4
               (0.0000000000000000,0.0000000000000000)
  -1.5707963267948966        0.0000000000000000     
        (0.61701919382763770,2.87109611694726058E-017)
   0.0000000000000000        0.0000000000000000     
              (0.28980198599017004,0.0000000000000000)
   1.5707963267948966        0.0000000000000000     
       (0.61701919382763770,-2.87109611694726058E-017)
   3.1415926535897931        0.0000000000000000     
         (1.8820075595030159,5.74219223389452116E-017)
   1.0000000000000000                1           4
               (0.0000000000000000,0.0000000000000000)
  -1.5707963267948966        0.0000000000000000     
       (0.59602963766300343,-2.46608651759718258E-017)
   0.0000000000000000        0.0000000000000000     
              (0.31317558516710309,0.0000000000000000)
   1.5707963267948966        0.0000000000000000     
        (0.59602963766300343,2.46608651759718258E-017)
   3.1415926535897931        0.0000000000000000     
         (1.8865305015257463,6.17005721105720025E-017)
   1.0000000000000000                1           4
               (0.0000000000000000,0.0000000000000000)
  -1.5707963267948966        0.0000000000000000     
        (0.63224301092949087,2.68375802059177335E-017)
   0.0000000000000000        0.0000000000000000     
              (0.31937833209579691,0.0000000000000000)
   1.5707963267948966        0.0000000000000000     
       (0.63224301092949087,-2.68375802059177335E-017)
   3.1415926535897931        0.0000000000000000     
         (1.8216895817700263,5.36751604118354670E-017)
   1.0000000000000000                1           4
               (0.0000000000000000,0.0000000000000000)
  -1.5707963267948966        0.0000000000000000     
        (0.59246823339333432,3.13187169247568651E-017)
   0.0000000000000000        0.0000000000000000     
              (0.28327098355402713,0.0000000000000000)
   1.5707963267948966        0.0000000000000000     
       (0.59246823339333432,-3.13187169247568651E-017)
   3.1415926535897931        0.0000000000000000     
         (1.9246124078989917,6.26374338495137301E-017)
   1.0000000000000000                1           4
               (0.0000000000000000,0.0000000000000000)
  -1.5707963267948966        0.0000000000000000     
       (0.58628510467844830,-2.32110307972736368E-017)
   0.0000000000000000        0.0000000000000000     
              (0.27008342738686092,0.0000000000000000)
   1.5707963267948966        0.0000000000000000     
        (0.58628510467844830,2.32110307972736368E-017)
   3.1415926535897931        0.0000000000000000     
         (1.9574887778589005,6.46002408679683804E-017)
   1.0000000000000000                1           4
               (0.0000000000000000,0.0000000000000000)
  -1.5707963267948966        0.0000000000000000     
        (0.61227000094277173,1.39997513175668374E-016)
   0.0000000000000000        0.0000000000000000     
              (0.28010150676504436,0.0000000000000000)
   1.5707963267948966        0.0000000000000000     
       (0.61227000094277173,-1.39997513175668374E-016)
   3.1415926535897931        0.0000000000000000     
         (1.8908406980520347,5.79504214263054406E-017)
   1.0000000000000000                1           4
               (0.0000000000000000,0.0000000000000000)
  -1.5707963267948966        0.0000000000000000     
       (0.60574950421397844,-2.57072717237314540E-017)
   0.0000000000000000        0.0000000000000000     
              (0.35146896319273652,0.0000000000000000)
   1.5707963267948966        0.0000000000000000     
        (0.60574950421397844,2.57072717237314540E-017)
   3.1415926535897931        0.0000000000000000     
         (1.8334986250176357,5.96077590150527583E-017)
   1.0000000000000000                1           4
               (0.0000000000000000,0.0000000000000000)
  -1.5707963267948966        0.0000000000000000     
        (0.65047093939193057,7.97484808149578333E-017)
   0.0000000000000000        0.0000000000000000     
              (0.36467568489374702,0.0000000000000000)
   1.5707963267948966        0.0000000000000000     
       (0.65047093939193057,-7.97484808149578333E-017)
   3.1415926535897931        0.0000000000000000     
         (1.7279174553174896,4.84746591674000002E-017)
   1.0000000000000000                1           4
               (0.0000000000000000,0.0000000000000000)
  -1.5707963267948966        0.0000000000000000     
        (0.61031315646886597,8.48305246228150640E-017)
   0.0000000000000000        0.0000000000000000     
              (0.24552743618821493,0.0000000000000000)
   1.5707963267948966        0.0000000000000000     
       (0.61031315646886597,-8.48305246228150640E-017)
   3.1415926535897931        0.0000000000000000     
         (1.9327422858359742,5.86387467831144739E-017)
   1.0000000000000000                1           4
               (0.0000000000000000,0.0000000000000000)
  -1.5707963267948966        0.0000000000000000     
        (0.66841804665437865,2.19475506880699793E-017)
   0.0000000000000000        0.0000000000000000     
              (0.40799932818638418,0.0000000000000000)
   1.5707963267948966        0.0000000000000000     
       (0.66841804665437865,-2.19475506880699793E-017)
   3.1415926535897931        0.0000000000000000     
         (1.6456981721288904,4.38951013761399586E-017)
   1.0000000000000000                1           4
               (0.0000000000000000,0.0000000000000000)
  -1.5707963267948966        0.0000000000000000     
        (0.58928517817816650,8.73185623155044723E-017)
   0.0000000000000000        0.0000000000000000     
              (0.28113157554960971,0.0000000000000000)
   1.5707963267948966        0.0000000000000000     
       (0.58928517817816650,-8.73185623155044723E-017)
   3.1415926535897931        0.0000000000000000     
         (1.9363476680513461,6.36148221684932906E-017)
   1.0000000000000000                1           4
               (0.0000000000000000,0.0000000000000000)
  -1.5707963267948966        0.0000000000000000     
        (0.64489138574306570,2.53054640728929576E-017)
   0.0000000000000000        0.0000000000000000     
              (0.30913820905913914,0.0000000000000000)
   1.5707963267948966        0.0000000000000000     
       (0.64489138574306570,-2.53054640728929576E-017)
   3.1415926535897931        0.0000000000000000     
         (1.8071837438631941,5.06109281457859152E-017)
   1.0000000000000000                1           4
               (0.0000000000000000,0.0000000000000000)
  -1.5707963267948966        0.0000000000000000     
       (0.65864653391323036,-3.21204678304650936E-017)
   0.0000000000000000        0.0000000000000000     
              (0.30720708452494372,0.0000000000000000)
   1.5707963267948966        0.0000000000000000     
        (0.65864653391323036,3.21204678304650936E-017)
   3.1415926535897931        0.0000000000000000     
         (1.7740836818078369,4.67813668015854668E-017)
   1.0000000000000000                1           4
               (0.0000000000000000,0.0000000000000000)
  -1.5707963267948966        0.0000000000000000     
       (0.65931974019416395,-3.14766074263460506E-017)
   0.0000000000000000        0.0000000000000000     
              (0.23414504509411824,0.0000000000000000)
   1.5707963267948966        0.0000000000000000     
        (0.65931974019416395,3.14766074263460506E-017)
   3.1415926535897931        0.0000000000000000     
         (1.8695222105399558,4.80690876098235591E-017)
   1.0000000000000000                1           4
               (0.0000000000000000,0.0000000000000000)
  -1.5707963267948966        0.0000000000000000     
       (0.59276833950351548,-7.96944450493029759E-017)
   0.0000000000000000        0.0000000000000000     
              (0.22243221243342931,0.0000000000000000)
   1.5707963267948966        0.0000000000000000     
        (0.59276833950351548,7.96944450493029759E-017)
   3.1415926535897931        0.0000000000000000     
         (1.9863499422495061,6.26557148264253686E-017)
   1.0000000000000000                1           4
               (0.0000000000000000,0.0000000000000000)
  -1.5707963267948966        0.0000000000000000     
       (0.56202097413262309,-2.04837111122731191E-017)
   0.0000000000000000        0.0000000000000000     
              (0.20343675499600317,0.0000000000000000)
   1.5707963267948966        0.0000000000000000     
        (0.56202097413262309,2.04837111122731191E-017)
   3.1415926535897931        0.0000000000000000     
         (2.0646882102949577,7.00548802379694159E-017)
   1.0000000000000000                1           4
               (0.0000000000000000,0.0000000000000000)
  -1.5707963267948966        0.0000000000000000     
        (0.67187129252847100,7.67603521001365510E-017)
   0.0000000000000000        0.0000000000000000     
              (0.38388578461766742,0.0000000000000000)
   1.5707963267948966        0.0000000000000000     
       (0.67187129252847100,-7.67603521001365510E-017)
   3.1415926535897931        0.0000000000000000     
         (1.6539083713468454,4.24984017377574417E-017)
   1.0000000000000000                1           4
               (0.0000000000000000,0.0000000000000000)
  -1.5707963267948966        0.0000000000000000     
        (0.60131408127462715,3.05562072918016261E-017)
   0.0000000000000000        0.0000000000000000     
              (0.31666151403018006,0.0000000000000000)
   1.5707963267948966        0.0000000000000000     
       (0.60131408127462715,-3.05562072918016261E-017)
   3.1415926535897931        0.0000000000000000     
         (1.8840081185356061,6.11124145836032521E-017)
   1.0000000000000000                1           4
               (0.0000000000000000,0.0000000000000000)
  -1.5707963267948966        0.0000000000000000     
       (0.64313856892193899,-8.59054968455664872E-017)
   0.0000000000000000        0.0000000000000000     
              (0.31339056206300664,0.0000000000000000)
   1.5707963267948966        0.0000000000000000     
        (0.64313856892193899,8.59054968455664872E-017)
   3.1415926535897931        0.0000000000000000     
         (1.7932637044170288,5.02336112338983460E-017)
   1.0000000000000000                1           4
               (0.0000000000000000,0.0000000000000000)
  -1.5707963267948966        0.0000000000000000     
        (0.64689303578025070,8.02002386342075406E-017)
   0.0000000000000000        0.0000000000000000     
              (0.29695327007122124,0.0000000000000000)
   1.5707963267948966        0.0000000000000000     
       (0.64689303578025070,-8.02002386342075406E-017)
   3.1415926535897931        0.0000000000000000     
         (1.8032395930683451,4.93781748058994272E-017)
   1.0000000000000000                1           4
               (0.0000000000000000,0.0000000000000000)
  -1.5707963267948966        0.0000000000000000     
        (0.67747857942012224,7.74734894529391789E-017)
   0.0000000000000000        0.0000000000000000     
              (0.30859876929630797,0.0000000000000000)
   1.5707963267948966        0.0000000000000000     
       (0.67747857942012224,-7.74734894529391789E-017)
   3.1415926535897931        0.0000000000000000     
         (1.7637027940521552,4.39246764433627037E-017)
   1.0000000000000000                1           4
               (0.0000000000000000,0.0000000000000000)
  -1.5707963267948966        0.0000000000000000     
        (0.68979080088587830,1.95806149928248348E-017)
   0.0000000000000000        0.0000000000000000     
              (0.35567953519283713,0.0000000000000000)
   1.5707963267948966        0.0000000000000000     
       (0.68979080088587830,-1.95806149928248348E-017)
   3.1415926535897931        0.0000000000000000     
         (1.6634534868400959,3.91612299856496695E-017)
   1.0000000000000000                1           4
               (0.0000000000000000,0.0000000000000000)
  -1.5707963267948966        0.0000000000000000     
        (0.63232630381028909,2.64314072637420673E-017)
   0.0000000000000000        0.0000000000000000     
              (0.36575966555179457,0.0000000000000000)
   1.5707963267948966        0.0000000000000000     
       (0.63232630381028909,-2.64314072637420673E-017)
   3.1415926535897931        0.0000000000000000     
         (1.7622082190007005,5.28628145274841345E-017)
   1.0000000000000000                1           4
               (0.0000000000000000,0.0000000000000000)
  -1.5707963267948966        0.0000000000000000     
       (0.63640073496654215,-8.46653600392428722E-017)
   0.0000000000000000        0.0000000000000000     
              (0.41125033436490666,0.0000000000000000)
   1.5707963267948966        0.0000000000000000     
        (0.63640073496654215,8.46653600392428722E-017)
   3.1415926535897931        0.0000000000000000     
         (1.7224342062338920,5.27138848465455882E-017)
   1.0000000000000000                1           4
               (0.0000000000000000,0.0000000000000000)
  -1.5707963267948966        0.0000000000000000     
       (0.58042273172972281,-2.23638032696141235E-017)
   0.0000000000000000        0.0000000000000000     
              (0.20082181290998041,0.0000000000000000)
   1.5707963267948966        0.0000000000000000     
        (0.58042273172972281,2.23638032696141235E-017)
   3.1415926535897931        0.0000000000000000     
         (2.0426981975199774,6.62946959232874194E-017)
   1.0000000000000000                1           4
               (0.0000000000000000,0.0000000000000000)
  -1.5707963267948966        0.0000000000000000     
        (0.62798897816345434,8.28552040457014955E-017)
   0.0000000000000000        0.0000000000000000     
              (0.29416757886119460,0.0000000000000000)
   1.5707963267948966        0.0000000000000000     
       (0.62798897816345434,-8.28552040457014955E-017)
   3.1415926535897931        0.0000000000000000     
         (1.8549349202639041,5.46881056288873309E-017)
   1.0000000000000000                1           4
               (0.0000000000000000,0.0000000000000000)
  -1.5707963267948966        0.0000000000000000     
        (0.63553040791812332,1.37380907101858953E-016)
   0.0000000000000000        0.0000000000000000     
              (0.24465761674963496,0.0000000000000000)
   1.5707963267948966        0.0000000000000000     
       (0.63553040791812332,-1.37380907101858953E-016)
   3.1415926535897931        0.0000000000000000     
         (1.8873405618493346,5.27172092786866039E-017)
   1.0000000000000000                1           4
               (0.0000000000000000,0.0000000000000000)
  -1.5707963267948966        0.0000000000000000     
        (0.66453011803258111,2.29046401040279869E-017)
   0.0000000000000000        0.0000000000000000     
              (0.33677940546843699,0.0000000000000000)
   1.5707963267948966        0.0000000000000000     
       (0.66453011803258111,-2.29046401040279869E-017)
   3.1415926535897931        0.0000000000000000     
         (1.7404031502720829,4.58092802080559738E-017)
   1.0000000000000000                1           4
               (0.0000000000000000,0.0000000000000000)
  -1.5707963267948966        0.0000000000000000     
        (0.68801397729087943,1.86006083748982374E-016)
   0.0000000000000000        0.0000000000000000     
              (0.45750661385716584,0.0000000000000000)
   1.5707963267948966        0.0000000000000000     
       (0.68801397729087943,-1.86006083748982374E-016)
   3.1415926535897931        0.0000000000000000     
         (1.5545457052602778,3.89452601104177605E-017)
   1.0000000000000000                1           4
               (0.0000000000000000,0.0000000000000000)
  -1.5707963267948966        0.0000000000000000     
        (0.68215069227779090,2.05200305775253886E-017)
   0.0000000000000000        0.0000000000000000     
              (0.29799074003209514,0.0000000000000000)
   1.5707963267948966        0.0000000000000000     
       (0.68215069227779090,-2.05200305775253886E-017)
   3.1415926535897931        0.0000000000000000     
         (1.7365457063163965,4.10400611550507772E-017)
   1.0000000000000000                1           4
               (0.0000000000000000,0.0000000000000000)
  -1.5707963267948966        0.0000000000000000     
        (0.64906112120437431,7.97554173308793153E-017)
   0.0000000000000000        0.0000000000000000     
              (0.38352242577476225,0.0000000000000000)
   1.5707963267948966        0.0000000000000000     
       (0.64906112120437431,-7.97554173308793153E-017)
   3.1415926535897931        0.0000000000000000     
         (1.7064776418649441,4.84885321992429766E-017)
   1.0000000000000000                1           4
               (0.0000000000000000,0.0000000000000000)
  -1.5707963267948966        0.0000000000000000     
        (0.59501466935007175,3.12136989335975265E-017)
   0.0000000000000000        0.0000000000000000     
              (0.26410188237904808,0.0000000000000000)
   1.5707963267948966        0.0000000000000000     
       (0.59501466935007175,-3.12136989335975265E-017)
   3.1415926535897931        0.0000000000000000     
         (1.9454442330874158,6.24273978671950530E-017)
   1.0000000000000000                1           4
               (0.0000000000000000,0.0000000000000000)
  -1.5707963267948966        0.0000000000000000     
       (0.61691799332294961,-8.23321839342179294E-017)
   0.0000000000000000        0.0000000000000000     
              (0.27940696481249949,0.0000000000000000)
   1.5707963267948966        0.0000000000000000     
        (0.61691799332294961,8.23321839342179294E-017)
   3.1415926535897931        0.0000000000000000     
         (1.8915194073477504,5.73802370565954617E-017)
   1.0000000000000000                1           4
               (0.0000000000000000,0.0000000000000000)
  -1.5707963267948966        0.0000000000000000     
        (0.63995227442589897,2.63418579232291188E-017)
   0.0000000000000000        0.0000000000000000     
              (0.21038461994616448,0.0000000000000000)
   1.5707963267948966        0.0000000000000000     
       (0.63995227442589897,-2.63418579232291188E-017)
   3.1415926535897931        0.0000000000000000     
         (1.9299103024098747,5.26837158464582375E-017)
   1.0000000000000000                1           4
               (0.0000000000000000,0.0000000000000000)
  -1.5707963267948966        0.0000000000000000     
        (0.64356021338614600,1.36249119783295872E-016)
   0.0000000000000000        0.0000000000000000     
              (0.24941355660520648,0.0000000000000000)
   1.5707963267948966        0.0000000000000000     
       (0.64356021338614600,-1.36249119783295872E-016)
   3.1415926535897931        0.0000000000000000     
         (1.8616772537370783,5.04536346415604118E-017)
   1.0000000000000000                1           4
               (0.0000000000000000,0.0000000000000000)
  -1.5707963267948966        0.0000000000000000     
        (0.63475472046916659,2.63828859217425784E-017)
   0.0000000000000000        0.0000000000000000     
              (0.35785204423469408,0.0000000000000000)
   1.5707963267948966        0.0000000000000000     
       (0.63475472046916659,-2.63828859217425784E-017)
   3.1415926535897931        0.0000000000000000     
         (1.7733878463356922,5.27657718434851568E-017)
   1.0000000000000000                1           4
               (0.0000000000000000,0.0000000000000000)
  -1.5707963267948966        0.0000000000000000     
        (0.59982474969615873,1.41904293164903409E-016)
   0.0000000000000000        0.0000000000000000     
              (0.30510873429376650,0.0000000000000000)
   1.5707963267948966        0.0000000000000000     
       (0.59982474969615873,-1.41904293164903409E-016)
   3.1415926535897931        0.0000000000000000     
         (1.9032231288262480,6.17639814047755226E-017)
   1.0000000000000000                1           4
               (0.0000000000000000,0.0000000000000000)
  -1.5707963267948966        0.0000000000000000     
        (0.55107768469108531,1.47526959092150997E-016)
   0.0000000000000000        0.0000000000000000     
              (0.27480888944468962,0.0000000000000000)
   1.5707963267948966        0.0000000000000000     
       (0.55107768469108531,-1.47526959092150997E-016)
   3.1415926535897931        0.0000000000000000     
         (2.0196790497870509,7.30093132592706613E-017)
   1.0000000000000000                1           4
               (0.0000000000000000,0.0000000000000000)
  -1.5707963267948966        0.0000000000000000     
        (0.65590965250906175,2.44020520802777360E-017)
   0.0000000000000000        0.0000000000000000     
              (0.32875156090510688,0.0000000000000000)
   1.5707963267948966        0.0000000000000000     
       (0.65590965250906175,-2.44020520802777360E-017)
   3.1415926535897931        0.0000000000000000     
         (1.7800992505773261,4.88041041605554720E-017)
   1.0000000000000000                1           4
               (0.0000000000000000,0.0000000000000000)
  -1.5707963267948966        0.0000000000000000     
       (0.58562517486453480,-2.30566723287051225E-017)
   0.0000000000000000        0.0000000000000000     
              (0.22458763490135353,0.0000000000000000)
   1.5707963267948966        0.0000000000000000     
        (0.58562517486453480,2.30566723287051225E-017)
   3.1415926535897931        0.0000000000000000     
         (2.0067064409093511,6.49089578051054091E-017)
   1.0000000000000000                1           4
               (0.0000000000000000,0.0000000000000000)
  -1.5707963267948966        0.0000000000000000     
       (0.61594198096623975,-2.73979691285475837E-017)
   0.0000000000000000        0.0000000000000000     
              (0.33475144051856859,0.0000000000000000)
   1.5707963267948966        0.0000000000000000     
        (0.61594198096623975,2.73979691285475837E-017)
   3.1415926535897931        0.0000000000000000     
         (1.8153787332125693,5.62263642054204866E-017)
   1.0000000000000000                1           4
               (0.0000000000000000,0.0000000000000000)
  -1.5707963267948966        0.0000000000000000     
        (0.64206923547578254,8.15736350000538383E-017)
   0.0000000000000000        0.0000000000000000     
              (0.25243634096317846,0.0000000000000000)
   1.5707963267948966        0.0000000000000000     
       (0.64206923547578254,-8.15736350000538383E-017)
   3.1415926535897931        0.0000000000000000     
         (1.8829674511223407,5.21249675375920286E-017)
   1.0000000000000000                1           4
               (0.0000000000000000,0.0000000000000000)
  -1.5707963267948966        0.0000000000000000     
       (0.67125124222695920,-3.36488064725847785E-017)
   0.0000000000000000        0.0000000000000000     
              (0.38267150646171166,0.0000000000000000)
   1.5707963267948966        0.0000000000000000     
        (0.67125124222695920,3.36488064725847785E-017)
   3.1415926535897931        0.0000000000000000     
         (1.6739093481441385,4.37246895173461093E-017)
   1.0000000000000000                1           4
               (0.0000000000000000,0.0000000000000000)
  -1.5707963267948966        0.0000000000000000     
        (0.60344069043414050,3.04862751493800838E-017)
   0.0000000000000000        0.0000000000000000     
              (0.25355013225620793,0.0000000000000000)
   1.5707963267948966        0.0000000000000000     
       (0.60344069043414050,-3.04862751493800838E-017)
   3.1415926535897931        0.0000000000000000     
         (1.9490885615158691,6.09725502987601676E-017)
   1.0000000000000000                1           4
               (0.0000000000000000,0.0000000000000000)
  -1.5707963267948966        0.0000000000000000     
        (0.66956533397993390,2.20913529724840070E-017)
   0.0000000000000000        0.0000000000000000     
              (0.34691648569484818,0.0000000000000000)
   1.5707963267948966        0.0000000000000000     
       (0.66956533397993390,-2.20913529724840070E-017)
   3.1415926535897931        0.0000000000000000     
         (1.7137725283241401,4.41827059449680140E-017)
   1.0000000000000000                1           4
               (0.0000000000000000,0.0000000000000000)
  -1.5707963267948966        0.0000000000000000     
        (0.60536858007498950,3.03912423320307538E-017)
   0.0000000000000000        0.0000000000000000     
              (0.15610094001770083,0.0000000000000000)
   1.5707963267948966        0.0000000000000000     
       (0.60536858007498950,-3.03912423320307538E-017)
   3.1415926535897931        0.0000000000000000     
         (2.0472895256629937,6.07824846640615077E-017)
   1.0000000000000000                1           4
               (0.0000000000000000,0.0000000000000000)
  -1.5707963267948966        0.0000000000000000     
        (0.59594737794028518,3.14173830201164102E-017)
   0.0000000000000000        0.0000000000000000     
              (0.23110481825644091,0.0000000000000000)
   1.5707963267948966        0.0000000000000000     
       (0.59594737794028518,-3.14173830201164102E-017)
   3.1415926535897931        0.0000000000000000     
         (1.9869595415292038,6.28347660402328204E-017)
   1.0000000000000000                1           4
               (0.0000000000000000,0.0000000000000000)
  -1.5707963267948966        0.0000000000000000     
        (0.61893553820074243,8.38638474851216824E-017)
   0.0000000000000000        0.0000000000000000     
              (0.28049662178257267,0.0000000000000000)
   1.5707963267948966        0.0000000000000000     
       (0.61893553820074243,-8.38638474851216824E-017)
   3.1415926535897931        0.0000000000000000     
         (1.8834437922795044,5.67053925077276861E-017)
   1.0000000000000000                1           4
               (0.0000000000000000,0.0000000000000000)
  -1.5707963267948966        0.0000000000000000     
       (0.70200878596854011,-3.80236313237018313E-017)
   0.0000000000000000        0.0000000000000000     
              (0.46007084373602525,0.0000000000000000)
   1.5707963267948966        0.0000000000000000     
        (0.70200878596854011,3.80236313237018313E-017)
   3.1415926535897931        0.0000000000000000     
         (1.5151324748091870,3.49750398151120038E-017)
   1.0000000000000000                1           4
               (0.0000000000000000,0.0000000000000000)
  -1.5707963267948966        0.0000000000000000     
        (0.61961336590031624,2.81964064192246858E-017)
   0.0000000000000000        0.0000000000000000     
              (0.31501296035077037,0.0000000000000000)
   1.5707963267948966        0.0000000000000000     
       (0.61961336590031624,-2.81964064192246858E-017)
   3.1415926535897931        0.0000000000000000     
         (1.8451782957145273,5.63928128384493716E-017)
   1.0000000000000000                1           4
               (0.0000000000000000,0.0000000000000000)
  -1.5707963267948966        0.0000000000000000     
       (0.65328781968716099,-3.13112290186620115E-017)
   0.0000000000000000        0.0000000000000000     
              (0.37198689943167068,0.0000000000000000)
   1.5707963267948966        0.0000000000000000     
        (0.65328781968716099,3.13112290186620115E-017)
   3.1415926535897931        0.0000000000000000     
         (1.7250181839078742,4.83998444251916372E-017)
   1.0000000000000000                1           4
               (0.0000000000000000,0.0000000000000000)
  -1.5707963267948966        0.0000000000000000     
       (0.57196995767213732,-2.12498266304919220E-017)
   0.0000000000000000        0.0000000000000000     
              (0.21129690518764921,0.0000000000000000)
   1.5707963267948966        0.0000000000000000     
        (0.57196995767213732,2.12498266304919220E-017)
   3.1415926535897931        0.0000000000000000     
         (2.0517027953818832,6.85226492015318100E-017)
   1.0000000000000000                1           4
               (0.0000000000000000,0.0000000000000000)
  -1.5707963267948966        0.0000000000000000     
       (0.62806794088036866,-2.83129495300167116E-017)
   0.0000000000000000        0.0000000000000000     
              (0.30694110166921651,0.0000000000000000)
   1.5707963267948966        0.0000000000000000     
        (0.62806794088036866,2.83129495300167116E-017)
   3.1415926535897931        0.0000000000000000     
         (1.8375554640104295,5.43964034024822432E-017)
   1.0000000000000000                1           4
               (0.0000000000000000,0.0000000000000000)
  -1.5707963267948966        0.0000000000000000     
        (0.61265343902870950,8.40276878611338456E-017)
   0.0000000000000000        0.0000000000000000     
              (0.32003367773192370,0.0000000000000000)
   1.5707963267948966        0.0000000000000000     
       (0.61265343902870950,-8.40276878611338456E-017)
   3.1415926535897931        0.0000000000000000     
         (1.8366939707788323,5.70330732597520372E-017)
   1.0000000000000000                1           4
               (0.0000000000000000,0.0000000000000000)
  -1.5707963267948966        0.0000000000000000     
        (0.68116744022884990,7.58312341074544996E-017)
   0.0000000000000000        0.0000000000000000     
              (0.44563864011343873,0.0000000000000000)
   1.5707963267948966        0.0000000000000000     
       (0.68116744022884990,-7.58312341074544996E-017)
   3.1415926535897931        0.0000000000000000     
         (1.5804005146001299,4.06401657523933453E-017)
   1.0000000000000000                1           4
               (0.0000000000000000,0.0000000000000000)
  -1.5707963267948966        0.0000000000000000     
        (0.62285453401551494,1.38706067071561022E-016)
   0.0000000000000000        0.0000000000000000     
              (0.28817471969500585,0.0000000000000000)
   1.5707963267948966        0.0000000000000000     
       (0.62285453401551494,-1.38706067071561022E-016)
   3.1415926535897931        0.0000000000000000     
         (1.8617547203917024,5.53675292180907418E-017)
   1.0000000000000000                1           4
               (0.0000000000000000,0.0000000000000000)
  -1.5707963267948966        0.0000000000000000     
        (0.65044611355161208,2.45835966040359238E-017)
   0.0000000000000000        0.0000000000000000     
              (0.42364288352773649,0.0000000000000000)
   1.5707963267948966        0.0000000000000000     
       (0.65044611355161208,-2.45835966040359238E-017)
   3.1415926535897931        0.0000000000000000     
         (1.6802105441813107,4.91671932080718476E-017)
   1.0000000000000000                1           4
               (0.0000000000000000,0.0000000000000000)
  -1.5707963267948966        0.0000000000000000     
        (0.57669622911884666,3.28473082878078971E-017)
   0.0000000000000000        0.0000000000000000     
              (0.30389633660258991,0.0000000000000000)
   1.5707963267948966        0.0000000000000000     
       (0.57669622911884666,-3.28473082878078971E-017)
   3.1415926535897931        0.0000000000000000     
         (1.9223706291478810,6.56946165756157943E-017)
   1.0000000000000000                1           4
               (0.0000000000000000,0.0000000000000000)
  -1.5707963267948966        0.0000000000000000     
       (0.60976794680400703,-2.63970581052178962E-017)
   0.0000000000000000        0.0000000000000000     
              (0.31093697397351550,0.0000000000000000)
   1.5707963267948966        0.0000000000000000     
        (0.60976794680400703,2.63970581052178962E-017)
   3.1415926535897931        0.0000000000000000     
         (1.8595373664196546,5.82281862520798739E-017)
   1.0000000000000000                1           4
               (0.0000000000000000,0.0000000000000000)
  -1.5707963267948966        0.0000000000000000     
       (0.64516726178070305,-8.59179670734701759E-017)
   0.0000000000000000        0.0000000000000000     
              (0.37071998989336391,0.0000000000000000)
   1.5707963267948966        0.0000000000000000     
        (0.64516726178070305,8.59179670734701759E-017)
   3.1415926535897931        0.0000000000000000     
         (1.7395843537508315,5.02086707780909625E-017)
   1.0000000000000000                1           4
               (0.0000000000000000,0.0000000000000000)
  -1.5707963267948966        0.0000000000000000     
        (0.64473354544404371,8.06910061427819227E-017)
   0.0000000000000000        0.0000000000000000     
              (0.31816790487020674,0.0000000000000000)
   1.5707963267948966        0.0000000000000000     
       (0.64473354544404371,-8.06910061427819227E-017)
   3.1415926535897931        0.0000000000000000     
         (1.7937356608955450,5.03597098230481913E-017)
   1.0000000000000000                1           4
               (0.0000000000000000,0.0000000000000000)
  -1.5707963267948966        0.0000000000000000     
        (0.59410384945095029,3.13393186912431505E-017)
   0.0000000000000000        0.0000000000000000     
              (0.25376723942985241,0.0000000000000000)
   1.5707963267948966        0.0000000000000000     
       (0.59410384945095029,-3.13393186912431505E-017)
   3.1415926535897931        0.0000000000000000     
         (1.9580602888975709,6.26786373824863010E-017)
   1.0000000000000000                1           4
               (0.0000000000000000,0.0000000000000000)
  -1.5707963267948966        0.0000000000000000     
        (0.63608251644519986,2.58867677443411325E-017)
   0.0000000000000000        0.0000000000000000     
              (0.33635951512778961,0.0000000000000000)
   1.5707963267948966        0.0000000000000000     
       (0.63608251644519986,-2.58867677443411325E-017)
   3.1415926535897931        0.0000000000000000     
         (1.7813315179894349,5.17735354886822649E-017)
   1.0000000000000000                1           4
               (0.0000000000000000,0.0000000000000000)
  -1.5707963267948966        0.0000000000000000     
        (0.62363976312822333,2.73215743692060103E-017)
   0.0000000000000000        0.0000000000000000     
              (0.30338311049411670,0.0000000000000000)
   1.5707963267948966        0.0000000000000000     
       (0.62363976312822333,-2.73215743692060103E-017)
   3.1415926535897931        0.0000000000000000     
         (1.8362867568215926,5.46431487384120206E-017)
   1.0000000000000000                1           4
               (0.0000000000000000,0.0000000000000000)
  -1.5707963267948966        0.0000000000000000     
       (0.62134001135409278,-2.80409161610345999E-017)
   0.0000000000000000        0.0000000000000000     
              (0.36348569520087176,0.0000000000000000)
   1.5707963267948966        0.0000000000000000     
        (0.62134001135409278,2.80409161610345999E-017)
   3.1415926535897931        0.0000000000000000     
         (1.7764402955480278,5.49404701404464542E-017)
   1.0000000000000000                1           4
               (0.0000000000000000,0.0000000000000000)
  -1.5707963267948966        0.0000000000000000     
        (0.67829482659622886,2.10459916863826599E-017)
   0.0000000000000000        0.0000000000000000     
              (0.34684746356370411,0.0000000000000000)
   1.5707963267948966        0.0000000000000000     
       (0.67829482659622886,-2.10459916863826599E-017)
   3.1415926535897931        0.0000000000000000     
         (1.6971564449401040,4.20919833727653197E-017)
   1.0000000000000000                1           4
               (0.0000000000000000,0.0000000000000000)
  -1.5707963267948966        0.0000000000000000     
        (0.63379095732429946,8.19305049687045960E-017)
   0.0000000000000000        0.0000000000000000     
              (0.34209470186162338,0.0000000000000000)
   1.5707963267948966        0.0000000000000000     
       (0.63379095732429946,-8.19305049687045960E-017)
   3.1415926535897931        0.0000000000000000     
         (1.7884087916729352,5.28387074748935442E-017)
   1.0000000000000000                1           4
               (0.0000000000000000,0.0000000000000000)
  -1.5707963267948966        0.0000000000000000     
        (0.64312057922220200,2.55934141034373684E-017)
   0.0000000000000000        0.0000000000000000     
              (0.22221687046970484,0.0000000000000000)
   1.5707963267948966        0.0000000000000000     
       (0.64312057922220200,-2.55934141034373684E-017)
   3.1415926535897931        0.0000000000000000     
         (1.8999686311520627,5.11868282068747368E-017)
   1.0000000000000000                1           4
               (0.0000000000000000,0.0000000000000000)
  -1.5707963267948966        0.0000000000000000     
        (0.67982739999324671,7.61282517491869267E-017)
   0.0000000000000000        0.0000000000000000     
              (0.38082218759269498,0.0000000000000000)
   1.5707963267948966        0.0000000000000000     
       (0.67982739999324671,-7.61282517491869267E-017)
   3.1415926535897931        0.0000000000000000     
         (1.6522382190481752,4.12342010358581994E-017)
   1.0000000000000000                1           4
               (0.0000000000000000,0.0000000000000000)
  -1.5707963267948966        0.0000000000000000     
       (0.65699064907117344,-3.16524787119665668E-017)
   0.0000000000000000        0.0000000000000000     
              (0.30820257520205951,0.0000000000000000)
   1.5707963267948966        0.0000000000000000     
        (0.65699064907117344,3.16524787119665668E-017)
   3.1415926535897931        0.0000000000000000     
         (1.7850621060643881,4.77173450385825266E-017)
   1.0000000000000000                1           4
               (0.0000000000000000,0.0000000000000000)
  -1.5707963267948966        0.0000000000000000     
        (0.57608324224409724,3.39848846343739973E-017)
   0.0000000000000000        0.0000000000000000     
              (0.19128709331323479,0.0000000000000000)
   1.5707963267948966        0.0000000000000000     
       (0.57608324224409724,-3.39848846343739973E-017)
   3.1415926535897931        0.0000000000000000     
         (2.0709099618843458,6.79697692687479945E-017)
   1.0000000000000000                1           4
               (0.0000000000000000,0.0000000000000000)
  -1.5707963267948966        0.0000000000000000     
        (0.66263050756870778,2.29325423261965710E-017)
   0.0000000000000000        0.0000000000000000     
              (0.33787978324219448,0.0000000000000000)
   1.5707963267948966        0.0000000000000000     
       (0.66263050756870778,-2.29325423261965710E-017)
   3.1415926535897931        0.0000000000000000     
         (1.7364149073080211,4.58650846523931420E-017)
   1.0000000000000000                1           4
               (0.0000000000000000,0.0000000000000000)
  -1.5707963267948966        0.0000000000000000     
        (0.65733949502937805,2.38175243856514188E-017)
   0.0000000000000000        0.0000000000000000     
              (0.31144182881572302,0.0000000000000000)
   1.5707963267948966        0.0000000000000000     
       (0.65733949502937805,-2.38175243856514188E-017)
   3.1415926535897931        0.0000000000000000     
         (1.7811765443283150,4.76350487713028375E-017)
   1.0000000000000000                1           4
               (0.0000000000000000,0.0000000000000000)
  -1.5707963267948966        0.0000000000000000     
        (0.61404260488029316,8.40989487871027097E-017)
   0.0000000000000000        0.0000000000000000     
              (0.33939752037524151,0.0000000000000000)
   1.5707963267948966        0.0000000000000000     
       (0.61404260488029316,-8.40989487871027097E-017)
   3.1415926535897931        0.0000000000000000     
         (1.8224360183157378,5.71755951116897654E-017)
   1.0000000000000000                1           4
               (0.0000000000000000,0.0000000000000000)
  -1.5707963267948966        0.0000000000000000     
        (0.66829325499598635,1.33367060906071458E-016)
   0.0000000000000000        0.0000000000000000     
              (0.29859167609762144,0.0000000000000000)
   1.5707963267948966        0.0000000000000000     
       (0.66829325499598635,-1.33367060906071458E-016)
   3.1415926535897931        0.0000000000000000     
         (1.7678300307564374,4.46895168871116151E-017)
   1.0000000000000000                1           4
               (0.0000000000000000,0.0000000000000000)
  -1.5707963267948966        0.0000000000000000     
        (0.58883849745462380,8.75014044571585917E-017)
   0.0000000000000000        0.0000000000000000     
              (0.30113649951148186,0.0000000000000000)
   1.5707963267948966        0.0000000000000000     
       (0.58883849745462380,-8.75014044571585917E-017)
   3.1415926535897931        0.0000000000000000     
         (1.9214214602007971,6.39805064518015294E-017)
   1.0000000000000000                1           4
               (0.0000000000000000,0.0000000000000000)
  -1.5707963267948966        0.0000000000000000     
        (0.61911759676409339,2.85484450284300349E-017)
   0.0000000000000000        0.0000000000000000     
              (0.32560851166414356,0.0000000000000000)
   1.5707963267948966        0.0000000000000000     
       (0.61911759676409339,-2.85484450284300349E-017)
   3.1415926535897931        0.0000000000000000     
         (1.8450896597057058,5.70968900568600698E-017)
   1.0000000000000000                1           4
               (0.0000000000000000,0.0000000000000000)
  -1.5707963267948966        0.0000000000000000     
        (0.59317057268482454,3.12783192132468699E-017)
   0.0000000000000000        0.0000000000000000     
              (0.27513948944964894,0.0000000000000000)
   1.5707963267948966        0.0000000000000000     
       (0.59317057268482454,-3.12783192132468699E-017)
   3.1415926535897931        0.0000000000000000     
         (1.9328290911943684,6.25566384264937399E-017)
   1.0000000000000000                1           4
               (0.0000000000000000,0.0000000000000000)
  -1.5707963267948966        0.0000000000000000     
       (0.63589337711137217,-2.92166462048667007E-017)
   0.0000000000000000        0.0000000000000000     
              (0.32136751837392941,0.0000000000000000)
   1.5707963267948966        0.0000000000000000     
        (0.63589337711137217,2.92166462048667007E-017)
   3.1415926535897931        0.0000000000000000     
         (1.8092629463683993,5.25890100527822588E-017)
   1.0000000000000000                1           4
               (0.0000000000000000,0.0000000000000000)
  -1.5707963267948966        0.0000000000000000     
        (0.56844413410721806,3.47535746073449971E-017)
   0.0000000000000000        0.0000000000000000     
              (0.22403428316259388,0.0000000000000000)
   1.5707963267948966        0.0000000000000000     
       (0.56844413410721806,-3.47535746073449971E-017)
   3.1415926535897931        0.0000000000000000     
         (2.0479918756352098,6.95071492146899942E-017)
   1.0000000000000000                1           4
               (0.0000000000000000,0.0000000000000000)
  -1.5707963267948966        0.0000000000000000     
        (0.63021799951259094,2.71730290399234322E-017)
   0.0000000000000000        0.0000000000000000     
              (0.22545896030813359,0.0000000000000000)
   1.5707963267948966        0.0000000000000000     
       (0.63021799951259094,-2.71730290399234322E-017)
   3.1415926535897931        0.0000000000000000     
         (1.9225155211216847,5.43460580798468643E-017)
   1.0000000000000000                1           4
               (0.0000000000000000,0.0000000000000000)
  -1.5707963267948966        0.0000000000000000     
       (0.65581386900425009,-3.17348044682163012E-017)
   0.0000000000000000        0.0000000000000000     
              (0.29709095377981143,0.0000000000000000)
   1.5707963267948966        0.0000000000000000     
        (0.65581386900425009,3.17348044682163012E-017)
   3.1415926535897931        0.0000000000000000     
         (1.7911312040922951,4.75526935260830516E-017)
   1.0000000000000000                1           4
               (0.0000000000000000,0.0000000000000000)
  -1.5707963267948966        0.0000000000000000     
        (0.61545115199471345,2.85245250461971656E-017)
   0.0000000000000000        0.0000000000000000     
              (0.36023186601080665,0.0000000000000000)
   1.5707963267948966        0.0000000000000000     
       (0.61545115199471345,-2.85245250461971656E-017)
   3.1415926535897931        0.0000000000000000     
         (1.8023521299099445,5.70490500923943312E-017)
   1.0000000000000000                1           4
               (0.0000000000000000,0.0000000000000000)
  -1.5707963267948966        0.0000000000000000     
        (0.68129919210383350,7.57417088871990580E-017)
   0.0000000000000000        0.0000000000000000     
              (0.48105521756405645,0.0000000000000000)
   1.5707963267948966        0.0000000000000000     
       (0.68129919210383350,-7.57417088871990580E-017)
   3.1415926535897931        0.0000000000000000     
         (1.5423233252992010,4.04611153118824497E-017)
   1.0000000000000000                1           4
               (0.0000000000000000,0.0000000000000000)
  -1.5707963267948966        0.0000000000000000     
        (0.67357091603329122,7.67675138046659698E-017)
   0.0000000000000000        0.0000000000000000     
              (0.41177284400983760,0.0000000000000000)
   1.5707963267948966        0.0000000000000000     
       (0.67357091603329122,-7.67675138046659698E-017)
   3.1415926535897931        0.0000000000000000     
         (1.6296544779860096,4.25127251468162794E-017)
   1.0000000000000000                1           4
               (0.0000000000000000,0.0000000000000000)
  -1.5707963267948966        0.0000000000000000     
       (0.64414637190176505,-3.07574910888509287E-017)
   0.0000000000000000        0.0000000000000000     
              (0.47892739870730017,0.0000000000000000)
   1.5707963267948966        0.0000000000000000     
        (0.64414637190176505,3.07574910888509287E-017)
   3.1415926535897931        0.0000000000000000     
         (1.6178812424028284,4.95073202848137966E-017)
   1.0000000000000000                1           4
               (0.0000000000000000,0.0000000000000000)
  -1.5707963267948966        0.0000000000000000     
       (0.62229723826380767,-8.30330998066920996E-017)
   0.0000000000000000        0.0000000000000000     
              (0.27717014218717317,0.0000000000000000)
   1.5707963267948966        0.0000000000000000     
        (0.62229723826380767,8.30330998066920996E-017)
   3.1415926535897931        0.0000000000000000     
         (1.8816210700951341,5.59784053116471089E-017)
   1.0000000000000000                1           4
               (0.0000000000000000,0.0000000000000000)
  -1.5707963267948966        0.0000000000000000     
        (0.67041939484353086,2.17875273781011364E-017)
   0.0000000000000000        0.0000000000000000     
              (0.38972859883849775,0.0000000000000000)
   1.5707963267948966        0.0000000000000000     
       (0.67041939484353086,-2.17875273781011364E-017)
   3.1415926535897931        0.0000000000000000     
         (1.6627448399006977,4.35750547562022727E-017)
   1.0000000000000000                1           4
               (0.0000000000000000,0.0000000000000000)
  -1.5707963267948966        0.0000000000000000     
        (0.62976013323829194,2.66163987669431328E-017)
   0.0000000000000000        0.0000000000000000     
              (0.44812024514051452,0.0000000000000000)
   1.5707963267948966        0.0000000000000000     
       (0.62976013323829194,-2.66163987669431328E-017)
   3.1415926535897931        0.0000000000000000     
         (1.6807575793021541,5.32327975338862655E-017)
   1.0000000000000000                1           4
               (0.0000000000000000,0.0000000000000000)
  -1.5707963267948966        0.0000000000000000     
        (0.58480918706768525,3.27027797802004490E-017)
   0.0000000000000000        0.0000000000000000     
              (0.20630359274701937,0.0000000000000000)
   1.5707963267948966        0.0000000000000000     
       (0.58480918706768525,-3.27027797802004490E-017)
   3.1415926535897931        0.0000000000000000     
         (2.0314686295989337,6.54055595604008980E-017)
   1.0000000000000000                1           4
               (0.0000000000000000,0.0000000000000000)
  -1.5707963267948966        0.0000000000000000     
        (0.67277510363819337,2.12688502305385466E-017)
   0.0000000000000000        0.0000000000000000     
              (0.35680276076374973,0.0000000000000000)
   1.5707963267948966        0.0000000000000000     
       (0.67277510363819337,-2.12688502305385466E-017)
   3.1415926535897931        0.0000000000000000     
         (1.6834408142770159,4.25377004610770932E-017)
   1.0000000000000000                1           4
               (0.0000000000000000,0.0000000000000000)
  -1.5707963267948966        0.0000000000000000     
        (0.62645233771838171,8.29231721205416789E-017)
   0.0000000000000000        0.0000000000000000     
              (0.31332550784562463,0.0000000000000000)
   1.5707963267948966        0.0000000000000000     
       (0.62645233771838171,-8.29231721205416789E-017)
   3.1415926535897931        0.0000000000000000     
         (1.8349237161865108,5.48240417785676976E-017)
   1.0000000000000000                1           4
               (0.0000000000000000,0.0000000000000000)
  -1.5707963267948966        0.0000000000000000     
       (0.64356523509906849,-3.03715118383402901E-017)
   0.0000000000000000        0.0000000000000000     
              (0.37512712096110634,0.0000000000000000)
   1.5707963267948966        0.0000000000000000     
        (0.64356523509906849,3.03715118383402901E-017)
   3.1415926535897931        0.0000000000000000     
         (1.7331262855945417,5.02792787858350861E-017)
   1.0000000000000000                1           4
               (0.0000000000000000,0.0000000000000000)
  -1.5707963267948966        0.0000000000000000     
       (0.60265906926043766,-2.50959464782085606E-017)
   0.0000000000000000        0.0000000000000000     
              (0.27303501460949886,0.0000000000000000)
   1.5707963267948966        0.0000000000000000     
        (0.60265906926043766,2.50959464782085606E-017)
   3.1415926535897931        0.0000000000000000     
         (1.9257191015083626,6.08304095060985453E-017)
   1.0000000000000000                1           4
               (0.0000000000000000,0.0000000000000000)
  -1.5707963267948966        0.0000000000000000     
        (0.63146611774318406,1.37813030132821311E-016)
   0.0000000000000000        0.0000000000000000     
              (0.29802955766470274,0.0000000000000000)
   1.5707963267948966        0.0000000000000000     
       (0.63146611774318406,-1.37813030132821311E-016)
   3.1415926535897931        0.0000000000000000     
         (1.8399542498817372,5.35814553406113016E-017)
   1.0000000000000000                1           4
               (0.0000000000000000,0.0000000000000000)
  -1.5707963267948966        0.0000000000000000     
        (0.64133815065760946,8.09662989412291654E-017)
   0.0000000000000000        0.0000000000000000     
              (0.26411386991751173,0.0000000000000000)
   1.5707963267948966        0.0000000000000000     
       (0.64133815065760946,-8.09662989412291654E-017)
   3.1415926535897931        0.0000000000000000     
         (1.8499906514426772,5.09102954199426707E-017)
   1.0000000000000000                1           4
               (0.0000000000000000,0.0000000000000000)
  -1.5707963267948966        0.0000000000000000     
       (0.60187702532478937,-2.54248170774966044E-017)
   0.0000000000000000        0.0000000000000000     
              (0.25651593337223177,0.0000000000000000)
   1.5707963267948966        0.0000000000000000     
        (0.60187702532478937,2.54248170774966044E-017)
   3.1415926535897931        0.0000000000000000     
         (1.9299323659279293,6.01726683075224576E-017)
   1.0000000000000000                1           4
               (0.0000000000000000,0.0000000000000000)
  -1.5707963267948966        0.0000000000000000     
        (0.64031953474111392,8.08757035060883291E-017)
   0.0000000000000000        0.0000000000000000     
              (0.35168225174619699,0.0000000000000000)
   1.5707963267948966        0.0000000000000000     
       (0.64031953474111392,-8.08757035060883291E-017)
   3.1415926535897931        0.0000000000000000     
         (1.7574259663098166,5.07291045496609858E-017)
   1.0000000000000000                1           4
               (0.0000000000000000,0.0000000000000000)
  -1.5707963267948966        0.0000000000000000     
       (0.59980276192847026,-2.45703111248216877E-017)
   0.0000000000000000        0.0000000000000000     
              (0.25859419497826924,0.0000000000000000)
   1.5707963267948966        0.0000000000000000     
        (0.59980276192847026,2.45703111248216877E-017)
   3.1415926535897931        0.0000000000000000     
         (1.9516158600129825,6.18816802128722910E-017)
   1.0000000000000000                1           4
               (0.0000000000000000,0.0000000000000000)
  -1.5707963267948966        0.0000000000000000     
        (0.64606389244390039,2.48986224432245158E-017)
   0.0000000000000000        0.0000000000000000     
              (0.28919445780222808,0.0000000000000000)
   1.5707963267948966        0.0000000000000000     
       (0.64606389244390039,-2.48986224432245158E-017)
   3.1415926535897931        0.0000000000000000     
         (1.8161840524558559,4.97972448864490316E-017)
   1.0000000000000000                1           4
               (0.0000000000000000,0.0000000000000000)
  -1.5707963267948966        0.0000000000000000     
        (0.54600050082700702,3.70389926923182456E-017)
   0.0000000000000000        0.0000000000000000     
              (0.21559173229040768,0.0000000000000000)
   1.5707963267948966        0.0000000000000000     
       (0.54600050082700702,-3.70389926923182456E-017)
   3.1415926535897931        0.0000000000000000     
         (2.0861945794826133,7.40779853846364912E-017)
   1.0000000000000000                1           4
               (0.0000000000000000,0.0000000000000000)
  -1.5707963267948966        0.0000000000000000     
       (0.62831027784141247,-2.85302435275815283E-017)
   0.0000000000000000        0.0000000000000000     
              (0.34306120210190938,0.0000000000000000)
   1.5707963267948966        0.0000000000000000     
        (0.62831027784141247,2.85302435275815283E-017)
   3.1415926535897931        0.0000000000000000     
         (1.7948226769313367,5.39618154073526160E-017)
   1.0000000000000000                1           4
               (0.0000000000000000,0.0000000000000000)
  -1.5707963267948966        0.0000000000000000     
       (0.62592163134597845,-2.84067565364526578E-017)
   0.0000000000000000        0.0000000000000000     
              (0.31741223464500129,0.0000000000000000)
   1.5707963267948966        0.0000000000000000     
        (0.62592163134597845,2.84067565364526578E-017)
   3.1415926535897931        0.0000000000000000     
         (1.8197277426156395,5.42087893896103507E-017)
   1.0000000000000000                1           4
               (0.0000000000000000,0.0000000000000000)
  -1.5707963267948966        0.0000000000000000     
        (0.65816559204120706,2.36136085267671400E-017)
   0.0000000000000000        0.0000000000000000     
              (0.32438738075201284,0.0000000000000000)
   1.5707963267948966        0.0000000000000000     
       (0.65816559204120706,-2.36136085267671400E-017)
   3.1415926535897931        0.0000000000000000     
         (1.7632227890169796,4.72272170535342799E-017)
   1.0000000000000000                1           4
               (0.0000000000000000,0.0000000000000000)
  -1.5707963267948966        0.0000000000000000     
       (0.58108619766264669,-2.25650442886396198E-017)
   0.0000000000000000        0.0000000000000000     
              (0.32656507898641141,0.0000000000000000)
   1.5707963267948966        0.0000000000000000     
        (0.58108619766264669,2.25650442886396198E-017)
   3.1415926535897931        0.0000000000000000     
         (1.9117088328106211,6.58922138852364145E-017)
   1.0000000000000000                1           4
               (0.0000000000000000,0.0000000000000000)
  -1.5707963267948966        0.0000000000000000     
        (0.66895787706405940,7.79881085990245030E-017)
   0.0000000000000000        0.0000000000000000     
              (0.38798853969920588,0.0000000000000000)
   1.5707963267948966        0.0000000000000000     
       (0.66895787706405940,-7.79881085990245030E-017)
   3.1415926535897931        0.0000000000000000     
         (1.6840803558380442,4.49539147355333335E-017)
   1.0000000000000000                1           4
               (0.0000000000000000,0.0000000000000000)
  -1.5707963267948966        0.0000000000000000     
        (0.71812500149617109,4.36484299421818855E-017)
   0.0000000000000000        0.0000000000000000     
              (0.47872805113694239,0.0000000000000000)
   1.5707963267948966        0.0000000000000000     
       (0.71812500149617109,-4.36484299421818855E-017)
   3.1415926535897931        0.0000000000000000     
         (1.4766219678802062,3.17857086531059378E-017)
   1.0000000000000000                1           4
               (0.0000000000000000,0.0000000000000000)
  -1.5707963267948966        0.0000000000000000     
       (0.59262392172503064,-2.39382604306354698E-017)
   0.0000000000000000        0.0000000000000000     
              (0.26354636499286965,0.0000000000000000)
   1.5707963267948966        0.0000000000000000     
        (0.59262392172503064,2.39382604306354698E-017)
   3.1415926535897931        0.0000000000000000     
         (1.9529503519317193,6.31457816012447267E-017)
   1.0000000000000000                1           4
               (0.0000000000000000,0.0000000000000000)
  -1.5707963267948966        0.0000000000000000     
        (0.59132202988817895,3.18230328211443266E-017)
   0.0000000000000000        0.0000000000000000     
              (0.30181840381117836,0.0000000000000000)
   1.5707963267948966        0.0000000000000000     
       (0.59132202988817895,-3.18230328211443266E-017)
   3.1415926535897931        0.0000000000000000     
         (1.9202447878585795,6.36460656422886531E-017)
   1.0000000000000000                1           4
               (0.0000000000000000,0.0000000000000000)
  -1.5707963267948966        0.0000000000000000     
        (0.66999825958913051,2.15640821391607338E-017)
   0.0000000000000000        0.0000000000000000     
              (0.42676761244541117,0.0000000000000000)
   1.5707963267948966        0.0000000000000000     
       (0.66999825958913051,-2.15640821391607338E-017)
   3.1415926535897931        0.0000000000000000     
         (1.6175652804260483,4.31281642783214677E-017)
   1.0000000000000000                1           4
               (0.0000000000000000,0.0000000000000000)
  -1.5707963267948966        0.0000000000000000     
       (0.64750930319670641,-8.58966422360061337E-017)
   0.0000000000000000        0.0000000000000000     
              (0.28076261994684160,0.0000000000000000)
   1.5707963267948966        0.0000000000000000     
        (0.64750930319670641,8.58966422360061337E-017)
   3.1415926535897931        0.0000000000000000     
         (1.8349223285789471,5.02513204530190468E-017)
   1.0000000000000000                1           4
               (0.0000000000000000,0.0000000000000000)
  -1.5707963267948966        0.0000000000000000     
        (0.66151691640713106,2.31449792677484823E-017)
   0.0000000000000000        0.0000000000000000     
              (0.32896990693989614,0.0000000000000000)
   1.5707963267948966        0.0000000000000000     
       (0.66151691640713106,-2.31449792677484823E-017)
   3.1415926535897931        0.0000000000000000     
         (1.7500363183670558,4.62899585354969647E-017)
   1.0000000000000000                1           4
               (0.0000000000000000,0.0000000000000000)
  -1.5707963267948966        0.0000000000000000     
        (0.59435568969979324,8.68424303623046872E-017)
   0.0000000000000000        0.0000000000000000     
              (0.25008676972062538,0.0000000000000000)
   1.5707963267948966        0.0000000000000000     
       (0.59435568969979324,-8.68424303623046872E-017)
   3.1415926535897931        0.0000000000000000     
         (1.9619818471407642,6.26625582620937203E-017)
   1.0000000000000000                1           4
               (0.0000000000000000,0.0000000000000000)
  -1.5707963267948966        0.0000000000000000     
        (0.59966388666652759,8.60591269102968506E-017)
   0.0000000000000000        0.0000000000000000     
              (0.28253063890051178,0.0000000000000000)
   1.5707963267948966        0.0000000000000000     
       (0.59966388666652759,-8.60591269102968506E-017)
   3.1415926535897931        0.0000000000000000     
         (1.9145697395724979,6.10959513580780472E-017)
   1.0000000000000000                1           4
               (0.0000000000000000,0.0000000000000000)
  -1.5707963267948966        0.0000000000000000     
        (0.65218157757951023,2.41948450087978218E-017)
   0.0000000000000000        0.0000000000000000     
              (0.35622714892476337,0.0000000000000000)
   1.5707963267948966        0.0000000000000000     
       (0.65218157757951023,-2.41948450087978218E-017)
   3.1415926535897931        0.0000000000000000     
         (1.7383996161385402,4.83896900175956436E-017)
   1.0000000000000000                1           4
               (0.0000000000000000,0.0000000000000000)
  -1.5707963267948966        0.0000000000000000     
       (0.67472401738469479,-3.43081473112143664E-017)
   0.0000000000000000        0.0000000000000000     
              (0.40703038818756299,0.0000000000000000)
   1.5707963267948966        0.0000000000000000     
        (0.67472401738469479,3.43081473112143664E-017)
   3.1415926535897931        0.0000000000000000     
         (1.6349603106317654,4.24060078400869274E-017)
   1.0000000000000000                1           4
               (0.0000000000000000,0.0000000000000000)
  -1.5707963267948966        0.0000000000000000     
        (0.68928364250295626,1.92020934583831466E-017)
   0.0000000000000000        0.0000000000000000     
              (0.39997226765815919,0.0000000000000000)
   1.5707963267948966        0.0000000000000000     
       (0.68928364250295626,-1.92020934583831466E-017)
   3.1415926535897931        0.0000000000000000     
         (1.6057829860503179,3.84041869167662932E-017)
   1.0000000000000000                1           4
               (0.0000000000000000,0.0000000000000000)
  -1.5707963267948966        0.0000000000000000     
        (0.70390323450930936,7.36827930125910421E-017)
   0.0000000000000000        0.0000000000000000     
              (0.29898753623065988,0.0000000000000000)
   1.5707963267948966        0.0000000000000000     
       (0.70390323450930936,-7.36827930125910421E-017)
   3.1415926535897931        0.0000000000000000     
         (1.7023497955309155,3.63432835626664241E-017)
   1.0000000000000000                1           4
               (0.0000000000000000,0.0000000000000000)
  -1.5707963267948966        0.0000000000000000     
        (0.60076281519022356,1.41651666530373285E-016)
   0.0000000000000000        0.0000000000000000     
              (0.22402350621273764,0.0000000000000000)
   1.5707963267948966        0.0000000000000000     
       (0.60076281519022356,-1.41651666530373285E-016)
   3.1415926535897931        0.0000000000000000     
         (1.9779330758243991,6.12587281357152734E-017)
   1.0000000000000000                1           4
               (0.0000000000000000,0.0000000000000000)
  -1.5707963267948966        0.0000000000000000     
        (0.69588286672512456,7.89768187731430928E-017)
   0.0000000000000000        0.0000000000000000     
              (0.22714522750371494,0.0000000000000000)
   1.5707963267948966        0.0000000000000000     
       (0.69588286672512456,-7.89768187731430928E-017)
   3.1415926535897931        0.0000000000000000     
         (1.9310673723646059,4.69313350837705130E-017)
   1.0000000000000000                1           4
               (0.0000000000000000,0.0000000000000000)
  -1.5707963267948966        0.0000000000000000     
        (0.64921715774380750,2.45685155008725303E-017)
   0.0000000000000000        0.0000000000000000     
              (0.34986892865475511,0.0000000000000000)
   1.5707963267948966        0.0000000000000000     
       (0.64921715774380750,-2.45685155008725303E-017)
   3.1415926535897931        0.0000000000000000     
         (1.7510340012277399,4.91370310017450605E-017)
   1.0000000000000000                1           4
               (0.0000000000000000,0.0000000000000000)
  -1.5707963267948966        0.0000000000000000     
        (0.63581967697310759,8.16756429655860623E-017)
   0.0000000000000000        0.0000000000000000     
              (0.34351744991899741,0.0000000000000000)
   1.5707963267948966        0.0000000000000000     
       (0.63581967697310759,-8.16756429655860623E-017)
   3.1415926535897931        0.0000000000000000     
         (1.7827190581632504,5.23289834686564645E-017)
   1.0000000000000000                1           4
               (0.0000000000000000,0.0000000000000000)
  -1.5707963267948966        0.0000000000000000     
        (0.59504442335570773,3.09654597740391184E-017)
   0.0000000000000000        0.0000000000000000     
              (0.28043006199593251,0.0000000000000000)
   1.5707963267948966        0.0000000000000000     
       (0.59504442335570773,-3.09654597740391184E-017)
   3.1415926535897931        0.0000000000000000     
         (1.9210674552186346,6.19309195480782369E-017)
   1.0000000000000000                1           4
               (0.0000000000000000,0.0000000000000000)
  -1.5707963267948966        0.0000000000000000     
        (0.60338735628344431,3.01812765736206671E-017)
   0.0000000000000000        0.0000000000000000     
              (0.26805871312853435,0.0000000000000000)
   1.5707963267948966        0.0000000000000000     
       (0.60338735628344431,-3.01812765736206671E-017)
   3.1415926535897931        0.0000000000000000     
         (1.9245113028559291,6.03625531472413342E-017)
   1.0000000000000000                1           4
               (0.0000000000000000,0.0000000000000000)
  -1.5707963267948966        0.0000000000000000     
        (0.61701919382763770,2.87109611694726058E-017)
   0.0000000000000000        0.0000000000000000     
              (0.28980198599017004,0.0000000000000000)
   1.5707963267948966        0.0000000000000000     
       (0.61701919382763770,-2.87109611694726058E-017)
   3.1415926535897931        0.0000000000000000     
         (1.8820075595030159,5.74219223389452116E-017)
   1.0000000000000000                1           4
               (0.0000000000000000,0.0000000000000000)
  -1.5707963267948966        0.0000000000000000     
       (0.59602963766300343,-2.46608651759718258E-017)
   0.0000000000000000        0.0000000000000000     
              (0.31317558516710309,0.0000000000000000)
   1.5707963267948966        0.0000000000000000     
        (0.59602963766300343,2.46608651759718258E-017)
   3.1415926535897931        0.0000000000000000     
         (1.8865305015257463,6.17005721105720025E-017)
   1.0000000000000000                1           4
               (0.0000000000000000,0.0000000000000000)
  -1.5707963267948966        0.0000000000000000     
        (0.63224301092949087,2.68375802059177335E-017)
   0.0000000000000000        0.0000000000000000     
              (0.31937833209579691,0.0000000000000000)
   1.5707963267948966        0.0000000000000000     
       (0.63224301092949087,-2.68375802059177335E-017)
   3.1415926535897931        0.0000000000000000     
         (1.8216895817700263,5.36751604118354670E-017)
   1.0000000000000000                1           4
               (0.0000000000000000,0.0000000000000000)
  -1.5707963267948966        0.0000000000000000     
        (0.59246823339333432,3.13187169247568651E-017)
   0.0000000000000000        0.0000000000000000     
              (0.28327098355402713,0.0000000000000000)
   1.5707963267948966        0.0000000000000000     
       (0.59246823339333432,-3.13187169247568651E-017)
   3.1415926535897931        0.0000000000000000     
         (1.9246124078989917,6.26374338495137301E-017)
   1.0000000000000000                1           4
               (0.0000000000000000,0.0000000000000000)
  -1.5707963267948966        0.0000000000000000     
       (0.58628510467844830,-2.32110307972736368E-017)
   0.0000000000000000        0.0000000000000000     
              (0.27008342738686092,0.0000000000000000)
   1.5707963267948966        0.0000000000000000     
        (0.58628510467844830,2.32110307972736368E-017)
   3.1415926535897931        0.0000000000000000     
         (1.9574887778589005,6.46002408679683804E-017)
   1.0000000000000000                1           4
               (0.0000000000000000,0.0000000000000000)
  -1.5707963267948966        0.0000000000000000     
        (0.61227000094277173,1.39997513175668374E-016)
   0.0000000000000000        0.0000000000000000     
              (0.28010150676504436,0.0000000000000000)
   1.5707963267948966        0.0000000000000000     
       (0.61227000094277173,-1.39997513175668374E-016)
   3.1415926535897931        0.0000000000000000     
         (1.8908406980520347,5.79504214263054406E-017)
   1.0000000000000000                1           4
               (0.0000000000000000,0.0000000000000000)
  -1.5707963267948966        0.0000000000000000     
       (0.60574950421397844,-2.57072717237314540E-017)
   0.0000000000000000        0.0000000000000000     
              (0.35146896319273652,0.0000000000000000)
   1.5707963267948966        0.0000000000000000     
        (0.60574950421397844,2.57072717237314540E-017)
   3.1415926535897931        0.0000000000000000     
         (1.8334986250176357,5.96077590150527583E-017)
   1.0000000000000000                1           4
               (0.0000000000000000,0.0000000000000000)
  -1.5707963267948966        0.0000000000000000     
        (0.65475097634936330,2.36496700951977009E-017)
   0.0000000000000000        0.0000000000000000     
              (0.38331169627014217,0.0000000000000000)
   1.5707963267948966        0.0000000000000000     
       (0.65475097634936330,-2.36496700951977009E-017)
   3.1415926535897931        0.0000000000000000     
         (1.6986471023261451,4.72993401903954017E-017)
   1.0000000000000000                1           4
               (0.0000000000000000,0.0000000000000000)
  -1.5707963267948966        0.0000000000000000     
        (0.56655183716251045,9.03766766752588984E-017)
   0.0000000000000000        0.0000000000000000     
              (0.27153747574631115,0.0000000000000000)
   1.5707963267948966        0.0000000000000000     
       (0.56655183716251045,-9.03766766752588984E-017)
   3.1415926535897931        0.0000000000000000     
         (2.0003606809805192,6.97310508880021427E-017)
   1.0000000000000000                1           4
               (0.0000000000000000,0.0000000000000000)
  -1.5707963267948966        0.0000000000000000     
        (0.61161326864998222,8.46559793357457274E-017)
   0.0000000000000000        0.0000000000000000     
              (0.31167642298113984,0.0000000000000000)
   1.5707963267948966        0.0000000000000000     
       (0.61161326864998222,-8.46559793357457274E-017)
   3.1415926535897931        0.0000000000000000     
         (1.8634924416830791,5.82896562089758007E-017)
   1.0000000000000000                1           4
               (0.0000000000000000,0.0000000000000000)
  -1.5707963267948966        0.0000000000000000     
        (0.65047093939193057,7.97484808149578333E-017)
   0.0000000000000000        0.0000000000000000     
              (0.36467568489374702,0.0000000000000000)
   1.5707963267948966        0.0000000000000000     
       (0.65047093939193057,-7.97484808149578333E-017)
   3.1415926535897931        0.0000000000000000     
         (1.7279174553174896,4.84746591674000002E-017)
   1.0000000000000000                1           4
               (0.0000000000000000,0.0000000000000000)
  -1.5707963267948966        0.0000000000000000     
        (0.61031315646886597,8.48305246228150640E-017)
   0.0000000000000000        0.0000000000000000     
              (0.24552743618821493,0.0000000000000000)
   1.5707963267948966        0.0000000000000000     
       (0.61031315646886597,-8.48305246228150640E-017)
   3.1415926535897931        0.0000000000000000     
         (1.9327422858359742,5.86387467831144739E-017)
   1.0000000000000000                1           4
               (0.0000000000000000,0.0000000000000000)
  -1.5707963267948966        0.0000000000000000     
        (0.66841804665437865,2.19475506880699793E-017)
   0.0000000000000000        0.0000000000000000     
              (0.40799932818638418,0.0000000000000000)
   1.5707963267948966        0.0000000000000000     
       (0.66841804665437865,-2.19475506880699793E-017)
   3.1415926535897931        0.0000000000000000     
         (1.6456981721288904,4.38951013761399586E-017)
   1.0000000000000000                1           4
               (0.0000000000000000,0.0000000000000000)
  -1.5707963267948966        0.0000000000000000     
        (0.58928517817816650,8.73185623155044723E-017)
   0.0000000000000000        0.0000000000000000     
              (0.28113157554960971,0.0000000000000000)
   1.5707963267948966        0.0000000000000000     
       (0.58928517817816650,-8.73185623155044723E-017)
   3.1415926535897931        0.0000000000000000     
         (1.9363476680513461,6.36148221684932906E-017)
   1.0000000000000000                1           4
               (0.0000000000000000,0.0000000000000000)
  -1.5707963267948966        0.0000000000000000     
        (0.64489138574306570,2.53054640728929576E-017)
   0.0000000000000000        0.0000000000000000     
              (0.30913820905913914,0.0000000000000000)
   1.5707963267948966        0.0000000000000000     
       (0.64489138574306570,-2.53054640728929576E-017)
   3.1415926535897931        0.0000000000000000     
         (1.8071837438631941,5.06109281457859152E-017)
   1.0000000000000000                1           4
               (0.0000000000000000,0.0000000000000000)
  -1.5707963267948966        0.0000000000000000     
       (0.65864653391323036,-3.21204678304650936E-017)
   0.0000000000000000        0.0000000000000000     
              (0.30720708452494372,0.0000000000000000)
   1.5707963267948966        0.0000000000000000     
        (0.65864653391323036,3.21204678304650936E-017)
   3.1415926535897931        0.0000000000000000     
         (1.7740836818078369,4.67813668015854668E-017)
   1.0000000000000000                1           4
               (0.0000000000000000,0.0000000000000000)
  -1.5707963267948966        0.0000000000000000     
       (0.65931974019416395,-3.14766074263460506E-017)
   0.0000000000000000        0.0000000000000000     
              (0.23414504509411824,0.0000000000000000)
   1.5707963267948966        0.0000000000000000     
        (0.65931974019416395,3.14766074263460506E-017)
   3.1415926535897931        0.0000000000000000     
         (1.8695222105399558,4.80690876098235591E-017)
   1.0000000000000000                1           4
               (0.0000000000000000,0.0000000000000000)
  -1.5707963267948966        0.0000000000000000     
       (0.59276833950351548,-7.96944450493029759E-017)
   0.0000000000000000        0.0000000000000000     
              (0.22243221243342931,0.0000000000000000)
   1.5707963267948966        0.0000000000000000     
        (0.59276833950351548,7.96944450493029759E-017)
   3.1415926535897931        0.0000000000000000     
         (1.9863499422495061,6.26557148264253686E-017)
   1.0000000000000000                1           4
               (0.0000000000000000,0.0000000000000000)
  -1.5707963267948966        0.0000000000000000     
       (0.56202097413262309,-2.04837111122731191E-017)
   0.0000000000000000        0.0000000000000000     
              (0.20343675499600317,0.0000000000000000)
   1.5707963267948966        0.0000000000000000     
        (0.56202097413262309,2.04837111122731191E-017)
   3.1415926535897931        0.0000000000000000     
         (2.0646882102949577,7.00548802379694159E-017)
   1.0000000000000000                1           4
               (0.0000000000000000,0.0000000000000000)
  -1.5707963267948966        0.0000000000000000     
        (0.67187129252847100,7.67603521001365510E-017)
   0.0000000000000000        0.0000000000000000     
              (0.38388578461766742,0.0000000000000000)
   1.5707963267948966        0.0000000000000000     
       (0.67187129252847100,-7.67603521001365510E-017)
   3.1415926535897931        0.0000000000000000     
         (1.6539083713468454,4.24984017377574417E-017)
   1.0000000000000000                1           4
               (0.0000000000000000,0.0000000000000000)
  -1.5707963267948966        0.0000000000000000     
        (0.60131408127462715,3.05562072918016261E-017)
   0.0000000000000000        0.0000000000000000     
              (0.31666151403018006,0.0000000000000000)
   1.5707963267948966        0.0000000000000000     
       (0.60131408127462715,-3.05562072918016261E-017)
   3.1415926535897931        0.0000000000000000     
         (1.8840081185356061,6.11124145836032521E-017)
   1.0000000000000000                1           4
               (0.0000000000000000,0.0000000000000000)
  -1.5707963267948966        0.0000000000000000     
       (0.64313856892193899,-8.59054968455664872E-017)
   0.0000000000000000        0.0000000000000000     
              (0.31339056206300664,0.0000000000000000)
   1.5707963267948966        0.0000000000000000     
        (0.64313856892193899,8.59054968455664872E-017)
   3.1415926535897931        0.0000000000000000     
         (1.7932637044170288,5.02336112338983460E-017)
   1.0000000000000000                1           4
               (0.0000000000000000,0.0000000000000000)
  -1.5707963267948966        0.0000000000000000     
        (0.64689303578025070,8.02002386342075406E-017)
   0.0000000000000000        0.0000000000000000     
              (0.29695327007122124,0.0000000000000000)
   1.5707963267948966        0.0000000000000000     
       (0.64689303578025070,-8.02002386342075406E-017)
   3.1415926535897931        0.0000000000000000     
         (1.8032395930683451,4.93781748058994272E-017)
   1.0000000000000000                1           4
               (0.0000000000000000,0.0000000000000000)
  -1.5707963267948966        0.0000000000000000     
        (0.67747857942012224,7.74734894529391789E-017)
   0.0000000000000000        0.0000000000000000     
              (0.30859876929630797,0.0000000000000000)
   1.5707963267948966        0.0000000000000000     
       (0.67747857942012224,-7.74734894529391789E-017)
   3.1415926535897931        0.0000000000000000     
         (1.7637027940521552,4.39246764433627037E-017)
   1.0000000000000000                1           4
               (0.0000000000000000,0.0000000000000000)
  -1.5707963267948966        0.0000000000000000     
        (0.68979080088587830,1.95806149928248348E-017)
   0.0000000000000000        0.0000000000000000     
              (0.35567953519283713,0.0000000000000000)
   1.5707963267948966        0.0000000000000000     
       (0.68979080088587830,-1.95806149928248348E-017)
   3.1415926535897931        0.0000000000000000     
         (1.6634534868400959,3.91612299856496695E-017)
   1.0000000000000000                1           4
               (0.0000000000000000,0.0000000000000000)
  -1.5707963267948966        0.0000000000000000     
        (0.63232630381028909,2.64314072637420673E-017)
   0.0000000000000000        0.0000000000000000     
              (0.36575966555179457,0.0000000000000000)
   1.5707963267948966        0.0000000000000000     
       (0.63232630381028909,-2.64314072637420673E-017)
   3.1415926535897931        0.0000000000000000     
         (1.7622082190007005,5.28628145274841345E-017)
   1.0000000000000000                1           4
               (0.0000000000000000,0.0000000000000000)
  -1.5707963267948966        0.0000000000000000     
       (0.63640073496654215,-8.46653600392428722E-017)
   0.0000000000000000        0.0000000000000000     
              (0.41125033436490666,0.0000000000000000)
   1.5707963267948966        0.0000000000000000     
        (0.63640073496654215,8.46653600392428722E-017)
   3.1415926535897931        0.0000000000000000     
         (1.7224342062338920,5.27138848465455882E-017)
   1.0000000000000000                1           4
               (0.0000000000000000,0.0000000000000000)
  -1.5707963267948966        0.0000000000000000     
       (0.58042273172972281,-2.23638032696141235E-017)
   0.0000000000000000        0.0000000000000000     
              (0.20082181290998041,0.0000000000000000)
   1.5707963267948966        0.0000000000000000     
        (0.58042273172972281,2.23638032696141235E-017)
   3.1415926535897931        0.0000000000000000     
         (2.0426981975199774,6.62946959232874194E-017)
   1.0000000000000000                1           4
               (0.0000000000000000,0.0000000000000000)
  -1.5707963267948966        0.0000000000000000     
        (0.62798897816345434,8.28552040457014955E-017)
   0.0000000000000000        0.0000000000000000     
              (0.29416757886119460,0.0000000000000000)
   1.5707963267948966        0.0000000000000000     
       (0.62798897816345434,-8.28552040457014955E-017)
   3.1415926535897931        0.0000000000000000     
         (1.8549349202639041,5.46881056288873309E-017)
   1.0000000000000000                1           4
               (0.0000000000000000,0.0000000000000000)
  -1.5707963267948966        0.0000000000000000     
        (0.63553040791812332,1.37380907101858953E-016)
   0.0000000000000000        0.0000000000000000     
              (0.24465761674963496,0.0000000000000000)
   1.5707963267948966        0.0000000000000000     
       (0.63553040791812332,-1.37380907101858953E-016)
   3.1415926535897931        0.0000000000000000     
         (1.8873405618493346,5.27172092786866039E-017)
   1.0000000000000000                1           4
               (0.0000000000000000,0.0000000000000000)
  -1.5707963267948966        0.0000000000000000     
        (0.66453011803258111,2.29046401040279869E-017)
   0.0000000000000000        0.0000000000000000     
              (0.33677940546843699,0.0000000000000000)
   1.5707963267948966        0.0000000000000000     
       (0.66453011803258111,-2.29046401040279869E-017)
   3.1415926535897931        0.0000000000000000     
         (1.7404031502720829,4.58092802080559738E-017)
   1.0000000000000000                1           4
               (0.0000000000000000,0.0000000000000000)
  -1.5707963267948966        0.0000000000000000     
        (0.68801397729087943,1.86006083748982374E-016)
   0.0000000000000000        0.0000000000000000     
              (0.45750661385716584,0.0000000000000000)
   1.5707963267948966        0.0000000000000000     
       (0.68801397729087943,-1.86006083748982374E-016)
   3.1415926535897931        0.0000000000000000     
         (1.5545457052602778,3.89452601104177605E-017)
   1.0000000000000000                1           4
               (0.0000000000000000,0.0000000000000000)
  -1.5707963267948966        0.0000000000000000     
        (0.68215069227779090,2.05200305775253886E-017)
   0.0000000000000000        0.0000000000000000     
              (0.29799074003209514,0.0000000000000000)
   1.5707963267948966        0.0000000000000000     
       (0.68215069227779090,-2.05200305775253886E-017)
   3.1415926535897931        0.0000000000000000     
         (1.7365457063163965,4.10400611550507772E-017)
   1.0000000000000000                1           4
               (0.0000000000000000,0.0000000000000000)
  -1.5707963267948966        0.0000000000000000     
        (0.64906112120437431,7.97554173308793153E-017)
   0.0000000000000000        0.0000000000000000     
              (0.38352242577476225,0.0000000000000000)
   1.5707963267948966        0.0000000000000000     
       (0.64906112120437431,-7.97554173308793153E-017)
   3.1415926535897931        0.0000000000000000     
         (1.7064776418649441,4.84885321992429766E-017)
   1.0000000000000000                1           4
               (0.0000000000000000,0.0000000000000000)
  -1.5707963267948966        0.0000000000000000     
        (0.59501466935007175,3.12136989335975265E-017)
   0.0000000000000000        0.0000000000000000     
              (0.26410188237904808,0.0000000000000000)
   1.5707963267948966        0.0000000000000000     
       (0.59501466935007175,-3.12136989335975265E-017)
   3.1415926535897931        0.0000000000000000     
         (1.9454442330874158,6.24273978671950530E-017)
   1.0000000000000000                1           4
               (0.0000000000000000,0.0000000000000000)
  -1.5707963267948966        0.0000000000000000     
       (0.61691799332294961,-8.23321839342179294E-017)
   0.0000000000000000        0.0000000000000000     
              (0.27940696481249949,0.0000000000000000)
   1.5707963267948966        0.0000000000000000     
        (0.61691799332294961,8.23321839342179294E-017)
   3.1415926535897931        0.0000000000000000     
         (1.8915194073477504,5.73802370565954617E-017)
   1.0000000000000000                1           4
               (0.0000000000000000,0.0000000000000000)
  -1.5707963267948966        0.0000000000000000     
        (0.63995227442589897,2.63418579232291188E-017)
   0.0000000000000000        0.0000000000000000     
              (0.21038461994616448,0.0000000000000000)
   1.5707963267948966        0.0000000000000000     
       (0.63995227442589897,-2.63418579232291188E-017)
   3.1415926535897931        0.0000000000000000     
         (1.9299103024098747,5.26837158464582375E-017)
   1.0000000000000000                1           4
               (0.0000000000000000,0.0000000000000000)
  -1.5707963267948966        0.0000000000000000     
        (0.64356021338614600,1.36249119783295872E-016)
   0.0000000000000000        0.0000000000000000     
              (0.24941355660520648,0.0000000000000000)
   1.5707963267948966        0.0000000000000000     
       (0.64356021338614600,-1.36249119783295872E-016)
   3.1415926535897931        0.0000000000000000     
         (1.8616772537370783,5.04536346415604118E-017)
   1.0000000000000000                1           4
               (0.0000000000000000,0.0000000000000000)
  -1.5707963267948966        0.0000000000000000     
        (0.63475472046916659,2.63828859217425784E-017)
   0.0000000000000000        0.0000000000000000     
              (0.35785204423469408,0.0000000000000000)
   1.5707963267948966        0.0000000000000000     
       (0.63475472046916659,-2.63828859217425784E-017)
   3.1415926535897931        0.0000000000000000     
         (1.7733878463356922,5.27657718434851568E-017)
   1.0000000000000000                1           4
               (0.0000000000000000,0.0000000000000000)
  -1.5707963267948966        0.0000000000000000     
        (0.59982474969615873,1.41904293164903409E-016)
   0.0000000000000000        0.0000000000000000     
              (0.30510873429376650,0.0000000000000000)
   1.5707963267948966        0.0000000000000000     
       (0.59982474969615873,-1.41904293164903409E-016)
   3.1415926535897931        0.0000000000000000     
         (1.9032231288262480,6.17639814047755226E-017)
   1.0000000000000000                1           4
               (0.0000000000000000,0.0000000000000000)
  -1.5707963267948966        0.0000000000000000     
        (0.55107768469108531,1.47526959092150997E-016)
   0.0000000000000000        0.0000000000000000     
              (0.27480888944468962,0.0000000000000000)
   1.5707963267948966        0.0000000000000000     
       (0.55107768469108531,-1.47526959092150997E-016)
   3.1415926535897931        0.0000000000000000     
         (2.0196790497870509,7.30093132592706613E-017)
   1.0000000000000000                1           4
               (0.0000000000000000,0.0000000000000000)
  -1.5707963267948966        0.0000000000000000     
        (0.65590965250906175,2.44020520802777360E-017)
   0.0000000000000000        0.0000000000000000     
              (0.32875156090510688,0.0000000000000000)
   1.5707963267948966        0.0000000000000000     
       (0.65590965250906175,-2.44020520802777360E-017)
   3.1415926535897931        0.0000000000000000     
         (1.7800992505773261,4.88041041605554720E-017)
   1.0000000000000000                1           4
               (0.0000000000000000,0.0000000000000000)
  -1.5707963267948966        0.0000000000000000     
       (0.58562517486453480,-2.30566723287051225E-017)
   0.0000000000000000        0.0000000000000000     
              (0.22458763490135353,0.0000000000000000)
   1.5707963267948966        0.0000000000000000     
        (0.58562517486453480,2.30566723287051225E-017)
   3.1415926535897931        0.0000000000000000     
         (2.0067064409093511,6.49089578051054091E-017)
   1.0000000000000000                1           4
               (0.0000000000000000,0.0000000000000000)
  -1.5707963267948966        0.0000000000000000     
       (0.61594198096623975,-2.73979691285475837E-017)
   0.0000000000000000        0.0000000000000000     
              (0.33475144051856859,0.0000000000000000)
   1.5707963267948966        0.0000000000000000     
        (0.61594198096623975,2.73979691285475837E-017)
   3.1415926535897931        0.0000000000000000     
         (1.8153787332125693,5.62263642054204866E-017)
   1.0000000000000000                1           4
               (0.0000000000000000,0.0000000000000000)
  -1.5707963267948966        0.0000000000000000     
        (0.64206923547578254,8.15736350000538383E-017)
   0.0000000000000000        0.0000000000000000     
              (0.25243634096317846,0.0000000000000000)
   1.5707963267948966        0.0000000000000000     
       (0.64206923547578254,-8.15736350000538383E-017)
   3.1415926535897931        0.0000000000000000     
         (1.8829674511223407,5.21249675375920286E-017)
   1.0000000000000000                1           4
               (0.0000000000000000,0.0000000000000000)
  -1.5707963267948966        0.0000000000000000     
       (0.67125124222695920,-3.36488064725847785E-017)
   0.0000000000000000        0.0000000000000000     
              (0.38267150646171166,0.0000000000000000)
   1.5707963267948966        0.0000000000000000     
        (0.67125124222695920,3.36488064725847785E-017)
   3.1415926535897931        0.0000000000000000     
         (1.6739093481441385,4.37246895173461093E-017)
   1.0000000000000000                1           4
               (0.0000000000000000,0.0000000000000000)
  -1.5707963267948966        0.0000000000000000     
        (0.60344069043414050,3.04862751493800838E-017)
   0.0000000000000000        0.0000000000000000     
              (0.25355013225620793,0.0000000000000000)
   1.5707963267948966        0.0000000000000000     
       (0.60344069043414050,-3.04862751493800838E-017)
   3.1415926535897931        0.0000000000000000     
         (1.9490885615158691,6.09725502987601676E-017)
   1.0000000000000000                1           4
               (0.0000000000000000,0.0000000000000000)
  -1.5707963267948966        0.0000000000000000     
        (0.66956533397993390,2.20913529724840070E-017)
   0.0000000000000000        0.0000000000000000     
              (0.34691648569484818,0.0000000000000000)
   1.5707963267948966        0.0000000000000000     
       (0.66956533397993390,-2.20913529724840070E-017)
   3.1415926535897931        0.0000000000000000     
         (1.7137725283241401,4.41827059449680140E-017)
   1.0000000000000000                1           4
               (0.0000000000000000,0.0000000000000000)
  -1.5707963267948966        0.0000000000000000     
        (0.60536858007498950,3.03912423320307538E-017)
   0.0000000000000000        0.0000000000000000     
              (0.15610094001770083,0.0000000000000000)
   1.5707963267948966        0.0000000000000000     
       (0.60536858007498950,-3.03912423320307538E-017)
   3.1415926535897931        0.0000000000000000     
         (2.0472895256629937,6.07824846640615077E-017)
   1.0000000000000000                1           4
               (0.0000000000000000,0.0000000000000000)
  -1.5707963267948966        0.0000000000000000     
        (0.59594737794028518,3.14173830201164102E-017)
   0.0000000000000000        0.0000000000000000     
              (0.23110481825644091,0.0000000000000000)
   1.5707963267948966        0.0000000000000000     
       (0.59594737794028518,-3.14173830201164102E-017)
   3.1415926535897931        0.0000000000000000     
         (1.9869595415292038,6.28347660402328204E-017)
   1.0000000000000000                1           4
               (0.0000000000000000,0.0000000000000000)
  -1.5707963267948966        0.0000000000000000     
        (0.61893553820074243,8.38638474851216824E-017)
   0.0000000000000000        0.0000000000000000     
              (0.28049662178257267,0.0000000000000000)
   1.5707963267948966        0.0000000000000000     
       (0.61893553820074243,-8.38638474851216824E-017)
   3.1415926535897931        0.0000000000000000     
         (1.8834437922795044,5.67053925077276861E-017)
   1.0000000000000000                1           4
               (0.0000000000000000,0.0000000000000000)
  -1.5707963267948966        0.0000000000000000     
       (0.70200878596854011,-3.80236313237018313E-017)
   0.0000000000000000        0.0000000000000000     
              (0.46007084373602525,0.0000000000000000)
   1.5707963267948966        0.0000000000000000     
        (0.70200878596854011,3.80236313237018313E-017)
   3.1415926535897931        0.0000000000000000     
         (1.5151324748091870,3.49750398151120038E-017)
   1.0000000000000000                1           4
               (0.0000000000000000,0.0000000000000000)
  -1.5707963267948966        0.0000000000000000     
        (0.61961336590031624,2.81964064192246858E-017)
   0.0000000000000000        0.0000000000000000     
              (0.31501296035077037,0.0000000000000000)
   1.5707963267948966        0.0000000000000000     
       (0.61961336590031624,-2.81964064192246858E-017)
   3.1415926535897931        0.0000000000000000     
         (1.8451782957145273,5.63928128384493716E-017)
   1.0000000000000000                1           4
               (0.0000000000000000,0.0000000000000000)
  -1.5707963267948966        0.0000000000000000     
       (0.65328781968716099,-3.13112290186620115E-017)
   0.0000000000000000        0.0000000000000000     
              (0.37198689943167068,0.0000000000000000)
   1.5707963267948966        0.0000000000000000     
        (0.65328781968716099,3.13112290186620115E-017)
   3.1415926535897931        0.0000000000000000     
         (1.7250181839078742,4.83998444251916372E-017)
   1.0000000000000000                1           4
               (0.0000000000000000,0.0000000000000000)
  -1.5707963267948966        0.0000000000000000     
       (0.57196995767213732,-2.12498266304919220E-017)
   0.0000000000000000        0.0000000000000000     
              (0.21129690518764921,0.0000000000000000)
   1.5707963267948966        0.0000000000000000     
        (0.57196995767213732,2.12498266304919220E-017)
   3.1415926535897931        0.0000000000000000     
         (2.0517027953818832,6.85226492015318100E-017)
   1.0000000000000000                1           4
               (0.0000000000000000,0.0000000000000000)
  -1.5707963267948966        0.0000000000000000     
       (0.62806794088036866,-2.83129495300167116E-017)
   0.0000000000000000        0.0000000000000000     
              (0.30694110166921651,0.0000000000000000)
   1.5707963267948966        0.0000000000000000     
        (0.62806794088036866,2.83129495300167116E-017)
   3.1415926535897931        0.0000000000000000     
         (1.8375554640104295,5.43964034024822432E-017)
   1.0000000000000000                1           4
               (0.0000000000000000,0.0000000000000000)
  -1.5707963267948966        0.0000000000000000     
        (0.61265343902870950,8.40276878611338456E-017)
   0.0000000000000000        0.0000000000000000     
              (0.32003367773192370,0.0000000000000000)
   1.5707963267948966        0.0000000000000000     
       (0.61265343902870950,-8.40276878611338456E-017)
   3.1415926535897931        0.0000000000000000     
         (1.8366939707788323,5.70330732597520372E-017)
   1.0000000000000000                1           4
               (0.0000000000000000,0.0000000000000000)
  -1.5707963267948966        0.0000000000000000     
        (0.68116744022884990,7.58312341074544996E-017)
   0.0000000000000000        0.0000000000000000     
              (0.44563864011343873,0.0000000000000000)
   1.5707963267948966        0.0000000000000000     
       (0.68116744022884990,-7.58312341074544996E-017)
   3.1415926535897931        0.0000000000000000     
         (1.5804005146001299,4.06401657523933453E-017)
   1.0000000000000000                1           4
               (0.0000000000000000,0.0000000000000000)
  -1.5707963267948966        0.0000000000000000     
        (0.62285453401551494,1.38706067071561022E-016)
   0.0000000000000000        0.0000000000000000     
              (0.28817471969500585,0.0000000000000000)
   1.5707963267948966        0.0000000000000000     
       (0.62285453401551494,-1.38706067071561022E-016)
   3.1415926535897931        0.0000000000000000     
         (1.8617547203917024,5.53675292180907418E-017)
   1.0000000000000000                1           4
               (0.0000000000000000,0.0000000000000000)
  -1.5707963267948966        0.0000000000000000     
        (0.65044611355161208,2.45835966040359238E-017)
   0.0000000000000000        0.0000000000000000     
              (0.42364288352773649,0.0000000000000000)
   1.5707963267948966        0.0000000000000000     
       (0.65044611355161208,-2.45835966040359238E-017)
   3.1415926535897931        0.0000000000000000     
         (1.6802105441813107,4.91671932080718476E-017)
   1.0000000000000000                1           4
               (0.0000000000000000,0.0000000000000000)
  -1.5707963267948966        0.0000000000000000     
        (0.57669622911884666,3.28473082878078971E-017)
   0.0000000000000000        0.0000000000000000     
              (0.30389633660258991,0.0000000000000000)
   1.5707963267948966        0.0000000000000000     
       (0.57669622911884666,-3.28473082878078971E-017)
   3.1415926535897931        0.0000000000000000     
         (1.9223706291478810,6.56946165756157943E-017)
   1.0000000000000000                1           4
               (0.0000000000000000,0.0000000000000000)
  -1.5707963267948966        0.0000000000000000     
       (0.60976794680400703,-2.63970581052178962E-017)
   0.0000000000000000        0.0000000000000000     
              (0.31093697397351550,0.0000000000000000)
   1.5707963267948966        0.0000000000000000     
        (0.60976794680400703,2.63970581052178962E-017)
   3.1415926535897931        0.0000000000000000     
         (1.8595373664196546,5.82281862520798739E-017)
   1.0000000000000000                1           4
               (0.0000000000000000,0.0000000000000000)
  -1.5707963267948966        0.0000000000000000     
       (0.64516726178070305,-8.59179670734701759E-017)
   0.0000000000000000        0.0000000000000000     
              (0.37071998989336391,0.0000000000000000)
   1.5707963267948966        0.0000000000000000     
        (0.64516726178070305,8.59179670734701759E-017)
   3.1415926535897931        0.0000000000000000     
         (1.7395843537508315,5.02086707780909625E-017)
   1.0000000000000000                1           4
               (0.0000000000000000,0.0000000000000000)
  -1.5707963267948966        0.0000000000000000     
        (0.64473354544404371,8.06910061427819227E-017)
   0.0000000000000000        0.0000000000000000     
              (0.31816790487020674,0.0000000000000000)
   1.5707963267948966        0.0000000000000000     
       (0.64473354544404371,-8.06910061427819227E-017)
   3.1415926535897931        0.0000000000000000     
         (1.7937356608955450,5.03597098230481913E-017)
   1.0000000000000000                1           4
               (0.0000000000000000,0.0000000000000000)
  -1.5707963267948966        0.0000000000000000     
        (0.59410384945095029,3.13393186912431505E-017)
   0.0000000000000000        0.0000000000000000     
              (0.25376723942985241,0.0000000000000000)
   1.5707963267948966        0.0000000000000000     
       (0.59410384945095029,-3.13393186912431505E-017)
   3.1415926535897931        0.0000000000000000     
         (1.9580602888975709,6.26786373824863010E-017)
   1.0000000000000000                1           4
               (0.0000000000000000,0.0000000000000000)
  -1.5707963267948966        0.0000000000000000     
        (0.63608251644519986,2.58867677443411325E-017)
   0.0000000000000000        0.0000000000000000     
              (0.33635951512778961,0.0000000000000000)
   1.5707963267948966        0.0000000000000000     
       (0.63608251644519986,-2.58867677443411325E-017)
   3.1415926535897931        0.0000000000000000     
         (1.7813315179894349,5.17735354886822649E-017)
   1.0000000000000000                1           4
               (0.0000000000000000,0.0000000000000000)
  -1.5707963267948966        0.0000000000000000     
        (0.62363976312822333,2.73215743692060103E-017)
   0.0000000000000000        0.0000000000000000     
              (0.30338311049411670,0.0000000000000000)
   1.5707963267948966        0.0000000000000000     
       (0.62363976312822333,-2.73215743692060103E-017)
   3.1415926535897931        0.0000000000000000     
         (1.8362867568215926,5.46431487384120206E-017)
   1.0000000000000000                1           4
               (0.0000000000000000,0.0000000000000000)
  -1.5707963267948966        0.0000000000000000     
       (0.62134001135409278,-2.80409161610345999E-017)
   0.0000000000000000        0.0000000000000000     
              (0.36348569520087176,0.0000000000000000)
   1.5707963267948966        0.0000000000000000     
        (0.62134001135409278,2.80409161610345999E-017)
   3.1415926535897931        0.0000000000000000     
         (1.7764402955480278,5.49404701404464542E-017)
   1.0000000000000000                1           4
               (0.0000000000000000,0.0000000000000000)
  -1.5707963267948966        0.0000000000000000     
        (0.67829482659622886,2.10459916863826599E-017)
   0.0000000000000000        0.0000000000000000     
              (0.34684746356370411,0.0000000000000000)
   1.5707963267948966        0.0000000000000000     
       (0.67829482659622886,-2.10459916863826599E-017)
   3.1415926535897931        0.0000000000000000     
         (1.6971564449401040,4.20919833727653197E-017)
   1.0000000000000000                1           4
               (0.0000000000000000,0.0000000000000000)
  -1.5707963267948966        0.0000000000000000     
        (0.63379095732429946,8.19305049687045960E-017)
   0.0000000000000000        0.0000000000000000     
              (0.34209470186162338,0.0000000000000000)
   1.5707963267948966        0.0000000000000000     
       (0.63379095732429946,-8.19305049687045960E-017)
   3.1415926535897931        0.0000000000000000     
         (1.7884087916729352,5.28387074748935442E-017)
   1.0000000000000000                1           4
               (0.0000000000000000,0.0000000000000000)
  -1.5707963267948966        0.0000000000000000     
        (0.64312057922220200,2.55934141034373684E-017)
   0.0000000000000000        0.0000000000000000     
              (0.22221687046970484,0.0000000000000000)
   1.5707963267948966        0.0000000000000000     
       (0.64312057922220200,-2.55934141034373684E-017)
   3.1415926535897931        0.0000000000000000     
         (1.8999686311520627,5.11868282068747368E-017)
   1.0000000000000000                1           4
               (0.0000000000000000,0.0000000000000000)
  -1.5707963267948966        0.0000000000000000     
        (0.67982739999324671,7.61282517491869267E-017)
   0.0000000000000000        0.0000000000000000     
              (0.38082218759269498,0.0000000000000000)
   1.5707963267948966        0.0000000000000000     
       (0.67982739999324671,-7.61282517491869267E-017)
   3.1415926535897931        0.0000000000000000     
         (1.6522382190481752,4.12342010358581994E-017)
   1.0000000000000000                1           4
               (0.0000000000000000,0.0000000000000000)
  -1.5707963267948966        0.0000000000000000     
       (0.65699064907117344,-3.16524787119665668E-017)
   0.0000000000000000        0.0000000000000000     
              (0.30820257520205951,0.0000000000000000)
   1.5707963267948966        0.0000000000000000     
        (0.65699064907117344,3.16524787119665668E-017)
   3.1415926535897931        0.0000000000000000     
         (1.7850621060643881,4.77173450385825266E-017)
   1.0000000000000000                1           4
               (0.0000000000000000,0.0000000000000000)
  -1.5707963267948966        0.0000000000000000     
        (0.57608324224409724,3.39848846343739973E-017)
   0.0000000000000000        0.0000000000000000     
              (0.19128709331323479,0.0000000000000000)
   1.5707963267948966        0.0000000000000000     
       (0.57608324224409724,-3.39848846343739973E-017)
   3.1415926535897931        0.0000000000000000     
         (2.0709099618843458,6.79697692687479945E-017)
   1.0000000000000000                1           4
               (0.0000000000000000,0.0000000000000000)
  -1.5707963267948966        0.0000000000000000     
        (0.66263050756870778,2.29325423261965710E-017)
   0.0000000000000000        0.0000000000000000     
              (0.33787978324219448,0.0000000000000000)
   1.5707963267948966        0.0000000000000000     
       (0.66263050756870778,-2.29325423261965710E-017)
   3.1415926535897931        0.0000000000000000     
         (1.7364149073080211,4.58650846523931420E-017)
   1.0000000000000000                1           4
               (0.0000000000000000,0.0000000000000000)
  -1.5707963267948966        0.0000000000000000     
        (0.65733949502937805,2.38175243856514188E-017)
   0.0000000000000000        0.0000000000000000     
              (0.31144182881572302,0.0000000000000000)
   1.5707963267948966        0.0000000000000000     
       (0.65733949502937805,-2.38175243856514188E-017)
   3.1415926535897931        0.0000000000000000     
         (1.7811765443283150,4.76350487713028375E-017)
   1.0000000000000000                1           4
               (0.0000000000000000,0.0000000000000000)
  -1.5707963267948966        0.0000000000000000     
        (0.61404260488029316,8.40989487871027097E-017)
   0.0000000000000000        0.0000000000000000     
              (0.33939752037524151,0.0000000000000000)
   1.5707963267948966        0.0000000000000000     
       (0.61404260488029316,-8.40989487871027097E-017)
   3.1415926535897931        0.0000000000000000     
         (1.8224360183157378,5.71755951116897654E-017)
   1.0000000000000000                1           4
               (0.0000000000000000,0.0000000000000000)
  -1.5707963267948966        0.0000000000000000     
        (0.66829325499598635,1.33367060906071458E-016)
   0.0000000000000000        0.0000000000000000     
              (0.29859167609762144,0.0000000000000000)
   1.5707963267948966        0.0000000000000000     
       (0.66829325499598635,-1.33367060906071458E-016)
   3.1415926535897931        0.0000000000000000     
         (1.7678300307564374,4.46895168871116151E-017)
   1.0000000000000000                1           4
               (0.0000000000000000,0.0000000000000000)
  -1.5707963267948966        0.0000000000000000     
        (0.58883849745462380,8.75014044571585917E-017)
   0.0000000000000000        0.0000000000000000     
              (0.30113649951148186,0.0000000000000000)
   1.5707963267948966        0.0000000000000000     
       (0.58883849745462380,-8.75014044571585917E-017)
   3.1415926535897931        0.0000000000000000     
         (1.9214214602007971,6.39805064518015294E-017)
   1.0000000000000000                1           4
               (0.0000000000000000,0.0000000000000000)
  -1.5707963267948966        0.0000000000000000     
        (0.61911759676409339,2.85484450284300349E-017)
   0.0000000000000000        0.0000000000000000     
              (0.32560851166414356,0.0000000000000000)
   1.5707963267948966        0.0000000000000000     
       (0.61911759676409339,-2.85484450284300349E-017)
   3.1415926535897931        0.0000000000000000     
         (1.8450896597057058,5.70968900568600698E-017)
   1.0000000000000000                1           4
               (0.0000000000000000,0.0000000000000000)
  -1.5707963267948966        0.0000000000000000     
        (0.59317057268482454,3.12783192132468699E-017)
   0.0000000000000000        0.0000000000000000     
              (0.27513948944964894,0.0000000000000000)
   1.5707963267948966        0.0000000000000000     
       (0.59317057268482454,-3.12783192132468699E-017)
   3.1415926535897931        0.0000000000000000     
         (1.9328290911943684,6.25566384264937399E-017)
   1.0000000000000000                1           4
               (0.0000000000000000,0.0000000000000000)
  -1.5707963267948966        0.0000000000000000     
       (0.63589337711137217,-2.92166462048667007E-017)
   0.0000000000000000        0.0000000000000000     
              (0.32136751837392941,0.0000000000000000)
   1.5707963267948966        0.0000000000000000     
        (0.63589337711137217,2.92166462048667007E-017)
   3.1415926535897931        0.0000000000000000     
         (1.8092629463683993,5.25890100527822588E-017)
   1.0000000000000000                1           4
               (0.0000000000000000,0.0000000000000000)
  -1.5707963267948966        0.0000000000000000     
        (0.56844413410721806,3.47535746073449971E-017)
   0.0000000000000000        0.0000000000000000     
              (0.22403428316259388,0.0000000000000000)
   1.5707963267948966        0.0000000000000000     
       (0.56844413410721806,-3.47535746073449971E-017)
   3.1415926535897931        0.0000000000000000     
         (2.0479918756352098,6.95071492146899942E-017)
   1.0000000000000000                1           4
               (0.0000000000000000,0.0000000000000000)
  -1.5707963267948966        0.0000000000000000     
        (0.63021799951259094,2.71730290399234322E-017)
   0.0000000000000000        0.0000000000000000     
              (0.22545896030813359,0.0000000000000000)
   1.5707963267948966        0.0000000000000000     
       (0.63021799951259094,-2.71730290399234322E-017)
   3.1415926535897931        0.0000000000000000     
         (1.9225155211216847,5.43460580798468643E-017)
   1.0000000000000000                1           4
               (0.0000000000000000,0.0000000000000000)
  -1.5707963267948966        0.0000000000000000     
       (0.65581386900425009,-3.17348044682163012E-017)
   0.0000000000000000        0.0000000000000000     
              (0.29709095377981143,0.0000000000000000)
   1.5707963267948966        0.0000000000000000     
        (0.65581386900425009,3.17348044682163012E-017)
   3.1415926535897931        0.0000000000000000     
         (1.7911312040922951,4.75526935260830516E-017)
   1.0000000000000000                1           4
               (0.0000000000000000,0.0000000000000000)
  -1.5707963267948966        0.0000000000000000     
        (0.61545115199471345,2.85245250461971656E-017)
   0.0000000000000000        0.0000000000000000     
              (0.36023186601080665,0.0000000000000000)
   1.5707963267948966        0.0000000000000000     
       (0.61545115199471345,-2.85245250461971656E-017)
   3.1415926535897931        0.0000000000000000     
         (1.8023521299099445,5.70490500923943312E-017)
   1.0000000000000000                1           4
               (0.0000000000000000,0.0000000000000000)
  -1.5707963267948966        0.0000000000000000     
        (0.68129919210383350,7.57417088871990580E-017)
   0.0000000000000000        0.0000000000000000     
              (0.48105521756405645,0.0000000000000000)
   1.5707963267948966        0.0000000000000000     
       (0.68129919210383350,-7.57417088871990580E-017)
   3.1415926535897931        0.0000000000000000     
         (1.5423233252992010,4.04611153118824497E-017)
   1.0000000000000000                1           4
               (0.0000000000000000,0.0000000000000000)
  -1.5707963267948966        0.0000000000000000     
        (0.67357091603329122,7.67675138046659698E-017)
   0.0000000000000000        0.0000000000000000     
              (0.41177284400983760,0.0000000000000000)
   1.5707963267948966        0.0000000000000000     
       (0.67357091603329122,-7.67675138046659698E-017)
   3.1415926535897931        0.0000000000000000     
         (1.6296544779860096,4.25127251468162794E-017)
   1.0000000000000000                1           4
               (0.0000000000000000,0.0000000000000000)
  -1.5707963267948966        0.0000000000000000     
       (0.64414637190176505,-3.07574910888509287E-017)
   0.0000000000000000        0.0000000000000000     
              (0.47892739870730017,0.0000000000000000)
   1.5707963267948966        0.0000000000000000     
        (0.64414637190176505,3.07574910888509287E-017)
   3.1415926535897931        0.0000000000000000     
         (1.6178812424028284,4.95073202848137966E-017)
   1.0000000000000000                1           4
               (0.0000000000000000,0.0000000000000000)
  -1.5707963267948966        0.0000000000000000     
       (0.62229723826380767,-8.30330998066920996E-017)
   0.0000000000000000        0.0000000000000000     
              (0.27717014218717317,0.0000000000000000)
   1.5707963267948966        0.0000000000000000     
        (0.62229723826380767,8.30330998066920996E-017)
   3.1415926535897931        0.0000000000000000     
         (1.8816210700951341,5.59784053116471089E-017)
   1.0000000000000000                1           4
               (0.0000000000000000,0.0000000000000000)
  -1.5707963267948966        0.0000000000000000     
        (0.67041939484353086,2.17875273781011364E-017)
   0.0000000000000000        0.0000000000000000     
              (0.38972859883849775,0.0000000000000000)
   1.5707963267948966        0.0000000000000000     
       (0.67041939484353086,-2.17875273781011364E-017)
   3.1415926535897931        0.0000000000000000     
         (1.6627448399006977,4.35750547562022727E-017)
   1.0000000000000000                1           4
               (0.0000000000000000,0.0000000000000000)
  -1.5707963267948966        0.0000000000000000     
        (0.62976013323829194,2.66163987669431328E-017)
   0.0000000000000000        0.0000000000000000     
              (0.44812024514051452,0.0000000000000000)
   1.5707963267948966        0.0000000000000000     
       (0.62976013323829194,-2.66163987669431328E-017)
   3.1415926535897931        0.0000000000000000     
         (1.6807575793021541,5.32327975338862655E-017)
   1.0000000000000000                1           4
               (0.0000000000000000,0.0000000000000000)
  -1.5707963267948966        0.0000000000000000     
        (0.58480918706768525,3.27027797802004490E-017)
   0.0000000000000000        0.0000000000000000     
              (0.20630359274701937,0.0000000000000000)
   1.5707963267948966        0.0000000000000000     
       (0.58480918706768525,-3.27027797802004490E-017)
   3.1415926535897931        0.0000000000000000     
         (2.0314686295989337,6.54055595604008980E-017)
   1.0000000000000000                1           4
               (0.0000000000000000,0.0000000000000000)
  -1.5707963267948966        0.0000000000000000     
        (0.67277510363819337,2.12688502305385466E-017)
   0.0000000000000000        0.0000000000000000     
              (0.35680276076374973,0.0000000000000000)
   1.5707963267948966        0.0000000000000000     
       (0.67277510363819337,-2.12688502305385466E-017)
   3.1415926535897931        0.0000000000000000     
         (1.6834408142770159,4.25377004610770932E-017)
   1.0000000000000000                1           4
               (0.0000000000000000,0.0000000000000000)
  -1.5707963267948966        0.0000000000000000     
        (0.62645233771838171,8.29231721205416789E-017)
   0.0000000000000000        0.0000000000000000     
              (0.31332550784562463,0.0000000000000000)
   1.5707963267948966        0.0000000000000000     
       (0.62645233771838171,-8.29231721205416789E-017)
   3.1415926535897931        0.0000000000000000     
         (1.8349237161865108,5.48240417785676976E-017)
   1.0000000000000000                1           4
               (0.0000000000000000,0.0000000000000000)
  -1.5707963267948966        0.0000000000000000     
       (0.64356523509906849,-3.03715118383402901E-017)
   0.0000000000000000        0.0000000000000000     
              (0.37512712096110634,0.0000000000000000)
   1.5707963267948966        0.0000000000000000     
        (0.64356523509906849,3.03715118383402901E-017)
   3.1415926535897931        0.0000000000000000     
         (1.7331262855945417,5.02792787858350861E-017)
   1.0000000000000000                1           4
               (0.0000000000000000,0.0000000000000000)
  -1.5707963267948966        0.0000000000000000     
       (0.60265906926043766,-2.50959464782085606E-017)
   0.0000000000000000        0.0000000000000000     
              (0.27303501460949886,0.0000000000000000)
   1.5707963267948966        0.0000000000000000     
        (0.60265906926043766,2.50959464782085606E-017)
   3.1415926535897931        0.0000000000000000     
         (1.9257191015083626,6.08304095060985453E-017)
   1.0000000000000000                1           4
               (0.0000000000000000,0.0000000000000000)
  -1.5707963267948966        0.0000000000000000     
        (0.63146611774318406,1.37813030132821311E-016)
   0.0000000000000000        0.0000000000000000     
              (0.29802955766470274,0.0000000000000000)
   1.5707963267948966        0.0000000000000000     
       (0.63146611774318406,-1.37813030132821311E-016)
   3.1415926535897931        0.0000000000000000     
         (1.8399542498817372,5.35814553406113016E-017)
   1.0000000000000000                1           4
               (0.0000000000000000,0.0000000000000000)
  -1.5707963267948966        0.0000000000000000     
        (0.64133815065760946,8.09662989412291654E-017)
   0.0000000000000000        0.0000000000000000     
              (0.26411386991751173,0.0000000000000000)
   1.5707963267948966        0.0000000000000000     
       (0.64133815065760946,-8.09662989412291654E-017)
   3.1415926535897931        0.0000000000000000     
         (1.8499906514426772,5.09102954199426707E-017)
   1.0000000000000000                1           4
               (0.0000000000000000,0.0000000000000000)
  -1.5707963267948966        0.0000000000000000     
       (0.60187702532478937,-2.54248170774966044E-017)
   0.0000000000000000        0.0000000000000000     
              (0.25651593337223177,0.0000000000000000)
   1.5707963267948966        0.0000000000000000     
        (0.60187702532478937,2.54248170774966044E-017)
   3.1415926535897931        0.0000000000000000     
         (1.9299323659279293,6.01726683075224576E-017)
   1.0000000000000000                1           4
               (0.0000000000000000,0.0000000000000000)
  -1.5707963267948966        0.0000000000000000     
        (0.64031953474111392,8.08757035060883291E-017)
   0.0000000000000000        0.0000000000000000     
              (0.35168225174619699,0.0000000000000000)
   1.5707963267948966        0.0000000000000000     
       (0.64031953474111392,-8.08757035060883291E-017)
   3.1415926535897931        0.0000000000000000     
         (1.7574259663098166,5.07291045496609858E-017)
   1.0000000000000000                1           4
               (0.0000000000000000,0.0000000000000000)
  -1.5707963267948966        0.0000000000000000     
       (0.59980276192847026,-2.45703111248216877E-017)
   0.0000000000000000        0.0000000000000000     
              (0.25859419497826924,0.0000000000000000)
   1.5707963267948966        0.0000000000000000     
        (0.59980276192847026,2.45703111248216877E-017)
   3.1415926535897931        0.0000000000000000     
         (1.9516158600129825,6.18816802128722910E-017)
   1.0000000000000000                1           4
               (0.0000000000000000,0.0000000000000000)
  -1.5707963267948966        0.0000000000000000     
        (0.64606389244390039,2.48986224432245158E-017)
   0.0000000000000000        0.0000000000000000     
              (0.28919445780222808,0.0000000000000000)
   1.5707963267948966        0.0000000000000000     
       (0.64606389244390039,-2.48986224432245158E-017)
   3.1415926535897931        0.0000000000000000     
         (1.8161840524558559,4.97972448864490316E-017)
   1.0000000000000000                1           4
               (0.0000000000000000,0.0000000000000000)
  -1.5707963267948966        0.0000000000000000     
        (0.54600050082700702,3.70389926923182456E-017)
   0.0000000000000000        0.0000000000000000     
              (0.21559173229040768,0.0000000000000000)
   1.5707963267948966        0.0000000000000000     
       (0.54600050082700702,-3.70389926923182456E-017)
   3.1415926535897931        0.0000000000000000     
         (2.0861945794826133,7.40779853846364912E-017)
   1.0000000000000000                1           4
               (0.0000000000000000,0.0000000000000000)
  -1.5707963267948966        0.0000000000000000     
       (0.62831027784141247,-2.85302435275815283E-017)
   0.0000000000000000        0.0000000000000000     
              (0.34306120210190938,0.0000000000000000)
   1.5707963267948966        0.0000000000000000     
        (0.62831027784141247,2.85302435275815283E-017)
   3.1415926535897931        0.0000000000000000     
         (1.7948226769313367,5.39618154073526160E-017)
   1.0000000000000000                1           4
               (0.0000000000000000,0.0000000000000000)
  -1.5707963267948966        0.0000000000000000     
       (0.62592163134597845,-2.84067565364526578E-017)
   0.0000000000000000        0.0000000000000000     
              (0.31741223464500129,0.0000000000000000)
   1.5707963267948966        0.0000000000000000     
        (0.62592163134597845,2.84067565364526578E-017)
   3.1415926535897931        0.0000000000000000     
         (1.8197277426156395,5.42087893896103507E-017)
   1.0000000000000000                1           4
               (0.0000000000000000,0.0000000000000000)
  -1.5707963267948966        0.0000000000000000     
        (0.65816559204120706,2.36136085267671400E-017)
   0.0000000000000000        0.0000000000000000     
              (0.32438738075201284,0.0000000000000000)
   1.5707963267948966        0.0000000000000000     
       (0.65816559204120706,-2.36136085267671400E-017)
   3.1415926535897931        0.0000000000000000     
         (1.7632227890169796,4.72272170535342799E-017)
   1.0000000000000000                1           4
               (0.0000000000000000,0.0000000000000000)
  -1.5707963267948966        0.0000000000000000     
       (0.58108619766264669,-2.25650442886396198E-017)
   0.0000000000000000        0.0000000000000000     
              (0.32656507898641141,0.0000000000000000)
   1.5707963267948966        0.0000000000000000     
        (0.58108619766264669,2.25650442886396198E-017)
   3.1415926535897931        0.0000000000000000     
         (1.9117088328106211,6.58922138852364145E-017)
   1.0000000000000000                1           4
               (0.0000000000000000,0.0000000000000000)
  -1.5707963267948966        0.0000000000000000     
        (0.66895787706405940,7.79881085990245030E-017)
   0.0000000000000000        0.0000000000000000     
              (0.38798853969920588,0.0000000000000000)
   1.5707963267948966        0.0000000000000000     
       (0.66895787706405940,-7.79881085990245030E-017)
   3.1415926535897931        0.0000000000000000     
         (1.6840803558380442,4.49539147355333335E-017)
   1.0000000000000000                1           4
               (0.0000000000000000,0.0000000000000000)
  -1.5707963267948966        0.0000000000000000     
        (0.71812500149617109,4.36484299421818855E-017)
   0.0000000000000000        0.0000000000000000     
              (0.47872805113694239,0.0000000000000000)
   1.5707963267948966        0.0000000000000000     
       (0.71812500149617109,-4.36484299421818855E-017)
   3.1415926535897931        0.0000000000000000     
         (1.4766219678802062,3.17857086531059378E-017)
   1.0000000000000000                1           4
               (0.0000000000000000,0.0000000000000000)
  -1.5707963267948966        0.0000000000000000     
       (0.59262392172503064,-2.39382604306354698E-017)
   0.0000000000000000        0.0000000000000000     
              (0.26354636499286965,0.0000000000000000)
   1.5707963267948966        0.0000000000000000     
        (0.59262392172503064,2.39382604306354698E-017)
   3.1415926535897931        0.0000000000000000     
         (1.9529503519317193,6.31457816012447267E-017)
   1.0000000000000000                1           4
               (0.0000000000000000,0.0000000000000000)
  -1.5707963267948966        0.0000000000000000     
        (0.59132202988817895,3.18230328211443266E-017)
   0.0000000000000000        0.0000000000000000     
              (0.30181840381117836,0.0000000000000000)
   1.5707963267948966        0.0000000000000000     
       (0.59132202988817895,-3.18230328211443266E-017)
   3.1415926535897931        0.0000000000000000     
         (1.9202447878585795,6.36460656422886531E-017)
   1.0000000000000000                1           4
               (0.0000000000000000,0.0000000000000000)
  -1.5707963267948966        0.0000000000000000     
        (0.66999825958913051,2.15640821391607338E-017)
   0.0000000000000000        0.0000000000000000     
              (0.42676761244541117,0.0000000000000000)
   1.5707963267948966        0.0000000000000000     
       (0.66999825958913051,-2.15640821391607338E-017)
   3.1415926535897931        0.0000000000000000     
         (1.6175652804260483,4.31281642783214677E-017)
   1.0000000000000000                1           4
               (0.0000000000000000,0.0000000000000000)
  -1.5707963267948966        0.0000000000000000     
       (0.64750930319670641,-8.58966422360061337E-017)
   0.0000000000000000        0.0000000000000000     
              (0.28076261994684160,0.0000000000000000)
   1.5707963267948966        0.0000000000000000     
        (0.64750930319670641,8.58966422360061337E-017)
   3.1415926535897931        0.0000000000000000     
         (1.8349223285789471,5.02513204530190468E-017)
   1.0000000000000000                1           4
               (0.0000000000000000,0.0000000000000000)
  -1.5707963267948966        0.0000000000000000     
        (0.66151691640713106,2.31449792677484823E-017)
   0.0000000000000000        0.0000000000000000     
              (0.32896990693989614,0.0000000000000000)
   1.5707963267948966        0.0000000000000000     
       (0.66151691640713106,-2.31449792677484823E-017)
   3.1415926535897931        0.0000000000000000     
         (1.7500363183670558,4.62899585354969647E-017)
   1.0000000000000000                1           4
               (0.0000000000000000,0.0000000000000000)
  -1.5707963267948966        0.0000000000000000     
        (0.59435568969979324,8.68424303623046872E-017)
   0.0000000000000000        0.0000000000000000     
              (0.25008676972062538,0.0000000000000000)
   1.5707963267948966        0.0000000000000000     
       (0.59435568969979324,-8.68424303623046872E-017)
   3.1415926535897931        0.0000000000000000     
         (1.9619818471407642,6.26625582620937203E-017)
   1.0000000000000000                1           4
               (0.0000000000000000,0.0000000000000000)
  -1.5707963267948966        0.0000000000000000     
        (0.59966388666652759,8.60591269102968506E-017)
   0.0000000000000000        0.0000000000000000     
              (0.28253063890051178,0.0000000000000000)
   1.5707963267948966        0.0000000000000000     
       (0.59966388666652759,-8.60591269102968506E-017)
   3.1415926535897931        0.0000000000000000     
         (1.9145697395724979,6.10959513580780472E-017)
   1.0000000000000000                1           4
               (0.0000000000000000,0.0000000000000000)
  -1.5707963267948966        0.0000000000000000     
        (0.65218157757951023,2.41948450087978218E-017)
   0.0000000000000000        0.0000000000000000     
              (0.35622714892476337,0.0000000000000000)
   1.5707963267948966        0.0000000000000000     
       (0.65218157757951023,-2.41948450087978218E-017)
   3.1415926535897931        0.0000000000000000     
         (1.7383996161385402,4.83896900175956436E-017)
   1.0000000000000000                1           4
               (0.0000000000000000,0.0000000000000000)
  -1.5707963267948966        0.0000000000000000     
       (0.67472401738469479,-3.43081473112143664E-017)
   0.0000000000000000        0.0000000000000000     
              (0.40703038818756299,0.0000000000000000)
   1.5707963267948966        0.0000000000000000     
        (0.67472401738469479,3.43081473112143664E-017)
   3.1415926535897931        0.0000000000000000     
         (1.6349603106317654,4.24060078400869274E-017)
   1.0000000000000000                1           4
               (0.0000000000000000,0.0000000000000000)
  -1.5707963267948966        0.0000000000000000     
        (0.68928364250295626,1.92020934583831466E-017)
   0.0000000000000000        0.0000000000000000     
              (0.39997226765815919,0.0000000000000000)
   1.5707963267948966        0.0000000000000000     
       (0.68928364250295626,-1.92020934583831466E-017)
   3.1415926535897931        0.0000000000000000     
         (1.6057829860503179,3.84041869167662932E-017)
   1.0000000000000000                1           4
               (0.0000000000000000,0.0000000000000000)
  -1.5707963267948966        0.0000000000000000     
        (0.70390323450930936,7.36827930125910421E-017)
   0.0000000000000000        0.0000000000000000     
              (0.29898753623065988,0.0000000000000000)
   1.5707963267948966        0.0000000000000000     
       (0.70390323450930936,-7.36827930125910421E-017)
   3.1415926535897931        0.0000000000000000     
         (1.7023497955309155,3.63432835626664241E-017)
   1.0000000000000000                1           4
               (0.0000000000000000,0.0000000000000000)
  -1.5707963267948966        0.0000000000000000     
        (0.60076281519022356,1.41651666530373285E-016)
   0.0000000000000000        0.0000000000000000     
              (0.22402350621273764,0.0000000000000000)
   1.5707963267948966        0.0000000000000000     
       (0.60076281519022356,-1.41651666530373285E-016)
   3.1415926535897931        0.0000000000000000     
         (1.9779330758243991,6.12587281357152734E-017)
   1.0000000000000000                1           4
               (0.0000000000000000,0.0000000000000000)
  -1.5707963267948966        0.0000000000000000     
        (0.69588286672512456,7.89768187731430928E-017)
   0.0000000000000000        0.0000000000000000     
              (0.22714522750371494,0.0000000000000000)
   1.5707963267948966        0.0000000000000000     
       (0.69588286672512456,-7.89768187731430928E-017)
   3.1415926535897931        0.0000000000000000     
         (1.9310673723646059,4.69313350837705130E-017)
   1.0000000000000000                1           4
               (0.0000000000000000,0.0000000000000000)
  -1.5707963267948966        0.0000000000000000     
        (0.64921715774380750,2.45685155008725303E-017)
   0.0000000000000000        0.0000000000000000     
              (0.34986892865475511,0.0000000000000000)
   1.5707963267948966        0.0000000000000000     
       (0.64921715774380750,-2.45685155008725303E-017)
   3.1415926535897931        0.0000000000000000     
         (1.7510340012277399,4.91370310017450605E-017)
   1.0000000000000000                1           4
               (0.0000000000000000,0.0000000000000000)
  -1.5707963267948966        0.0000000000000000     
        (0.63581967697310759,8.16756429655860623E-017)
   0.0000000000000000        0.0000000000000000     
              (0.34351744991899741,0.0000000000000000)
   1.5707963267948966        0.0000000000000000     
       (0.63581967697310759,-8.16756429655860623E-017)
   3.1415926535897931        0.0000000000000000     
         (1.7827190581632504,5.23289834686564645E-017)
   1.0000000000000000                1           4
               (0.0000000000000000,0.0000000000000000)
  -1.5707963267948966        0.0000000000000000     
        (0.59504442335570773,3.09654597740391184E-017)
   0.0000000000000000        0.0000000000000000     
              (0.28043006199593251,0.0000000000000000)
   1.5707963267948966        0.0000000000000000     
       (0.59504442335570773,-3.09654597740391184E-017)
   3.1415926535897931        0.0000000000000000     
         (1.9210674552186346,6.19309195480782369E-017)
   1.0000000000000000                1           4
               (0.0000000000000000,0.0000000000000000)
  -1.5707963267948966        0.0000000000000000     
        (0.60338735628344431,3.01812765736206671E-017)
   0.0000000000000000        0.0000000000000000     
              (0.26805871312853435,0.0000000000000000)
   1.5707963267948966        0.0000000000000000     
       (0.60338735628344431,-3.01812765736206671E-017)
   3.1415926535897931        0.0000000000000000     
         (1.9245113028559291,6.03625531472413342E-017)
   1.0000000000000000                1           4
               (0.0000000000000000,0.0000000000000000)
  -1.5707963267948966        0.0000000000000000     
        (0.61701919382763770,2.87109611694726058E-017)
   0.0000000000000000        0.0000000000000000     
              (0.28980198599017004,0.0000000000000000)
   1.5707963267948966        0.0000000000000000     
       (0.61701919382763770,-2.87109611694726058E-017)
   3.1415926535897931        0.0000000000000000     
         (1.8820075595030159,5.74219223389452116E-017)
   1.0000000000000000                1           4
               (0.0000000000000000,0.0000000000000000)
  -1.5707963267948966        0.0000000000000000     
       (0.59602963766300343,-2.46608651759718258E-017)
   0.0000000000000000        0.0000000000000000     
              (0.31317558516710309,0.0000000000000000)
   1.5707963267948966        0.0000000000000000     
        (0.59602963766300343,2.46608651759718258E-017)
   3.1415926535897931        0.0000000000000000     
         (1.8865305015257463,6.17005721105720025E-017)
   1.0000000000000000                1           4
               (0.0000000000000000,0.0000000000000000)
  -1.5707963267948966        0.0000000000000000     
        (0.63224301092949087,2.68375802059177335E-017)
   0.0000000000000000        0.0000000000000000     
              (0.31937833209579691,0.0000000000000000)
   1.5707963267948966        0.0000000000000000     
       (0.63224301092949087,-2.68375802059177335E-017)
   3.1415926535897931        0.0000000000000000     
         (1.8216895817700263,5.36751604118354670E-017)
   1.0000000000000000                1           4
               (0.0000000000000000,0.0000000000000000)
  -1.5707963267948966        0.0000000000000000     
        (0.59246823339333432,3.13187169247568651E-017)
   0.0000000000000000        0.0000000000000000     
              (0.28327098355402713,0.0000000000000000)
   1.5707963267948966        0.0000000000000000     
       (0.59246823339333432,-3.13187169247568651E-017)
   3.1415926535897931        0.0000000000000000     
         (1.9246124078989917,6.26374338495137301E-017)
   1.0000000000000000                1           4
               (0.0000000000000000,0.0000000000000000)
  -1.5707963267948966        0.0000000000000000     
       (0.58628510467844830,-2.32110307972736368E-017)
   0.0000000000000000        0.0000000000000000     
              (0.27008342738686092,0.0000000000000000)
   1.5707963267948966        0.0000000000000000     
        (0.58628510467844830,2.32110307972736368E-017)
   3.1415926535897931        0.0000000000000000     
         (1.9574887778589005,6.46002408679683804E-017)
   1.0000000000000000                1           4
               (0.0000000000000000,0.0000000000000000)
  -1.5707963267948966        0.0000000000000000     
        (0.61227000094277173,1.39997513175668374E-016)
   0.0000000000000000        0.0000000000000000     
              (0.28010150676504436,0.0000000000000000)
   1.5707963267948966        0.0000000000000000     
       (0.61227000094277173,-1.39997513175668374E-016)
   3.1415926535897931        0.0000000000000000     
         (1.8908406980520347,5.79504214263054406E-017)
