   1.0000000000000000                1           4
               (0.0000000000000000,0.0000000000000000)
  -1.5707963267948966        0.0000000000000000     
        (0.75869692408691414,9.47757753594461869E-018)
   0.0000000000000000        0.0000000000000000     
              (0.48468553358962713,0.0000000000000000)
   1.5707963267948966        0.0000000000000000     
       (0.75869692408691414,-9.47757753594461869E-018)
   3.1415926535897931        0.0000000000000000     
         (1.3422694890401599,1.89551550718892374E-017)
   1.0000000000000000                1           4
               (0.0000000000000000,0.0000000000000000)
  -1.5707963267948966        0.0000000000000000     
        (0.69788142155567501,1.64102317253746470E-017)
   0.0000000000000000        0.0000000000000000     
              (0.38486798725777499,0.0000000000000000)
   1.5707963267948966        0.0000000000000000     
       (0.69788142155567501,-1.64102317253746470E-017)
   3.1415926535897931        0.0000000000000000     
         (1.5468937001505623,3.28204634507492941E-017)
   1.0000000000000000                1           4
               (0.0000000000000000,0.0000000000000000)
  -1.5707963267948966        0.0000000000000000     
        (0.72545765306980758,1.36251958413940756E-017)
   0.0000000000000000        0.0000000000000000     
              (0.44974108254461775,0.0000000000000000)
   1.5707963267948966        0.0000000000000000     
       (0.72545765306980758,-1.36251958413940756E-017)
   3.1415926535897931        0.0000000000000000     
         (1.4462068926349350,2.72503916827881511E-017)
   1.0000000000000000                1           4
               (0.0000000000000000,0.0000000000000000)
  -1.5707963267948966        0.0000000000000000     
        (0.71254346964838844,4.21054299634289555E-017)
   0.0000000000000000        0.0000000000000000     
              (0.46401198493186369,0.0000000000000000)
   1.5707963267948966        0.0000000000000000     
       (0.71254346964838844,-4.21054299634289555E-017)
   3.1415926535897931        0.0000000000000000     
         (1.4297767664397407,2.86997086956000902E-017)
   1.0000000000000000                1           4
               (0.0000000000000000,0.0000000000000000)
  -1.5707963267948966        0.0000000000000000     
        (0.67060429490847473,7.48221862073406966E-017)
   0.0000000000000000        0.0000000000000000     
              (0.41145710969829069,0.0000000000000000)
   1.5707963267948966        0.0000000000000000     
       (0.67060429490847473,-7.48221862073406966E-017)
   3.1415926535897931        0.0000000000000000     
         (1.5604977488233320,3.86220699521657269E-017)
   1.0000000000000000                1           4
               (0.0000000000000000,0.0000000000000000)
  -1.5707963267948966        0.0000000000000000     
        (0.71595118532769864,4.15249790736801786E-017)
   0.0000000000000000        0.0000000000000000     
              (0.45019256130538743,0.0000000000000000)
   1.5707963267948966        0.0000000000000000     
       (0.71595118532769864,-4.15249790736801786E-017)
   3.1415926535897931        0.0000000000000000     
         (1.4314526565983121,2.75388069161025302E-017)
   1.0000000000000000                1           4
               (0.0000000000000000,0.0000000000000000)
  -1.5707963267948966        0.0000000000000000     
        (0.74763473966605853,1.04793588994122827E-017)
   0.0000000000000000        0.0000000000000000     
              (0.46588781846106531,0.0000000000000000)
   1.5707963267948966        0.0000000000000000     
       (0.74763473966605853,-1.04793588994122827E-017)
   3.1415926535897931        0.0000000000000000     
         (1.3716634977797317,2.09587177988245653E-017)
   1.0000000000000000                1           4
               (0.0000000000000000,0.0000000000000000)
  -1.5707963267948966        0.0000000000000000     
        (0.77561486148586367,7.05374970598025152E-018)
   0.0000000000000000        0.0000000000000000     
              (0.44459264378376850,0.0000000000000000)
   1.5707963267948966        0.0000000000000000     
       (0.77561486148586367,-7.05374970598025152E-018)
   3.1415926535897931        0.0000000000000000     
         (1.3370300287597487,1.41074994119605030E-017)
   1.0000000000000000                1           4
               (0.0000000000000000,0.0000000000000000)
  -1.5707963267948966        0.0000000000000000     
        (0.72178478522242695,1.36069394790895388E-017)
   0.0000000000000000        0.0000000000000000     
              (0.54496480008621873,0.0000000000000000)
   1.5707963267948966        0.0000000000000000     
       (0.72178478522242695,-1.36069394790895388E-017)
   3.1415926535897931        0.0000000000000000     
         (1.3430411413535446,2.72138789581790775E-017)
   1.0000000000000000                1           4
               (0.0000000000000000,0.0000000000000000)
  -1.5707963267948966        0.0000000000000000     
       (0.71882395687418477,-1.40369556680765868E-017)
   0.0000000000000000        0.0000000000000000     
              (0.48093248813532447,0.0000000000000000)
   1.5707963267948966        0.0000000000000000     
        (0.71882395687418477,1.40369556680765868E-017)
   3.1415926535897931        0.0000000000000000     
         (1.4047995575310406,2.74372398951046597E-017)
   1.0000000000000000                1           4
               (0.0000000000000000,0.0000000000000000)
  -1.5707963267948966        0.0000000000000000     
       (0.75260830421403280,-1.90764846337871834E-017)
   0.0000000000000000        0.0000000000000000     
              (0.45398612293533575,0.0000000000000000)
   1.5707963267948966        0.0000000000000000     
        (0.75260830421403280,1.90764846337871834E-017)
   3.1415926535897931        0.0000000000000000     
         (1.3347111098779634,1.73581819636834633E-017)
   1.0000000000000000                1           4
               (0.0000000000000000,0.0000000000000000)
  -1.5707963267948966        0.0000000000000000     
        (0.72817901689119957,1.27146527649723306E-017)
   0.0000000000000000        0.0000000000000000     
              (0.49956395674829668,0.0000000000000000)
   1.5707963267948966        0.0000000000000000     
       (0.72817901689119957,-1.27146527649723306E-017)
   3.1415926535897931        0.0000000000000000     
         (1.3720861522291634,2.54293055299446611E-017)
   1.0000000000000000                1           4
               (0.0000000000000000,0.0000000000000000)
  -1.5707963267948966        0.0000000000000000     
       (0.68257554211856519,-3.72858051981561046E-017)
   0.0000000000000000        0.0000000000000000     
              (0.38180155674400207,0.0000000000000000)
   1.5707963267948966        0.0000000000000000     
        (0.68257554211856519,3.72858051981561046E-017)
   3.1415926535897931        0.0000000000000000     
         (1.5786345042159164,3.64506920662034634E-017)
   1.0000000000000000                1           4
               (0.0000000000000000,0.0000000000000000)
  -1.5707963267948966        0.0000000000000000     
        (0.73955253014464117,1.13205004244353572E-017)
   0.0000000000000000        0.0000000000000000     
              (0.50535260101469570,0.0000000000000000)
   1.5707963267948966        0.0000000000000000     
       (0.73955253014464117,-1.13205004244353572E-017)
   3.1415926535897931        0.0000000000000000     
         (1.3435080633333938,2.26410008488707144E-017)
   1.0000000000000000                1           4
               (0.0000000000000000,0.0000000000000000)
  -1.5707963267948966        0.0000000000000000     
       (0.76591670947523205,-1.98859928492215692E-017)
   0.0000000000000000        0.0000000000000000     
              (0.46653600986683413,0.0000000000000000)
   1.5707963267948966        0.0000000000000000     
        (0.76591670947523205,1.98859928492215692E-017)
   3.1415926535897931        0.0000000000000000     
         (1.3223374886195893,1.57391655328146886E-017)
   1.0000000000000000                1           4
               (0.0000000000000000,0.0000000000000000)
  -1.5707963267948966        0.0000000000000000     
        (0.72354591545127345,6.82934613709785270E-017)
   0.0000000000000000        0.0000000000000000     
              (0.41253265419805019,0.0000000000000000)
   1.5707963267948966        0.0000000000000000     
       (0.72354591545127345,-6.82934613709785270E-017)
   3.1415926535897931        0.0000000000000000     
         (1.4520611094616065,2.55646202794413937E-017)
   1.0000000000000000                1           4
               (0.0000000000000000,0.0000000000000000)
  -1.5707963267948966        0.0000000000000000     
        (0.72918521044374607,6.78133785135670414E-017)
   0.0000000000000000        0.0000000000000000     
              (0.42703245181130989,0.0000000000000000)
   1.5707963267948966        0.0000000000000000     
       (0.72918521044374607,-6.78133785135670414E-017)
   3.1415926535897931        0.0000000000000000     
         (1.4331592057257863,2.46044545646184134E-017)
   1.0000000000000000                1           4
               (0.0000000000000000,0.0000000000000000)
  -1.5707963267948966        0.0000000000000000     
       (0.72013296962762974,-1.42533296914029836E-017)
   0.0000000000000000        0.0000000000000000     
              (0.46871629094512590,0.0000000000000000)
   1.5707963267948966        0.0000000000000000     
        (0.72013296962762974,1.42533296914029836E-017)
   3.1415926535897931        0.0000000000000000     
         (1.4125664682986141,2.70044918484518567E-017)
   1.0000000000000000                1           4
               (0.0000000000000000,0.0000000000000000)
  -1.5707963267948966        0.0000000000000000     
        (0.71202008616449430,4.21480212896280734E-017)
   0.0000000000000000        0.0000000000000000     
              (0.44849948712339394,0.0000000000000000)
   1.5707963267948966        0.0000000000000000     
       (0.71202008616449430,-4.21480212896280734E-017)
   3.1415926535897931        0.0000000000000000     
         (1.4456336355654775,2.87848913479983075E-017)
   1.0000000000000000                1           4
               (0.0000000000000000,0.0000000000000000)
  -1.5707963267948966        0.0000000000000000     
        (0.78366058099063207,5.70565653849633981E-018)
   0.0000000000000000        0.0000000000000000     
              (0.50586788743711164,0.0000000000000000)
   1.5707963267948966        0.0000000000000000     
       (0.78366058099063207,-5.70565653849633981E-018)
   3.1415926535897931        0.0000000000000000     
         (1.2478141597387686,1.14113130769926796E-017)
   1.0000000000000000                1           4
               (0.0000000000000000,0.0000000000000000)
  -1.5707963267948966        0.0000000000000000     
        (0.68037369473478371,1.85212427860831388E-017)
   0.0000000000000000        0.0000000000000000     
              (0.47584666028234018,0.0000000000000000)
   1.5707963267948966        0.0000000000000000     
       (0.68037369473478371,-1.85212427860831388E-017)
   3.1415926535897931        0.0000000000000000     
         (1.4898504273035607,3.70424855721662776E-017)
   1.0000000000000000                1           4
               (0.0000000000000000,0.0000000000000000)
  -1.5707963267948966        0.0000000000000000     
       (0.75556098484281897,-1.89727515297289099E-017)
   0.0000000000000000        0.0000000000000000     
              (0.50111628552910747,0.0000000000000000)
   1.5707963267948966        0.0000000000000000     
        (0.75556098484281897,1.89727515297289099E-017)
   3.1415926535897931        0.0000000000000000     
         (1.2968744888442150,1.75656481718000104E-017)
   1.0000000000000000                1           4
               (0.0000000000000000,0.0000000000000000)
  -1.5707963267948966        0.0000000000000000     
        (0.72012652486770823,1.33461712774944492E-017)
   0.0000000000000000        0.0000000000000000     
              (0.46695219737978566,0.0000000000000000)
   1.5707963267948966        0.0000000000000000     
       (0.72012652486770823,-1.33461712774944492E-017)
   3.1415926535897931        0.0000000000000000     
         (1.4092198875186368,2.66923425549888985E-017)
   1.0000000000000000                1           4
               (0.0000000000000000,0.0000000000000000)
  -1.5707963267948966        0.0000000000000000     
        (0.69048149813773785,7.24592473821018391E-017)
   0.0000000000000000        0.0000000000000000     
              (0.47504280063684506,0.0000000000000000)
   1.5707963267948966        0.0000000000000000     
       (0.69048149813773785,-7.24592473821018391E-017)
   3.1415926535897931        0.0000000000000000     
         (1.4594870252794361,3.38961923016880180E-017)
   1.0000000000000000                1           4
               (0.0000000000000000,0.0000000000000000)
  -1.5707963267948966        0.0000000000000000     
        (0.72568935195439987,1.32243952132657782E-017)
   0.0000000000000000        0.0000000000000000     
              (0.44953808340114365,0.0000000000000000)
   1.5707963267948966        0.0000000000000000     
       (0.72568935195439987,-1.32243952132657782E-017)
   3.1415926535897931        0.0000000000000000     
         (1.4337821475658452,2.64487904265315564E-017)
   1.0000000000000000                1           4
               (0.0000000000000000,0.0000000000000000)
  -1.5707963267948966        0.0000000000000000     
        (0.74929711745340366,9.73185977445704906E-018)
   0.0000000000000000        0.0000000000000000     
              (0.55710541226383425,0.0000000000000000)
   1.5707963267948966        0.0000000000000000     
       (0.74929711745340366,-9.73185977445704906E-018)
   3.1415926535897931        0.0000000000000000     
         (1.2593554852997573,1.94637195489140981E-017)
   1.0000000000000000                1           4
               (0.0000000000000000,0.0000000000000000)
  -1.5707963267948966        0.0000000000000000     
       (0.69102384236740866,-3.87020472201204463E-017)
   0.0000000000000000        0.0000000000000000     
              (0.42906045400048537,0.0000000000000000)
   1.5707963267948966        0.0000000000000000     
        (0.69102384236740866,3.87020472201204463E-017)
   3.1415926535897931        0.0000000000000000     
         (1.5020142325716139,3.36182080222747675E-017)
   1.0000000000000000                1           4
               (0.0000000000000000,0.0000000000000000)
  -1.5707963267948966        0.0000000000000000     
       (0.73847174233646906,-1.65778023693782797E-017)
   0.0000000000000000        0.0000000000000000     
              (0.45666465902882303,0.0000000000000000)
   1.5707963267948966        0.0000000000000000     
        (0.73847174233646906,1.65778023693782797E-017)
   3.1415926535897931        0.0000000000000000     
         (1.3853726062846408,2.23555464925012737E-017)
   1.0000000000000000                1           4
               (0.0000000000000000,0.0000000000000000)
  -1.5707963267948966        0.0000000000000000     
       (0.74221381704492528,-1.71319019465159389E-017)
   0.0000000000000000        0.0000000000000000     
              (0.42544229857075999,0.0000000000000000)
   1.5707963267948966        0.0000000000000000     
        (0.74221381704492528,1.71319019465159389E-017)
   3.1415926535897931        0.0000000000000000     
         (1.4059808505201372,2.12473473382259554E-017)
   1.0000000000000000                1           4
               (0.0000000000000000,0.0000000000000000)
  -1.5707963267948966        0.0000000000000000     
        (0.70570219970992909,1.54913879871782003E-017)
   0.0000000000000000        0.0000000000000000     
              (0.50410479535240760,0.0000000000000000)
   1.5707963267948966        0.0000000000000000     
       (0.70570219970992909,-1.54913879871782003E-017)
   3.1415926535897931        0.0000000000000000     
         (1.4132867343310960,3.09827759743564006E-017)
   1.0000000000000000                1           4
               (0.0000000000000000,0.0000000000000000)
  -1.5707963267948966        0.0000000000000000     
        (0.76057423008596059,3.64331425535917856E-017)
   0.0000000000000000        0.0000000000000000     
              (0.43077475304585655,0.0000000000000000)
   1.5707963267948966        0.0000000000000000     
       (0.76057423008596059,-3.64331425535917856E-017)
   3.1415926535897931        0.0000000000000000     
         (1.3738045524605571,1.73551338759257441E-017)
   1.0000000000000000                1           4
               (0.0000000000000000,0.0000000000000000)
  -1.5707963267948966        0.0000000000000000     
        (0.69240641865446051,1.69746324159407470E-017)
   0.0000000000000000        0.0000000000000000     
              (0.45651591372686168,0.0000000000000000)
   1.5707963267948966        0.0000000000000000     
       (0.69240641865446051,-1.69746324159407470E-017)
   3.1415926535897931        0.0000000000000000     
         (1.4827304934165340,3.39492648318814939E-017)
   1.0000000000000000                1           4
               (0.0000000000000000,0.0000000000000000)
  -1.5707963267948966        0.0000000000000000     
        (0.72045162366014870,1.39507817417793011E-017)
   0.0000000000000000        0.0000000000000000     
              (0.42649920733802282,0.0000000000000000)
   1.5707963267948966        0.0000000000000000     
       (0.72045162366014870,-1.39507817417793011E-017)
   3.1415926535897931        0.0000000000000000     
         (1.4700711515606457,2.79015634835586022E-017)
   1.0000000000000000                1           4
               (0.0000000000000000,0.0000000000000000)
  -1.5707963267948966        0.0000000000000000     
       (0.69050601622289087,-3.86139717041111452E-017)
   0.0000000000000000        0.0000000000000000     
              (0.41777359053320107,0.0000000000000000)
   1.5707963267948966        0.0000000000000000     
        (0.69050601622289087,3.86139717041111452E-017)
   3.1415926535897931        0.0000000000000000     
         (1.5151422084160708,3.37943590542933759E-017)
   1.0000000000000000                1           4
               (0.0000000000000000,0.0000000000000000)
  -1.5707963267948966        0.0000000000000000     
        (0.74266332897863807,9.41736965061257292E-017)
   0.0000000000000000        0.0000000000000000     
              (0.45891359856140834,0.0000000000000000)
   1.5707963267948966        0.0000000000000000     
       (0.74266332897863807,-9.41736965061257292E-017)
   3.1415926535897931        0.0000000000000000     
         (1.3826617236420111,2.18139393184779711E-017)
   1.0000000000000000                1           4
               (0.0000000000000000,0.0000000000000000)
  -1.5707963267948966        0.0000000000000000     
        (0.68409939262527009,1.80687784454351994E-017)
   0.0000000000000000        0.0000000000000000     
              (0.46178019051709529,0.0000000000000000)
   1.5707963267948966        0.0000000000000000     
       (0.68409939262527009,-1.80687784454351994E-017)
   3.1415926535897931        0.0000000000000000     
         (1.4965896859579642,3.61375568908703987E-017)
   1.0000000000000000                1           4
               (0.0000000000000000,0.0000000000000000)
  -1.5707963267948966        0.0000000000000000     
        (0.75041516352045678,9.29098212047474973E-017)
   0.0000000000000000        0.0000000000000000     
              (0.48413879463105169,0.0000000000000000)
   1.5707963267948966        0.0000000000000000     
       (0.75041516352045678,-9.29098212047474973E-017)
   3.1415926535897931        0.0000000000000000     
         (1.3316588965372056,1.92861887157215042E-017)
   1.0000000000000000                1           4
               (0.0000000000000000,0.0000000000000000)
  -1.5707963267948966        0.0000000000000000     
        (0.76769569830667572,3.55579971728370313E-017)
   0.0000000000000000        0.0000000000000000     
              (0.48686931030417935,0.0000000000000000)
   1.5707963267948966        0.0000000000000000     
       (0.76769569830667572,-3.55579971728370313E-017)
   3.1415926535897931        0.0000000000000000     
         (1.3033685142797664,1.56048431144162387E-017)
   1.0000000000000000                1           4
               (0.0000000000000000,0.0000000000000000)
  -1.5707963267948966        0.0000000000000000     
        (0.71581994684963679,1.38622189184671025E-017)
   0.0000000000000000        0.0000000000000000     
              (0.48528037832550447,0.0000000000000000)
   1.5707963267948966        0.0000000000000000     
       (0.71581994684963679,-1.38622189184671025E-017)
   3.1415926535897931        0.0000000000000000     
         (1.3991339456215277,2.77244378369342049E-017)
   1.0000000000000000                1           4
               (0.0000000000000000,0.0000000000000000)
  -1.5707963267948966        0.0000000000000000     
        (0.72894191363321637,4.02345999103787884E-017)
   0.0000000000000000        0.0000000000000000     
              (0.48074396670884556,0.0000000000000000)
   1.5707963267948966        0.0000000000000000     
       (0.72894191363321637,-4.02345999103787884E-017)
   3.1415926535897931        0.0000000000000000     
         (1.3847357258613877,2.49580485894997466E-017)
   1.0000000000000000                1           4
               (0.0000000000000000,0.0000000000000000)
  -1.5707963267948966        0.0000000000000000     
       (0.65385141340450237,-3.43273562204964201E-017)
   0.0000000000000000        0.0000000000000000     
              (0.47399091691459305,0.0000000000000000)
   1.5707963267948966        0.0000000000000000     
        (0.65385141340450237,3.43273562204964201E-017)
   3.1415926535897931        0.0000000000000000     
         (1.5256271633539527,4.23675900215228138E-017)
   1.0000000000000000                1           4
               (0.0000000000000000,0.0000000000000000)
  -1.5707963267948966        0.0000000000000000     
       (0.75658786020436797,-1.87547671539519130E-017)
   0.0000000000000000        0.0000000000000000     
              (0.50026040990385767,0.0000000000000000)
   1.5707963267948966        0.0000000000000000     
        (0.75658786020436797,1.87547671539519130E-017)
   3.1415926535897931        0.0000000000000000     
         (1.3069040252247048,1.80016169233540040E-017)
   1.0000000000000000                1           4
               (0.0000000000000000,0.0000000000000000)
  -1.5707963267948966        0.0000000000000000     
       (0.69194010865285094,-3.89234518139598109E-017)
   0.0000000000000000        0.0000000000000000     
              (0.44881659821833669,0.0000000000000000)
   1.5707963267948966        0.0000000000000000     
        (0.69194010865285094,3.89234518139598109E-017)
   3.1415926535897931        0.0000000000000000     
         (1.4768589980928717,3.31753988345960384E-017)
   1.0000000000000000                1           4
               (0.0000000000000000,0.0000000000000000)
  -1.5707963267948966        0.0000000000000000     
        (0.72317874402167581,1.33528002327465202E-017)
   0.0000000000000000        0.0000000000000000     
              (0.43087997444213733,0.0000000000000000)
   1.5707963267948966        0.0000000000000000     
       (0.72317874402167581,-1.33528002327465202E-017)
   3.1415926535897931        0.0000000000000000     
         (1.4516130668739868,2.67056004654930404E-017)
   1.0000000000000000                1           4
               (0.0000000000000000,0.0000000000000000)
  -1.5707963267948966        0.0000000000000000     
       (0.69292335257125459,-3.90365379094199897E-017)
   0.0000000000000000        0.0000000000000000     
              (0.48224065818286344,0.0000000000000000)
   1.5707963267948966        0.0000000000000000     
        (0.69292335257125459,3.90365379094199897E-017)
   3.1415926535897931        0.0000000000000000     
         (1.4417077537801954,3.29492266436756809E-017)
   1.0000000000000000                1           4
               (0.0000000000000000,0.0000000000000000)
  -1.5707963267948966        0.0000000000000000     
        (0.73073056608048370,1.21753047018474472E-017)
   0.0000000000000000        0.0000000000000000     
              (0.42846236470353927,0.0000000000000000)
   1.5707963267948966        0.0000000000000000     
       (0.73073056608048370,-1.21753047018474472E-017)
   3.1415926535897931        0.0000000000000000     
         (1.4306743980253394,2.43506094036948943E-017)
   1.0000000000000000                1           4
               (0.0000000000000000,0.0000000000000000)
  -1.5707963267948966        0.0000000000000000     
        (0.71977393998012174,4.11889165165525945E-017)
   0.0000000000000000        0.0000000000000000     
              (0.48161795527821916,0.0000000000000000)
   1.5707963267948966        0.0000000000000000     
       (0.71977393998012174,-4.11889165165525945E-017)
   3.1415926535897931        0.0000000000000000     
         (1.3966961358141319,2.68666818018473682E-017)
   1.0000000000000000                1           4
               (0.0000000000000000,0.0000000000000000)
  -1.5707963267948966        0.0000000000000000     
       (0.74818982261669498,-1.77678452206935572E-017)
   0.0000000000000000        0.0000000000000000     
              (0.44368076867444817,0.0000000000000000)
   1.5707963267948966        0.0000000000000000     
        (0.74818982261669498,1.77678452206935572E-017)
   3.1415926535897931        0.0000000000000000     
         (1.3789229079086893,1.99754607898707188E-017)
   1.0000000000000000                1           4
               (0.0000000000000000,0.0000000000000000)
  -1.5707963267948966        0.0000000000000000     
        (0.72416312978479280,1.37392340059847815E-017)
   0.0000000000000000        0.0000000000000000     
              (0.45956550632690529,0.0000000000000000)
   1.5707963267948966        0.0000000000000000     
       (0.72416312978479280,-1.37392340059847815E-017)
   3.1415926535897931        0.0000000000000000     
         (1.4375181914052779,2.74784680119695630E-017)
   1.0000000000000000                1           4
               (0.0000000000000000,0.0000000000000000)
  -1.5707963267948966        0.0000000000000000     
       (0.75425565220379998,-4.63606663595315248E-017)
   0.0000000000000000        0.0000000000000000     
              (0.44974736083259115,0.0000000000000000)
   1.5707963267948966        0.0000000000000000     
        (0.75425565220379998,4.63606663595315248E-017)
   3.1415926535897931        0.0000000000000000     
         (1.3576414608509200,1.83009697434526136E-017)
   1.0000000000000000                1           4
               (0.0000000000000000,0.0000000000000000)
  -1.5707963267948966        0.0000000000000000     
       (0.70170910002996967,-1.16564834131891892E-017)
   0.0000000000000000        0.0000000000000000     
              (0.46777236528514765,0.0000000000000000)
   1.5707963267948966        0.0000000000000000     
        (0.70170910002996967,1.16564834131891892E-017)
   3.1415926535897931        0.0000000000000000     
         (1.4614820910292003,3.21981844048794487E-017)
   1.0000000000000000                1           4
               (0.0000000000000000,0.0000000000000000)
  -1.5707963267948966        0.0000000000000000     
        (0.76702274390934488,7.89948659892511722E-018)
   0.0000000000000000        0.0000000000000000     
              (0.47174445431486012,0.0000000000000000)
   1.5707963267948966        0.0000000000000000     
       (0.76702274390934488,-7.89948659892511722E-018)
   3.1415926535897931        0.0000000000000000     
         (1.3203178463326404,1.57989731978502344E-017)
   1.0000000000000000                1           4
               (0.0000000000000000,0.0000000000000000)
  -1.5707963267948966        0.0000000000000000     
       (0.71692351244828578,-4.19465023591531414E-017)
   0.0000000000000000        0.0000000000000000     
              (0.48415259019075296,0.0000000000000000)
   1.5707963267948966        0.0000000000000000     
        (0.71692351244828578,4.19465023591531414E-017)
   3.1415926535897931        0.0000000000000000     
         (1.3927494896506052,2.71292977442093805E-017)
   1.0000000000000000                1           4
               (0.0000000000000000,0.0000000000000000)
  -1.5707963267948966        0.0000000000000000     
        (0.72335118015013267,4.13671644063419244E-017)
   0.0000000000000000        0.0000000000000000     
              (0.46725328259124993,0.0000000000000000)
   1.5707963267948966        0.0000000000000000     
       (0.72335118015013267,-4.13671644063419244E-017)
   3.1415926535897931        0.0000000000000000     
         (1.4240373067458258,2.72231775814260126E-017)
   1.0000000000000000                1           4
               (0.0000000000000000,0.0000000000000000)
  -1.5707963267948966        0.0000000000000000     
        (0.71181040432546772,1.47727233884877888E-017)
   0.0000000000000000        0.0000000000000000     
              (0.44038638407414382,0.0000000000000000)
   1.5707963267948966        0.0000000000000000     
       (0.71181040432546772,-1.47727233884877888E-017)
   3.1415926535897931        0.0000000000000000     
         (1.4657481876886744,2.95454467769755777E-017)
   1.0000000000000000                1           4
               (0.0000000000000000,0.0000000000000000)
  -1.5707963267948966        0.0000000000000000     
       (0.73538137215634913,-1.56609206250189563E-017)
   0.0000000000000000        0.0000000000000000     
              (0.46585595773671123,0.0000000000000000)
   1.5707963267948966        0.0000000000000000     
        (0.73538137215634913,1.56609206250189563E-017)
   3.1415926535897931        0.0000000000000000     
         (1.3999481976679271,2.41893099812199144E-017)
   1.0000000000000000                1           4
               (0.0000000000000000,0.0000000000000000)
  -1.5707963267948966        0.0000000000000000     
        (0.74205094668113603,6.64635208509089880E-017)
   0.0000000000000000        0.0000000000000000     
              (0.49760701038018323,0.0000000000000000)
   1.5707963267948966        0.0000000000000000     
       (0.74205094668113603,-6.64635208509089880E-017)
   3.1415926535897931        0.0000000000000000     
         (1.3442264224684659,2.19047392393023219E-017)
   1.0000000000000000                1           4
               (0.0000000000000000,0.0000000000000000)
  -1.5707963267948966        0.0000000000000000     
        (0.71617032692318794,4.16645627263142713E-017)
   0.0000000000000000        0.0000000000000000     
              (0.45106524813711391,0.0000000000000000)
   1.5707963267948966        0.0000000000000000     
       (0.71617032692318794,-4.16645627263142713E-017)
   3.1415926535897931        0.0000000000000000     
         (1.4355774010394855,2.78179742213707032E-017)
   1.0000000000000000                1           4
               (0.0000000000000000,0.0000000000000000)
  -1.5707963267948966        0.0000000000000000     
        (0.73033513917526027,1.21454976946267159E-017)
   0.0000000000000000        0.0000000000000000     
              (0.49865703752452423,0.0000000000000000)
   1.5707963267948966        0.0000000000000000     
       (0.73033513917526027,-1.21454976946267159E-017)
   3.1415926535897931        0.0000000000000000     
         (1.3587153006552593,2.42909953892534317E-017)
   1.0000000000000000                1           4
               (0.0000000000000000,0.0000000000000000)
  -1.5707963267948966        0.0000000000000000     
       (0.70939004383858328,-4.05850792617994544E-017)
   0.0000000000000000        0.0000000000000000     
              (0.47809593422486024,0.0000000000000000)
   1.5707963267948966        0.0000000000000000     
        (0.70939004383858328,4.05850792617994544E-017)
   3.1415926535897931        0.0000000000000000     
         (1.4282066613247963,2.98521439389167576E-017)
   1.0000000000000000                1           4
               (0.0000000000000000,0.0000000000000000)
  -1.5707963267948966        0.0000000000000000     
        (0.76220531834843486,6.36865196633880138E-017)
   0.0000000000000000        0.0000000000000000     
              (0.48597558391679374,0.0000000000000000)
   1.5707963267948966        0.0000000000000000     
       (0.76220531834843486,-6.36865196633880138E-017)
   3.1415926535897931        0.0000000000000000     
         (1.3054628501114272,1.63507368642603551E-017)
   1.0000000000000000                1           4
               (0.0000000000000000,0.0000000000000000)
  -1.5707963267948966        0.0000000000000000     
        (0.72640423024567013,4.07175998568821549E-017)
   0.0000000000000000        0.0000000000000000     
              (0.44921190187189214,0.0000000000000000)
   1.5707963267948966        0.0000000000000000     
       (0.72640423024567013,-4.07175998568821549E-017)
   3.1415926535897931        0.0000000000000000     
         (1.4269683993911026,2.59240484825064797E-017)
   1.0000000000000000                1           4
               (0.0000000000000000,0.0000000000000000)
  -1.5707963267948966        0.0000000000000000     
       (0.73792942290694263,-1.65048277221623083E-017)
   0.0000000000000000        0.0000000000000000     
              (0.45970419918198663,0.0000000000000000)
   1.5707963267948966        0.0000000000000000     
        (0.73792942290694263,1.65048277221623083E-017)
   3.1415926535897931        0.0000000000000000     
         (1.3836319601332221,2.25014957869332136E-017)
   1.0000000000000000                1           4
               (0.0000000000000000,0.0000000000000000)
  -1.5707963267948966        0.0000000000000000     
        (0.72215570863583423,4.12453616302859749E-017)
   0.0000000000000000        0.0000000000000000     
              (0.48621933528952466,0.0000000000000000)
   1.5707963267948966        0.0000000000000000     
       (0.72215570863583423,-4.12453616302859749E-017)
   3.1415926535897931        0.0000000000000000     
         (1.3987019304396475,2.69795720293141197E-017)
   1.0000000000000000                1           4
               (0.0000000000000000,0.0000000000000000)
  -1.5707963267948966        0.0000000000000000     
        (0.72255547093676409,4.10756437147059705E-017)
   0.0000000000000000        0.0000000000000000     
              (0.51905750372969994,0.0000000000000000)
   1.5707963267948966        0.0000000000000000     
       (0.72255547093676409,-4.10756437147059705E-017)
   3.1415926535897931        0.0000000000000000     
         (1.3611198787976071,2.66401361981541108E-017)
   1.0000000000000000                1           4
               (0.0000000000000000,0.0000000000000000)
  -1.5707963267948966        0.0000000000000000     
        (0.73619282905456318,3.90085168981505347E-017)
   0.0000000000000000        0.0000000000000000     
              (0.46247031209314043,0.0000000000000000)
   1.5707963267948966        0.0000000000000000     
       (0.73619282905456318,-3.90085168981505347E-017)
   3.1415926535897931        0.0000000000000000     
         (1.3774643010406136,2.25058825650432362E-017)
   1.0000000000000000                1           4
               (0.0000000000000000,0.0000000000000000)
  -1.5707963267948966        0.0000000000000000     
        (0.75703043408055293,9.12468282619241943E-018)
   0.0000000000000000        0.0000000000000000     
              (0.47481982364583780,0.0000000000000000)
   1.5707963267948966        0.0000000000000000     
       (0.75703043408055293,-9.12468282619241943E-018)
   3.1415926535897931        0.0000000000000000     
         (1.3372758030283471,1.82493656523848389E-017)
   1.0000000000000000                1           4
               (0.0000000000000000,0.0000000000000000)
  -1.5707963267948966        0.0000000000000000     
        (0.71529627579472066,1.40540236584033770E-017)
   0.0000000000000000        0.0000000000000000     
              (0.47040800613610129,0.0000000000000000)
   1.5707963267948966        0.0000000000000000     
       (0.71529627579472066,-1.40540236584033770E-017)
   3.1415926535897931        0.0000000000000000     
         (1.4192237939350518,2.81080473168067541E-017)
   1.0000000000000000                1           4
               (0.0000000000000000,0.0000000000000000)
  -1.5707963267948966        0.0000000000000000     
        (0.72354338509769822,6.85008083703431063E-017)
   0.0000000000000000        0.0000000000000000     
              (0.44048957773244679,0.0000000000000000)
   1.5707963267948966        0.0000000000000000     
       (0.72354338509769822,-6.85008083703431063E-017)
   3.1415926535897931        0.0000000000000000     
         (1.4308715921716393,2.59793142781705616E-017)
   1.0000000000000000                1           4
               (0.0000000000000000,0.0000000000000000)
  -1.5707963267948966        0.0000000000000000     
        (0.75744019726779976,3.71927413623977580E-017)
   0.0000000000000000        0.0000000000000000     
              (0.41592199249915940,0.0000000000000000)
   1.5707963267948966        0.0000000000000000     
       (0.75744019726779976,-3.71927413623977580E-017)
   3.1415926535897931        0.0000000000000000     
         (1.4071996272889575,1.88743314935376859E-017)
   1.0000000000000000                1           4
               (0.0000000000000000,0.0000000000000000)
  -1.5707963267948966        0.0000000000000000     
        (0.71862426891623166,4.14787983023192224E-017)
   0.0000000000000000        0.0000000000000000     
              (0.44280495697767286,0.0000000000000000)
   1.5707963267948966        0.0000000000000000     
       (0.71862426891623166,-4.14787983023192224E-017)
   3.1415926535897931        0.0000000000000000     
         (1.4426780496418710,2.74464453733806178E-017)
   1.0000000000000000                1           4
               (0.0000000000000000,0.0000000000000000)
  -1.5707963267948966        0.0000000000000000     
       (0.71427350375304999,-1.39778509683534930E-017)
   0.0000000000000000        0.0000000000000000     
              (0.44598625966092992,0.0000000000000000)
   1.5707963267948966        0.0000000000000000     
        (0.71427350375304999,1.39778509683534930E-017)
   3.1415926535897931        0.0000000000000000     
         (1.4325753857593182,2.75554492945508410E-017)
   1.0000000000000000                1           4
               (0.0000000000000000,0.0000000000000000)
  -1.5707963267948966        0.0000000000000000     
       (0.72300145173512442,-1.44641007677912655E-017)
   0.0000000000000000        0.0000000000000000     
              (0.48029596240420852,0.0000000000000000)
   1.5707963267948966        0.0000000000000000     
        (0.72300145173512442,1.44641007677912655E-017)
   3.1415926535897931        0.0000000000000000     
         (1.3998394552600657,2.65829496956752961E-017)
   1.0000000000000000                1           4
               (0.0000000000000000,0.0000000000000000)
  -1.5707963267948966        0.0000000000000000     
        (0.73184943022414228,1.22660838633213878E-017)
   0.0000000000000000        0.0000000000000000     
              (0.44783345003181085,0.0000000000000000)
   1.5707963267948966        0.0000000000000000     
       (0.73184943022414228,-1.22660838633213878E-017)
   3.1415926535897931        0.0000000000000000     
         (1.4165061134130117,2.45321677266427757E-017)
   1.0000000000000000                1           4
               (0.0000000000000000,0.0000000000000000)
  -1.5707963267948966        0.0000000000000000     
        (0.73648827495591107,1.18882332822768178E-017)
   0.0000000000000000        0.0000000000000000     
              (0.41328998796752925,0.0000000000000000)
   1.5707963267948966        0.0000000000000000     
       (0.73648827495591107,-1.18882332822768178E-017)
   3.1415926535897931        0.0000000000000000     
         (1.4479857283832651,2.37764665645536357E-017)
   1.0000000000000000                1           4
               (0.0000000000000000,0.0000000000000000)
  -1.5707963267948966        0.0000000000000000     
        (0.72525108568150110,4.07351694591836532E-017)
   0.0000000000000000        0.0000000000000000     
              (0.45805011532227652,0.0000000000000000)
   1.5707963267948966        0.0000000000000000     
       (0.72525108568150110,-4.07351694591836532E-017)
   3.1415926535897931        0.0000000000000000     
         (1.4163977635734324,2.59591876871094764E-017)
   1.0000000000000000                1           4
               (0.0000000000000000,0.0000000000000000)
  -1.5707963267948966        0.0000000000000000     
        (0.69403478161287957,1.62146203440971389E-017)
   0.0000000000000000        0.0000000000000000     
              (0.45740267108774640,0.0000000000000000)
   1.5707963267948966        0.0000000000000000     
       (0.69403478161287957,-1.62146203440971389E-017)
   3.1415926535897931        0.0000000000000000     
         (1.4602765838592955,3.24292406881942778E-017)
   1.0000000000000000                1           4
               (0.0000000000000000,0.0000000000000000)
  -1.5707963267948966        0.0000000000000000     
        (0.68579984000257055,7.29331354423208782E-017)
   0.0000000000000000        0.0000000000000000     
              (0.43335458480395850,0.0000000000000000)
   1.5707963267948966        0.0000000000000000     
       (0.68579984000257055,-7.29331354423208782E-017)
   3.1415926535897931        0.0000000000000000     
         (1.5072902835181050,3.48439684221260900E-017)
   1.0000000000000000                1           4
               (0.0000000000000000,0.0000000000000000)
  -1.5707963267948966        0.0000000000000000     
        (0.76130052906382695,8.36110618752269372E-018)
   0.0000000000000000        0.0000000000000000     
              (0.44724599539642262,0.0000000000000000)
   1.5707963267948966        0.0000000000000000     
       (0.76130052906382695,-8.36110618752269372E-018)
   3.1415926535897931        0.0000000000000000     
         (1.3484495155430631,1.67222123750453874E-017)
   1.0000000000000000                1           4
               (0.0000000000000000,0.0000000000000000)
  -1.5707963267948966        0.0000000000000000     
       (0.74005751954062393,-4.45422172852051071E-017)
   0.0000000000000000        0.0000000000000000     
              (0.46668319542820647,0.0000000000000000)
   1.5707963267948966        0.0000000000000000     
        (0.74005751954062393,4.45422172852051071E-017)
   3.1415926535897931        0.0000000000000000     
         (1.3717044150977951,2.19378678921054521E-017)
   1.0000000000000000                1           4
               (0.0000000000000000,0.0000000000000000)
  -1.5707963267948966        0.0000000000000000     
       (0.72871327245614281,-1.51434463274680699E-017)
   0.0000000000000000        0.0000000000000000     
              (0.45320400989248638,0.0000000000000000)
   1.5707963267948966        0.0000000000000000     
        (0.72871327245614281,1.51434463274680699E-017)
   3.1415926535897931        0.0000000000000000     
         (1.4161659393365997,2.52242585763216841E-017)
   1.0000000000000000                1           4
               (0.0000000000000000,0.0000000000000000)
  -1.5707963267948966        0.0000000000000000     
       (0.72083554958070228,-7.01940531285727733E-017)
   0.0000000000000000        0.0000000000000000     
              (0.44720130157254512,0.0000000000000000)
   1.5707963267948966        0.0000000000000000     
        (0.72083554958070228,7.01940531285727733E-017)
   3.1415926535897931        0.0000000000000000     
         (1.4214557245488830,2.61453474366279344E-017)
   1.0000000000000000                1           4
               (0.0000000000000000,0.0000000000000000)
  -1.5707963267948966        0.0000000000000000     
        (0.73116846011468639,1.25037833479185637E-017)
   0.0000000000000000        0.0000000000000000     
              (0.44844741375236952,0.0000000000000000)
   1.5707963267948966        0.0000000000000000     
       (0.73116846011468639,-1.25037833479185637E-017)
   3.1415926535897931        0.0000000000000000     
         (1.4222940638277162,2.50075666958371274E-017)
   1.0000000000000000                1           4
               (0.0000000000000000,0.0000000000000000)
  -1.5707963267948966        0.0000000000000000     
        (0.74559090991444077,3.77581155818942393E-017)
   0.0000000000000000        0.0000000000000000     
              (0.48515598805015270,0.0000000000000000)
   1.5707963267948966        0.0000000000000000     
       (0.74559090991444077,-3.77581155818942393E-017)
   3.1415926535897931        0.0000000000000000     
         (1.3327335804366924,2.00050799325306486E-017)
   1.0000000000000000                1           4
               (0.0000000000000000,0.0000000000000000)
  -1.5707963267948966        0.0000000000000000     
        (0.76038663819249952,6.42237420494777928E-017)
   0.0000000000000000        0.0000000000000000     
              (0.42335109015163874,0.0000000000000000)
   1.5707963267948966        0.0000000000000000     
       (0.76038663819249952,-6.42237420494777928E-017)
   3.1415926535897931        0.0000000000000000     
         (1.3819969983109657,1.74251816364399286E-017)
   1.0000000000000000                1           4
               (0.0000000000000000,0.0000000000000000)
  -1.5707963267948966        0.0000000000000000     
        (0.71975836463363962,4.12247783523587082E-017)
   0.0000000000000000        0.0000000000000000     
              (0.46508542303890632,0.0000000000000000)
   1.5707963267948966        0.0000000000000000     
       (0.71975836463363962,-4.12247783523587082E-017)
   3.1415926535897931        0.0000000000000000     
         (1.4143688538088699,2.69384054734595925E-017)
   1.0000000000000000                1           4
               (0.0000000000000000,0.0000000000000000)
  -1.5707963267948966        0.0000000000000000     
        (0.71132665150644847,6.98271580637915789E-017)
   0.0000000000000000        0.0000000000000000     
              (0.44121541147150101,0.0000000000000000)
   1.5707963267948966        0.0000000000000000     
       (0.71132665150644847,-6.98271580637915789E-017)
   3.1415926535897931        0.0000000000000000     
         (1.4490341598695737,2.86320136650674914E-017)
   1.0000000000000000                1           4
               (0.0000000000000000,0.0000000000000000)
  -1.5707963267948966        0.0000000000000000     
       (0.74710903315502564,-1.72458358625132127E-017)
   0.0000000000000000        0.0000000000000000     
              (0.50921984475793236,0.0000000000000000)
   1.5707963267948966        0.0000000000000000     
        (0.74710903315502564,1.72458358625132127E-017)
   3.1415926535897931        0.0000000000000000     
         (1.3282723724479686,2.10194795062314015E-017)
   1.0000000000000000                1           4
               (0.0000000000000000,0.0000000000000000)
  -1.5707963267948966        0.0000000000000000     
        (0.73234837825789667,1.14914089899213349E-017)
   0.0000000000000000        0.0000000000000000     
              (0.47675418406974124,0.0000000000000000)
   1.5707963267948966        0.0000000000000000     
       (0.73234837825789667,-1.14914089899213349E-017)
   3.1415926535897931        0.0000000000000000     
         (1.3632804738857847,2.29828179798426698E-017)
   1.0000000000000000                1           4
               (0.0000000000000000,0.0000000000000000)
  -1.5707963267948966        0.0000000000000000     
        (0.69205977899653726,7.23328905830503183E-017)
   0.0000000000000000        0.0000000000000000     
              (0.42631328522053780,0.0000000000000000)
   1.5707963267948966        0.0000000000000000     
       (0.69205977899653726,-7.23328905830503183E-017)
   3.1415926535897931        0.0000000000000000     
         (1.5072459761549142,3.36434787035849825E-017)
   1.0000000000000000                1           4
               (0.0000000000000000,0.0000000000000000)
  -1.5707963267948966        0.0000000000000000     
       (0.71181752746223448,-1.33551203103592504E-017)
   0.0000000000000000        0.0000000000000000     
              (0.47550609400499055,0.0000000000000000)
   1.5707963267948966        0.0000000000000000     
        (0.71181752746223448,1.33551203103592504E-017)
   3.1415926535897931        0.0000000000000000     
         (1.4184835256901804,2.88009106105393324E-017)
   1.0000000000000000                1           4
               (0.0000000000000000,0.0000000000000000)
  -1.5707963267948966        0.0000000000000000     
       (0.74083228170288373,-1.67354808339650588E-017)
   0.0000000000000000        0.0000000000000000     
              (0.47063979148787505,0.0000000000000000)
   1.5707963267948966        0.0000000000000000     
        (0.74083228170288373,1.67354808339650588E-017)
   3.1415926535897931        0.0000000000000000     
         (1.3709683830663957,2.20401895633277125E-017)
   1.0000000000000000                1           4
               (0.0000000000000000,0.0000000000000000)
  -1.5707963267948966        0.0000000000000000     
       (0.70661940186787853,-1.15801652228117131E-017)
   0.0000000000000000        0.0000000000000000     
              (0.48499853337383059,0.0000000000000000)
   1.5707963267948966        0.0000000000000000     
        (0.70661940186787853,1.15801652228117131E-017)
   3.1415926535897931        0.0000000000000000     
         (1.4565692678844497,3.23508207856344009E-017)
   1.0000000000000000                1           4
               (0.0000000000000000,0.0000000000000000)
  -1.5707963267948966        0.0000000000000000     
        (0.73269196589979568,1.24957326161528034E-017)
   0.0000000000000000        0.0000000000000000     
              (0.43915634133152937,0.0000000000000000)
   1.5707963267948966        0.0000000000000000     
       (0.73269196589979568,-1.24957326161528034E-017)
   3.1415926535897931        0.0000000000000000     
         (1.4343691909639051,2.49914652323056067E-017)
   1.0000000000000000                1           4
               (0.0000000000000000,0.0000000000000000)
  -1.5707963267948966        0.0000000000000000     
       (0.74310858347493502,-1.75327116224942556E-017)
   0.0000000000000000        0.0000000000000000     
              (0.46463691736615209,0.0000000000000000)
   1.5707963267948966        0.0000000000000000     
        (0.74310858347493502,1.75327116224942556E-017)
   3.1415926535897931        0.0000000000000000     
         (1.3554843270778074,2.04457279862693158E-017)
   1.0000000000000000                1           4
               (0.0000000000000000,0.0000000000000000)
  -1.5707963267948966        0.0000000000000000     
        (0.71518798617328305,1.38908470726443090E-017)
   0.0000000000000000        0.0000000000000000     
              (0.40866117083460596,0.0000000000000000)
   1.5707963267948966        0.0000000000000000     
       (0.71518798617328305,-1.38908470726443090E-017)
   3.1415926535897931        0.0000000000000000     
         (1.4754242982359347,2.77816941452886179E-017)
   1.0000000000000000                1           4
               (0.0000000000000000,0.0000000000000000)
  -1.5707963267948966        0.0000000000000000     
       (0.73824701035354934,-4.44472750878010298E-017)
   0.0000000000000000        0.0000000000000000     
              (0.45621903026991328,0.0000000000000000)
   1.5707963267948966        0.0000000000000000     
        (0.73824701035354934,4.44472750878010298E-017)
   3.1415926535897931        0.0000000000000000     
         (1.3816486093829876,2.21277522869136067E-017)
   1.0000000000000000                1           4
               (0.0000000000000000,0.0000000000000000)
  -1.5707963267948966        0.0000000000000000     
        (0.80713669818187295,2.55242559551345326E-018)
   0.0000000000000000        0.0000000000000000     
              (0.49188909654994400,0.0000000000000000)
   1.5707963267948966        0.0000000000000000     
       (0.80713669818187295,-2.55242559551345326E-018)
   3.1415926535897931        0.0000000000000000     
         (1.2057528464769069,5.10485119102690653E-018)
   1.0000000000000000                1           4
               (0.0000000000000000,0.0000000000000000)
  -1.5707963267948966        0.0000000000000000     
        (0.75261107600403454,9.65871697573230150E-018)
   0.0000000000000000        0.0000000000000000     
              (0.49596492601285269,0.0000000000000000)
   1.5707963267948966        0.0000000000000000     
       (0.75261107600403454,-9.65871697573230150E-018)
   3.1415926535897931        0.0000000000000000     
         (1.3247348635461274,1.93174339514646030E-017)
   1.0000000000000000                1           4
               (0.0000000000000000,0.0000000000000000)
  -1.5707963267948966        0.0000000000000000     
       (0.70998653216898655,-9.65441096770923969E-017)
   0.0000000000000000        0.0000000000000000     
              (0.43556640816691877,0.0000000000000000)
   1.5707963267948966        0.0000000000000000     
        (0.70998653216898655,9.65441096770923969E-017)
   3.1415926535897931        0.0000000000000000     
         (1.4573003197319616,2.89563855708465267E-017)
   1.0000000000000000                1           4
               (0.0000000000000000,0.0000000000000000)
  -1.5707963267948966        0.0000000000000000     
        (0.73580656882372597,6.69944816745855844E-017)
   0.0000000000000000        0.0000000000000000     
              (0.40702730955929473,0.0000000000000000)
   1.5707963267948966        0.0000000000000000     
       (0.73580656882372597,-6.69944816745855844E-017)
   3.1415926535897931        0.0000000000000000     
         (1.4396598641717986,2.29666608866554993E-017)
   1.0000000000000000                1           4
               (0.0000000000000000,0.0000000000000000)
  -1.5707963267948966        0.0000000000000000     
        (0.67529133245423134,7.46619151878997549E-017)
   0.0000000000000000        0.0000000000000000     
              (0.43523092657222051,0.0000000000000000)
   1.5707963267948966        0.0000000000000000     
       (0.67529133245423134,-7.46619151878997549E-017)
   3.1415926535897931        0.0000000000000000     
         (1.5408631582811740,3.83015279132838373E-017)
   1.0000000000000000                1           4
               (0.0000000000000000,0.0000000000000000)
  -1.5707963267948966        0.0000000000000000     
       (0.74396732806792654,-4.52432357611482151E-017)
   0.0000000000000000        0.0000000000000000     
              (0.38610766567692201,0.0000000000000000)
   1.5707963267948966        0.0000000000000000     
        (0.74396732806792654,4.52432357611482151E-017)
   3.1415926535897931        0.0000000000000000     
         (1.4372025608604064,2.05358309402192270E-017)
   1.0000000000000000                1           4
               (0.0000000000000000,0.0000000000000000)
  -1.5707963267948966        0.0000000000000000     
        (0.68164456047030275,1.81224542886939464E-017)
   0.0000000000000000        0.0000000000000000     
              (0.44396163307928427,0.0000000000000000)
   1.5707963267948966        0.0000000000000000     
       (0.68164456047030275,-1.81224542886939464E-017)
   3.1415926535897931        0.0000000000000000     
         (1.5112517651733268,3.62449085773878928E-017)
   1.0000000000000000                1           4
               (0.0000000000000000,0.0000000000000000)
  -1.5707963267948966        0.0000000000000000     
       (0.73185571010080241,-1.59953081923096322E-017)
   0.0000000000000000        0.0000000000000000     
              (0.49843872352775082,0.0000000000000000)
   1.5707963267948966        0.0000000000000000     
        (0.73185571010080241,1.59953081923096322E-017)
   3.1415926535897931        0.0000000000000000     
         (1.3493921809694809,2.35205348466385625E-017)
   1.0000000000000000                1           4
               (0.0000000000000000,0.0000000000000000)
  -1.5707963267948966        0.0000000000000000     
        (0.73164174931238946,1.23521482265497667E-017)
   0.0000000000000000        0.0000000000000000     
              (0.42227548795713082,0.0000000000000000)
   1.5707963267948966        0.0000000000000000     
       (0.73164174931238946,-1.23521482265497667E-017)
   3.1415926535897931        0.0000000000000000     
         (1.4444597890955120,2.47042964530995334E-017)
   1.0000000000000000                1           4
               (0.0000000000000000,0.0000000000000000)
  -1.5707963267948966        0.0000000000000000     
       (0.75949705947155288,-1.92358562997163127E-017)
   0.0000000000000000        0.0000000000000000     
              (0.48154466607611351,0.0000000000000000)
   1.5707963267948966        0.0000000000000000     
        (0.75949705947155288,1.92358562997163127E-017)
   3.1415926535897931        0.0000000000000000     
         (1.3157246036074135,1.70394386318252017E-017)
   1.0000000000000000                1           4
               (0.0000000000000000,0.0000000000000000)
  -1.5707963267948966        0.0000000000000000     
        (0.76133757444669747,8.94486594656170303E-018)
   0.0000000000000000        0.0000000000000000     
              (0.46522351191168498,0.0000000000000000)
   1.5707963267948966        0.0000000000000000     
       (0.76133757444669747,-8.94486594656170303E-018)
   3.1415926535897931        0.0000000000000000     
         (1.3496131304928014,1.78897318931234061E-017)
   1.0000000000000000                1           4
               (0.0000000000000000,0.0000000000000000)
  -1.5707963267948966        0.0000000000000000     
       (0.72967566228272474,-4.27658137350806419E-017)
   0.0000000000000000        0.0000000000000000     
              (0.42259881709924252,0.0000000000000000)
   1.5707963267948966        0.0000000000000000     
        (0.72967566228272474,4.27658137350806419E-017)
   3.1415926535897931        0.0000000000000000     
         (1.4530468220408574,2.54906749923543733E-017)
   1.0000000000000000                1           4
               (0.0000000000000000,0.0000000000000000)
  -1.5707963267948966        0.0000000000000000     
        (0.70808722890585873,1.42724497145410779E-017)
   0.0000000000000000        0.0000000000000000     
              (0.45311390623344078,0.0000000000000000)
   1.5707963267948966        0.0000000000000000     
       (0.70808722890585873,-1.42724497145410779E-017)
   3.1415926535897931        0.0000000000000000     
         (1.4292341364675072,2.85448994290821558E-017)
   1.0000000000000000                1           4
               (0.0000000000000000,0.0000000000000000)
  -1.5707963267948966        0.0000000000000000     
       (0.69652704263162357,-1.13738806678205205E-017)
   0.0000000000000000        0.0000000000000000     
              (0.47095336576299768,0.0000000000000000)
   1.5707963267948966        0.0000000000000000     
        (0.69652704263162357,1.13738806678205205E-017)
   3.1415926535897931        0.0000000000000000     
         (1.4571674819076299,3.27633898956167860E-017)
   1.0000000000000000                1           4
               (0.0000000000000000,0.0000000000000000)
  -1.5707963267948966        0.0000000000000000     
        (0.70954537127895223,7.05113298327804879E-017)
   0.0000000000000000        0.0000000000000000     
              (0.43647053595249452,0.0000000000000000)
   1.5707963267948966        0.0000000000000000     
       (0.70954537127895223,-7.05113298327804879E-017)
   3.1415926535897931        0.0000000000000000     
         (1.4725632207697019,3.00003572030453094E-017)
   1.0000000000000000                1           4
               (0.0000000000000000,0.0000000000000000)
  -1.5707963267948966        0.0000000000000000     
       (0.74126086276953351,-4.49010440044879177E-017)
   0.0000000000000000        0.0000000000000000     
              (0.44692162606448549,0.0000000000000000)
   1.5707963267948966        0.0000000000000000     
        (0.74126086276953351,4.49010440044879177E-017)
   3.1415926535897931        0.0000000000000000     
         (1.3821525008414763,2.12202144535398247E-017)
   1.0000000000000000                1           4
               (0.0000000000000000,0.0000000000000000)
  -1.5707963267948966        0.0000000000000000     
        (0.71515392538124478,1.39867339861415181E-017)
   0.0000000000000000        0.0000000000000000     
              (0.42247132104757712,0.0000000000000000)
   1.5707963267948966        0.0000000000000000     
       (0.71515392538124478,-1.39867339861415181E-017)
   3.1415926535897931        0.0000000000000000     
         (1.4646779307092115,2.79734679722830363E-017)
   1.0000000000000000                1           4
               (0.0000000000000000,0.0000000000000000)
  -1.5707963267948966        0.0000000000000000     
        (0.70316140089806289,1.60235193283765832E-017)
   0.0000000000000000        0.0000000000000000     
              (0.40082916957592196,0.0000000000000000)
   1.5707963267948966        0.0000000000000000     
       (0.70316140089806289,-1.60235193283765832E-017)
   3.1415926535897931        0.0000000000000000     
         (1.5288614910847445,3.20470386567531664E-017)
   1.0000000000000000                1           4
               (0.0000000000000000,0.0000000000000000)
  -1.5707963267948966        0.0000000000000000     
        (0.70181021830803747,1.58069592961263775E-017)
   0.0000000000000000        0.0000000000000000     
              (0.43127912732640472,0.0000000000000000)
   1.5707963267948966        0.0000000000000000     
       (0.70181021830803747,-1.58069592961263775E-017)
   3.1415926535897931        0.0000000000000000     
         (1.4886357807121831,3.16139185922527550E-017)
   1.0000000000000000                1           4
               (0.0000000000000000,0.0000000000000000)
  -1.5707963267948966        0.0000000000000000     
        (0.66918743156049720,1.97307047800304799E-017)
   0.0000000000000000        0.0000000000000000     
              (0.42217672486611846,0.0000000000000000)
   1.5707963267948966        0.0000000000000000     
       (0.66918743156049720,-1.97307047800304799E-017)
   3.1415926535897931        0.0000000000000000     
         (1.5606518629947035,3.94614095600609598E-017)
   1.0000000000000000                1           4
               (0.0000000000000000,0.0000000000000000)
  -1.5707963267948966        0.0000000000000000     
        (0.74086503084287703,1.10919308902813077E-017)
   0.0000000000000000        0.0000000000000000     
              (0.45884310770727765,0.0000000000000000)
   1.5707963267948966        0.0000000000000000     
       (0.74086503084287703,-1.10919308902813077E-017)
   3.1415926535897931        0.0000000000000000     
         (1.3851769104950471,2.21838617805626155E-017)
   1.0000000000000000                1           4
               (0.0000000000000000,0.0000000000000000)
  -1.5707963267948966        0.0000000000000000     
        (0.71916989025970413,1.38386437195099816E-017)
   0.0000000000000000        0.0000000000000000     
              (0.44305088421941741,0.0000000000000000)
   1.5707963267948966        0.0000000000000000     
       (0.71916989025970413,-1.38386437195099816E-017)
   3.1415926535897931        0.0000000000000000     
         (1.4472933021138135,2.76772874390199633E-017)
   1.0000000000000000                1           4
               (0.0000000000000000,0.0000000000000000)
  -1.5707963267948966        0.0000000000000000     
       (0.77503771183148473,-2.09101338402672313E-017)
   0.0000000000000000        0.0000000000000000     
              (0.44498944220461034,0.0000000000000000)
   1.5707963267948966        0.0000000000000000     
        (0.77503771183148473,2.09101338402672313E-017)
   3.1415926535897931        0.0000000000000000     
         (1.3286750776819478,1.36908835507233661E-017)
   1.0000000000000000                1           4
               (0.0000000000000000,0.0000000000000000)
  -1.5707963267948966        0.0000000000000000     
        (0.72503396892281757,1.31249125302420007E-017)
   0.0000000000000000        0.0000000000000000     
              (0.42659812840363581,0.0000000000000000)
   1.5707963267948966        0.0000000000000000     
       (0.72503396892281757,-1.31249125302420007E-017)
   3.1415926535897931        0.0000000000000000     
         (1.4521619854842698,2.62498250604840014E-017)
   1.0000000000000000                1           4
               (0.0000000000000000,0.0000000000000000)
  -1.5707963267948966        0.0000000000000000     
        (0.69791404615333763,1.57015689757707577E-017)
   0.0000000000000000        0.0000000000000000     
              (0.41481300758037587,0.0000000000000000)
   1.5707963267948966        0.0000000000000000     
       (0.69791404615333763,-1.57015689757707577E-017)
   3.1415926535897931        0.0000000000000000     
         (1.4938672470543373,3.14031379515415153E-017)
   1.0000000000000000                1           4
               (0.0000000000000000,0.0000000000000000)
  -1.5707963267948966        0.0000000000000000     
        (0.73761594954201959,3.84516028214010218E-017)
   0.0000000000000000        0.0000000000000000     
              (0.41577179902968003,0.0000000000000000)
   1.5707963267948966        0.0000000000000000     
       (0.73761594954201959,-3.84516028214010218E-017)
   3.1415926535897931        0.0000000000000000     
         (1.4088188609058667,2.13920544115442042E-017)
   1.0000000000000000                1           4
               (0.0000000000000000,0.0000000000000000)
  -1.5707963267948966        0.0000000000000000     
        (0.72504158163648713,4.04539188962110484E-017)
   0.0000000000000000        0.0000000000000000     
              (0.48037131103086333,0.0000000000000000)
   1.5707963267948966        0.0000000000000000     
       (0.72504158163648713,-4.04539188962110484E-017)
   3.1415926535897931        0.0000000000000000     
         (1.3844712192505648,2.53966865611642666E-017)
   1.0000000000000000                1           4
               (0.0000000000000000,0.0000000000000000)
  -1.5707963267948966        0.0000000000000000     
        (0.69345487485069834,1.64125277506137440E-017)
   0.0000000000000000        0.0000000000000000     
              (0.43833506131520994,0.0000000000000000)
   1.5707963267948966        0.0000000000000000     
       (0.69345487485069834,-1.64125277506137440E-017)
   3.1415926535897931        0.0000000000000000     
         (1.4846485265586551,3.28250555012274881E-017)
   1.0000000000000000                1           4
               (0.0000000000000000,0.0000000000000000)
  -1.5707963267948966        0.0000000000000000     
        (0.76177216766042088,8.45896552456114433E-018)
   0.0000000000000000        0.0000000000000000     
              (0.47038731232231584,0.0000000000000000)
   1.5707963267948966        0.0000000000000000     
       (0.76177216766042088,-8.45896552456114433E-018)
   3.1415926535897931        0.0000000000000000     
         (1.3294478043225975,1.69179310491222887E-017)
   1.0000000000000000                1           4
               (0.0000000000000000,0.0000000000000000)
  -1.5707963267948966        0.0000000000000000     
        (0.71888956428019313,1.36373286391417422E-017)
   0.0000000000000000        0.0000000000000000     
              (0.51766819592035596,0.0000000000000000)
   1.5707963267948966        0.0000000000000000     
       (0.71888956428019313,-1.36373286391417422E-017)
   3.1415926535897931        0.0000000000000000     
         (1.3655398889280499,2.72746572782834844E-017)
   1.0000000000000000                1           4
               (0.0000000000000000,0.0000000000000000)
  -1.5707963267948966        0.0000000000000000     
        (0.72515143562654683,1.32942886918464382E-017)
   0.0000000000000000        0.0000000000000000     
              (0.45028948981111394,0.0000000000000000)
   1.5707963267948966        0.0000000000000000     
       (0.72515143562654683,-1.32942886918464382E-017)
   3.1415926535897931        0.0000000000000000     
         (1.4342378027560252,2.65885773836928763E-017)
   1.0000000000000000                1           4
               (0.0000000000000000,0.0000000000000000)
  -1.5707963267948966        0.0000000000000000     
        (0.72561231094382195,1.31023754210803761E-017)
   0.0000000000000000        0.0000000000000000     
              (0.41226011336399138,0.0000000000000000)
   1.5707963267948966        0.0000000000000000     
       (0.72561231094382195,-1.31023754210803761E-017)
   3.1415926535897931        0.0000000000000000     
         (1.4669205667178278,2.62047508421607521E-017)
   1.0000000000000000                1           4
               (0.0000000000000000,0.0000000000000000)
  -1.5707963267948966        0.0000000000000000     
       (0.72293005823575374,-4.26680836024993781E-017)
   0.0000000000000000        0.0000000000000000     
              (0.41508355281947834,0.0000000000000000)
   1.5707963267948966        0.0000000000000000     
        (0.72293005823575374,4.26680836024993781E-017)
   3.1415926535897931        0.0000000000000000     
         (1.4502629866010881,2.56861352575169070E-017)
   1.0000000000000000                1           4
               (0.0000000000000000,0.0000000000000000)
  -1.5707963267948966        0.0000000000000000     
        (0.72823423340707438,1.25127506553543583E-017)
   0.0000000000000000        0.0000000000000000     
              (0.44771926674623952,0.0000000000000000)
   1.5707963267948966        0.0000000000000000     
       (0.72823423340707438,-1.25127506553543583E-017)
   3.1415926535897931        0.0000000000000000     
         (1.4174466519067979,2.50255013107087165E-017)
   1.0000000000000000                1           4
               (0.0000000000000000,0.0000000000000000)
  -1.5707963267948966        0.0000000000000000     
       (0.76828777648039792,-1.02918016081108434E-016)
   0.0000000000000000        0.0000000000000000     
              (0.47883902555930274,0.0000000000000000)
   1.5707963267948966        0.0000000000000000     
        (0.76828777648039792,1.02918016081108434E-016)
   3.1415926535897931        0.0000000000000000     
         (1.3224426087646990,1.62085727628144468E-017)
   1.0000000000000000                1           4
               (0.0000000000000000,0.0000000000000000)
  -1.5707963267948966        0.0000000000000000     
        (0.76440849024003987,9.13637981291894071E-017)
   0.0000000000000000        0.0000000000000000     
              (0.46767452032446566,0.0000000000000000)
   1.5707963267948966        0.0000000000000000     
       (0.76440849024003987,-9.13637981291894071E-017)
   3.1415926535897931        0.0000000000000000     
         (1.3256128784979528,1.61941425646053239E-017)
   1.0000000000000000                1           4
               (0.0000000000000000,0.0000000000000000)
  -1.5707963267948966        0.0000000000000000     
        (0.70632123162367655,4.28730323155585550E-017)
   0.0000000000000000        0.0000000000000000     
              (0.45519889156422011,0.0000000000000000)
   1.5707963267948966        0.0000000000000000     
       (0.70632123162367655,-4.28730323155585550E-017)
   3.1415926535897931        0.0000000000000000     
         (1.4512171792393689,3.02349133998592769E-017)
   1.0000000000000000                1           4
               (0.0000000000000000,0.0000000000000000)
  -1.5707963267948966        0.0000000000000000     
        (0.73201750408179422,3.97742588490330873E-017)
   0.0000000000000000        0.0000000000000000     
              (0.47231811851782823,0.0000000000000000)
   1.5707963267948966        0.0000000000000000     
       (0.73201750408179422,-3.97742588490330873E-017)
   3.1415926535897931        0.0000000000000000     
         (1.3842768748356795,2.40373664668083506E-017)
   1.0000000000000000                1           4
               (0.0000000000000000,0.0000000000000000)
  -1.5707963267948966        0.0000000000000000     
       (0.69382717601155275,-1.49449709143973106E-016)
   0.0000000000000000        0.0000000000000000     
              (0.41399836947531665,0.0000000000000000)
   1.5707963267948966        0.0000000000000000     
        (0.69382717601155275,1.49449709143973106E-016)
   3.1415926535897931        0.0000000000000000     
         (1.5316534251310630,3.41674890996007984E-017)
   1.0000000000000000                1           4
               (0.0000000000000000,0.0000000000000000)
  -1.5707963267948966        0.0000000000000000     
        (0.79109636200013544,4.72898080673095953E-018)
   0.0000000000000000        0.0000000000000000     
              (0.48595876700570545,0.0000000000000000)
   1.5707963267948966        0.0000000000000000     
       (0.79109636200013544,-4.72898080673095953E-018)
   3.1415926535897931        0.0000000000000000     
         (1.2506941918973458,9.45796161346191906E-018)
   1.0000000000000000                1           4
               (0.0000000000000000,0.0000000000000000)
  -1.5707963267948966        0.0000000000000000     
        (0.74094712272238972,1.10450260884190992E-017)
   0.0000000000000000        0.0000000000000000     
              (0.47058890654874219,0.0000000000000000)
   1.5707963267948966        0.0000000000000000     
       (0.74094712272238972,-1.10450260884190992E-017)
   3.1415926535897931        0.0000000000000000     
         (1.3720632683205563,2.20900521768381984E-017)
   1.0000000000000000                1           4
               (0.0000000000000000,0.0000000000000000)
  -1.5707963267948966        0.0000000000000000     
        (0.72485345152838621,6.80424316962858035E-017)
   0.0000000000000000        0.0000000000000000     
              (0.45972311329516913,0.0000000000000000)
   1.5707963267948966        0.0000000000000000     
       (0.72485345152838621,-6.80424316962858035E-017)
   3.1415926535897931        0.0000000000000000     
         (1.3992864711143898,2.50625609300559406E-017)
   1.0000000000000000                1           4
               (0.0000000000000000,0.0000000000000000)
  -1.5707963267948966        0.0000000000000000     
        (0.72314979961370818,1.34787563049091514E-017)
   0.0000000000000000        0.0000000000000000     
              (0.40784103271664929,0.0000000000000000)
   1.5707963267948966        0.0000000000000000     
       (0.72314979961370818,-1.34787563049091514E-017)
   3.1415926535897931        0.0000000000000000     
         (1.4787081573084921,2.69575126098183028E-017)
   1.0000000000000000                1           4
               (0.0000000000000000,0.0000000000000000)
  -1.5707963267948966        0.0000000000000000     
       (0.74873702661358155,-1.73781657499360174E-017)
   0.0000000000000000        0.0000000000000000     
              (0.44604232049237363,0.0000000000000000)
   1.5707963267948966        0.0000000000000000     
        (0.74873702661358155,1.73781657499360174E-017)
   3.1415926535897931        0.0000000000000000     
         (1.3903836615004730,2.07548197313857984E-017)
   1.0000000000000000                1           4
               (0.0000000000000000,0.0000000000000000)
  -1.5707963267948966        0.0000000000000000     
        (0.69188549817549272,7.22671656342563400E-017)
   0.0000000000000000        0.0000000000000000     
              (0.41045061294524643,0.0000000000000000)
   1.5707963267948966        0.0000000000000000     
       (0.69188549817549272,-7.22671656342563400E-017)
   3.1415926535897931        0.0000000000000000     
         (1.5206133470476546,3.35120288059970259E-017)
   1.0000000000000000                1           4
               (0.0000000000000000,0.0000000000000000)
  -1.5707963267948966        0.0000000000000000     
        (0.71288703437991308,1.47033478853869405E-017)
   0.0000000000000000        0.0000000000000000     
              (0.48236556896162874,0.0000000000000000)
   1.5707963267948966        0.0000000000000000     
       (0.71288703437991308,-1.47033478853869405E-017)
   3.1415926535897931        0.0000000000000000     
         (1.4236562870173037,2.94066957707738810E-017)
   1.0000000000000000                1           4
               (0.0000000000000000,0.0000000000000000)
  -1.5707963267948966        0.0000000000000000     
        (0.67615775233281117,7.41487231975713478E-017)
   0.0000000000000000        0.0000000000000000     
              (0.45219125265246585,0.0000000000000000)
   1.5707963267948966        0.0000000000000000     
       (0.67615775233281117,-7.41487231975713478E-017)
   3.1415926535897931        0.0000000000000000     
         (1.5088735495016967,3.72751439326270230E-017)
   1.0000000000000000                1           4
               (0.0000000000000000,0.0000000000000000)
  -1.5707963267948966        0.0000000000000000     
        (0.79005357458565995,3.33311683437037880E-017)
   0.0000000000000000        0.0000000000000000     
              (0.45725857281999865,0.0000000000000000)
   1.5707963267948966        0.0000000000000000     
       (0.79005357458565995,-3.33311683437037880E-017)
   3.1415926535897931        0.0000000000000000     
         (1.3049612551075740,1.11511854561497520E-017)
   1.0000000000000000                1           4
               (0.0000000000000000,0.0000000000000000)
  -1.5707963267948966        0.0000000000000000     
        (0.72316638096351793,6.83867212861998893E-017)
   0.0000000000000000        0.0000000000000000     
              (0.45512342937280809,0.0000000000000000)
   1.5707963267948966        0.0000000000000000     
       (0.72316638096351793,-6.83867212861998893E-017)
   3.1415926535897931        0.0000000000000000     
         (1.4117573653064153,2.57511401098841215E-017)
   1.0000000000000000                1           4
               (0.0000000000000000,0.0000000000000000)
  -1.5707963267948966        0.0000000000000000     
        (0.75378021866812006,9.82967653658782570E-018)
   0.0000000000000000        0.0000000000000000     
              (0.45660793480336281,0.0000000000000000)
   1.5707963267948966        0.0000000000000000     
       (0.75378021866812006,-9.82967653658782570E-018)
   3.1415926535897931        0.0000000000000000     
         (1.3720141030998856,1.96593530731756514E-017)
   1.0000000000000000                1           4
               (0.0000000000000000,0.0000000000000000)
  -1.5707963267948966        0.0000000000000000     
        (0.71902084322067183,6.90469000621465596E-017)
   0.0000000000000000        0.0000000000000000     
              (0.43910645472575027,0.0000000000000000)
   1.5707963267948966        0.0000000000000000     
       (0.71902084322067183,-6.90469000621465596E-017)
   3.1415926535897931        0.0000000000000000     
         (1.4410463396795499,2.70714976617774498E-017)
   1.0000000000000000                1           4
               (0.0000000000000000,0.0000000000000000)
  -1.5707963267948966        0.0000000000000000     
        (0.76245760132150631,3.62399395384224434E-017)
   0.0000000000000000        0.0000000000000000     
              (0.46061914623623768,0.0000000000000000)
   1.5707963267948966        0.0000000000000000     
       (0.76245760132150631,-3.62399395384224434E-017)
   3.1415926535897931        0.0000000000000000     
         (1.3414164123722885,1.69687278455870628E-017)
   1.0000000000000000                1           4
               (0.0000000000000000,0.0000000000000000)
  -1.5707963267948966        0.0000000000000000     
       (0.74574690258149468,-1.78245487733466342E-017)
   0.0000000000000000        0.0000000000000000     
              (0.45131387992883742,0.0000000000000000)
   1.5707963267948966        0.0000000000000000     
        (0.74574690258149468,1.78245487733466342E-017)
   3.1415926535897931        0.0000000000000000     
         (1.3645518780027919,1.98620536845645617E-017)
   1.0000000000000000                1           4
               (0.0000000000000000,0.0000000000000000)
  -1.5707963267948966        0.0000000000000000     
       (0.71211912813549760,-1.28625642012533747E-017)
   0.0000000000000000        0.0000000000000000     
              (0.50284637923749786,0.0000000000000000)
   1.5707963267948966        0.0000000000000000     
        (0.71211912813549760,1.28625642012533747E-017)
   3.1415926535897931        0.0000000000000000     
         (1.4078345452295726,2.97860228287510776E-017)
   1.0000000000000000                1           4
               (0.0000000000000000,0.0000000000000000)
  -1.5707963267948966        0.0000000000000000     
        (0.69408925920418474,1.63915619960945669E-017)
   0.0000000000000000        0.0000000000000000     
              (0.39189101251621355,0.0000000000000000)
   1.5707963267948966        0.0000000000000000     
       (0.69408925920418474,-1.63915619960945669E-017)
   3.1415926535897931        0.0000000000000000     
         (1.5316765505540784,3.27831239921891337E-017)
   1.0000000000000000                1           4
               (0.0000000000000000,0.0000000000000000)
  -1.5707963267948966        0.0000000000000000     
        (0.71097548457687432,1.43544245979262338E-017)
   0.0000000000000000        0.0000000000000000     
              (0.47046134853953592,0.0000000000000000)
   1.5707963267948966        0.0000000000000000     
       (0.71097548457687432,-1.43544245979262338E-017)
   3.1415926535897931        0.0000000000000000     
         (1.4203407083864696,2.87088491958524676E-017)
   1.0000000000000000                1           4
               (0.0000000000000000,0.0000000000000000)
  -1.5707963267948966        0.0000000000000000     
        (0.74642955789641985,1.02387467842695791E-017)
   0.0000000000000000        0.0000000000000000     
              (0.45080733850254062,0.0000000000000000)
   1.5707963267948966        0.0000000000000000     
       (0.74642955789641985,-1.02387467842695791E-017)
   3.1415926535897931        0.0000000000000000     
         (1.3764746261116307,2.04774935685391582E-017)
   1.0000000000000000                1           4
               (0.0000000000000000,0.0000000000000000)
  -1.5707963267948966        0.0000000000000000     
        (0.70359817490848220,1.56625842091418944E-017)
   0.0000000000000000        0.0000000000000000     
              (0.44634863757929344,0.0000000000000000)
   1.5707963267948966        0.0000000000000000     
       (0.70359817490848220,-1.56625842091418944E-017)
   3.1415926535897931        0.0000000000000000     
         (1.4724265354558199,3.13251684182837888E-017)
   1.0000000000000000                1           4
               (0.0000000000000000,0.0000000000000000)
  -1.5707963267948966        0.0000000000000000     
       (0.77575719417282440,-2.13123173081619918E-017)
   0.0000000000000000        0.0000000000000000     
              (0.48546870794358188,0.0000000000000000)
   1.5707963267948966        0.0000000000000000     
        (0.77575719417282440,2.13123173081619918E-017)
   3.1415926535897931        0.0000000000000000     
         (1.2764984676694806,1.28865166149338465E-017)
   1.0000000000000000                1           4
               (0.0000000000000000,0.0000000000000000)
  -1.5707963267948966        0.0000000000000000     
        (0.73389436223005511,1.10814483767639264E-017)
   0.0000000000000000        0.0000000000000000     
              (0.48731211742100766,0.0000000000000000)
   1.5707963267948966        0.0000000000000000     
       (0.73389436223005511,-1.10814483767639264E-017)
   3.1415926535897931        0.0000000000000000     
         (1.3424241786811226,2.21628967535278528E-017)
   1.0000000000000000                1           4
               (0.0000000000000000,0.0000000000000000)
  -1.5707963267948966        0.0000000000000000     
        (0.70549200266282641,1.53843005520462904E-017)
   0.0000000000000000        0.0000000000000000     
              (0.43862016539775456,0.0000000000000000)
   1.5707963267948966        0.0000000000000000     
       (0.70549200266282641,-1.53843005520462904E-017)
   3.1415926535897931        0.0000000000000000     
         (1.4748532291218255,3.07686011040925808E-017)
   1.0000000000000000                1           4
               (0.0000000000000000,0.0000000000000000)
  -1.5707963267948966        0.0000000000000000     
       (0.74353991288569454,-4.55670125599366427E-017)
   0.0000000000000000        0.0000000000000000     
              (0.50409277450796330,0.0000000000000000)
   1.5707963267948966        0.0000000000000000     
        (0.74353991288569454,4.55670125599366427E-017)
   3.1415926535897931        0.0000000000000000     
         (1.3077872688688508,1.98882773426423717E-017)
   1.0000000000000000                1           4
               (0.0000000000000000,0.0000000000000000)
  -1.5707963267948966        0.0000000000000000     
        (0.73639299859307494,6.74280487566446365E-017)
   0.0000000000000000        0.0000000000000000     
              (0.45822812751186071,0.0000000000000000)
   1.5707963267948966        0.0000000000000000     
       (0.73639299859307494,-6.74280487566446365E-017)
   3.1415926535897931        0.0000000000000000     
         (1.4037932813434766,2.38337950507736158E-017)
   1.0000000000000000                1           4
               (0.0000000000000000,0.0000000000000000)
  -1.5707963267948966        0.0000000000000000     
        (0.74384679422873001,1.21753573185761300E-016)
   0.0000000000000000        0.0000000000000000     
              (0.45983908082671660,0.0000000000000000)
   1.5707963267948966        0.0000000000000000     
       (0.74384679422873001,-1.21753573185761300E-016)
   3.1415926535897931        0.0000000000000000     
         (1.3783644091212690,2.14625414464912984E-017)
   1.0000000000000000                1           4
               (0.0000000000000000,0.0000000000000000)
  -1.5707963267948966        0.0000000000000000     
        (0.75460577409704732,9.13185956035195652E-018)
   0.0000000000000000        0.0000000000000000     
              (0.49947599645102181,0.0000000000000000)
   1.5707963267948966        0.0000000000000000     
       (0.75460577409704732,-9.13185956035195652E-018)
   3.1415926535897931        0.0000000000000000     
         (1.3080047201828195,1.82637191207039130E-017)
   1.0000000000000000                1           4
               (0.0000000000000000,0.0000000000000000)
  -1.5707963267948966        0.0000000000000000     
        (0.72094199446096996,6.84126756980901054E-017)
   0.0000000000000000        0.0000000000000000     
              (0.42775380755286552,0.0000000000000000)
   1.5707963267948966        0.0000000000000000     
       (0.72094199446096996,-6.84126756980901054E-017)
   3.1415926535897931        0.0000000000000000     
         (1.4355259495469628,2.58030489336645506E-017)
   1.0000000000000000                1           4
               (0.0000000000000000,0.0000000000000000)
  -1.5707963267948966        0.0000000000000000     
       (0.70985344839126507,-9.58737224598402999E-017)
   0.0000000000000000        0.0000000000000000     
              (0.45166266755246515,0.0000000000000000)
   1.5707963267948966        0.0000000000000000     
        (0.70985344839126507,9.58737224598402999E-017)
   3.1415926535897931        0.0000000000000000     
         (1.4628344009995053,3.02971600053507206E-017)
   1.0000000000000000                1           4
               (0.0000000000000000,0.0000000000000000)
  -1.5707963267948966        0.0000000000000000     
        (0.71180787707168269,1.45109912990863807E-017)
   0.0000000000000000        0.0000000000000000     
              (0.50959704609865897,0.0000000000000000)
   1.5707963267948966        0.0000000000000000     
       (0.71180787707168269,-1.45109912990863807E-017)
   3.1415926535897931        0.0000000000000000     
         (1.3879836523597366,2.90219825981727615E-017)
   1.0000000000000000                1           4
               (0.0000000000000000,0.0000000000000000)
  -1.5707963267948966        0.0000000000000000     
        (0.73262045531022690,1.15578305009325784E-017)
   0.0000000000000000        0.0000000000000000     
              (0.45981011957209339,0.0000000000000000)
   1.5707963267948966        0.0000000000000000     
       (0.73262045531022690,-1.15578305009325784E-017)
   3.1415926535897931        0.0000000000000000     
         (1.3829381836771444,2.31156610018651568E-017)
   1.0000000000000000                1           4
               (0.0000000000000000,0.0000000000000000)
  -1.5707963267948966        0.0000000000000000     
        (0.75411772562510293,8.70164728720299655E-018)
   0.0000000000000000        0.0000000000000000     
              (0.49090820046035072,0.0000000000000000)
   1.5707963267948966        0.0000000000000000     
       (0.75411772562510293,-8.70164728720299655E-018)
   3.1415926535897931        0.0000000000000000     
         (1.3015446200186458,1.74032945744059931E-017)
   1.0000000000000000                1           4
               (0.0000000000000000,0.0000000000000000)
  -1.5707963267948966        0.0000000000000000     
       (0.72785490087603477,-1.49933898805330565E-017)
   0.0000000000000000        0.0000000000000000     
              (0.48033182223624665,0.0000000000000000)
   1.5707963267948966        0.0000000000000000     
        (0.72785490087603477,1.49933898805330565E-017)
   3.1415926535897931        0.0000000000000000     
         (1.3922225993353949,2.55243714701917201E-017)
   1.0000000000000000                1           4
               (0.0000000000000000,0.0000000000000000)
  -1.5707963267948966        0.0000000000000000     
        (0.73397126475603713,9.50436167485286874E-017)
   0.0000000000000000        0.0000000000000000     
              (0.44250791613992690,0.0000000000000000)
   1.5707963267948966        0.0000000000000000     
       (0.73397126475603713,-9.50436167485286874E-017)
   3.1415926535897931        0.0000000000000000     
         (1.4100970290120356,2.35537798032838784E-017)
   1.0000000000000000                1           4
               (0.0000000000000000,0.0000000000000000)
  -1.5707963267948966        0.0000000000000000     
        (0.71938273582817414,6.85582704880141333E-017)
   0.0000000000000000        0.0000000000000000     
              (0.43033521886050324,0.0000000000000000)
   1.5707963267948966        0.0000000000000000     
       (0.71938273582817414,-6.85582704880141333E-017)
   3.1415926535897931        0.0000000000000000     
         (1.4345815076993886,2.60942385135126125E-017)
   1.0000000000000000                1           4
               (0.0000000000000000,0.0000000000000000)
  -1.5707963267948966        0.0000000000000000     
       (0.69984796654265413,-1.19398132484468672E-017)
   0.0000000000000000        0.0000000000000000     
              (0.49515153652481636,0.0000000000000000)
   1.5707963267948966        0.0000000000000000     
        (0.69984796654265413,1.19398132484468672E-017)
   3.1415926535897931        0.0000000000000000     
         (1.4211263981039115,3.16315247343640988E-017)
   1.0000000000000000                1           4
               (0.0000000000000000,0.0000000000000000)
  -1.5707963267948966        0.0000000000000000     
       (0.76289994720304788,-4.72913603831291593E-017)
   0.0000000000000000        0.0000000000000000     
              (0.46679062251941972,0.0000000000000000)
   1.5707963267948966        0.0000000000000000     
        (0.76289994720304788,4.72913603831291593E-017)
   3.1415926535897931        0.0000000000000000     
         (1.3274880154346642,1.64395816962573478E-017)
   1.0000000000000000                1           4
               (0.0000000000000000,0.0000000000000000)
  -1.5707963267948966        0.0000000000000000     
        (0.76118467592260586,3.68037115092551602E-017)
   0.0000000000000000        0.0000000000000000     
              (0.47002145650414573,0.0000000000000000)
   1.5707963267948966        0.0000000000000000     
       (0.76118467592260586,-3.68037115092551602E-017)
   3.1415926535897931        0.0000000000000000     
         (1.3478824412991630,1.80962717872524841E-017)
   1.0000000000000000                1           4
               (0.0000000000000000,0.0000000000000000)
  -1.5707963267948966        0.0000000000000000     
        (0.75024582245292604,3.71889375220694997E-017)
   0.0000000000000000        0.0000000000000000     
              (0.45354368308238652,0.0000000000000000)
   1.5707963267948966        0.0000000000000000     
       (0.75024582245292604,-3.71889375220694997E-017)
   3.1415926535897931        0.0000000000000000     
         (1.3550649442222589,1.88667238128811692E-017)
   1.0000000000000000                1           4
               (0.0000000000000000,0.0000000000000000)
  -1.5707963267948966        0.0000000000000000     
        (0.67162152894790283,1.98903716119836351E-017)
   0.0000000000000000        0.0000000000000000     
              (0.45152442363383938,0.0000000000000000)
   1.5707963267948966        0.0000000000000000     
       (0.67162152894790283,-1.98903716119836351E-017)
   3.1415926535897931        0.0000000000000000     
         (1.5413874735005808,3.97807432239672702E-017)
   1.0000000000000000                1           4
               (0.0000000000000000,0.0000000000000000)
  -1.5707963267948966        0.0000000000000000     
        (0.70779333479861917,1.46038272535138378E-017)
   0.0000000000000000        0.0000000000000000     
              (0.41377102968536317,0.0000000000000000)
   1.5707963267948966        0.0000000000000000     
       (0.70779333479861917,-1.46038272535138378E-017)
   3.1415926535897931        0.0000000000000000     
         (1.4788128366115796,2.92076545070276757E-017)
   1.0000000000000000                1           4
               (0.0000000000000000,0.0000000000000000)
  -1.5707963267948966        0.0000000000000000     
       (0.73346551895122170,-7.11535711032319532E-017)
   0.0000000000000000        0.0000000000000000     
              (0.46626247174314317,0.0000000000000000)
   1.5707963267948966        0.0000000000000000     
        (0.73346551895122170,7.11535711032319532E-017)
   3.1415926535897931        0.0000000000000000     
         (1.3963142577036192,2.42263114873095716E-017)
   1.0000000000000000                1           4
               (0.0000000000000000,0.0000000000000000)
  -1.5707963267948966        0.0000000000000000     
        (0.70557156179698233,1.57421589980732805E-017)
   0.0000000000000000        0.0000000000000000     
              (0.43632631781796233,0.0000000000000000)
   1.5707963267948966        0.0000000000000000     
       (0.70557156179698233,-1.57421589980732805E-017)
   3.1415926535897931        0.0000000000000000     
         (1.4889947388431883,3.14843179961465610E-017)
   1.0000000000000000                1           4
               (0.0000000000000000,0.0000000000000000)
  -1.5707963267948966        0.0000000000000000     
        (0.74645515316454414,3.84007656312765624E-017)
   0.0000000000000000        0.0000000000000000     
              (0.46495577602061677,0.0000000000000000)
   1.5707963267948966        0.0000000000000000     
       (0.74645515316454414,-3.84007656312765624E-017)
   3.1415926535897931        0.0000000000000000     
         (1.3756528225200462,2.12903800312952978E-017)
   1.0000000000000000                1           4
               (0.0000000000000000,0.0000000000000000)
  -1.5707963267948966        0.0000000000000000     
        (0.70608769545454653,1.55328441137502801E-017)
   0.0000000000000000        0.0000000000000000     
              (0.43009294904234618,0.0000000000000000)
   1.5707963267948966        0.0000000000000000     
       (0.70608769545454653,-1.55328441137502801E-017)
   3.1415926535897931        0.0000000000000000     
         (1.4894236319818022,3.10656882275005601E-017)
   1.0000000000000000                1           4
               (0.0000000000000000,0.0000000000000000)
  -1.5707963267948966        0.0000000000000000     
        (0.71642731647420343,1.40124376155002656E-017)
   0.0000000000000000        0.0000000000000000     
              (0.46847053686144663,0.0000000000000000)
   1.5707963267948966        0.0000000000000000     
       (0.71642731647420343,-1.40124376155002656E-017)
   3.1415926535897931        0.0000000000000000     
         (1.4220650413278662,2.80248752310005312E-017)
   1.0000000000000000                1           4
               (0.0000000000000000,0.0000000000000000)
  -1.5707963267948966        0.0000000000000000     
        (0.72636893739733488,4.04378451516817344E-017)
   0.0000000000000000        0.0000000000000000     
              (0.43383937823786711,0.0000000000000000)
   1.5707963267948966        0.0000000000000000     
       (0.72636893739733488,-4.04378451516817344E-017)
   3.1415926535897931        0.0000000000000000     
         (1.4331328552268361,2.53645390721056419E-017)
   1.0000000000000000                1           4
               (0.0000000000000000,0.0000000000000000)
  -1.5707963267948966        0.0000000000000000     
        (0.74629980748921443,1.03001875707823759E-017)
   0.0000000000000000        0.0000000000000000     
              (0.44419409822508155,0.0000000000000000)
   1.5707963267948966        0.0000000000000000     
       (0.74629980748921443,-1.03001875707823759E-017)
   3.1415926535897931        0.0000000000000000     
         (1.3848351739558573,2.06003751415647518E-017)
   1.0000000000000000                1           4
               (0.0000000000000000,0.0000000000000000)
  -1.5707963267948966        0.0000000000000000     
       (0.74872963626486000,-1.73112878343540082E-017)
   0.0000000000000000        0.0000000000000000     
              (0.47362311340045654,0.0000000000000000)
   1.5707963267948966        0.0000000000000000     
        (0.74872963626486000,1.73112878343540082E-017)
   3.1415926535897931        0.0000000000000000     
         (1.3649724863885722,2.08885755625498138E-017)
   1.0000000000000000                1           4
               (0.0000000000000000,0.0000000000000000)
  -1.5707963267948966        0.0000000000000000     
        (0.72207478828626537,1.35212510722779366E-017)
   0.0000000000000000        0.0000000000000000     
              (0.45698393336508081,0.0000000000000000)
   1.5707963267948966        0.0000000000000000     
       (0.72207478828626537,-1.35212510722779366E-017)
   3.1415926535897931        0.0000000000000000     
         (1.4288032184394910,2.70425021445558733E-017)
   1.0000000000000000                1           4
               (0.0000000000000000,0.0000000000000000)
  -1.5707963267948966        0.0000000000000000     
        (0.74241136859961121,6.64977023385277683E-017)
   0.0000000000000000        0.0000000000000000     
              (0.46905387115300051,0.0000000000000000)
   1.5707963267948966        0.0000000000000000     
       (0.74241136859961121,-6.64977023385277683E-017)
   3.1415926535897931        0.0000000000000000     
         (1.3746168576441002,2.19731022145398856E-017)
   1.0000000000000000                1           4
               (0.0000000000000000,0.0000000000000000)
  -1.5707963267948966        0.0000000000000000     
        (0.73598568516742335,6.68582192043297863E-017)
   0.0000000000000000        0.0000000000000000     
              (0.41523913706990856,0.0000000000000000)
   1.5707963267948966        0.0000000000000000     
       (0.73598568516742335,-6.68582192043297863E-017)
   3.1415926535897931        0.0000000000000000     
         (1.4273555993153693,2.26941359461439092E-017)
   1.0000000000000000                1           4
               (0.0000000000000000,0.0000000000000000)
  -1.5707963267948966        0.0000000000000000     
        (0.69685022891189430,1.27493057933085124E-016)
   0.0000000000000000        0.0000000000000000     
              (0.42104711443470699,0.0000000000000000)
   1.5707963267948966        0.0000000000000000     
       (0.69685022891189430,-1.27493057933085124E-016)
   3.1415926535897931        0.0000000000000000     
         (1.5106290432247256,3.29415109411389270E-017)
   1.0000000000000000                1           4
               (0.0000000000000000,0.0000000000000000)
  -1.5707963267948966        0.0000000000000000     
        (0.71892869387404013,1.35940404069991816E-017)
   0.0000000000000000        0.0000000000000000     
              (0.44689487344735696,0.0000000000000000)
   1.5707963267948966        0.0000000000000000     
       (0.71892869387404013,-1.35940404069991816E-017)
   3.1415926535897931        0.0000000000000000     
         (1.4349775696281495,2.71880808139983631E-017)
   1.0000000000000000                1           4
               (0.0000000000000000,0.0000000000000000)
  -1.5707963267948966        0.0000000000000000     
        (0.71441198547788898,1.39945093857339306E-017)
   0.0000000000000000        0.0000000000000000     
              (0.46310194936832888,0.0000000000000000)
   1.5707963267948966        0.0000000000000000     
       (0.71441198547788898,-1.39945093857339306E-017)
   3.1415926535897931        0.0000000000000000     
         (1.4228173864053690,2.79890187714678611E-017)
   1.0000000000000000                1           4
               (0.0000000000000000,0.0000000000000000)
  -1.5707963267948966        0.0000000000000000     
       (0.71713572618902544,-1.37275148885126617E-017)
   0.0000000000000000        0.0000000000000000     
              (0.49119440924100882,0.0000000000000000)
   1.5707963267948966        0.0000000000000000     
        (0.71713572618902544,1.37275148885126617E-017)
   3.1415926535897931        0.0000000000000000     
         (1.4012682779284329,2.80561214542325036E-017)
   1.0000000000000000                1           4
               (0.0000000000000000,0.0000000000000000)
  -1.5707963267948966        0.0000000000000000     
        (0.68713307058878992,1.73679408728350596E-017)
   0.0000000000000000        0.0000000000000000     
              (0.46911787640047486,0.0000000000000000)
   1.5707963267948966        0.0000000000000000     
       (0.68713307058878992,-1.73679408728350596E-017)
   3.1415926535897931        0.0000000000000000     
         (1.4724282637099337,3.47358817456701191E-017)
   1.0000000000000000                1           4
               (0.0000000000000000,0.0000000000000000)
  -1.5707963267948966        0.0000000000000000     
       (0.70934421579249640,-1.31857170462193836E-017)
   0.0000000000000000        0.0000000000000000     
              (0.45450685308349642,0.0000000000000000)
   1.5707963267948966        0.0000000000000000     
        (0.70934421579249640,1.31857170462193836E-017)
   3.1415926535897931        0.0000000000000000     
         (1.4400692737799599,2.91397171388190598E-017)
   1.0000000000000000                1           4
               (0.0000000000000000,0.0000000000000000)
  -1.5707963267948966        0.0000000000000000     
       (0.76220053422093881,-1.96223192616259464E-017)
   0.0000000000000000        0.0000000000000000     
              (0.44631736826069873,0.0000000000000000)
   1.5707963267948966        0.0000000000000000     
        (0.76220053422093881,1.96223192616259464E-017)
   3.1415926535897931        0.0000000000000000     
         (1.3437360126574178,1.62665127080059373E-017)
   1.0000000000000000                1           4
               (0.0000000000000000,0.0000000000000000)
  -1.5707963267948966        0.0000000000000000     
        (0.70792631619421242,7.05764899476166244E-017)
   0.0000000000000000        0.0000000000000000     
              (0.48816569727591014,0.0000000000000000)
   1.5707963267948966        0.0000000000000000     
       (0.70792631619421242,-7.05764899476166244E-017)
   3.1415926535897931        0.0000000000000000     
         (1.4197582401401483,3.01306774327175947E-017)
   1.0000000000000000                1           4
               (0.0000000000000000,0.0000000000000000)
  -1.5707963267948966        0.0000000000000000     
       (0.73591757497349120,-4.36888932052287964E-017)
   0.0000000000000000        0.0000000000000000     
              (0.50234671148718435,0.0000000000000000)
   1.5707963267948966        0.0000000000000000     
        (0.73591757497349120,4.36888932052287964E-017)
   3.1415926535897931        0.0000000000000000     
         (1.3556326894964283,2.36445160520580735E-017)
   1.0000000000000000                1           4
               (0.0000000000000000,0.0000000000000000)
  -1.5707963267948966        0.0000000000000000     
        (0.72635285787690895,4.04562640591792312E-017)
   0.0000000000000000        0.0000000000000000     
              (0.56332868734632990,0.0000000000000000)
   1.5707963267948966        0.0000000000000000     
       (0.72635285787690895,-4.04562640591792312E-017)
   3.1415926535897931        0.0000000000000000     
         (1.3042129942514533,2.54013768871006261E-017)
   1.0000000000000000                1           4
               (0.0000000000000000,0.0000000000000000)
  -1.5707963267948966        0.0000000000000000     
        (0.73675425399056116,1.14848187734446877E-017)
   0.0000000000000000        0.0000000000000000     
              (0.41262377346639684,0.0000000000000000)
   1.5707963267948966        0.0000000000000000     
       (0.73675425399056116,-1.14848187734446877E-017)
   3.1415926535897931        0.0000000000000000     
         (1.4360073831491191,2.29696375468893753E-017)
   1.0000000000000000                1           4
               (0.0000000000000000,0.0000000000000000)
  -1.5707963267948966        0.0000000000000000     
        (0.74370672171528662,1.04317858568498405E-017)
   0.0000000000000000        0.0000000000000000     
              (0.46380325905682174,0.0000000000000000)
   1.5707963267948966        0.0000000000000000     
       (0.74370672171528662,-1.04317858568498405E-017)
   3.1415926535897931        0.0000000000000000     
         (1.3643381677927373,2.08635717136996810E-017)
   1.0000000000000000                1           4
               (0.0000000000000000,0.0000000000000000)
  -1.5707963267948966        0.0000000000000000     
        (0.73179250618016167,1.22727265855086067E-017)
   0.0000000000000000        0.0000000000000000     
              (0.44187754422085745,0.0000000000000000)
   1.5707963267948966        0.0000000000000000     
       (0.73179250618016167,-1.22727265855086067E-017)
   3.1415926535897931        0.0000000000000000     
         (1.4225651389079965,2.45454531710172133E-017)
   1.0000000000000000                1           4
               (0.0000000000000000,0.0000000000000000)
  -1.5707963267948966        0.0000000000000000     
        (0.71502714096181008,1.43746038354881258E-017)
   0.0000000000000000        0.0000000000000000     
              (0.43286170275868302,0.0000000000000000)
   1.5707963267948966        0.0000000000000000     
       (0.71502714096181008,-1.43746038354881258E-017)
   3.1415926535897931        0.0000000000000000     
         (1.4667027708543707,2.87492076709762517E-017)
   1.0000000000000000                1           4
               (0.0000000000000000,0.0000000000000000)
  -1.5707963267948966        0.0000000000000000     
        (0.70452464819018124,9.87618144833041880E-017)
   0.0000000000000000        0.0000000000000000     
              (0.49076662911622176,0.0000000000000000)
   1.5707963267948966        0.0000000000000000     
       (0.70452464819018124,-9.87618144833041880E-017)
   3.1415926535897931        0.0000000000000000     
         (1.4243906372422839,3.09901752728349012E-017)
   1.0000000000000000                1           4
               (0.0000000000000000,0.0000000000000000)
  -1.5707963267948966        0.0000000000000000     
        (0.72026757966845223,1.32894193439702695E-017)
   0.0000000000000000        0.0000000000000000     
              (0.42468015005014015,0.0000000000000000)
   1.5707963267948966        0.0000000000000000     
       (0.72026757966845223,-1.32894193439702695E-017)
   3.1415926535897931        0.0000000000000000     
         (1.4499203856294904,2.65788386879405389E-017)
   1.0000000000000000                1           4
               (0.0000000000000000,0.0000000000000000)
  -1.5707963267948966        0.0000000000000000     
        (0.72128914911018172,1.36121859302423842E-017)
   0.0000000000000000        0.0000000000000000     
              (0.47805986742425810,0.0000000000000000)
   1.5707963267948966        0.0000000000000000     
       (0.72128914911018172,-1.36121859302423842E-017)
   3.1415926535897931        0.0000000000000000     
         (1.4091261638900787,2.72243718604847685E-017)
   1.0000000000000000                1           4
               (0.0000000000000000,0.0000000000000000)
  -1.5707963267948966        0.0000000000000000     
        (0.74156025609159648,1.22002948020069812E-016)
   0.0000000000000000        0.0000000000000000     
              (0.43539925119158301,0.0000000000000000)
   1.5707963267948966        0.0000000000000000     
       (0.74156025609159648,-1.22002948020069812E-016)
   3.1415926535897931        0.0000000000000000     
         (1.4063763626976460,2.19612911151082816E-017)
   1.0000000000000000                1           4
               (0.0000000000000000,0.0000000000000000)
  -1.5707963267948966        0.0000000000000000     
        (0.76608250976779535,3.55603797473714224E-017)
   0.0000000000000000        0.0000000000000000     
              (0.48815478040223115,0.0000000000000000)
   1.5707963267948966        0.0000000000000000     
       (0.76608250976779535,-3.55603797473714224E-017)
   3.1415926535897931        0.0000000000000000     
         (1.2989344878939497,1.56096082634850209E-017)
   1.0000000000000000                1           4
               (0.0000000000000000,0.0000000000000000)
  -1.5707963267948966        0.0000000000000000     
        (0.70750156387863194,1.51669108118172817E-017)
   0.0000000000000000        0.0000000000000000     
              (0.45136933868285567,0.0000000000000000)
   1.5707963267948966        0.0000000000000000     
       (0.70750156387863194,-1.51669108118172817E-017)
   3.1415926535897931        0.0000000000000000     
         (1.4590226905071175,3.03338216236345634E-017)
   1.0000000000000000                1           4
               (0.0000000000000000,0.0000000000000000)
  -1.5707963267948966        0.0000000000000000     
       (0.71558891918850231,-4.20086988602921261E-017)
   0.0000000000000000        0.0000000000000000     
              (0.46868286418843297,0.0000000000000000)
   1.5707963267948966        0.0000000000000000     
        (0.71558891918850231,4.20086988602921261E-017)
   3.1415926535897931        0.0000000000000000     
         (1.4035185372392940,2.70049047419314050E-017)
   1.0000000000000000                1           4
               (0.0000000000000000,0.0000000000000000)
  -1.5707963267948966        0.0000000000000000     
        (0.73986900122221944,1.09699834329416898E-017)
   0.0000000000000000        0.0000000000000000     
              (0.49332424732966940,0.0000000000000000)
   1.5707963267948966        0.0000000000000000     
       (0.73986900122221944,-1.09699834329416898E-017)
   3.1415926535897931        0.0000000000000000     
         (1.3447206054026868,2.19399668658833796E-017)
   1.0000000000000000                1           4
               (0.0000000000000000,0.0000000000000000)
  -1.5707963267948966        0.0000000000000000     
        (0.72822051912552532,1.22641654730857119E-017)
   0.0000000000000000        0.0000000000000000     
              (0.45788457394635573,0.0000000000000000)
   1.5707963267948966        0.0000000000000000     
       (0.72822051912552532,-1.22641654730857119E-017)
   3.1415926535897931        0.0000000000000000     
         (1.3991345079210096,2.45283309461714238E-017)
   1.0000000000000000                1           4
               (0.0000000000000000,0.0000000000000000)
  -1.5707963267948966        0.0000000000000000     
        (0.74936419540250798,6.56333061274967076E-017)
   0.0000000000000000        0.0000000000000000     
              (0.43640516369611615,0.0000000000000000)
   1.5707963267948966        0.0000000000000000     
       (0.74936419540250798,-6.56333061274967076E-017)
   3.1415926535897931        0.0000000000000000     
         (1.3929378958700909,2.02443097924777489E-017)
   1.0000000000000000                1           4
               (0.0000000000000000,0.0000000000000000)
  -1.5707963267948966        0.0000000000000000     
       (0.70676404080721278,-1.25650191707299784E-017)
   0.0000000000000000        0.0000000000000000     
              (0.45887879619755040,0.0000000000000000)
   1.5707963267948966        0.0000000000000000     
        (0.70676404080721278,1.25650191707299784E-017)
   3.1415926535897931        0.0000000000000000     
         (1.4508105118366132,3.03811128897978763E-017)
   1.0000000000000000                1           4
               (0.0000000000000000,0.0000000000000000)
  -1.5707963267948966        0.0000000000000000     
       (0.76541631158092760,-1.98927420369177443E-017)
   0.0000000000000000        0.0000000000000000     
              (0.49569445708175436,0.0000000000000000)
   1.5707963267948966        0.0000000000000000     
        (0.76541631158092760,1.98927420369177443E-017)
   3.1415926535897931        0.0000000000000000     
         (1.2919578004166485,1.57256671574223414E-017)
   1.0000000000000000                1           4
               (0.0000000000000000,0.0000000000000000)
  -1.5707963267948966        0.0000000000000000     
       (0.73829469806297809,-1.64944756047534559E-017)
   0.0000000000000000        0.0000000000000000     
              (0.44490933156497331,0.0000000000000000)
   1.5707963267948966        0.0000000000000000     
        (0.73829469806297809,1.64944756047534559E-017)
   3.1415926535897931        0.0000000000000000     
         (1.3994955038767392,2.25222000217509153E-017)
   1.0000000000000000                1           4
               (0.0000000000000000,0.0000000000000000)
  -1.5707963267948966        0.0000000000000000     
        (0.67867250610170970,1.85262077070754463E-017)
   0.0000000000000000        0.0000000000000000     
              (0.45168772628370035,0.0000000000000000)
   1.5707963267948966        0.0000000000000000     
       (0.67867250610170970,-1.85262077070754463E-017)
   3.1415926535897931        0.0000000000000000     
         (1.5107691506622429,3.70524154141508926E-017)
   1.0000000000000000                1           4
               (0.0000000000000000,0.0000000000000000)
  -1.5707963267948966        0.0000000000000000     
       (0.68746645891204106,-3.80460652956816856E-017)
   0.0000000000000000        0.0000000000000000     
              (0.45703520210691662,0.0000000000000000)
   1.5707963267948966        0.0000000000000000     
        (0.68746645891204106,3.80460652956816856E-017)
   3.1415926535897931        0.0000000000000000     
         (1.4883507131932054,3.49301718711522890E-017)
   1.0000000000000000                1           4
               (0.0000000000000000,0.0000000000000000)
  -1.5707963267948966        0.0000000000000000     
        (0.73867638427042104,3.88963964132686954E-017)
   0.0000000000000000        0.0000000000000000     
              (0.48734983873719301,0.0000000000000000)
   1.5707963267948966        0.0000000000000000     
       (0.73867638427042104,-3.88963964132686954E-017)
   3.1415926535897931        0.0000000000000000     
         (1.3538897518782735,2.22816415952795607E-017)
   1.0000000000000000                1           4
               (0.0000000000000000,0.0000000000000000)
  -1.5707963267948966        0.0000000000000000     
        (0.72229260945709717,6.85774481281708146E-017)
   0.0000000000000000        0.0000000000000000     
              (0.42159979558288574,0.0000000000000000)
   1.5707963267948966        0.0000000000000000     
       (0.72229260945709717,-6.85774481281708146E-017)
   3.1415926535897931        0.0000000000000000     
         (1.4497630674981088,2.61325937938259783E-017)
   1.0000000000000000                1           4
               (0.0000000000000000,0.0000000000000000)
  -1.5707963267948966        0.0000000000000000     
       (0.67029290022119459,-3.57491195142375550E-017)
   0.0000000000000000        0.0000000000000000     
              (0.47137826187232712,0.0000000000000000)
   1.5707963267948966        0.0000000000000000     
        (0.67029290022119459,3.57491195142375550E-017)
   3.1415926535897931        0.0000000000000000     
         (1.5146844787222551,3.95240634340405502E-017)
   1.0000000000000000                1           4
               (0.0000000000000000,0.0000000000000000)
  -1.5707963267948966        0.0000000000000000     
       (0.75564210677487698,-4.67403119977930364E-017)
   0.0000000000000000        0.0000000000000000     
              (0.47497613778450459,0.0000000000000000)
   1.5707963267948966        0.0000000000000000     
        (0.75564210677487698,4.67403119977930364E-017)
   3.1415926535897931        0.0000000000000000     
         (1.3227854254654696,1.75416784669295905E-017)
   1.0000000000000000                1           4
               (0.0000000000000000,0.0000000000000000)
  -1.5707963267948966        0.0000000000000000     
       (0.71946649143837482,-1.42505051183155792E-017)
   0.0000000000000000        0.0000000000000000     
              (0.50235912154333140,0.0000000000000000)
   1.5707963267948966        0.0000000000000000     
        (0.71946649143837482,1.42505051183155792E-017)
   3.1415926535897931        0.0000000000000000     
         (1.3776829388802210,2.70101409946266717E-017)
   1.0000000000000000                1           4
               (0.0000000000000000,0.0000000000000000)
  -1.5707963267948966        0.0000000000000000     
       (0.74317422797097621,-7.27453049510721779E-017)
   0.0000000000000000        0.0000000000000000     
              (0.43996659157995655,0.0000000000000000)
   1.5707963267948966        0.0000000000000000     
        (0.74317422797097621,7.27453049510721779E-017)
   3.1415926535897931        0.0000000000000000     
         (1.3900375829949922,2.10428437916291345E-017)
   1.0000000000000000                1           4
               (0.0000000000000000,0.0000000000000000)
  -1.5707963267948966        0.0000000000000000     
        (0.69320161378980116,1.70540645875444264E-017)
   0.0000000000000000        0.0000000000000000     
              (0.45302990084962191,0.0000000000000000)
   1.5707963267948966        0.0000000000000000     
       (0.69320161378980116,-1.70540645875444264E-017)
   3.1415926535897931        0.0000000000000000     
         (1.4904013481780629,3.41081291750888528E-017)
   1.0000000000000000                1           4
               (0.0000000000000000,0.0000000000000000)
  -1.5707963267948966        0.0000000000000000     
        (0.73584317721309289,9.48481679254323165E-017)
   0.0000000000000000        0.0000000000000000     
              (0.44933637110158198,0.0000000000000000)
   1.5707963267948966        0.0000000000000000     
       (0.73584317721309289,-9.48481679254323165E-017)
   3.1415926535897931        0.0000000000000000     
         (1.4006285559419176,2.31628821570911396E-017)
   1.0000000000000000                1           4
               (0.0000000000000000,0.0000000000000000)
  -1.5707963267948966        0.0000000000000000     
        (0.72788666180810313,1.27379152836387898E-017)
   0.0000000000000000        0.0000000000000000     
              (0.42239161510362566,0.0000000000000000)
   1.5707963267948966        0.0000000000000000     
       (0.72788666180810313,-1.27379152836387898E-017)
   3.1415926535897931        0.0000000000000000     
         (1.4494335952282418,2.54758305672775796E-017)
   1.0000000000000000                1           4
               (0.0000000000000000,0.0000000000000000)
  -1.5707963267948966        0.0000000000000000     
       (0.71182631303413768,-4.06563331508880715E-017)
   0.0000000000000000        0.0000000000000000     
              (0.45009622371802188,0.0000000000000000)
   1.5707963267948966        0.0000000000000000     
        (0.71182631303413768,4.06563331508880715E-017)
   3.1415926535897931        0.0000000000000000     
         (1.4587515815876388,2.97096361607395171E-017)
   1.0000000000000000                1           4
               (0.0000000000000000,0.0000000000000000)
  -1.5707963267948966        0.0000000000000000     
        (0.72106945996857041,1.33034528638809738E-017)
   0.0000000000000000        0.0000000000000000     
              (0.42882922408164592,0.0000000000000000)
   1.5707963267948966        0.0000000000000000     
       (0.72106945996857041,-1.33034528638809738E-017)
   3.1415926535897931        0.0000000000000000     
         (1.4478334417434802,2.66069057277619476E-017)
   1.0000000000000000                1           4
               (0.0000000000000000,0.0000000000000000)
  -1.5707963267948966        0.0000000000000000     
        (0.73400883177596621,6.68179710040044153E-017)
   0.0000000000000000        0.0000000000000000     
              (0.48457368558133507,0.0000000000000000)
   1.5707963267948966        0.0000000000000000     
       (0.73400883177596621,-6.68179710040044153E-017)
   3.1415926535897931        0.0000000000000000     
         (1.3527527380349305,2.26136395454931612E-017)
   1.0000000000000000                1           4
               (0.0000000000000000,0.0000000000000000)
  -1.5707963267948966        0.0000000000000000     
        (0.68948679039606020,1.67887036557324068E-017)
   0.0000000000000000        0.0000000000000000     
              (0.45109890998680235,0.0000000000000000)
   1.5707963267948966        0.0000000000000000     
       (0.68948679039606020,-1.67887036557324068E-017)
   3.1415926535897931        0.0000000000000000     
         (1.4762353464685820,3.35774073114648136E-017)
   1.0000000000000000                1           4
               (0.0000000000000000,0.0000000000000000)
  -1.5707963267948966        0.0000000000000000     
        (0.74535585129911008,3.77758937810183380E-017)
   0.0000000000000000        0.0000000000000000     
              (0.47107637509582134,0.0000000000000000)
   1.5707963267948966        0.0000000000000000     
       (0.74535585129911008,-3.77758937810183380E-017)
   3.1415926535897931        0.0000000000000000     
         (1.3469237562106910,2.00406363307788397E-017)
   1.0000000000000000                1           4
               (0.0000000000000000,0.0000000000000000)
  -1.5707963267948966        0.0000000000000000     
        (0.71904392457798871,1.35837821246231269E-017)
   0.0000000000000000        0.0000000000000000     
              (0.45725914748351204,0.0000000000000000)
   1.5707963267948966        0.0000000000000000     
       (0.71904392457798871,-1.35837821246231269E-017)
   3.1415926535897931        0.0000000000000000     
         (1.4245086960702193,2.71675642492462537E-017)
   1.0000000000000000                1           4
               (0.0000000000000000,0.0000000000000000)
  -1.5707963267948966        0.0000000000000000     
       (0.78108692946629965,-7.68485876478467226E-017)
   0.0000000000000000        0.0000000000000000     
              (0.43193496789116148,0.0000000000000000)
   1.5707963267948966        0.0000000000000000     
        (0.78108692946629965,7.68485876478467226E-017)
   3.1415926535897931        0.0000000000000000     
         (1.3398712259647341,1.28362783980800513E-017)
   1.0000000000000000                1           4
               (0.0000000000000000,0.0000000000000000)
  -1.5707963267948966        0.0000000000000000     
        (0.70322906600792989,1.53893121932535566E-017)
   0.0000000000000000        0.0000000000000000     
              (0.40745197606688660,0.0000000000000000)
   1.5707963267948966        0.0000000000000000     
       (0.70322906600792989,-1.53893121932535566E-017)
   3.1415926535897931        0.0000000000000000     
         (1.5016592377671170,3.07786243865071132E-017)
   1.0000000000000000                1           4
               (0.0000000000000000,0.0000000000000000)
  -1.5707963267948966        0.0000000000000000     
        (0.75562217556749789,3.72307358834686732E-017)
   0.0000000000000000        0.0000000000000000     
              (0.47220457821007117,0.0000000000000000)
   1.5707963267948966        0.0000000000000000     
       (0.75562217556749789,-3.72307358834686732E-017)
   3.1415926535897931        0.0000000000000000     
         (1.3485219934128805,1.89503205356795162E-017)
   1.0000000000000000                1           4
               (0.0000000000000000,0.0000000000000000)
  -1.5707963267948966        0.0000000000000000     
        (0.72227117884366021,1.33462171409578251E-017)
   0.0000000000000000        0.0000000000000000     
              (0.42507236069263837,0.0000000000000000)
   1.5707963267948966        0.0000000000000000     
       (0.72227117884366021,-1.33462171409578251E-017)
   3.1415926535897931        0.0000000000000000     
         (1.4553905301720842,2.66924342819156502E-017)
   1.0000000000000000                1           4
               (0.0000000000000000,0.0000000000000000)
  -1.5707963267948966        0.0000000000000000     
        (0.72741975848475571,1.31006609368745882E-017)
   0.0000000000000000        0.0000000000000000     
              (0.43503765201887329,0.0000000000000000)
   1.5707963267948966        0.0000000000000000     
       (0.72741975848475571,-1.31006609368745882E-017)
   3.1415926535897931        0.0000000000000000     
         (1.4477019238409494,2.62013218737491764E-017)
   1.0000000000000000                1           4
               (0.0000000000000000,0.0000000000000000)
  -1.5707963267948966        0.0000000000000000     
        (0.73993835055661206,3.89710064244900593E-017)
   0.0000000000000000        0.0000000000000000     
              (0.49473129013672346,0.0000000000000000)
   1.5707963267948966        0.0000000000000000     
       (0.73993835055661206,-3.89710064244900593E-017)
   3.1415926535897931        0.0000000000000000     
         (1.3514691809539263,2.24308616177222854E-017)
   1.0000000000000000                1           4
               (0.0000000000000000,0.0000000000000000)
  -1.5707963267948966        0.0000000000000000     
       (0.74295344829603049,-1.74104427975213520E-017)
   0.0000000000000000        0.0000000000000000     
              (0.47984877403486026,0.0000000000000000)
   1.5707963267948966        0.0000000000000000     
        (0.74295344829603049,1.74104427975213520E-017)
   3.1415926535897931        0.0000000000000000     
         (1.3439558029434231,2.06902656362151261E-017)
   1.0000000000000000                1           4
               (0.0000000000000000,0.0000000000000000)
  -1.5707963267948966        0.0000000000000000     
       (0.71371162642213004,-9.69039286124723706E-017)
   0.0000000000000000        0.0000000000000000     
              (0.49622814005400540,0.0000000000000000)
   1.5707963267948966        0.0000000000000000     
        (0.71371162642213004,9.69039286124723706E-017)
   3.1415926535897931        0.0000000000000000     
         (1.3923361980361570,2.82367477000865668E-017)
   1.0000000000000000                1           4
               (0.0000000000000000,0.0000000000000000)
  -1.5707963267948966        0.0000000000000000     
        (0.71446194103737637,1.41901509210717095E-017)
   0.0000000000000000        0.0000000000000000     
              (0.40710842332178970,0.0000000000000000)
   1.5707963267948966        0.0000000000000000     
       (0.71446194103737637,-1.41901509210717095E-017)
   3.1415926535897931        0.0000000000000000     
         (1.4853009610529386,2.83803018421434190E-017)
   1.0000000000000000                1           4
               (0.0000000000000000,0.0000000000000000)
  -1.5707963267948966        0.0000000000000000     
        (0.71315900087503492,4.21402350355379989E-017)
   0.0000000000000000        0.0000000000000000     
              (0.46061671690361544,0.0000000000000000)
   1.5707963267948966        0.0000000000000000     
       (0.71315900087503492,-4.21402350355379989E-017)
   3.1415926535897931        0.0000000000000000     
         (1.4355399168479179,2.87693188398181646E-017)
   1.0000000000000000                1           4
               (0.0000000000000000,0.0000000000000000)
  -1.5707963267948966        0.0000000000000000     
        (0.73205188086775841,1.18254015186349826E-017)
   0.0000000000000000        0.0000000000000000     
              (0.41727604902050530,0.0000000000000000)
   1.5707963267948966        0.0000000000000000     
       (0.73205188086775841,-1.18254015186349826E-017)
   3.1415926535897931        0.0000000000000000     
         (1.4330746380119472,2.36508030372699652E-017)
   1.0000000000000000                1           4
               (0.0000000000000000,0.0000000000000000)
  -1.5707963267948966        0.0000000000000000     
       (0.71834705708812530,-1.42887544087042204E-017)
   0.0000000000000000        0.0000000000000000     
              (0.47369060659332796,0.0000000000000000)
   1.5707963267948966        0.0000000000000000     
        (0.71834705708812530,1.42887544087042204E-017)
   3.1415926535897931        0.0000000000000000     
         (1.4028632684968716,2.69336424138493832E-017)
   1.0000000000000000                1           4
               (0.0000000000000000,0.0000000000000000)
  -1.5707963267948966        0.0000000000000000     
       (0.77516609692248639,-4.87643238235954105E-017)
   0.0000000000000000        0.0000000000000000     
              (0.47086907039633541,0.0000000000000000)
   1.5707963267948966        0.0000000000000000     
        (0.77516609692248639,4.87643238235954105E-017)
   3.1415926535897931        0.0000000000000000     
         (1.2998312299871047,1.34936548153248361E-017)
   1.0000000000000000                1           4
               (0.0000000000000000,0.0000000000000000)
  -1.5707963267948966        0.0000000000000000     
        (0.76179208117601216,8.60134208182107384E-018)
   0.0000000000000000        0.0000000000000000     
              (0.47858561540861760,0.0000000000000000)
   1.5707963267948966        0.0000000000000000     
       (0.76179208117601216,-8.60134208182107384E-018)
   3.1415926535897931        0.0000000000000000     
         (1.3259396995372701,1.72026841636421477E-017)
   1.0000000000000000                1           4
               (0.0000000000000000,0.0000000000000000)
  -1.5707963267948966        0.0000000000000000     
        (0.69630941314636496,1.63601341971472226E-017)
   0.0000000000000000        0.0000000000000000     
              (0.46960269568058849,0.0000000000000000)
   1.5707963267948966        0.0000000000000000     
       (0.69630941314636496,-1.63601341971472226E-017)
   3.1415926535897931        0.0000000000000000     
         (1.4573786654601579,3.27202683942944451E-017)
   1.0000000000000000                1           4
               (0.0000000000000000,0.0000000000000000)
  -1.5707963267948966        0.0000000000000000     
        (0.76515729826788215,8.15235295929723601E-018)
   0.0000000000000000        0.0000000000000000     
              (0.47724213362454471,0.0000000000000000)
   1.5707963267948966        0.0000000000000000     
       (0.76515729826788215,-8.15235295929723601E-018)
   3.1415926535897931        0.0000000000000000     
         (1.3193485178512470,1.63047059185944720E-017)
   1.0000000000000000                1           4
               (0.0000000000000000,0.0000000000000000)
  -1.5707963267948966        0.0000000000000000     
        (0.72024006112534722,1.33280217509684377E-017)
   0.0000000000000000        0.0000000000000000     
              (0.40527357115454282,0.0000000000000000)
   1.5707963267948966        0.0000000000000000     
       (0.72024006112534722,-1.33280217509684377E-017)
   3.1415926535897931        0.0000000000000000     
         (1.4705327777354706,2.66560435019368755E-017)
   1.0000000000000000                1           4
               (0.0000000000000000,0.0000000000000000)
  -1.5707963267948966        0.0000000000000000     
        (0.72707167830772634,1.34094630573382429E-017)
   0.0000000000000000        0.0000000000000000     
              (0.44833860658062574,0.0000000000000000)
   1.5707963267948966        0.0000000000000000     
       (0.72707167830772634,-1.34094630573382429E-017)
   3.1415926535897931        0.0000000000000000     
         (1.4437910516092707,2.68189261146764859E-017)
   1.0000000000000000                1           4
               (0.0000000000000000,0.0000000000000000)
  -1.5707963267948966        0.0000000000000000     
        (0.74020133210824735,9.42113640446094062E-017)
   0.0000000000000000        0.0000000000000000     
              (0.45366127840294113,0.0000000000000000)
   1.5707963267948966        0.0000000000000000     
       (0.74020133210824735,-9.42113640446094062E-017)
   3.1415926535897931        0.0000000000000000     
         (1.3842203652333422,2.18892743954453282E-017)
   1.0000000000000000                1           4
               (0.0000000000000000,0.0000000000000000)
  -1.5707963267948966        0.0000000000000000     
       (0.72394057711465942,-1.51305518353496488E-017)
   0.0000000000000000        0.0000000000000000     
              (0.54156756533923978,0.0000000000000000)
   1.5707963267948966        0.0000000000000000     
        (0.72394057711465942,1.51305518353496488E-017)
   3.1415926535897931        0.0000000000000000     
         (1.3186781592811276,2.52500475605585325E-017)
   1.0000000000000000                1           4
               (0.0000000000000000,0.0000000000000000)
  -1.5707963267948966        0.0000000000000000     
       (0.76109354673237295,-1.01950159805356823E-016)
   0.0000000000000000        0.0000000000000000     
              (0.35498101241918767,0.0000000000000000)
   1.5707963267948966        0.0000000000000000     
        (0.76109354673237295,1.01950159805356823E-016)
   3.1415926535897931        0.0000000000000000     
         (1.4635247474063475,1.81442853143176736E-017)
   1.0000000000000000                1           4
               (0.0000000000000000,0.0000000000000000)
  -1.5707963267948966        0.0000000000000000     
       (0.76725685051959658,-4.81930345043254092E-017)
   0.0000000000000000        0.0000000000000000     
              (0.46085310087203835,0.0000000000000000)
   1.5707963267948966        0.0000000000000000     
        (0.76725685051959658,4.81930345043254092E-017)
   3.1415926535897931        0.0000000000000000     
         (1.3126884319314669,1.46362334538648480E-017)
   1.0000000000000000                1           4
               (0.0000000000000000,0.0000000000000000)
  -1.5707963267948966        0.0000000000000000     
        (0.68260910565372845,1.29314773540096640E-016)
   0.0000000000000000        0.0000000000000000     
              (0.41784013279907156,0.0000000000000000)
   1.5707963267948966        0.0000000000000000     
       (0.68260910565372845,-1.29314773540096640E-016)
   3.1415926535897931        0.0000000000000000     
         (1.5448555255671428,3.65849421551619586E-017)
   1.0000000000000000                1           4
               (0.0000000000000000,0.0000000000000000)
  -1.5707963267948966        0.0000000000000000     
        (0.73884299833552247,1.11268819979582416E-017)
   0.0000000000000000        0.0000000000000000     
              (0.43754653828841894,0.0000000000000000)
   1.5707963267948966        0.0000000000000000     
       (0.73884299833552247,-1.11268819979582416E-017)
   3.1415926535897931        0.0000000000000000     
         (1.4035710047094594,2.22537639959164831E-017)
   1.0000000000000000                1           4
               (0.0000000000000000,0.0000000000000000)
  -1.5707963267948966        0.0000000000000000     
        (0.72078073356264616,1.36645692975956289E-017)
   0.0000000000000000        0.0000000000000000     
              (0.43957900605701328,0.0000000000000000)
   1.5707963267948966        0.0000000000000000     
       (0.72078073356264616,-1.36645692975956289E-017)
   3.1415926535897931        0.0000000000000000     
         (1.4483011647829969,2.73291385951912578E-017)
   1.0000000000000000                1           4
               (0.0000000000000000,0.0000000000000000)
  -1.5707963267948966        0.0000000000000000     
       (0.76077882044298450,-1.95713197066225672E-017)
   0.0000000000000000        0.0000000000000000     
              (0.51047477329877744,0.0000000000000000)
   1.5707963267948966        0.0000000000000000     
        (0.76077882044298450,1.95713197066225672E-017)
   3.1415926535897931        0.0000000000000000     
         (1.2784009519427642,1.63685118180126988E-017)
   1.0000000000000000                1           4
               (0.0000000000000000,0.0000000000000000)
  -1.5707963267948966        0.0000000000000000     
        (0.72395944375091059,1.79786905886808709E-016)
   0.0000000000000000        0.0000000000000000     
              (0.47953697952062568,0.0000000000000000)
   1.5707963267948966        0.0000000000000000     
       (0.72395944375091059,-1.79786905886808709E-016)
   3.1415926535897931        0.0000000000000000     
         (1.4012725080223760,2.65069043860704159E-017)
   1.0000000000000000                1           4
               (0.0000000000000000,0.0000000000000000)
  -1.5707963267948966        0.0000000000000000     
        (0.68798192082119880,7.25933158003531117E-017)
   0.0000000000000000        0.0000000000000000     
              (0.49450669254776286,0.0000000000000000)
   1.5707963267948966        0.0000000000000000     
       (0.68798192082119880,-7.25933158003531117E-017)
   3.1415926535897931        0.0000000000000000     
         (1.4394029855917723,3.41643291381905755E-017)
   1.0000000000000000                1           4
               (0.0000000000000000,0.0000000000000000)
  -1.5707963267948966        0.0000000000000000     
        (0.75587544813135765,9.87028639772782925E-018)
   0.0000000000000000        0.0000000000000000     
              (0.43745898219055662,0.0000000000000000)
   1.5707963267948966        0.0000000000000000     
       (0.75587544813135765,-9.87028639772782925E-018)
   3.1415926535897931        0.0000000000000000     
         (1.3966799333639219,1.97405727954556585E-017)
   1.0000000000000000                1           4
               (0.0000000000000000,0.0000000000000000)
  -1.5707963267948966        0.0000000000000000     
       (0.73649648103053855,-1.61697388415215995E-017)
   0.0000000000000000        0.0000000000000000     
              (0.42766381200096037,0.0000000000000000)
   1.5707963267948966        0.0000000000000000     
        (0.73649648103053855,1.61697388415215995E-017)
   3.1415926535897931        0.0000000000000000     
         (1.4237512969901158,2.31716735482146281E-017)
   1.0000000000000000                1           4
               (0.0000000000000000,0.0000000000000000)
  -1.5707963267948966        0.0000000000000000     
        (0.72377042961636096,6.87902014170753709E-017)
   0.0000000000000000        0.0000000000000000     
              (0.47996635520443270,0.0000000000000000)
   1.5707963267948966        0.0000000000000000     
       (0.72377042961636096,-6.87902014170753709E-017)
   3.1415926535897931        0.0000000000000000     
         (1.4013011979636489,2.65581003716350908E-017)
   1.0000000000000000                1           4
               (0.0000000000000000,0.0000000000000000)
  -1.5707963267948966        0.0000000000000000     
       (0.71219822349507123,-4.05507441814925085E-017)
   0.0000000000000000        0.0000000000000000     
              (0.42425340308062903,0.0000000000000000)
   1.5707963267948966        0.0000000000000000     
        (0.71219822349507123,4.05507441814925085E-017)
   3.1415926535897931        0.0000000000000000     
         (1.4887870206114111,2.99208140995306494E-017)
   1.0000000000000000                1           4
               (0.0000000000000000,0.0000000000000000)
  -1.5707963267948966        0.0000000000000000     
        (0.71279181621507171,1.49092667314600355E-017)
   0.0000000000000000        0.0000000000000000     
              (0.43481252129907155,0.0000000000000000)
   1.5707963267948966        0.0000000000000000     
       (0.71279181621507171,-1.49092667314600355E-017)
   3.1415926535897931        0.0000000000000000     
         (1.4777447182752850,2.98185334629200711E-017)
   1.0000000000000000                1           4
               (0.0000000000000000,0.0000000000000000)
  -1.5707963267948966        0.0000000000000000     
       (0.75202258839295832,-4.55250210369194682E-017)
   0.0000000000000000        0.0000000000000000     
              (0.45868616568207921,0.0000000000000000)
   1.5707963267948966        0.0000000000000000     
        (0.75202258839295832,4.55250210369194682E-017)
   3.1415926535897931        0.0000000000000000     
         (1.3715307759356599,1.99722603886767206E-017)
   1.0000000000000000                1           4
               (0.0000000000000000,0.0000000000000000)
  -1.5707963267948966        0.0000000000000000     
        (0.71873639879494400,1.37356426938498282E-017)
   0.0000000000000000        0.0000000000000000     
              (0.52299807551144495,0.0000000000000000)
   1.5707963267948966        0.0000000000000000     
       (0.71873639879494400,-1.37356426938498282E-017)
   3.1415926535897931        0.0000000000000000     
         (1.3631148590849045,2.74712853876996564E-017)
   1.0000000000000000                1           4
               (0.0000000000000000,0.0000000000000000)
  -1.5707963267948966        0.0000000000000000     
        (0.73619762210135264,3.89906448124567823E-017)
   0.0000000000000000        0.0000000000000000     
              (0.46475665056302590,0.0000000000000000)
   1.5707963267948966        0.0000000000000000     
       (0.73619762210135264,-3.89906448124567823E-017)
   3.1415926535897931        0.0000000000000000     
         (1.3746038020458962,2.24701383936557375E-017)
   1.0000000000000000                1           4
               (0.0000000000000000,0.0000000000000000)
  -1.5707963267948966        0.0000000000000000     
       (0.73156828233976445,-1.58136797945523212E-017)
   0.0000000000000000        0.0000000000000000     
              (0.48523055778960628,0.0000000000000000)
   1.5707963267948966        0.0000000000000000     
        (0.73156828233976445,1.58136797945523212E-017)
   3.1415926535897931        0.0000000000000000     
         (1.3679579248597735,2.38837916421531876E-017)
   1.0000000000000000                1           4
               (0.0000000000000000,0.0000000000000000)
  -1.5707963267948966        0.0000000000000000     
        (0.73782691758550401,1.10468126380175383E-017)
   0.0000000000000000        0.0000000000000000     
              (0.45278722300113833,0.0000000000000000)
   1.5707963267948966        0.0000000000000000     
       (0.73782691758550401,-1.10468126380175383E-017)
   3.1415926535897931        0.0000000000000000     
         (1.3836828947326056,2.20936252760350766E-017)
   1.0000000000000000                1           4
               (0.0000000000000000,0.0000000000000000)
  -1.5707963267948966        0.0000000000000000     
        (0.73643607534261013,1.16928311153921991E-017)
   0.0000000000000000        0.0000000000000000     
              (0.48411396050200584,0.0000000000000000)
   1.5707963267948966        0.0000000000000000     
       (0.73643607534261013,-1.16928311153921991E-017)
   3.1415926535897931        0.0000000000000000     
         (1.3706750375071353,2.33856622307843982E-017)
   1.0000000000000000                1           4
               (0.0000000000000000,0.0000000000000000)
  -1.5707963267948966        0.0000000000000000     
        (0.75683504498134724,6.47911812529776768E-017)
   0.0000000000000000        0.0000000000000000     
              (0.46218872420604168,0.0000000000000000)
   1.5707963267948966        0.0000000000000000     
       (0.75683504498134724,-6.47911812529776768E-017)
   3.1415926535897931        0.0000000000000000     
         (1.3545901487357441,1.85600600434396964E-017)
   1.0000000000000000                1           4
               (0.0000000000000000,0.0000000000000000)
  -1.5707963267948966        0.0000000000000000     
        (0.71240965062388617,4.20296231796410875E-017)
   0.0000000000000000        0.0000000000000000     
              (0.48026270702000035,0.0000000000000000)
   1.5707963267948966        0.0000000000000000     
       (0.71240965062388617,-4.20296231796410875E-017)
   3.1415926535897931        0.0000000000000000     
         (1.4107823688413281,2.85480951280243480E-017)
   1.0000000000000000                1           4
               (0.0000000000000000,0.0000000000000000)
  -1.5707963267948966        0.0000000000000000     
        (0.75403473835748147,3.72821307291276154E-017)
   0.0000000000000000        0.0000000000000000     
              (0.42751083084321218,0.0000000000000000)
   1.5707963267948966        0.0000000000000000     
       (0.75403473835748147,-3.72821307291276154E-017)
   3.1415926535897931        0.0000000000000000     
         (1.3917195494116599,1.90531102269973976E-017)
   1.0000000000000000                1           4
               (0.0000000000000000,0.0000000000000000)
  -1.5707963267948966        0.0000000000000000     
        (0.71436243132481880,1.44397274321201492E-017)
   0.0000000000000000        0.0000000000000000     
              (0.45595081799958337,0.0000000000000000)
   1.5707963267948966        0.0000000000000000     
       (0.71436243132481880,-1.44397274321201492E-017)
   3.1415926535897931        0.0000000000000000     
         (1.4444113344277649,2.88794548642402983E-017)
   1.0000000000000000                1           4
               (0.0000000000000000,0.0000000000000000)
  -1.5707963267948966        0.0000000000000000     
       (0.72927632344094584,-1.55000320891108392E-017)
   0.0000000000000000        0.0000000000000000     
              (0.45329972697746529,0.0000000000000000)
   1.5707963267948966        0.0000000000000000     
        (0.72927632344094584,1.55000320891108392E-017)
   3.1415926535897931        0.0000000000000000     
         (1.4055493493745674,2.45110870530361516E-017)
   1.0000000000000000                1           4
               (0.0000000000000000,0.0000000000000000)
  -1.5707963267948966        0.0000000000000000     
        (0.70828405247945847,1.80954654977220544E-016)
   0.0000000000000000        0.0000000000000000     
              (0.40230819147504915,0.0000000000000000)
   1.5707963267948966        0.0000000000000000     
       (0.70828405247945847,-1.80954654977220544E-016)
   3.1415926535897931        0.0000000000000000     
         (1.4852920933250320,2.88424025668940884E-017)
   1.0000000000000000                1           4
               (0.0000000000000000,0.0000000000000000)
  -1.5707963267948966        0.0000000000000000     
        (0.72608369925075689,4.06749006701131146E-017)
   0.0000000000000000        0.0000000000000000     
              (0.44652434583528278,0.0000000000000000)
   1.5707963267948966        0.0000000000000000     
       (0.72608369925075689,-4.06749006701131146E-017)
   3.1415926535897931        0.0000000000000000     
         (1.4276202321592617,2.58386501089683960E-017)
   1.0000000000000000                1           4
               (0.0000000000000000,0.0000000000000000)
  -1.5707963267948966        0.0000000000000000     
        (0.69859105792925946,4.39649953421577102E-017)
   0.0000000000000000        0.0000000000000000     
              (0.47611827652686245,0.0000000000000000)
   1.5707963267948966        0.0000000000000000     
       (0.69859105792925946,-4.39649953421577102E-017)
   3.1415926535897931        0.0000000000000000     
         (1.4505036659923531,3.24188394530575873E-017)
   1.0000000000000000                1           4
               (0.0000000000000000,0.0000000000000000)
  -1.5707963267948966        0.0000000000000000     
       (0.70919136095591739,-4.04226482927927082E-017)
   0.0000000000000000        0.0000000000000000     
              (0.42623866122145487,0.0000000000000000)
   1.5707963267948966        0.0000000000000000     
        (0.70919136095591739,4.04226482927927082E-017)
   3.1415926535897931        0.0000000000000000     
         (1.4849719666293111,3.01770058769302438E-017)
   1.0000000000000000                1           4
               (0.0000000000000000,0.0000000000000000)
  -1.5707963267948966        0.0000000000000000     
       (0.73543528615282694,-4.36237377719121382E-017)
   0.0000000000000000        0.0000000000000000     
              (0.41203838860316200,0.0000000000000000)
   1.5707963267948966        0.0000000000000000     
        (0.73543528615282694,4.36237377719121382E-017)
   3.1415926535897931        0.0000000000000000     
         (1.4471045726924332,2.37748269186913931E-017)
   1.0000000000000000                1           4
               (0.0000000000000000,0.0000000000000000)
  -1.5707963267948966        0.0000000000000000     
        (0.76746697485923066,7.38175953128524745E-018)
   0.0000000000000000        0.0000000000000000     
              (0.50336572156879833,0.0000000000000000)
   1.5707963267948966        0.0000000000000000     
       (0.76746697485923066,-7.38175953128524745E-018)
   3.1415926535897931        0.0000000000000000     
         (1.2726747916559644,1.47635190625704949E-017)
   1.0000000000000000                1           4
               (0.0000000000000000,0.0000000000000000)
  -1.5707963267948966        0.0000000000000000     
        (0.67452867017376006,1.30157405417834257E-016)
   0.0000000000000000        0.0000000000000000     
              (0.43482447625594522,0.0000000000000000)
   1.5707963267948966        0.0000000000000000     
       (0.67452867017376006,-1.30157405417834257E-016)
   3.1415926535897931        0.0000000000000000     
         (1.5392327569142634,3.82702059106371881E-017)
   1.0000000000000000                1           4
               (0.0000000000000000,0.0000000000000000)
  -1.5707963267948966        0.0000000000000000     
        (0.75948856717614133,3.65716678727121233E-017)
   0.0000000000000000        0.0000000000000000     
              (0.46203494815969059,0.0000000000000000)
   1.5707963267948966        0.0000000000000000     
       (0.75948856717614133,-3.65716678727121233E-017)
   3.1415926535897931        0.0000000000000000     
         (1.3448976118131486,1.76321845141664195E-017)
   1.0000000000000000                1           4
               (0.0000000000000000,0.0000000000000000)
  -1.5707963267948966        0.0000000000000000     
       (0.74065028763012819,-1.65974870250589800E-017)
   0.0000000000000000        0.0000000000000000     
              (0.48140797056697870,0.0000000000000000)
   1.5707963267948966        0.0000000000000000     
        (0.74065028763012819,1.65974870250589800E-017)
   3.1415926535897931        0.0000000000000000     
         (1.3643434356867896,2.23161771811398731E-017)
   1.0000000000000000                1           4
               (0.0000000000000000,0.0000000000000000)
  -1.5707963267948966        0.0000000000000000     
        (0.74203323114769426,3.90247432665743028E-017)
   0.0000000000000000        0.0000000000000000     
              (0.51246216852176596,0.0000000000000000)
   1.5707963267948966        0.0000000000000000     
       (0.74203323114769426,-3.90247432665743028E-017)
   3.1415926535897931        0.0000000000000000     
         (1.3396832422113738,2.25383353018907787E-017)
   1.0000000000000000                1           4
               (0.0000000000000000,0.0000000000000000)
  -1.5707963267948966        0.0000000000000000     
       (0.73213307052438248,-1.54510617467484825E-017)
   0.0000000000000000        0.0000000000000000     
              (0.49986584346579810,0.0000000000000000)
   1.5707963267948966        0.0000000000000000     
        (0.73213307052438248,1.54510617467484825E-017)
   3.1415926535897931        0.0000000000000000     
         (1.3662962198177633,2.46090277377608621E-017)
   1.0000000000000000                1           4
               (0.0000000000000000,0.0000000000000000)
  -1.5707963267948966        0.0000000000000000     
        (0.72453832170924326,1.34341192106952922E-017)
   0.0000000000000000        0.0000000000000000     
              (0.46432720142031181,0.0000000000000000)
   1.5707963267948966        0.0000000000000000     
       (0.72453832170924326,-1.34341192106952922E-017)
   3.1415926535897931        0.0000000000000000     
         (1.4235410746566244,2.68682384213905845E-017)
   1.0000000000000000                1           4
               (0.0000000000000000,0.0000000000000000)
  -1.5707963267948966        0.0000000000000000     
        (0.69600591524475464,7.21176539061529502E-017)
   0.0000000000000000        0.0000000000000000     
              (0.45379748163404410,0.0000000000000000)
   1.5707963267948966        0.0000000000000000     
       (0.69600591524475464,-7.21176539061529502E-017)
   3.1415926535897931        0.0000000000000000     
         (1.4806238888618479,3.32130053497902340E-017)
   1.0000000000000000                1           4
               (0.0000000000000000,0.0000000000000000)
  -1.5707963267948966        0.0000000000000000     
        (0.72241855236258001,1.27426222501469598E-017)
   0.0000000000000000        0.0000000000000000     
              (0.49106769298928016,0.0000000000000000)
   1.5707963267948966        0.0000000000000000     
       (0.72241855236258001,-1.27426222501469598E-017)
   3.1415926535897931        0.0000000000000000     
         (1.3699750396448858,2.54852445002939197E-017)
   1.0000000000000000                1           4
               (0.0000000000000000,0.0000000000000000)
  -1.5707963267948966        0.0000000000000000     
       (0.70765764619151972,-1.31510077451666069E-017)
   0.0000000000000000        0.0000000000000000     
              (0.45556241423411625,0.0000000000000000)
   1.5707963267948966        0.0000000000000000     
        (0.70765764619151972,1.31510077451666069E-017)
   3.1415926535897931        0.0000000000000000     
         (1.4367742652339368,2.92091357409246132E-017)
   1.0000000000000000                1           4
               (0.0000000000000000,0.0000000000000000)
  -1.5707963267948966        0.0000000000000000     
        (0.72018852432567337,4.14226617109951813E-017)
   0.0000000000000000        0.0000000000000000     
              (0.48353983636150860,0.0000000000000000)
   1.5707963267948966        0.0000000000000000     
       (0.72018852432567337,-4.14226617109951813E-017)
   3.1415926535897931        0.0000000000000000     
         (1.4032381208581479,2.73341721907325418E-017)
   1.0000000000000000                1           4
               (0.0000000000000000,0.0000000000000000)
  -1.5707963267948966        0.0000000000000000     
        (0.76676631673419515,3.50746137148435113E-017)
   0.0000000000000000        0.0000000000000000     
              (0.42287161682614299,0.0000000000000000)
   1.5707963267948966        0.0000000000000000     
       (0.76676631673419515,-3.50746137148435113E-017)
   3.1415926535897931        0.0000000000000000     
         (1.3497189427091068,1.46380761984291924E-017)
   1.0000000000000000                1           4
               (0.0000000000000000,0.0000000000000000)
  -1.5707963267948966        0.0000000000000000     
        (0.72072832209829563,1.37052432002099664E-017)
   0.0000000000000000        0.0000000000000000     
              (0.41454437589711751,0.0000000000000000)
   1.5707963267948966        0.0000000000000000     
       (0.72072832209829563,-1.37052432002099664E-017)
   3.1415926535897931        0.0000000000000000     
         (1.4745594824922383,2.74104864004199327E-017)
   1.0000000000000000                1           4
               (0.0000000000000000,0.0000000000000000)
  -1.5707963267948966        0.0000000000000000     
       (0.70587621535171374,-4.00584554198326661E-017)
   0.0000000000000000        0.0000000000000000     
              (0.42092434117204180,0.0000000000000000)
   1.5707963267948966        0.0000000000000000     
        (0.70587621535171374,4.00584554198326661E-017)
   3.1415926535897931        0.0000000000000000     
         (1.4955514374283934,3.09053916228503279E-017)
   1.0000000000000000                1           4
               (0.0000000000000000,0.0000000000000000)
  -1.5707963267948966        0.0000000000000000     
        (0.76170950294481798,8.55510297107860595E-018)
   0.0000000000000000        0.0000000000000000     
              (0.45527359483236518,0.0000000000000000)
   1.5707963267948966        0.0000000000000000     
       (0.76170950294481798,-8.55510297107860595E-018)
   3.1415926535897931        0.0000000000000000     
         (1.3475762796811059,1.71102059421572119E-017)
   1.0000000000000000                1           4
               (0.0000000000000000,0.0000000000000000)
  -1.5707963267948966        0.0000000000000000     
        (0.74495035872636617,1.04980820960644650E-017)
   0.0000000000000000        0.0000000000000000     
              (0.46109470123239649,0.0000000000000000)
   1.5707963267948966        0.0000000000000000     
       (0.74495035872636617,-1.04980820960644650E-017)
   3.1415926535897931        0.0000000000000000     
         (1.3716993991409834,2.09961641921289299E-017)
   1.0000000000000000                1           4
               (0.0000000000000000,0.0000000000000000)
  -1.5707963267948966        0.0000000000000000     
        (0.65735608510249688,7.63853006807293280E-017)
   0.0000000000000000        0.0000000000000000     
              (0.43851701091892559,0.0000000000000000)
   1.5707963267948966        0.0000000000000000     
       (0.65735608510249688,-7.63853006807293280E-017)
   3.1415926535897931        0.0000000000000000     
         (1.5579966211934491,4.17482988989429834E-017)
   1.0000000000000000                1           4
               (0.0000000000000000,0.0000000000000000)
  -1.5707963267948966        0.0000000000000000     
        (0.76373716927324620,8.48214134684254227E-018)
   0.0000000000000000        0.0000000000000000     
              (0.50519004307563409,0.0000000000000000)
   1.5707963267948966        0.0000000000000000     
       (0.76373716927324620,-8.48214134684254227E-018)
   3.1415926535897931        0.0000000000000000     
         (1.2993320565966993,1.69642826936850845E-017)
   1.0000000000000000                1           4
               (0.0000000000000000,0.0000000000000000)
  -1.5707963267948966        0.0000000000000000     
       (0.75967081540456316,-1.89370854801965569E-017)
   0.0000000000000000        0.0000000000000000     
              (0.45436364082700631,0.0000000000000000)
   1.5707963267948966        0.0000000000000000     
        (0.75967081540456316,1.89370854801965569E-017)
   3.1415926535897931        0.0000000000000000     
         (1.3530117362531962,1.76369802708647164E-017)
   1.0000000000000000                1           4
               (0.0000000000000000,0.0000000000000000)
  -1.5707963267948966        0.0000000000000000     
        (0.75431624195767455,9.66289976851527202E-018)
   0.0000000000000000        0.0000000000000000     
              (0.47283253449814627,0.0000000000000000)
   1.5707963267948966        0.0000000000000000     
       (0.75431624195767455,-9.66289976851527202E-018)
   3.1415926535897931        0.0000000000000000     
         (1.3514142073483209,1.93257995370305440E-017)
   1.0000000000000000                1           4
               (0.0000000000000000,0.0000000000000000)
  -1.5707963267948966        0.0000000000000000     
        (0.70410418347216730,4.29364426662035702E-017)
   0.0000000000000000        0.0000000000000000     
              (0.47417220827835393,0.0000000000000000)
   1.5707963267948966        0.0000000000000000     
       (0.70410418347216730,-4.29364426662035702E-017)
   3.1415926535897931        0.0000000000000000     
         (1.4298809054499242,3.03617341011493072E-017)
   1.0000000000000000                1           4
               (0.0000000000000000,0.0000000000000000)
  -1.5707963267948966        0.0000000000000000     
        (0.75917205956989431,6.45496301329250483E-017)
   0.0000000000000000        0.0000000000000000     
              (0.45338664837748999,0.0000000000000000)
   1.5707963267948966        0.0000000000000000     
       (0.75917205956989431,-6.45496301329250483E-017)
   3.1415926535897931        0.0000000000000000     
         (1.3601765954261662,1.80769578033344394E-017)
   1.0000000000000000                1           4
               (0.0000000000000000,0.0000000000000000)
  -1.5707963267948966        0.0000000000000000     
        (0.69027452094947706,1.73064682757680598E-017)
   0.0000000000000000        0.0000000000000000     
              (0.45859043864325832,0.0000000000000000)
   1.5707963267948966        0.0000000000000000     
       (0.69027452094947706,-1.73064682757680598E-017)
   3.1415926535897931        0.0000000000000000     
         (1.4872307547957968,3.46129365515361197E-017)
   1.0000000000000000                1           4
               (0.0000000000000000,0.0000000000000000)
  -1.5707963267948966        0.0000000000000000     
        (0.72798099593428567,1.22541685228602506E-017)
   0.0000000000000000        0.0000000000000000     
              (0.42606322202887570,0.0000000000000000)
   1.5707963267948966        0.0000000000000000     
       (0.72798099593428567,-1.22541685228602506E-017)
   3.1415926535897931        0.0000000000000000     
         (1.4301502882821422,2.45083370457205011E-017)
   1.0000000000000000                1           4
               (0.0000000000000000,0.0000000000000000)
  -1.5707963267948966        0.0000000000000000     
        (0.70522108609855894,4.32132977769671424E-017)
   0.0000000000000000        0.0000000000000000     
              (0.47257402652998237,0.0000000000000000)
   1.5707963267948966        0.0000000000000000     
       (0.70522108609855894,-4.32132977769671424E-017)
   3.1415926535897931        0.0000000000000000     
         (1.4427556666111498,3.09154443226764640E-017)
   1.0000000000000000                1           4
               (0.0000000000000000,0.0000000000000000)
  -1.5707963267948966        0.0000000000000000     
       (0.71694529171772636,-4.15610142240171071E-017)
   0.0000000000000000        0.0000000000000000     
              (0.42764293209495768,0.0000000000000000)
   1.5707963267948966        0.0000000000000000     
        (0.71694529171772636,4.15610142240171071E-017)
   3.1415926535897931        0.0000000000000000     
         (1.4618937042907283,2.79002740144814398E-017)
   1.0000000000000000                1           4
               (0.0000000000000000,0.0000000000000000)
  -1.5707963267948966        0.0000000000000000     
        (0.71653981077319728,4.18365369560926149E-017)
   0.0000000000000000        0.0000000000000000     
              (0.45594310884297939,0.0000000000000000)
   1.5707963267948966        0.0000000000000000     
       (0.71653981077319728,-4.18365369560926149E-017)
   3.1415926535897931        0.0000000000000000     
         (1.4370556126518219,2.81619226809274027E-017)
   1.0000000000000000                1           4
               (0.0000000000000000,0.0000000000000000)
  -1.5707963267948966        0.0000000000000000     
        (0.69109092635588798,4.48161801014262973E-017)
   0.0000000000000000        0.0000000000000000     
              (0.47596191836043267,0.0000000000000000)
   1.5707963267948966        0.0000000000000000     
       (0.69109092635588798,-4.48161801014262973E-017)
   3.1415926535897931        0.0000000000000000     
         (1.4634615650868548,3.41212089715947614E-017)
   1.0000000000000000                1           4
               (0.0000000000000000,0.0000000000000000)
  -1.5707963267948966        0.0000000000000000     
       (0.71996425335627356,-9.77286167249905332E-017)
   0.0000000000000000        0.0000000000000000     
              (0.46213461688491642,0.0000000000000000)
   1.5707963267948966        0.0000000000000000     
        (0.71996425335627356,9.77286167249905332E-017)
   3.1415926535897931        0.0000000000000000     
         (1.4119986171589953,2.65873714750502601E-017)
   1.0000000000000000                1           4
               (0.0000000000000000,0.0000000000000000)
  -1.5707963267948966        0.0000000000000000     
        (0.74639972239089181,1.04069205850256236E-017)
   0.0000000000000000        0.0000000000000000     
              (0.43331724438821601,0.0000000000000000)
   1.5707963267948966        0.0000000000000000     
       (0.74639972239089181,-1.04069205850256236E-017)
   3.1415926535897931        0.0000000000000000     
         (1.3993980224010665,2.08138411700512472E-017)
   1.0000000000000000                1           4
               (0.0000000000000000,0.0000000000000000)
  -1.5707963267948966        0.0000000000000000     
        (0.72433117409658299,6.87485294082266502E-017)
   0.0000000000000000        0.0000000000000000     
              (0.45849424219507096,0.0000000000000000)
   1.5707963267948966        0.0000000000000000     
       (0.72433117409658299,-6.87485294082266502E-017)
   3.1415926535897931        0.0000000000000000     
         (1.4225336888317808,2.64747563539376401E-017)
   1.0000000000000000                1           4
               (0.0000000000000000,0.0000000000000000)
  -1.5707963267948966        0.0000000000000000     
        (0.69416613615375300,1.66842932787378304E-017)
   0.0000000000000000        0.0000000000000000     
              (0.45257088798971190,0.0000000000000000)
   1.5707963267948966        0.0000000000000000     
       (0.69416613615375300,-1.66842932787378304E-017)
   3.1415926535897931        0.0000000000000000     
         (1.4807117582657467,3.33685865574756608E-017)
   1.0000000000000000                1           4
               (0.0000000000000000,0.0000000000000000)
  -1.5707963267948966        0.0000000000000000     
        (0.72541656221522155,6.79483711064421652E-017)
   0.0000000000000000        0.0000000000000000     
              (0.47237980505520849,0.0000000000000000)
   1.5707963267948966        0.0000000000000000     
       (0.72541656221522155,-6.79483711064421652E-017)
   3.1415926535897931        0.0000000000000000     
         (1.3846837487151427,2.48744397503686609E-017)
   1.0000000000000000                1           4
               (0.0000000000000000,0.0000000000000000)
  -1.5707963267948966        0.0000000000000000     
       (0.70466830881425535,-3.99925637933182918E-017)
   0.0000000000000000        0.0000000000000000     
              (0.44058132198654376,0.0000000000000000)
   1.5707963267948966        0.0000000000000000     
        (0.70466830881425535,3.99925637933182918E-017)
   3.1415926535897931        0.0000000000000000     
         (1.4756308273869299,3.10371748758790766E-017)
   1.0000000000000000                1           4
               (0.0000000000000000,0.0000000000000000)
  -1.5707963267948966        0.0000000000000000     
       (0.75871903785338635,-1.90809880959407626E-017)
   0.0000000000000000        0.0000000000000000     
              (0.49197365638470347,0.0000000000000000)
   1.5707963267948966        0.0000000000000000     
        (0.75871903785338635,1.90809880959407626E-017)
   3.1415926535897931        0.0000000000000000     
         (1.3087979494706063,1.73491750393763079E-017)
   1.0000000000000000                1           4
               (0.0000000000000000,0.0000000000000000)
  -1.5707963267948966        0.0000000000000000     
        (0.72745429254914507,6.83072629231875333E-017)
   0.0000000000000000        0.0000000000000000     
              (0.48766828217471064,0.0000000000000000)
   1.5707963267948966        0.0000000000000000     
       (0.72745429254914507,-6.83072629231875333E-017)
   3.1415926535897931        0.0000000000000000     
         (1.3851930285858312,2.55922233838594126E-017)
   1.0000000000000000                1           4
               (0.0000000000000000,0.0000000000000000)
  -1.5707963267948966        0.0000000000000000     
        (0.68678369057066435,1.76075906792082045E-017)
   0.0000000000000000        0.0000000000000000     
              (0.46929188747899508,0.0000000000000000)
   1.5707963267948966        0.0000000000000000     
       (0.68678369057066435,-1.76075906792082045E-017)
   3.1415926535897931        0.0000000000000000     
         (1.4793830492928157,3.52151813584164090E-017)
   1.0000000000000000                1           4
               (0.0000000000000000,0.0000000000000000)
  -1.5707963267948966        0.0000000000000000     
       (0.74760815215697929,-4.51286456602051148E-017)
   0.0000000000000000        0.0000000000000000     
              (0.47695950494382533,0.0000000000000000)
   1.5707963267948966        0.0000000000000000     
        (0.74760815215697929,4.51286456602051148E-017)
   3.1415926535897931        0.0000000000000000     
         (1.3573751665036253,2.07650111421054243E-017)
   1.0000000000000000                1           4
               (0.0000000000000000,0.0000000000000000)
  -1.5707963267948966        0.0000000000000000     
        (0.74730205117292758,1.00781117405669773E-017)
   0.0000000000000000        0.0000000000000000     
              (0.45778054918136346,0.0000000000000000)
   1.5707963267948966        0.0000000000000000     
       (0.74730205117292758,-1.00781117405669773E-017)
   3.1415926535897931        0.0000000000000000     
         (1.3659996632913871,2.01562234811339546E-017)
   1.0000000000000000                1           4
               (0.0000000000000000,0.0000000000000000)
  -1.5707963267948966        0.0000000000000000     
        (0.71779155657234561,6.92876552097070887E-017)
   0.0000000000000000        0.0000000000000000     
              (0.44325628886894169,0.0000000000000000)
   1.5707963267948966        0.0000000000000000     
       (0.71779155657234561,-6.92876552097070887E-017)
   3.1415926535897931        0.0000000000000000     
         (1.4423015921203561,2.75530079568985202E-017)
   1.0000000000000000                1           4
               (0.0000000000000000,0.0000000000000000)
  -1.5707963267948966        0.0000000000000000     
        (0.73558300645106844,1.13070914403116123E-017)
   0.0000000000000000        0.0000000000000000     
              (0.50277583167517581,0.0000000000000000)
   1.5707963267948966        0.0000000000000000     
       (0.73558300645106844,-1.13070914403116123E-017)
   3.1415926535897931        0.0000000000000000     
         (1.3377078146273522,2.26141828806232246E-017)
   1.0000000000000000                1           4
               (0.0000000000000000,0.0000000000000000)
  -1.5707963267948966        0.0000000000000000     
        (0.77121592092941749,7.29944569127258763E-018)
   0.0000000000000000        0.0000000000000000     
              (0.47987312300817647,0.0000000000000000)
   1.5707963267948966        0.0000000000000000     
       (0.77121592092941749,-7.29944569127258763E-018)
   3.1415926535897931        0.0000000000000000     
         (1.3009767083103050,1.45988913825451753E-017)
   1.0000000000000000                1           4
               (0.0000000000000000,0.0000000000000000)
  -1.5707963267948966        0.0000000000000000     
        (0.71379324016831358,7.01979286778343166E-017)
   0.0000000000000000        0.0000000000000000     
              (0.51766587766037686,0.0000000000000000)
   1.5707963267948966        0.0000000000000000     
       (0.71379324016831358,-7.01979286778343166E-017)
   3.1415926535897931        0.0000000000000000     
         (1.3896271582905546,2.93735548931529791E-017)
   1.0000000000000000                1           4
               (0.0000000000000000,0.0000000000000000)
  -1.5707963267948966        0.0000000000000000     
       (0.72249706241011846,-1.44001332648991301E-017)
   0.0000000000000000        0.0000000000000000     
              (0.44068347872962282,0.0000000000000000)
   1.5707963267948966        0.0000000000000000     
        (0.72249706241011846,1.44001332648991301E-017)
   3.1415926535897931        0.0000000000000000     
         (1.4405324974857550,2.67108847014595668E-017)
   1.0000000000000000                1           4
               (0.0000000000000000,0.0000000000000000)
  -1.5707963267948966        0.0000000000000000     
        (0.67787791871427505,1.89278174639025434E-017)
   0.0000000000000000        0.0000000000000000     
              (0.44947990600075366,0.0000000000000000)
   1.5707963267948966        0.0000000000000000     
       (0.67787791871427505,-1.89278174639025434E-017)
   3.1415926535897931        0.0000000000000000     
         (1.5245053663009642,3.78556349278050867E-017)
   1.0000000000000000                1           4
               (0.0000000000000000,0.0000000000000000)
  -1.5707963267948966        0.0000000000000000     
        (0.74763250412534832,3.75843953665425581E-017)
   0.0000000000000000        0.0000000000000000     
              (0.50574879695383734,0.0000000000000000)
   1.5707963267948966        0.0000000000000000     
       (0.74763250412534832,-3.75843953665425581E-017)
   3.1415926535897931        0.0000000000000000     
         (1.3105498271200289,1.96576395018272862E-017)
   1.0000000000000000                1           4
               (0.0000000000000000,0.0000000000000000)
  -1.5707963267948966        0.0000000000000000     
        (0.71278462550558142,1.44691896145496213E-017)
   0.0000000000000000        0.0000000000000000     
              (0.40878681126784511,0.0000000000000000)
   1.5707963267948966        0.0000000000000000     
       (0.71278462550558142,-1.44691896145496213E-017)
   3.1415926535897931        0.0000000000000000     
         (1.4893820374272748,2.89383792290992426E-017)
   1.0000000000000000                1           4
               (0.0000000000000000,0.0000000000000000)
  -1.5707963267948966        0.0000000000000000     
       (0.75554953651045953,-1.87744403489179575E-017)
   0.0000000000000000        0.0000000000000000     
              (0.43344934753650166,0.0000000000000000)
   1.5707963267948966        0.0000000000000000     
        (0.75554953651045953,1.87744403489179575E-017)
   3.1415926535897931        0.0000000000000000     
         (1.3709958648925791,1.79622705334219212E-017)
   1.0000000000000000                1           4
               (0.0000000000000000,0.0000000000000000)
  -1.5707963267948966        0.0000000000000000     
       (0.72014710679720351,-9.71181091522455829E-017)
   0.0000000000000000        0.0000000000000000     
              (0.42783583963031169,0.0000000000000000)
   1.5707963267948966        0.0000000000000000     
        (0.72014710679720351,9.71181091522455829E-017)
   3.1415926535897931        0.0000000000000000     
         (1.4666037918903319,2.78083866205401483E-017)
   1.0000000000000000                1           4
               (0.0000000000000000,0.0000000000000000)
  -1.5707963267948966        0.0000000000000000     
        (0.72011709957815273,6.88604619099458620E-017)
   0.0000000000000000        0.0000000000000000     
              (0.46622650894290407,0.0000000000000000)
   1.5707963267948966        0.0000000000000000     
       (0.72011709957815273,-6.88604619099458620E-017)
   3.1415926535897931        0.0000000000000000     
         (1.4100292660010441,2.66986213573760670E-017)
   1.0000000000000000                1           4
               (0.0000000000000000,0.0000000000000000)
  -1.5707963267948966        0.0000000000000000     
        (0.72614006950444865,1.24537316578884250E-017)
   0.0000000000000000        0.0000000000000000     
              (0.46816276029109155,0.0000000000000000)
   1.5707963267948966        0.0000000000000000     
       (0.72614006950444865,-1.24537316578884250E-017)
   3.1415926535897931        0.0000000000000000     
         (1.3908871238086908,2.49074633157768501E-017)
   1.0000000000000000                1           4
               (0.0000000000000000,0.0000000000000000)
  -1.5707963267948966        0.0000000000000000     
       (0.70864193928862673,-9.62387587197953921E-017)
   0.0000000000000000        0.0000000000000000     
              (0.47801819232934883,0.0000000000000000)
   1.5707963267948966        0.0000000000000000     
        (0.70864193928862673,9.62387587197953921E-017)
   3.1415926535897931        0.0000000000000000     
         (1.4221328689495014,2.95670874854405362E-017)
   1.0000000000000000                1           4
               (0.0000000000000000,0.0000000000000000)
  -1.5707963267948966        0.0000000000000000     
        (0.71163388706971076,1.48645138602588302E-017)
   0.0000000000000000        0.0000000000000000     
              (0.41607705580715748,0.0000000000000000)
   1.5707963267948966        0.0000000000000000     
       (0.71163388706971076,-1.48645138602588302E-017)
   3.1415926535897931        0.0000000000000000     
         (1.4927025857738181,2.97290277205176605E-017)
   1.0000000000000000                1           4
               (0.0000000000000000,0.0000000000000000)
  -1.5707963267948966        0.0000000000000000     
        (0.77222499603338557,7.27356778972672040E-018)
   0.0000000000000000        0.0000000000000000     
              (0.48765020331479636,0.0000000000000000)
   1.5707963267948966        0.0000000000000000     
       (0.77222499603338557,-7.27356778972672040E-018)
   3.1415926535897931        0.0000000000000000     
         (1.2943725418034133,1.45471355794534408E-017)
   1.0000000000000000                1           4
               (0.0000000000000000,0.0000000000000000)
  -1.5707963267948966        0.0000000000000000     
        (0.72337885333065899,1.32314422819256878E-017)
   0.0000000000000000        0.0000000000000000     
              (0.43212481254570118,0.0000000000000000)
   1.5707963267948966        0.0000000000000000     
       (0.72337885333065899,-1.32314422819256878E-017)
   3.1415926535897931        0.0000000000000000     
         (1.4468045959038527,2.64628845638513757E-017)
   1.0000000000000000                1           4
               (0.0000000000000000,0.0000000000000000)
  -1.5707963267948966        0.0000000000000000     
        (0.65656250180719655,2.10139636160280017E-017)
   0.0000000000000000        0.0000000000000000     
              (0.47048114521161521,0.0000000000000000)
   1.5707963267948966        0.0000000000000000     
       (0.65656250180719655,-2.10139636160280017E-017)
   3.1415926535897931        0.0000000000000000     
         (1.5290119975481622,4.20279272320560034E-017)
   1.0000000000000000                1           4
               (0.0000000000000000,0.0000000000000000)
  -1.5707963267948966        0.0000000000000000     
        (0.76514419395434308,7.51633868742167484E-018)
   0.0000000000000000        0.0000000000000000     
              (0.44997193812976172,0.0000000000000000)
   1.5707963267948966        0.0000000000000000     
       (0.76514419395434308,-7.51633868742167484E-018)
   3.1415926535897931        0.0000000000000000     
         (1.3258187021068559,1.50326773748433497E-017)
   1.0000000000000000                1           4
               (0.0000000000000000,0.0000000000000000)
  -1.5707963267948966        0.0000000000000000     
        (0.74888577848067184,6.56232722782743446E-017)
   0.0000000000000000        0.0000000000000000     
              (0.48639520107648898,0.0000000000000000)
   1.5707963267948966        0.0000000000000000     
       (0.74888577848067184,-6.56232722782743446E-017)
   3.1415926535897931        0.0000000000000000     
         (1.3416632942594773,2.02242420940330289E-017)
   1.0000000000000000                1           4
               (0.0000000000000000,0.0000000000000000)
  -1.5707963267948966        0.0000000000000000     
        (0.72631321292854034,4.00600658841509562E-017)
   0.0000000000000000        0.0000000000000000     
              (0.43818148083607555,0.0000000000000000)
   1.5707963267948966        0.0000000000000000     
       (0.72631321292854034,-4.00600658841509562E-017)
   3.1415926535897931        0.0000000000000000     
         (1.4163400964095985,2.46089805370440823E-017)
