   1.0000000000000000                1           4
               (0.0000000000000000,0.0000000000000000)
  -1.5707963267948966        0.0000000000000000     
        (0.74351025104807056,3.90929842042452543E-017)
   0.0000000000000000        0.0000000000000000     
              (0.45017758946397413,0.0000000000000000)
   1.5707963267948966        0.0000000000000000     
       (0.74351025104807056,-3.90929842042452543E-017)
   3.1415926535897931        0.0000000000000000     
         (1.4071507792434998,2.26748171772326815E-017)
   1.0000000000000000                1           4
               (0.0000000000000000,0.0000000000000000)
  -1.5707963267948966        0.0000000000000000     
        (0.73981199848208989,6.67863682746989019E-017)
   0.0000000000000000        0.0000000000000000     
              (0.44860672698320286,0.0000000000000000)
   1.5707963267948966        0.0000000000000000     
       (0.73981199848208989,-6.67863682746989019E-017)
   3.1415926535897931        0.0000000000000000     
         (1.3992938065723051,2.25504340868821466E-017)
   1.0000000000000000                1           4
               (0.0000000000000000,0.0000000000000000)
  -1.5707963267948966        0.0000000000000000     
        (0.73593383670240264,4.00978089817292476E-017)
   0.0000000000000000        0.0000000000000000     
              (0.48204355415993116,0.0000000000000000)
   1.5707963267948966        0.0000000000000000     
       (0.73593383670240264,-4.00978089817292476E-017)
   3.1415926535897931        0.0000000000000000     
         (1.3929520537544313,2.46844667322006621E-017)
   1.0000000000000000                1           4
               (0.0000000000000000,0.0000000000000000)
  -1.5707963267948966        0.0000000000000000     
        (0.71546258296583676,1.39923660697439083E-017)
   0.0000000000000000        0.0000000000000000     
              (0.46230990798856680,0.0000000000000000)
   1.5707963267948966        0.0000000000000000     
       (0.71546258296583676,-1.39923660697439083E-017)
   3.1415926535897931        0.0000000000000000     
         (1.4256406167481415,2.79847321394878166E-017)
   1.0000000000000000                1           4
               (0.0000000000000000,0.0000000000000000)
  -1.5707963267948966        0.0000000000000000     
        (0.72654088231601777,1.24607787036954918E-017)
   0.0000000000000000        0.0000000000000000     
              (0.44449917389226212,0.0000000000000000)
   1.5707963267948966        0.0000000000000000     
       (0.72654088231601777,-1.24607787036954918E-017)
   3.1415926535897931        0.0000000000000000     
         (1.4155825098142745,2.49215574073909837E-017)
   1.0000000000000000                1           4
               (0.0000000000000000,0.0000000000000000)
  -1.5707963267948966        0.0000000000000000     
       (0.72298177811750675,-1.48471714531923310E-017)
   0.0000000000000000        0.0000000000000000     
              (0.45300269111613295,0.0000000000000000)
   1.5707963267948966        0.0000000000000000     
        (0.72298177811750675,1.48471714531923310E-017)
   3.1415926535897931        0.0000000000000000     
         (1.4145813412079509,2.58168083248731650E-017)
   1.0000000000000000                1           4
               (0.0000000000000000,0.0000000000000000)
  -1.5707963267948966        0.0000000000000000     
        (0.73337408414329808,1.22257855133814462E-017)
   0.0000000000000000        0.0000000000000000     
              (0.48052215184906011,0.0000000000000000)
   1.5707963267948966        0.0000000000000000     
       (0.73337408414329808,-1.22257855133814462E-017)
   3.1415926535897931        0.0000000000000000     
         (1.3855504754372578,2.44515710267628924E-017)
   1.0000000000000000                1           4
               (0.0000000000000000,0.0000000000000000)
  -1.5707963267948966        0.0000000000000000     
        (0.72875843004692387,1.27920075840967506E-017)
   0.0000000000000000        0.0000000000000000     
              (0.46412634345346526,0.0000000000000000)
   1.5707963267948966        0.0000000000000000     
       (0.72875843004692387,-1.27920075840967506E-017)
   3.1415926535897931        0.0000000000000000     
         (1.4112091919679313,2.55840151681935012E-017)
   1.0000000000000000                1           4
               (0.0000000000000000,0.0000000000000000)
  -1.5707963267948966        0.0000000000000000     
       (0.73133953258090778,-1.53187552134618915E-017)
   0.0000000000000000        0.0000000000000000     
              (0.45896659996432532,0.0000000000000000)
   1.5707963267948966        0.0000000000000000     
        (0.73133953258090778,1.53187552134618915E-017)
   3.1415926535897931        0.0000000000000000     
         (1.4099298467584764,2.48736408043340502E-017)
   1.0000000000000000                1           4
               (0.0000000000000000,0.0000000000000000)
  -1.5707963267948966        0.0000000000000000     
        (0.71767088778710519,4.16154057998500214E-017)
   0.0000000000000000        0.0000000000000000     
              (0.46618450750335944,0.0000000000000000)
   1.5707963267948966        0.0000000000000000     
       (0.71767088778710519,-4.16154057998500214E-017)
   3.1415926535897931        0.0000000000000000     
         (1.4218536763371645,2.77196603684422035E-017)
   1.0000000000000000                1           4
               (0.0000000000000000,0.0000000000000000)
  -1.5707963267948966        0.0000000000000000     
        (0.72413408261248247,1.21661774160968314E-017)
   0.0000000000000000        0.0000000000000000     
              (0.43122301138730018,0.0000000000000000)
   1.5707963267948966        0.0000000000000000     
       (0.72413408261248247,-1.21661774160968314E-017)
   3.1415926535897931        0.0000000000000000     
         (1.4144226646290994,2.43323548321936628E-017)
   1.0000000000000000                1           4
               (0.0000000000000000,0.0000000000000000)
  -1.5707963267948966        0.0000000000000000     
        (0.74136222606562008,1.11001752731779019E-017)
   0.0000000000000000        0.0000000000000000     
              (0.47752530111773356,0.0000000000000000)
   1.5707963267948966        0.0000000000000000     
       (0.74136222606562008,-1.11001752731779019E-017)
   3.1415926535897931        0.0000000000000000     
         (1.3677583895108851,2.22003505463558038E-017)
   1.0000000000000000                1           4
               (0.0000000000000000,0.0000000000000000)
  -1.5707963267948966        0.0000000000000000     
        (0.73131345425777761,4.00122488388894609E-017)
   0.0000000000000000        0.0000000000000000     
              (0.45388545773133743,0.0000000000000000)
   1.5707963267948966        0.0000000000000000     
       (0.73131345425777761,-4.00122488388894609E-017)
   3.1415926535897931        0.0000000000000000     
         (1.4090747789501550,2.45133464465210916E-017)
   1.0000000000000000                1           4
               (0.0000000000000000,0.0000000000000000)
  -1.5707963267948966        0.0000000000000000     
       (0.72223450265292399,-1.43142284976658126E-017)
   0.0000000000000000        0.0000000000000000     
              (0.45331273765433044,0.0000000000000000)
   1.5707963267948966        0.0000000000000000     
        (0.72223450265292399,1.43142284976658126E-017)
   3.1415926535897931        0.0000000000000000     
         (1.4301839816771937,2.68826942359262018E-017)
   1.0000000000000000                1           4
               (0.0000000000000000,0.0000000000000000)
  -1.5707963267948966        0.0000000000000000     
        (0.72315160706299220,6.86179485761010056E-017)
   0.0000000000000000        0.0000000000000000     
              (0.46033785615855605,0.0000000000000000)
   1.5707963267948966        0.0000000000000000     
       (0.72315160706299220,-6.86179485761010056E-017)
   3.1415926535897931        0.0000000000000000     
         (1.4140658471523473,2.62135946896863541E-017)
   1.0000000000000000                1           4
               (0.0000000000000000,0.0000000000000000)
  -1.5707963267948966        0.0000000000000000     
        (0.72529532571600042,6.80792204028691751E-017)
   0.0000000000000000        0.0000000000000000     
              (0.44090056791742682,0.0000000000000000)
   1.5707963267948966        0.0000000000000000     
       (0.72529532571600042,-6.80792204028691751E-017)
   3.1415926535897931        0.0000000000000000     
         (1.4201943752127757,2.51361383432226992E-017)
   1.0000000000000000                1           4
               (0.0000000000000000,0.0000000000000000)
  -1.5707963267948966        0.0000000000000000     
       (0.72583051195248638,-1.50425162563771362E-017)
   0.0000000000000000        0.0000000000000000     
              (0.44923133230870688,0.0000000000000000)
   1.5707963267948966        0.0000000000000000     
        (0.72583051195248638,1.50425162563771362E-017)
   3.1415926535897931        0.0000000000000000     
         (1.4176697222109087,2.54261187185035577E-017)
   1.0000000000000000                1           4
               (0.0000000000000000,0.0000000000000000)
  -1.5707963267948966        0.0000000000000000     
        (0.71729785506733501,4.16050229370029359E-017)
   0.0000000000000000        0.0000000000000000     
              (0.45931596012998699,0.0000000000000000)
   1.5707963267948966        0.0000000000000000     
       (0.71729785506733501,-4.16050229370029359E-017)
   3.1415926535897931        0.0000000000000000     
         (1.4276370282343425,2.76988946427480418E-017)
   1.0000000000000000                1           4
               (0.0000000000000000,0.0000000000000000)
  -1.5707963267948966        0.0000000000000000     
        (0.71793711695531826,4.14233940077841844E-017)
   0.0000000000000000        0.0000000000000000     
              (0.46871526794462359,0.0000000000000000)
   1.5707963267948966        0.0000000000000000     
       (0.71793711695531826,-4.14233940077841844E-017)
   3.1415926535897931        0.0000000000000000     
         (1.4135837931626001,2.73356367843105357E-017)
   1.0000000000000000                1           4
               (0.0000000000000000,0.0000000000000000)
  -1.5707963267948966        0.0000000000000000     
        (0.67599133112617205,4.66469123754360083E-017)
   0.0000000000000000        0.0000000000000000     
              (0.49499605054910067,0.0000000000000000)
   1.5707963267948966        0.0000000000000000     
       (0.67599133112617205,-4.66469123754360083E-017)
   3.1415926535897931        0.0000000000000000     
         (1.4740244963556992,3.77826735196141958E-017)
   1.0000000000000000                1           4
               (0.0000000000000000,0.0000000000000000)
  -1.5707963267948966        0.0000000000000000     
        (0.73767684706060166,1.15036305783965244E-017)
   0.0000000000000000        0.0000000000000000     
              (0.47991095931798178,0.0000000000000000)
   1.5707963267948966        0.0000000000000000     
       (0.73767684706060166,-1.15036305783965244E-017)
   3.1415926535897931        0.0000000000000000     
         (1.3711798236162833,2.30072611567930489E-017)
   1.0000000000000000                1           4
               (0.0000000000000000,0.0000000000000000)
  -1.5707963267948966        0.0000000000000000     
        (0.71772887239339234,4.11714972431462365E-017)
   0.0000000000000000        0.0000000000000000     
              (0.45146628507833952,0.0000000000000000)
   1.5707963267948966        0.0000000000000000     
       (0.71772887239339234,-4.11714972431462365E-017)
   3.1415926535897931        0.0000000000000000     
         (1.4221887141938367,2.68318432550346460E-017)
   1.0000000000000000                1           4
               (0.0000000000000000,0.0000000000000000)
  -1.5707963267948966        0.0000000000000000     
        (0.72667329747471776,4.02999984813313830E-017)
   0.0000000000000000        0.0000000000000000     
              (0.46436229062139062,0.0000000000000000)
   1.5707963267948966        0.0000000000000000     
       (0.72667329747471776,-4.02999984813313830E-017)
   3.1415926535897931        0.0000000000000000     
         (1.3987162490630130,2.50888457314049420E-017)
   1.0000000000000000                1           4
               (0.0000000000000000,0.0000000000000000)
  -1.5707963267948966        0.0000000000000000     
       (0.72843091735405818,-1.54549429420616747E-017)
   0.0000000000000000        0.0000000000000000     
              (0.47015339107479426,0.0000000000000000)
   1.5707963267948966        0.0000000000000000     
        (0.72843091735405818,1.54549429420616747E-017)
   3.1415926535897931        0.0000000000000000     
         (1.3884775964088463,2.46012653471344776E-017)
   1.0000000000000000                1           4
               (0.0000000000000000,0.0000000000000000)
  -1.5707963267948966        0.0000000000000000     
       (0.74077672188558952,-4.41344259473703877E-017)
   0.0000000000000000        0.0000000000000000     
              (0.46676182264220456,0.0000000000000000)
   1.5707963267948966        0.0000000000000000     
        (0.74077672188558952,4.41344259473703877E-017)
   3.1415926535897931        0.0000000000000000     
         (1.3863836684624051,2.27534505677748847E-017)
   1.0000000000000000                1           4
               (0.0000000000000000,0.0000000000000000)
  -1.5707963267948966        0.0000000000000000     
       (0.72527790852088059,-4.28377867230741914E-017)
   0.0000000000000000        0.0000000000000000     
              (0.45302961393153640,0.0000000000000000)
   1.5707963267948966        0.0000000000000000     
        (0.72527790852088059,4.28377867230741914E-017)
   3.1415926535897931        0.0000000000000000     
         (1.4114697014971007,2.53467290163672712E-017)
   1.0000000000000000                1           4
               (0.0000000000000000,0.0000000000000000)
  -1.5707963267948966        0.0000000000000000     
       (0.72730942667277476,-1.53901740719673339E-017)
   0.0000000000000000        0.0000000000000000     
              (0.44019508967622079,0.0000000000000000)
   1.5707963267948966        0.0000000000000000     
        (0.72730942667277476,1.53901740719673339E-017)
   3.1415926535897931        0.0000000000000000     
         (1.4183084282851461,2.47308030873231592E-017)
   1.0000000000000000                1           4
               (0.0000000000000000,0.0000000000000000)
  -1.5707963267948966        0.0000000000000000     
        (0.72841720413844735,1.24090990483618344E-017)
   0.0000000000000000        0.0000000000000000     
              (0.46573360258842628,0.0000000000000000)
   1.5707963267948966        0.0000000000000000     
       (0.72841720413844735,-1.24090990483618344E-017)
   3.1415926535897931        0.0000000000000000     
         (1.3964127391210803,2.48181980967236689E-017)
   1.0000000000000000                1           4
               (0.0000000000000000,0.0000000000000000)
  -1.5707963267948966        0.0000000000000000     
        (0.71860430525543417,1.35150049733561705E-017)
   0.0000000000000000        0.0000000000000000     
              (0.44716325545226476,0.0000000000000000)
   1.5707963267948966        0.0000000000000000     
       (0.71860430525543417,-1.35150049733561705E-017)
   3.1415926535897931        0.0000000000000000     
         (1.4314789172176143,2.70300099467123411E-017)
   1.0000000000000000                1           4
               (0.0000000000000000,0.0000000000000000)
  -1.5707963267948966        0.0000000000000000     
        (0.72741651168624299,1.28321517214302208E-017)
   0.0000000000000000        0.0000000000000000     
              (0.46646559616689176,0.0000000000000000)
   1.5707963267948966        0.0000000000000000     
       (0.72741651168624299,-1.28321517214302208E-017)
   3.1415926535897931        0.0000000000000000     
         (1.4074973095639840,2.56643034428604416E-017)
   1.0000000000000000                1           4
               (0.0000000000000000,0.0000000000000000)
  -1.5707963267948966        0.0000000000000000     
        (0.73068044483549943,1.23384997801004199E-017)
   0.0000000000000000        0.0000000000000000     
              (0.45953898518510583,0.0000000000000000)
   1.5707963267948966        0.0000000000000000     
       (0.73068044483549943,-1.23384997801004199E-017)
   3.1415926535897931        0.0000000000000000     
         (1.4048278908222298,2.46769995602008399E-017)
   1.0000000000000000                1           4
               (0.0000000000000000,0.0000000000000000)
  -1.5707963267948966        0.0000000000000000     
        (0.73137170390663175,1.22027612297472708E-017)
   0.0000000000000000        0.0000000000000000     
              (0.46386340453988362,0.0000000000000000)
   1.5707963267948966        0.0000000000000000     
       (0.73137170390663175,-1.22027612297472708E-017)
   3.1415926535897931        0.0000000000000000     
         (1.3974524320991704,2.44055224594945415E-017)
   1.0000000000000000                1           4
               (0.0000000000000000,0.0000000000000000)
  -1.5707963267948966        0.0000000000000000     
        (0.75086010750430543,1.02268165011122405E-017)
   0.0000000000000000        0.0000000000000000     
              (0.45702863784053782,0.0000000000000000)
   1.5707963267948966        0.0000000000000000     
       (0.75086010750430543,-1.02268165011122405E-017)
   3.1415926535897931        0.0000000000000000     
         (1.3787247533698170,2.04536330022244810E-017)
   1.0000000000000000                1           4
               (0.0000000000000000,0.0000000000000000)
  -1.5707963267948966        0.0000000000000000     
        (0.73020333635061274,1.20356599242324501E-017)
   0.0000000000000000        0.0000000000000000     
              (0.44611703170653294,0.0000000000000000)
   1.5707963267948966        0.0000000000000000     
       (0.73020333635061274,-1.20356599242324501E-017)
   3.1415926535897931        0.0000000000000000     
         (1.4074041269872954,2.40713198484649001E-017)
   1.0000000000000000                1           4
               (0.0000000000000000,0.0000000000000000)
  -1.5707963267948966        0.0000000000000000     
        (0.71979715910066933,4.14628434498493025E-017)
   0.0000000000000000        0.0000000000000000     
              (0.47710568684862431,0.0000000000000000)
   1.5707963267948966        0.0000000000000000     
       (0.71979715910066933,-4.14628434498493025E-017)
   3.1415926535897931        0.0000000000000000     
         (1.4102019751107324,2.74145356684407810E-017)
   1.0000000000000000                1           4
               (0.0000000000000000,0.0000000000000000)
  -1.5707963267948966        0.0000000000000000     
        (0.72540281279309704,4.07661439308273672E-017)
   0.0000000000000000        0.0000000000000000     
              (0.46726274168441673,0.0000000000000000)
   1.5707963267948966        0.0000000000000000     
       (0.72540281279309704,-4.07661439308273672E-017)
   3.1415926535897931        0.0000000000000000     
         (1.4085002944549889,2.60211366303969042E-017)
   1.0000000000000000                1           4
               (0.0000000000000000,0.0000000000000000)
  -1.5707963267948966        0.0000000000000000     
        (0.71245535401670701,1.42918302783618044E-017)
   0.0000000000000000        0.0000000000000000     
              (0.46494323306796514,0.0000000000000000)
   1.5707963267948966        0.0000000000000000     
       (0.71245535401670701,-1.42918302783618044E-017)
   3.1415926535897931        0.0000000000000000     
         (1.4267740771077917,2.85836605567236088E-017)
   1.0000000000000000                1           4
               (0.0000000000000000,0.0000000000000000)
  -1.5707963267948966        0.0000000000000000     
        (0.71282809189953888,4.22773410291747009E-017)
   0.0000000000000000        0.0000000000000000     
              (0.45059639879299390,0.0000000000000000)
   1.5707963267948966        0.0000000000000000     
       (0.71282809189953888,-4.22773410291747009E-017)
   3.1415926535897931        0.0000000000000000     
         (1.4493766386052249,2.90435308270915810E-017)
   1.0000000000000000                1           4
               (0.0000000000000000,0.0000000000000000)
  -1.5707963267948966        0.0000000000000000     
        (0.72297286810715056,4.07418143218392896E-017)
   0.0000000000000000        0.0000000000000000     
              (0.46448513192682378,0.0000000000000000)
   1.5707963267948966        0.0000000000000000     
       (0.72297286810715056,-4.07418143218392896E-017)
   3.1415926535897931        0.0000000000000000     
         (1.4056233495051811,2.59724774124207460E-017)
   1.0000000000000000                1           4
               (0.0000000000000000,0.0000000000000000)
  -1.5707963267948966        0.0000000000000000     
       (0.71843223988319582,-4.17450631047033935E-017)
   0.0000000000000000        0.0000000000000000     
              (0.46234249354904544,0.0000000000000000)
   1.5707963267948966        0.0000000000000000     
        (0.71843223988319582,4.17450631047033935E-017)
   3.1415926535897931        0.0000000000000000     
         (1.4241565465212289,2.75321762531088764E-017)
   1.0000000000000000                1           4
               (0.0000000000000000,0.0000000000000000)
  -1.5707963267948966        0.0000000000000000     
       (0.72140790198975047,-1.48450643556233805E-017)
   0.0000000000000000        0.0000000000000000     
              (0.44313970514063133,0.0000000000000000)
   1.5707963267948966        0.0000000000000000     
        (0.72140790198975047,1.48450643556233805E-017)
   3.1415926535897931        0.0000000000000000     
         (1.4213653979574181,2.58210225200110628E-017)
   1.0000000000000000                1           4
               (0.0000000000000000,0.0000000000000000)
  -1.5707963267948966        0.0000000000000000     
        (0.72320860904461570,4.08441633863785261E-017)
   0.0000000000000000        0.0000000000000000     
              (0.46788093668476666,0.0000000000000000)
   1.5707963267948966        0.0000000000000000     
       (0.72320860904461570,-4.08441633863785261E-017)
   3.1415926535897931        0.0000000000000000     
         (1.4060420007633003,2.61771755414992251E-017)
   1.0000000000000000                1           4
               (0.0000000000000000,0.0000000000000000)
  -1.5707963267948966        0.0000000000000000     
        (0.71587726000191343,6.91673950705223269E-017)
   0.0000000000000000        0.0000000000000000     
              (0.45933607889566358,0.0000000000000000)
   1.5707963267948966        0.0000000000000000     
       (0.71587726000191343,-6.91673950705223269E-017)
   3.1415926535897931        0.0000000000000000     
         (1.4184652147174199,2.73124876785289935E-017)
   1.0000000000000000                1           4
               (0.0000000000000000,0.0000000000000000)
  -1.5707963267948966        0.0000000000000000     
        (0.74065443752203275,1.12126450219373000E-017)
   0.0000000000000000        0.0000000000000000     
              (0.46390010052629588,0.0000000000000000)
   1.5707963267948966        0.0000000000000000     
       (0.74065443752203275,-1.12126450219373000E-017)
   3.1415926535897931        0.0000000000000000     
         (1.3836415537891147,2.24252900438745999E-017)
   1.0000000000000000                1           4
               (0.0000000000000000,0.0000000000000000)
  -1.5707963267948966        0.0000000000000000     
        (0.70884286184077316,1.45250357147465904E-017)
   0.0000000000000000        0.0000000000000000     
              (0.45738235647550329,0.0000000000000000)
   1.5707963267948966        0.0000000000000000     
       (0.70884286184077316,-1.45250357147465904E-017)
   3.1415926535897931        0.0000000000000000     
         (1.4347270369485186,2.90500714294931808E-017)
   1.0000000000000000                1           4
               (0.0000000000000000,0.0000000000000000)
  -1.5707963267948966        0.0000000000000000     
       (0.73205390213309307,-1.57423328398839043E-017)
   0.0000000000000000        0.0000000000000000     
              (0.45267351873092476,0.0000000000000000)
   1.5707963267948966        0.0000000000000000     
        (0.73205390213309307,1.57423328398839043E-017)
   3.1415926535897931        0.0000000000000000     
         (1.4038165718927349,2.40264855514900246E-017)
   1.0000000000000000                1           4
               (0.0000000000000000,0.0000000000000000)
  -1.5707963267948966        0.0000000000000000     
        (0.71433767405536630,1.40990914673302280E-017)
   0.0000000000000000        0.0000000000000000     
              (0.46832522472838811,0.0000000000000000)
   1.5707963267948966        0.0000000000000000     
       (0.71433767405536630,-1.40990914673302280E-017)
   3.1415926535897931        0.0000000000000000     
         (1.4208613982134735,2.81981829346604559E-017)
   1.0000000000000000                1           4
               (0.0000000000000000,0.0000000000000000)
  -1.5707963267948966        0.0000000000000000     
        (0.73008749799417760,1.22046257855445685E-017)
   0.0000000000000000        0.0000000000000000     
              (0.45366517575188192,0.0000000000000000)
   1.5707963267948966        0.0000000000000000     
       (0.73008749799417760,-1.22046257855445685E-017)
   3.1415926535897931        0.0000000000000000     
         (1.4051431500762903,2.44092515710891370E-017)
   1.0000000000000000                1           4
               (0.0000000000000000,0.0000000000000000)
  -1.5707963267948966        0.0000000000000000     
        (0.73760339679012266,1.20932760092084700E-017)
   0.0000000000000000        0.0000000000000000     
              (0.46456394329755879,0.0000000000000000)
   1.5707963267948966        0.0000000000000000     
       (0.73760339679012266,-1.20932760092084700E-017)
   3.1415926535897931        0.0000000000000000     
         (1.4056392204239641,2.41865520184169400E-017)
   1.0000000000000000                1           4
               (0.0000000000000000,0.0000000000000000)
  -1.5707963267948966        0.0000000000000000     
        (0.72172847423514064,1.31339153101878050E-017)
   0.0000000000000000        0.0000000000000000     
              (0.46340911368675908,0.0000000000000000)
   1.5707963267948966        0.0000000000000000     
       (0.72172847423514064,-1.31339153101878050E-017)
   3.1415926535897931        0.0000000000000000     
         (1.4090340639340706,2.62678306203756100E-017)
   1.0000000000000000                1           4
               (0.0000000000000000,0.0000000000000000)
  -1.5707963267948966        0.0000000000000000     
        (0.73133174961516911,1.24713639027619083E-017)
   0.0000000000000000        0.0000000000000000     
              (0.46818336328699994,0.0000000000000000)
   1.5707963267948966        0.0000000000000000     
       (0.73133174961516911,-1.24713639027619083E-017)
   3.1415926535897931        0.0000000000000000     
         (1.4018257938569492,2.49427278055238166E-017)
   1.0000000000000000                1           4
               (0.0000000000000000,0.0000000000000000)
  -1.5707963267948966        0.0000000000000000     
        (0.72913043565024571,1.25399560011061750E-017)
   0.0000000000000000        0.0000000000000000     
              (0.44835421873738918,0.0000000000000000)
   1.5707963267948966        0.0000000000000000     
       (0.72913043565024571,-1.25399560011061750E-017)
   3.1415926535897931        0.0000000000000000     
         (1.4194926984283094,2.50799120022123500E-017)
   1.0000000000000000                1           4
               (0.0000000000000000,0.0000000000000000)
  -1.5707963267948966        0.0000000000000000     
       (0.71483786309032171,-1.39355083624867878E-017)
   0.0000000000000000        0.0000000000000000     
              (0.44674997285899887,0.0000000000000000)
   1.5707963267948966        0.0000000000000000     
        (0.71483786309032171,1.39355083624867878E-017)
   3.1415926535897931        0.0000000000000000     
         (1.4343234056982870,2.76401345062842515E-017)
   1.0000000000000000                1           4
               (0.0000000000000000,0.0000000000000000)
  -1.5707963267948966        0.0000000000000000     
        (0.74635501131260484,9.40611588174749783E-017)
   0.0000000000000000        0.0000000000000000     
              (0.46336013118950364,0.0000000000000000)
   1.5707963267948966        0.0000000000000000     
       (0.74635501131260484,-9.40611588174749783E-017)
   3.1415926535897931        0.0000000000000000     
         (1.3819227958226274,2.15888639411764510E-017)
   1.0000000000000000                1           4
               (0.0000000000000000,0.0000000000000000)
  -1.5707963267948966        0.0000000000000000     
        (0.73188638592615896,1.23141247277850218E-017)
   0.0000000000000000        0.0000000000000000     
              (0.43761675854936777,0.0000000000000000)
   1.5707963267948966        0.0000000000000000     
       (0.73188638592615896,-1.23141247277850218E-017)
   3.1415926535897931        0.0000000000000000     
         (1.4283658500120682,2.46282494555700436E-017)
   1.0000000000000000                1           4
               (0.0000000000000000,0.0000000000000000)
  -1.5707963267948966        0.0000000000000000     
        (0.72863097205356642,4.06769161941225506E-017)
   0.0000000000000000        0.0000000000000000     
              (0.45763111020613423,0.0000000000000000)
   1.5707963267948966        0.0000000000000000     
       (0.72863097205356642,-4.06769161941225506E-017)
   3.1415926535897931        0.0000000000000000     
         (1.4216738454040696,2.58426811569872679E-017)
   1.0000000000000000                1           4
               (0.0000000000000000,0.0000000000000000)
  -1.5707963267948966        0.0000000000000000     
        (0.73196345290320131,1.21877313163078305E-017)
   0.0000000000000000        0.0000000000000000     
              (0.47100309018299158,0.0000000000000000)
   1.5707963267948966        0.0000000000000000     
       (0.73196345290320131,-1.21877313163078305E-017)
   3.1415926535897931        0.0000000000000000     
         (1.3910053302215273,2.43754626326156610E-017)
   1.0000000000000000                1           4
               (0.0000000000000000,0.0000000000000000)
  -1.5707963267948966        0.0000000000000000     
        (0.72566930000858409,1.27456984122636265E-017)
   0.0000000000000000        0.0000000000000000     
              (0.45067173898191082,0.0000000000000000)
   1.5707963267948966        0.0000000000000000     
       (0.72566930000858409,-1.27456984122636265E-017)
   3.1415926535897931        0.0000000000000000     
         (1.4169729640238964,2.54913968245272529E-017)
   1.0000000000000000                1           4
               (0.0000000000000000,0.0000000000000000)
  -1.5707963267948966        0.0000000000000000     
        (0.73176939403259844,3.97254277482355674E-017)
   0.0000000000000000        0.0000000000000000     
              (0.46032882669656200,0.0000000000000000)
   1.5707963267948966        0.0000000000000000     
       (0.73176939403259844,-3.97254277482355674E-017)
   3.1415926535897931        0.0000000000000000     
         (1.3941750017685455,2.39397042652133078E-017)
   1.0000000000000000                1           4
               (0.0000000000000000,0.0000000000000000)
  -1.5707963267948966        0.0000000000000000     
        (0.73071016282811529,1.23151104216612683E-017)
   0.0000000000000000        0.0000000000000000     
              (0.44507297965618242,0.0000000000000000)
   1.5707963267948966        0.0000000000000000     
       (0.73071016282811529,-1.23151104216612683E-017)
   3.1415926535897931        0.0000000000000000     
         (1.4185893779144101,2.46302208433225367E-017)
   1.0000000000000000                1           4
               (0.0000000000000000,0.0000000000000000)
  -1.5707963267948966        0.0000000000000000     
        (0.72740416604265778,4.01928560255500072E-017)
   0.0000000000000000        0.0000000000000000     
              (0.46111281793599801,0.0000000000000000)
   1.5707963267948966        0.0000000000000000     
       (0.72740416604265778,-4.01928560255500072E-017)
   3.1415926535897931        0.0000000000000000     
         (1.3999279207037763,2.48745608198421843E-017)
   1.0000000000000000                1           4
               (0.0000000000000000,0.0000000000000000)
  -1.5707963267948966        0.0000000000000000     
        (0.73706175866801305,1.16568534343288260E-017)
   0.0000000000000000        0.0000000000000000     
              (0.45316124798215901,0.0000000000000000)
   1.5707963267948966        0.0000000000000000     
       (0.73706175866801305,-1.16568534343288260E-017)
   3.1415926535897931        0.0000000000000000     
         (1.4017039964361500,2.33137068686576521E-017)
   1.0000000000000000                1           4
               (0.0000000000000000,0.0000000000000000)
  -1.5707963267948966        0.0000000000000000     
       (0.71682660225530492,-1.39204775457614207E-017)
   0.0000000000000000        0.0000000000000000     
              (0.45012191804343665,0.0000000000000000)
   1.5707963267948966        0.0000000000000000     
        (0.71682660225530492,1.39204775457614207E-017)
   3.1415926535897931        0.0000000000000000     
         (1.4354198825750477,2.76701961397349887E-017)
   1.0000000000000000                1           4
               (0.0000000000000000,0.0000000000000000)
  -1.5707963267948966        0.0000000000000000     
        (0.72516081067120863,6.86329183870416561E-017)
   0.0000000000000000        0.0000000000000000     
              (0.44720549219709471,0.0000000000000000)
   1.5707963267948966        0.0000000000000000     
       (0.72516081067120863,-6.86329183870416561E-017)
   3.1415926535897931        0.0000000000000000     
         (1.4317055694613290,2.62435343115676428E-017)
   1.0000000000000000                1           4
               (0.0000000000000000,0.0000000000000000)
  -1.5707963267948966        0.0000000000000000     
        (0.72977808666823474,1.24355527753753687E-017)
   0.0000000000000000        0.0000000000000000     
              (0.47089425572685256,0.0000000000000000)
   1.5707963267948966        0.0000000000000000     
       (0.72977808666823474,-1.24355527753753687E-017)
   3.1415926535897931        0.0000000000000000     
         (1.3948378953375131,2.48711055507507374E-017)
   1.0000000000000000                1           4
               (0.0000000000000000,0.0000000000000000)
  -1.5707963267948966        0.0000000000000000     
        (0.71694930273343205,1.36095935738697083E-017)
   0.0000000000000000        0.0000000000000000     
              (0.46232315178685501,0.0000000000000000)
   1.5707963267948966        0.0000000000000000     
       (0.71694930273343205,-1.36095935738697083E-017)
   3.1415926535897931        0.0000000000000000     
         (1.4160985139891606,2.72191871477394166E-017)
   1.0000000000000000                1           4
               (0.0000000000000000,0.0000000000000000)
  -1.5707963267948966        0.0000000000000000     
        (0.72794771425435623,1.26862888007575252E-017)
   0.0000000000000000        0.0000000000000000     
              (0.48634718382916325,0.0000000000000000)
   1.5707963267948966        0.0000000000000000     
       (0.72794771425435623,-1.26862888007575252E-017)
   3.1415926535897931        0.0000000000000000     
         (1.3839138824974151,2.53725776015150505E-017)
   1.0000000000000000                1           4
               (0.0000000000000000,0.0000000000000000)
  -1.5707963267948966        0.0000000000000000     
        (0.72115716860584744,4.10918469119030669E-017)
   0.0000000000000000        0.0000000000000000     
              (0.45842461010142138,0.0000000000000000)
   1.5707963267948966        0.0000000000000000     
       (0.72115716860584744,-4.10918469119030669E-017)
   3.1415926535897931        0.0000000000000000     
         (1.4194854043474781,2.66725425925483006E-017)
   1.0000000000000000                1           4
               (0.0000000000000000,0.0000000000000000)
  -1.5707963267948966        0.0000000000000000     
       (0.73452492439770600,-1.27133071634405826E-016)
   0.0000000000000000        0.0000000000000000     
              (0.46082772622044066,0.0000000000000000)
   1.5707963267948966        0.0000000000000000     
        (0.73452492439770600,1.27133071634405826E-016)
   3.1415926535897931        0.0000000000000000     
         (1.3885703650836296,2.32896128874774855E-017)
   1.0000000000000000                1           4
               (0.0000000000000000,0.0000000000000000)
  -1.5707963267948966        0.0000000000000000     
        (0.74170185257384813,6.68757083233592203E-017)
   0.0000000000000000        0.0000000000000000     
              (0.47474055016141292,0.0000000000000000)
   1.5707963267948966        0.0000000000000000     
       (0.74170185257384813,-6.68757083233592203E-017)
   3.1415926535897931        0.0000000000000000     
         (1.3798577590146068,2.27291141842027804E-017)
   1.0000000000000000                1           4
               (0.0000000000000000,0.0000000000000000)
  -1.5707963267948966        0.0000000000000000     
        (0.71461284922027302,4.19700555313884557E-017)
   0.0000000000000000        0.0000000000000000     
              (0.45682028153620075,0.0000000000000000)
   1.5707963267948966        0.0000000000000000     
       (0.71461284922027302,-4.19700555313884557E-017)
   3.1415926535897931        0.0000000000000000     
         (1.4366855644752603,2.84289598315190781E-017)
   1.0000000000000000                1           4
               (0.0000000000000000,0.0000000000000000)
  -1.5707963267948966        0.0000000000000000     
        (0.71802279129776914,1.33185693482030763E-017)
   0.0000000000000000        0.0000000000000000     
              (0.44202207558329831,0.0000000000000000)
   1.5707963267948966        0.0000000000000000     
       (0.71802279129776914,-1.33185693482030763E-017)
   3.1415926535897931        0.0000000000000000     
         (1.4290409947475113,2.66371386964061526E-017)
   1.0000000000000000                1           4
               (0.0000000000000000,0.0000000000000000)
  -1.5707963267948966        0.0000000000000000     
        (0.72421621825482385,4.08982844704604252E-017)
   0.0000000000000000        0.0000000000000000     
              (0.47487126716995209,0.0000000000000000)
   1.5707963267948966        0.0000000000000000     
       (0.72421621825482385,-4.08982844704604252E-017)
   3.1415926535897931        0.0000000000000000     
         (1.4028346174549229,2.62854177096630172E-017)
   1.0000000000000000                1           4
               (0.0000000000000000,0.0000000000000000)
  -1.5707963267948966        0.0000000000000000     
        (0.73083474500602807,1.23903469637719801E-017)
   0.0000000000000000        0.0000000000000000     
              (0.47125301565778044,0.0000000000000000)
   1.5707963267948966        0.0000000000000000     
       (0.73083474500602807,-1.23903469637719801E-017)
   3.1415926535897931        0.0000000000000000     
         (1.3951159182232711,2.47806939275439602E-017)
   1.0000000000000000                1           4
               (0.0000000000000000,0.0000000000000000)
  -1.5707963267948966        0.0000000000000000     
       (0.72699573385659277,-1.47048413260466111E-017)
   0.0000000000000000        0.0000000000000000     
              (0.47312893088748309,0.0000000000000000)
   1.5707963267948966        0.0000000000000000     
        (0.72699573385659277,1.47048413260466111E-017)
   3.1415926535897931        0.0000000000000000     
         (1.4071318676619478,2.61014685791646109E-017)
   1.0000000000000000                1           4
               (0.0000000000000000,0.0000000000000000)
  -1.5707963267948966        0.0000000000000000     
        (0.72494261570378116,1.30173705206395159E-017)
   0.0000000000000000        0.0000000000000000     
              (0.45616541308350056,0.0000000000000000)
   1.5707963267948966        0.0000000000000000     
       (0.72494261570378116,-1.30173705206395159E-017)
   3.1415926535897931        0.0000000000000000     
         (1.4188994057676487,2.60347410412790318E-017)
   1.0000000000000000                1           4
               (0.0000000000000000,0.0000000000000000)
  -1.5707963267948966        0.0000000000000000     
        (0.71552223611658783,1.35831661061180573E-017)
   0.0000000000000000        0.0000000000000000     
              (0.44579730007600932,0.0000000000000000)
   1.5707963267948966        0.0000000000000000     
       (0.71552223611658783,-1.35831661061180573E-017)
   3.1415926535897931        0.0000000000000000     
         (1.4289070458636159,2.71663322122361146E-017)
   1.0000000000000000                1           4
               (0.0000000000000000,0.0000000000000000)
  -1.5707963267948966        0.0000000000000000     
        (0.72129063662659743,1.30756151625826228E-017)
   0.0000000000000000        0.0000000000000000     
              (0.46510520052694776,0.0000000000000000)
   1.5707963267948966        0.0000000000000000     
       (0.72129063662659743,-1.30756151625826228E-017)
   3.1415926535897931        0.0000000000000000     
         (1.4045580745470621,2.61512303251652457E-017)
   1.0000000000000000                1           4
               (0.0000000000000000,0.0000000000000000)
  -1.5707963267948966        0.0000000000000000     
        (0.71267046450638216,6.98277227090409007E-017)
   0.0000000000000000        0.0000000000000000     
              (0.46366275443243915,0.0000000000000000)
   1.5707963267948966        0.0000000000000000     
       (0.71267046450638216,-6.98277227090409007E-017)
   3.1415926535897931        0.0000000000000000     
         (1.4292928856219358,2.86331429555661349E-017)
   1.0000000000000000                1           4
               (0.0000000000000000,0.0000000000000000)
  -1.5707963267948966        0.0000000000000000     
        (0.72009665215218377,1.34134351815985272E-017)
   0.0000000000000000        0.0000000000000000     
              (0.45705048102503409,0.0000000000000000)
   1.5707963267948966        0.0000000000000000     
       (0.72009665215218377,-1.34134351815985272E-017)
   3.1415926535897931        0.0000000000000000     
         (1.4212588642778479,2.68268703631970544E-017)
   1.0000000000000000                1           4
               (0.0000000000000000,0.0000000000000000)
  -1.5707963267948966        0.0000000000000000     
       (0.73738105588740499,-1.62049436509478458E-017)
   0.0000000000000000        0.0000000000000000     
              (0.44800572840341152,0.0000000000000000)
   1.5707963267948966        0.0000000000000000     
        (0.73738105588740499,1.62049436509478458E-017)
   3.1415926535897931        0.0000000000000000     
         (1.4040286539631501,2.31012639293621447E-017)
   1.0000000000000000                1           4
               (0.0000000000000000,0.0000000000000000)
  -1.5707963267948966        0.0000000000000000     
        (0.69882606017700499,1.57680587932244899E-017)
   0.0000000000000000        0.0000000000000000     
              (0.45262585859649962,0.0000000000000000)
   1.5707963267948966        0.0000000000000000     
       (0.69882606017700499,-1.57680587932244899E-017)
   3.1415926535897931        0.0000000000000000     
         (1.4600501463323226,3.15361175864489798E-017)
   1.0000000000000000                1           4
               (0.0000000000000000,0.0000000000000000)
  -1.5707963267948966        0.0000000000000000     
        (0.73889858827428712,1.15571156771531801E-017)
   0.0000000000000000        0.0000000000000000     
              (0.47547220248281152,0.0000000000000000)
   1.5707963267948966        0.0000000000000000     
       (0.73889858827428712,-1.15571156771531801E-017)
   3.1415926535897931        0.0000000000000000     
         (1.3798090187780729,2.31142313543063601E-017)
   1.0000000000000000                1           4
               (0.0000000000000000,0.0000000000000000)
  -1.5707963267948966        0.0000000000000000     
        (0.71442228061954238,1.38195961762460898E-017)
   0.0000000000000000        0.0000000000000000     
              (0.46466191044225424,0.0000000000000000)
   1.5707963267948966        0.0000000000000000     
       (0.71442228061954238,-1.38195961762460898E-017)
   3.1415926535897931        0.0000000000000000     
         (1.4155649166343875,2.76391923524921795E-017)
   1.0000000000000000                1           4
               (0.0000000000000000,0.0000000000000000)
  -1.5707963267948966        0.0000000000000000     
        (0.72861954364076165,1.26029378843196628E-017)
   0.0000000000000000        0.0000000000000000     
              (0.46255344503246748,0.0000000000000000)
   1.5707963267948966        0.0000000000000000     
       (0.72861954364076165,-1.26029378843196628E-017)
   3.1415926535897931        0.0000000000000000     
         (1.4063288325336121,2.52058757686393256E-017)
   1.0000000000000000                1           4
               (0.0000000000000000,0.0000000000000000)
  -1.5707963267948966        0.0000000000000000     
        (0.73358799156818710,9.50422887477369989E-017)
   0.0000000000000000        0.0000000000000000     
              (0.45189465837688175,0.0000000000000000)
   1.5707963267948966        0.0000000000000000     
       (0.73358799156818710,-9.50422887477369989E-017)
   3.1415926535897931        0.0000000000000000     
         (1.3999003646018005,2.35511238017005168E-017)
   1.0000000000000000                1           4
               (0.0000000000000000,0.0000000000000000)
  -1.5707963267948966        0.0000000000000000     
       (0.72099034678399410,-4.23786057476822452E-017)
   0.0000000000000000        0.0000000000000000     
              (0.45089867853967502,0.0000000000000000)
   1.5707963267948966        0.0000000000000000     
        (0.72099034678399410,4.23786057476822452E-017)
   3.1415926535897931        0.0000000000000000     
         (1.4200235022463086,2.62650909671511697E-017)
   1.0000000000000000                1           4
               (0.0000000000000000,0.0000000000000000)
  -1.5707963267948966        0.0000000000000000     
        (0.72578159931404518,1.31215971118540725E-017)
   0.0000000000000000        0.0000000000000000     
              (0.48486198698455241,0.0000000000000000)
   1.5707963267948966        0.0000000000000000     
       (0.72578159931404518,-1.31215971118540725E-017)
   3.1415926535897931        0.0000000000000000     
         (1.3952850979033098,2.62431942237081451E-017)
   1.0000000000000000                1           4
               (0.0000000000000000,0.0000000000000000)
  -1.5707963267948966        0.0000000000000000     
        (0.71589537882972698,1.35063202985294626E-017)
   0.0000000000000000        0.0000000000000000     
              (0.44038294024805313,0.0000000000000000)
   1.5707963267948966        0.0000000000000000     
       (0.71589537882972698,-1.35063202985294626E-017)
   3.1415926535897931        0.0000000000000000     
         (1.4325577165638124,2.70126405970589252E-017)
   1.0000000000000000                1           4
               (0.0000000000000000,0.0000000000000000)
  -1.5707963267948966        0.0000000000000000     
        (0.72057033813936555,6.88413540834337584E-017)
   0.0000000000000000        0.0000000000000000     
              (0.45238314583625461,0.0000000000000000)
   1.5707963267948966        0.0000000000000000     
       (0.72057033813936555,-6.88413540834337584E-017)
   3.1415926535897931        0.0000000000000000     
         (1.4241549972535419,2.66604057043518505E-017)
   1.0000000000000000                1           4
               (0.0000000000000000,0.0000000000000000)
  -1.5707963267948966        0.0000000000000000     
        (0.67582994092482651,4.65632391871060969E-017)
   0.0000000000000000        0.0000000000000000     
              (0.48948131049932764,0.0000000000000000)
   1.5707963267948966        0.0000000000000000     
       (0.67582994092482651,-4.65632391871060969E-017)
   3.1415926535897931        0.0000000000000000     
         (1.4764834822706596,3.76153271429543668E-017)
   1.0000000000000000                1           4
               (0.0000000000000000,0.0000000000000000)
  -1.5707963267948966        0.0000000000000000     
        (0.72870486168238646,1.25052753926656081E-017)
   0.0000000000000000        0.0000000000000000     
              (0.45807781942255715,0.0000000000000000)
   1.5707963267948966        0.0000000000000000     
       (0.72870486168238646,-1.25052753926656081E-017)
   3.1415926535897931        0.0000000000000000     
         (1.4077851951727083,2.50105507853312162E-017)
   1.0000000000000000                1           4
               (0.0000000000000000,0.0000000000000000)
  -1.5707963267948966        0.0000000000000000     
        (0.75293761895505451,1.05030647630149345E-017)
   0.0000000000000000        0.0000000000000000     
              (0.48135752703620205,0.0000000000000000)
   1.5707963267948966        0.0000000000000000     
       (0.75293761895505451,-1.05030647630149345E-017)
   3.1415926535897931        0.0000000000000000     
         (1.3675738400477249,2.10061295260298689E-017)
   1.0000000000000000                1           4
               (0.0000000000000000,0.0000000000000000)
  -1.5707963267948966        0.0000000000000000     
        (0.73031275233877369,4.05426778589811021E-017)
   0.0000000000000000        0.0000000000000000     
              (0.48412877187352371,0.0000000000000000)
   1.5707963267948966        0.0000000000000000     
       (0.73031275233877369,-4.05426778589811021E-017)
   3.1415926535897931        0.0000000000000000     
         (1.3941551875439560,2.55742044867043742E-017)
   1.0000000000000000                1           4
               (0.0000000000000000,0.0000000000000000)
  -1.5707963267948966        0.0000000000000000     
        (0.72361119760718950,1.26106051126021894E-017)
   0.0000000000000000        0.0000000000000000     
              (0.44040466314720378,0.0000000000000000)
   1.5707963267948966        0.0000000000000000     
       (0.72361119760718950,-1.26106051126021894E-017)
   3.1415926535897931        0.0000000000000000     
         (1.4187113530322464,2.52212102252043787E-017)
   1.0000000000000000                1           4
               (0.0000000000000000,0.0000000000000000)
  -1.5707963267948966        0.0000000000000000     
        (0.72606404057797946,1.25589145512379103E-017)
   0.0000000000000000        0.0000000000000000     
              (0.45441551933478319,0.0000000000000000)
   1.5707963267948966        0.0000000000000000     
       (0.72606404057797946,-1.25589145512379103E-017)
   3.1415926535897931        0.0000000000000000     
         (1.4079178409263646,2.51178291024758205E-017)
   1.0000000000000000                1           4
               (0.0000000000000000,0.0000000000000000)
  -1.5707963267948966        0.0000000000000000     
       (0.72493935097239659,-4.28175568412738245E-017)
   0.0000000000000000        0.0000000000000000     
              (0.43854241117989745,0.0000000000000000)
   1.5707963267948966        0.0000000000000000     
        (0.72493935097239659,4.28175568412738245E-017)
   3.1415926535897931        0.0000000000000000     
         (1.4259405472353093,2.53871887799680174E-017)
   1.0000000000000000                1           4
               (0.0000000000000000,0.0000000000000000)
  -1.5707963267948966        0.0000000000000000     
        (0.70967299778258952,4.22438620838462698E-017)
   0.0000000000000000        0.0000000000000000     
              (0.45160765521655000,0.0000000000000000)
   1.5707963267948966        0.0000000000000000     
       (0.70967299778258952,-4.22438620838462698E-017)
   3.1415926535897931        0.0000000000000000     
         (1.4409616886088672,2.89765729364347065E-017)
   1.0000000000000000                1           4
               (0.0000000000000000,0.0000000000000000)
  -1.5707963267948966        0.0000000000000000     
       (0.71914192855494019,-1.39980702105241929E-017)
   0.0000000000000000        0.0000000000000000     
              (0.47173595839063448,0.0000000000000000)
   1.5707963267948966        0.0000000000000000     
        (0.71914192855494019,1.39980702105241929E-017)
   3.1415926535897931        0.0000000000000000     
         (1.4159021260665343,2.75150108102094474E-017)
   1.0000000000000000                1           4
               (0.0000000000000000,0.0000000000000000)
  -1.5707963267948966        0.0000000000000000     
        (0.72073023366017130,1.31624688212058472E-017)
   0.0000000000000000        0.0000000000000000     
              (0.45700703449866154,0.0000000000000000)
   1.5707963267948966        0.0000000000000000     
       (0.72073023366017130,-1.31624688212058472E-017)
   3.1415926535897931        0.0000000000000000     
         (1.4143722904178491,2.63249376424116943E-017)
   1.0000000000000000                1           4
               (0.0000000000000000,0.0000000000000000)
  -1.5707963267948966        0.0000000000000000     
       (0.72355365894248458,-4.25272721012997535E-017)
   0.0000000000000000        0.0000000000000000     
              (0.44859558885544648,0.0000000000000000)
   1.5707963267948966        0.0000000000000000     
        (0.72355365894248458,4.25272721012997535E-017)
   3.1415926535897931        0.0000000000000000     
         (1.4225974046381293,2.59677582599161501E-017)
   1.0000000000000000                1           4
               (0.0000000000000000,0.0000000000000000)
  -1.5707963267948966        0.0000000000000000     
        (0.74030454643530419,6.67000927474794831E-017)
   0.0000000000000000        0.0000000000000000     
              (0.45171947179069544,0.0000000000000000)
   1.5707963267948966        0.0000000000000000     
       (0.74030454643530419,-6.67000927474794831E-017)
   3.1415926535897931        0.0000000000000000     
         (1.3943481851005541,2.23778830324433029E-017)
   1.0000000000000000                1           4
               (0.0000000000000000,0.0000000000000000)
  -1.5707963267948966        0.0000000000000000     
        (0.72178023290645621,1.29850509772968570E-017)
   0.0000000000000000        0.0000000000000000     
              (0.43078059878876435,0.0000000000000000)
   1.5707963267948966        0.0000000000000000     
       (0.72178023290645621,-1.29850509772968570E-017)
   3.1415926535897931        0.0000000000000000     
         (1.4369038180715050,2.59701019545937140E-017)
   1.0000000000000000                1           4
               (0.0000000000000000,0.0000000000000000)
  -1.5707963267948966        0.0000000000000000     
        (0.73466945690906016,1.16287773188095465E-017)
   0.0000000000000000        0.0000000000000000     
              (0.46574767930571537,0.0000000000000000)
   1.5707963267948966        0.0000000000000000     
       (0.73466945690906016,-1.16287773188095465E-017)
   3.1415926535897931        0.0000000000000000     
         (1.3834159260693815,2.32575546376190930E-017)
   1.0000000000000000                1           4
               (0.0000000000000000,0.0000000000000000)
  -1.5707963267948966        0.0000000000000000     
        (0.72245508922039914,1.29115114504376327E-017)
   0.0000000000000000        0.0000000000000000     
              (0.44269474589312718,0.0000000000000000)
   1.5707963267948966        0.0000000000000000     
       (0.72245508922039914,-1.29115114504376327E-017)
   3.1415926535897931        0.0000000000000000     
         (1.4239374003649106,2.58230229008752654E-017)
   1.0000000000000000                1           4
               (0.0000000000000000,0.0000000000000000)
  -1.5707963267948966        0.0000000000000000     
        (0.73665421242792162,1.17382985355217118E-017)
   0.0000000000000000        0.0000000000000000     
              (0.47869901887098082,0.0000000000000000)
   1.5707963267948966        0.0000000000000000     
       (0.73665421242792162,-1.17382985355217118E-017)
   3.1415926535897931        0.0000000000000000     
         (1.3780113319505976,2.34765970710434236E-017)
   1.0000000000000000                1           4
               (0.0000000000000000,0.0000000000000000)
  -1.5707963267948966        0.0000000000000000     
        (0.71415831802444485,1.40721137749696277E-017)
   0.0000000000000000        0.0000000000000000     
              (0.47484622738631738,0.0000000000000000)
   1.5707963267948966        0.0000000000000000     
       (0.71415831802444485,-1.40721137749696277E-017)
   3.1415926535897931        0.0000000000000000     
         (1.4131005251914255,2.81442275499392553E-017)
   1.0000000000000000                1           4
               (0.0000000000000000,0.0000000000000000)
  -1.5707963267948966        0.0000000000000000     
        (0.73000830349386470,1.27815950857623884E-017)
   0.0000000000000000        0.0000000000000000     
              (0.43960202086704470,0.0000000000000000)
   1.5707963267948966        0.0000000000000000     
       (0.73000830349386470,-1.27815950857623884E-017)
   3.1415926535897931        0.0000000000000000     
         (1.4378931634431071,2.55631901715247768E-017)
   1.0000000000000000                1           4
               (0.0000000000000000,0.0000000000000000)
  -1.5707963267948966        0.0000000000000000     
        (0.72347687893270662,4.12600451306268444E-017)
   0.0000000000000000        0.0000000000000000     
              (0.46642312394500318,0.0000000000000000)
   1.5707963267948966        0.0000000000000000     
       (0.72347687893270662,-4.12600451306268444E-017)
   3.1415926535897931        0.0000000000000000     
         (1.4216200818951330,2.70089390299958649E-017)
   1.0000000000000000                1           4
               (0.0000000000000000,0.0000000000000000)
  -1.5707963267948966        0.0000000000000000     
        (0.72265788449246693,1.24880590419792414E-017)
   0.0000000000000000        0.0000000000000000     
              (0.44049912244960404,0.0000000000000000)
   1.5707963267948966        0.0000000000000000     
       (0.72265788449246693,-1.24880590419792414E-017)
   3.1415926535897931        0.0000000000000000     
         (1.4127076090781270,2.49761180839584827E-017)
   1.0000000000000000                1           4
               (0.0000000000000000,0.0000000000000000)
  -1.5707963267948966        0.0000000000000000     
       (0.72215776284683164,-1.45127386149601130E-017)
   0.0000000000000000        0.0000000000000000     
              (0.45787151044234342,0.0000000000000000)
   1.5707963267948966        0.0000000000000000     
        (0.72215776284683164,1.45127386149601130E-017)
   3.1415926535897931        0.0000000000000000     
         (1.4189878967978680,2.64856740013376011E-017)
   1.0000000000000000                1           4
               (0.0000000000000000,0.0000000000000000)
  -1.5707963267948966        0.0000000000000000     
       (0.73674345500838179,-1.60862016323250151E-017)
   0.0000000000000000        0.0000000000000000     
              (0.45757905687390821,0.0000000000000000)
   1.5707963267948966        0.0000000000000000     
        (0.73674345500838179,1.60862016323250151E-017)
   3.1415926535897931        0.0000000000000000     
         (1.3970585323894289,2.33387479666078031E-017)
   1.0000000000000000                1           4
               (0.0000000000000000,0.0000000000000000)
  -1.5707963267948966        0.0000000000000000     
        (0.72903633919822097,1.21071795930408496E-017)
   0.0000000000000000        0.0000000000000000     
              (0.44141063290751409,0.0000000000000000)
   1.5707963267948966        0.0000000000000000     
       (0.72903633919822097,-1.21071795930408496E-017)
   3.1415926535897931        0.0000000000000000     
         (1.4121125411410731,2.42143591860816991E-017)
   1.0000000000000000                1           4
               (0.0000000000000000,0.0000000000000000)
  -1.5707963267948966        0.0000000000000000     
        (0.72829695425536933,1.23771771619617300E-017)
   0.0000000000000000        0.0000000000000000     
              (0.46163887372361273,0.0000000000000000)
   1.5707963267948966        0.0000000000000000     
       (0.72829695425536933,-1.23771771619617300E-017)
   3.1415926535897931        0.0000000000000000     
         (1.3992243202849266,2.47543543239234600E-017)
   1.0000000000000000                1           4
               (0.0000000000000000,0.0000000000000000)
  -1.5707963267948966        0.0000000000000000     
        (0.73663499641048957,1.19241861683519344E-017)
   0.0000000000000000        0.0000000000000000     
              (0.46306037981336556,0.0000000000000000)
   1.5707963267948966        0.0000000000000000     
       (0.73663499641048957,-1.19241861683519344E-017)
   3.1415926535897931        0.0000000000000000     
         (1.3996830898224473,2.38483723367038687E-017)
   1.0000000000000000                1           4
               (0.0000000000000000,0.0000000000000000)
  -1.5707963267948966        0.0000000000000000     
       (0.71794447662393568,-4.16800687154495687E-017)
   0.0000000000000000        0.0000000000000000     
              (0.43500213610362892,0.0000000000000000)
   1.5707963267948966        0.0000000000000000     
        (0.71794447662393568,4.16800687154495687E-017)
   3.1415926535897931        0.0000000000000000     
         (1.4526442553031629,2.76621650316165259E-017)
   1.0000000000000000                1           4
               (0.0000000000000000,0.0000000000000000)
  -1.5707963267948966        0.0000000000000000     
        (0.73996549395775491,1.10628920235651587E-017)
   0.0000000000000000        0.0000000000000000     
              (0.45195796588931159,0.0000000000000000)
   1.5707963267948966        0.0000000000000000     
       (0.73996549395775491,-1.10628920235651587E-017)
   3.1415926535897931        0.0000000000000000     
         (1.3893144971769953,2.21257840471303175E-017)
   1.0000000000000000                1           4
               (0.0000000000000000,0.0000000000000000)
  -1.5707963267948966        0.0000000000000000     
       (0.72119098458616737,-1.42542689478919757E-017)
   0.0000000000000000        0.0000000000000000     
              (0.45341757781942249,0.0000000000000000)
   1.5707963267948966        0.0000000000000000     
        (0.72119098458616737,1.42542689478919757E-017)
   3.1415926535897931        0.0000000000000000     
         (1.4299505328963213,2.70026133354738725E-017)
   1.0000000000000000                1           4
               (0.0000000000000000,0.0000000000000000)
  -1.5707963267948966        0.0000000000000000     
        (0.72875499745511263,1.26648066348758504E-017)
   0.0000000000000000        0.0000000000000000     
              (0.45733370725121758,0.0000000000000000)
   1.5707963267948966        0.0000000000000000     
       (0.72875499745511263,-1.26648066348758504E-017)
   3.1415926535897931        0.0000000000000000     
         (1.4138402646911961,2.53296132697517009E-017)
   1.0000000000000000                1           4
               (0.0000000000000000,0.0000000000000000)
  -1.5707963267948966        0.0000000000000000     
        (0.73488049259804400,3.95188583906797693E-017)
   0.0000000000000000        0.0000000000000000     
              (0.45957119444638539,0.0000000000000000)
   1.5707963267948966        0.0000000000000000     
       (0.73488049259804400,-3.95188583906797693E-017)
   3.1415926535897931        0.0000000000000000     
         (1.3944077639070542,2.35265655501017085E-017)
   1.0000000000000000                1           4
               (0.0000000000000000,0.0000000000000000)
  -1.5707963267948966        0.0000000000000000     
       (0.74234926103427312,-1.67511747914464533E-017)
   0.0000000000000000        0.0000000000000000     
              (0.45035886227693467,0.0000000000000000)
   1.5707963267948966        0.0000000000000000     
        (0.74234926103427312,1.67511747914464533E-017)
   3.1415926535897931        0.0000000000000000     
         (1.3937706673880601,2.20088016483649204E-017)
   1.0000000000000000                1           4
               (0.0000000000000000,0.0000000000000000)
  -1.5707963267948966        0.0000000000000000     
        (0.71084549008760911,6.96290750647826783E-017)
   0.0000000000000000        0.0000000000000000     
              (0.43941617918805564,0.0000000000000000)
   1.5707963267948966        0.0000000000000000     
       (0.71084549008760911,-6.96290750647826783E-017)
   3.1415926535897931        0.0000000000000000     
         (1.4434011875781143,2.82358476670496964E-017)
   1.0000000000000000                1           4
               (0.0000000000000000,0.0000000000000000)
  -1.5707963267948966        0.0000000000000000     
        (0.70902499197601387,1.41974096725487865E-017)
   0.0000000000000000        0.0000000000000000     
              (0.42899014806796926,0.0000000000000000)
   1.5707963267948966        0.0000000000000000     
       (0.70902499197601387,-1.41974096725487865E-017)
   3.1415926535897931        0.0000000000000000     
         (1.4527824269995890,2.83948193450975730E-017)
   1.0000000000000000                1           4
               (0.0000000000000000,0.0000000000000000)
  -1.5707963267948966        0.0000000000000000     
       (0.72245356408665096,-4.24958672098212679E-017)
   0.0000000000000000        0.0000000000000000     
              (0.45335989799900434,0.0000000000000000)
   1.5707963267948966        0.0000000000000000     
        (0.72245356408665096,4.24958672098212679E-017)
   3.1415926535897931        0.0000000000000000     
         (1.4166586673820967,2.60305680428731182E-017)
   1.0000000000000000                1           4
               (0.0000000000000000,0.0000000000000000)
  -1.5707963267948966        0.0000000000000000     
        (0.70619684849828357,1.48520860263802286E-017)
   0.0000000000000000        0.0000000000000000     
              (0.43786422127396474,0.0000000000000000)
   1.5707963267948966        0.0000000000000000     
       (0.70619684849828357,-1.48520860263802286E-017)
   3.1415926535897931        0.0000000000000000     
         (1.4596354193047301,2.97041720527604572E-017)
   1.0000000000000000                1           4
               (0.0000000000000000,0.0000000000000000)
  -1.5707963267948966        0.0000000000000000     
        (0.72466832092968725,1.30028762380458376E-017)
   0.0000000000000000        0.0000000000000000     
              (0.44685596405847833,0.0000000000000000)
   1.5707963267948966        0.0000000000000000     
       (0.72466832092968725,-1.30028762380458376E-017)
   3.1415926535897931        0.0000000000000000     
         (1.4271868460479022,2.60057524760916752E-017)
   1.0000000000000000                1           4
               (0.0000000000000000,0.0000000000000000)
  -1.5707963267948966        0.0000000000000000     
       (0.71734240723450704,-6.94399261153672306E-017)
   0.0000000000000000        0.0000000000000000     
              (0.45857085735412850,0.0000000000000000)
   1.5707963267948966        0.0000000000000000     
        (0.71734240723450704,6.94399261153672306E-017)
   3.1415926535897931        0.0000000000000000     
         (1.4277315415856497,2.76536014630390322E-017)
   1.0000000000000000                1           4
               (0.0000000000000000,0.0000000000000000)
  -1.5707963267948966        0.0000000000000000     
        (0.71558944390426660,1.44652949474628503E-017)
   0.0000000000000000        0.0000000000000000     
              (0.47081500234382972,0.0000000000000000)
   1.5707963267948966        0.0000000000000000     
       (0.71558944390426660,-1.44652949474628503E-017)
   3.1415926535897931        0.0000000000000000     
         (1.4328362736678704,2.89305898949257006E-017)
   1.0000000000000000                1           4
               (0.0000000000000000,0.0000000000000000)
  -1.5707963267948966        0.0000000000000000     
       (0.73087446453623317,-4.30532037655342496E-017)
   0.0000000000000000        0.0000000000000000     
              (0.44441963198509715,0.0000000000000000)
   1.5707963267948966        0.0000000000000000     
        (0.73087446453623317,4.30532037655342496E-017)
   3.1415926535897931        0.0000000000000000     
         (1.4242367409118999,2.49158949314471578E-017)
   1.0000000000000000                1           4
               (0.0000000000000000,0.0000000000000000)
  -1.5707963267948966        0.0000000000000000     
        (0.72963025919420699,1.20225296630170638E-017)
   0.0000000000000000        0.0000000000000000     
              (0.44652637500487186,0.0000000000000000)
   1.5707963267948966        0.0000000000000000     
       (0.72963025919420699,-1.20225296630170638E-017)
   3.1415926535897931        0.0000000000000000     
         (1.4054197624987879,2.40450593260341275E-017)
   1.0000000000000000                1           4
               (0.0000000000000000,0.0000000000000000)
  -1.5707963267948966        0.0000000000000000     
        (0.72708368594053596,1.26536520825707160E-017)
   0.0000000000000000        0.0000000000000000     
              (0.44986181042188289,0.0000000000000000)
   1.5707963267948966        0.0000000000000000     
       (0.72708368594053596,-1.26536520825707160E-017)
   3.1415926535897931        0.0000000000000000     
         (1.4176052031642317,2.53073041651414320E-017)
   1.0000000000000000                1           4
               (0.0000000000000000,0.0000000000000000)
  -1.5707963267948966        0.0000000000000000     
        (0.73137939921187478,6.81354102210270390E-017)
   0.0000000000000000        0.0000000000000000     
              (0.47571212450592709,0.0000000000000000)
   1.5707963267948966        0.0000000000000000     
       (0.73137939921187478,-6.81354102210270390E-017)
   3.1415926535897931        0.0000000000000000     
         (1.3993862643551209,2.52485179795384055E-017)
   1.0000000000000000                1           4
               (0.0000000000000000,0.0000000000000000)
  -1.5707963267948966        0.0000000000000000     
        (0.70734340947118890,1.50855281329685304E-017)
   0.0000000000000000        0.0000000000000000     
              (0.47021586848256647,0.0000000000000000)
   1.5707963267948966        0.0000000000000000     
       (0.70734340947118890,-1.50855281329685304E-017)
   3.1415926535897931        0.0000000000000000     
         (1.4372016918775545,3.01710562659370609E-017)
   1.0000000000000000                1           4
               (0.0000000000000000,0.0000000000000000)
  -1.5707963267948966        0.0000000000000000     
        (0.72221607219093154,1.31709001375650080E-017)
   0.0000000000000000        0.0000000000000000     
              (0.47367788455912352,0.0000000000000000)
   1.5707963267948966        0.0000000000000000     
       (0.72221607219093154,-1.31709001375650080E-017)
   3.1415926535897931        0.0000000000000000     
         (1.4009485051099555,2.63418002751300160E-017)
   1.0000000000000000                1           4
               (0.0000000000000000,0.0000000000000000)
  -1.5707963267948966        0.0000000000000000     
       (0.73417367418214019,-1.60009470634052957E-017)
   0.0000000000000000        0.0000000000000000     
              (0.44926164377329536,0.0000000000000000)
   1.5707963267948966        0.0000000000000000     
        (0.73417367418214019,1.60009470634052957E-017)
   3.1415926535897931        0.0000000000000000     
         (1.4030210093795215,2.35092571044472357E-017)
   1.0000000000000000                1           4
               (0.0000000000000000,0.0000000000000000)
  -1.5707963267948966        0.0000000000000000     
        (0.73205714909953479,1.24019231324317191E-017)
   0.0000000000000000        0.0000000000000000     
              (0.47268274584952630,0.0000000000000000)
   1.5707963267948966        0.0000000000000000     
       (0.73205714909953479,-1.24019231324317191E-017)
   3.1415926535897931        0.0000000000000000     
         (1.3965091025808891,2.48038462648634382E-017)
   1.0000000000000000                1           4
               (0.0000000000000000,0.0000000000000000)
  -1.5707963267948966        0.0000000000000000     
        (0.72838222937560626,1.24092469847241881E-017)
   0.0000000000000000        0.0000000000000000     
              (0.45341420811376654,0.0000000000000000)
   1.5707963267948966        0.0000000000000000     
       (0.72838222937560626,-1.24092469847241881E-017)
   3.1415926535897931        0.0000000000000000     
         (1.4086670160383434,2.48184939694483762E-017)
   1.0000000000000000                1           4
               (0.0000000000000000,0.0000000000000000)
  -1.5707963267948966        0.0000000000000000     
       (0.73152657585663594,-1.55568652706735171E-017)
   0.0000000000000000        0.0000000000000000     
              (0.44982234723452869,0.0000000000000000)
   1.5707963267948966        0.0000000000000000     
        (0.73152657585663594,1.55568652706735171E-017)
   3.1415926535897931        0.0000000000000000     
         (1.4116709213662775,2.43974206899107989E-017)
   1.0000000000000000                1           4
               (0.0000000000000000,0.0000000000000000)
  -1.5707963267948966        0.0000000000000000     
        (0.71252131863812729,1.40415311720995150E-017)
   0.0000000000000000        0.0000000000000000     
              (0.43911684264381584,0.0000000000000000)
   1.5707963267948966        0.0000000000000000     
       (0.71252131863812729,-1.40415311720995150E-017)
   3.1415926535897931        0.0000000000000000     
         (1.4445570075462608,2.80830623441990301E-017)
   1.0000000000000000                1           4
               (0.0000000000000000,0.0000000000000000)
  -1.5707963267948966        0.0000000000000000     
        (0.74481575885766460,1.08254415410523323E-017)
   0.0000000000000000        0.0000000000000000     
              (0.45213229758602863,0.0000000000000000)
   1.5707963267948966        0.0000000000000000     
       (0.74481575885766460,-1.08254415410523323E-017)
   3.1415926535897931        0.0000000000000000     
         (1.3910849739512001,2.16508830821046645E-017)
   1.0000000000000000                1           4
               (0.0000000000000000,0.0000000000000000)
  -1.5707963267948966        0.0000000000000000     
       (0.73042428751321897,-1.51355020176480540E-017)
   0.0000000000000000        0.0000000000000000     
              (0.45491397312402365,0.0000000000000000)
   1.5707963267948966        0.0000000000000000     
        (0.73042428751321897,1.51355020176480540E-017)
   3.1415926535897931        0.0000000000000000     
         (1.4181374870695482,2.52401471959617252E-017)
   1.0000000000000000                1           4
               (0.0000000000000000,0.0000000000000000)
  -1.5707963267948966        0.0000000000000000     
        (0.72518168584572040,1.26784074375831470E-017)
   0.0000000000000000        0.0000000000000000     
              (0.45815584873819371,0.0000000000000000)
   1.5707963267948966        0.0000000000000000     
       (0.72518168584572040,-1.26784074375831470E-017)
   3.1415926535897931        0.0000000000000000     
         (1.4063157359142529,2.53568148751662941E-017)
   1.0000000000000000                1           4
               (0.0000000000000000,0.0000000000000000)
  -1.5707963267948966        0.0000000000000000     
        (0.72091084565321106,1.37207144061062448E-017)
   0.0000000000000000        0.0000000000000000     
              (0.48150863455271520,0.0000000000000000)
   1.5707963267948966        0.0000000000000000     
       (0.72091084565321106,-1.37207144061062448E-017)
   3.1415926535897931        0.0000000000000000     
         (1.4084655988796211,2.74414288122124896E-017)
   1.0000000000000000                1           4
               (0.0000000000000000,0.0000000000000000)
  -1.5707963267948966        0.0000000000000000     
       (0.73269071757968240,-4.37968707585332656E-017)
   0.0000000000000000        0.0000000000000000     
              (0.43298494235241208,0.0000000000000000)
   1.5707963267948966        0.0000000000000000     
        (0.73269071757968240,4.37968707585332656E-017)
   3.1415926535897931        0.0000000000000000     
         (1.4150139293080077,2.34285609454491291E-017)
   1.0000000000000000                1           4
               (0.0000000000000000,0.0000000000000000)
  -1.5707963267948966        0.0000000000000000     
       (0.74037903137376448,-4.38521814688274901E-017)
   0.0000000000000000        0.0000000000000000     
              (0.48901011511893810,0.0000000000000000)
   1.5707963267948966        0.0000000000000000     
        (0.74037903137376448,4.38521814688274901E-017)
   3.1415926535897931        0.0000000000000000     
         (1.3725587992324251,2.33179395248606800E-017)
   1.0000000000000000                1           4
               (0.0000000000000000,0.0000000000000000)
  -1.5707963267948966        0.0000000000000000     
       (0.71835691613705155,-1.42910159901524617E-017)
   0.0000000000000000        0.0000000000000000     
              (0.44654822427052415,0.0000000000000000)
   1.5707963267948966        0.0000000000000000     
        (0.71835691613705155,1.42910159901524617E-017)
   3.1415926535897931        0.0000000000000000     
         (1.4299515000616321,2.69291192509529036E-017)
   1.0000000000000000                1           4
               (0.0000000000000000,0.0000000000000000)
  -1.5707963267948966        0.0000000000000000     
        (0.71899894150023991,1.40891545119779149E-017)
   0.0000000000000000        0.0000000000000000     
              (0.47275422849913562,0.0000000000000000)
   1.5707963267948966        0.0000000000000000     
       (0.71899894150023991,-1.40891545119779149E-017)
   3.1415926535897931        0.0000000000000000     
         (1.4254303637398718,2.81783090239558298E-017)
   1.0000000000000000                1           4
               (0.0000000000000000,0.0000000000000000)
  -1.5707963267948966        0.0000000000000000     
        (0.73538299524605544,1.15319631203838930E-017)
   0.0000000000000000        0.0000000000000000     
              (0.42370352832337926,0.0000000000000000)
   1.5707963267948966        0.0000000000000000     
       (0.73538299524605544,-1.15319631203838930E-017)
   3.1415926535897931        0.0000000000000000     
         (1.4237249620311538,2.30639262407677861E-017)
   1.0000000000000000                1           4
               (0.0000000000000000,0.0000000000000000)
  -1.5707963267948966        0.0000000000000000     
        (0.73414110654511577,3.97077100075203789E-017)
   0.0000000000000000        0.0000000000000000     
              (0.45571761766474417,0.0000000000000000)
   1.5707963267948966        0.0000000000000000     
       (0.73414110654511577,-3.97077100075203789E-017)
   3.1415926535897931        0.0000000000000000     
         (1.4029509304965628,2.39042687837829338E-017)
   1.0000000000000000                1           4
               (0.0000000000000000,0.0000000000000000)
  -1.5707963267948966        0.0000000000000000     
       (0.71083351114616178,-1.35488914664807307E-017)
   0.0000000000000000        0.0000000000000000     
              (0.45336618542048113,0.0000000000000000)
   1.5707963267948966        0.0000000000000000     
        (0.71083351114616178,1.35488914664807307E-017)
   3.1415926535897931        0.0000000000000000     
         (1.4323263553818137,2.84133682982963717E-017)
   1.0000000000000000                1           4
               (0.0000000000000000,0.0000000000000000)
  -1.5707963267948966        0.0000000000000000     
        (0.72923135290875163,1.27973682848899742E-017)
   0.0000000000000000        0.0000000000000000     
              (0.47852178180899274,0.0000000000000000)
   1.5707963267948966        0.0000000000000000     
       (0.72923135290875163,-1.27973682848899742E-017)
   3.1415926535897931        0.0000000000000000     
         (1.3979346931115695,2.55947365697799484E-017)
   1.0000000000000000                1           4
               (0.0000000000000000,0.0000000000000000)
  -1.5707963267948966        0.0000000000000000     
        (0.72864290170685908,1.21599612271163585E-017)
   0.0000000000000000        0.0000000000000000     
              (0.44790379244246253,0.0000000000000000)
   1.5707963267948966        0.0000000000000000     
       (0.72864290170685908,-1.21599612271163585E-017)
   3.1415926535897931        0.0000000000000000     
         (1.4065564856224806,2.43199224542327171E-017)
   1.0000000000000000                1           4
               (0.0000000000000000,0.0000000000000000)
  -1.5707963267948966        0.0000000000000000     
        (0.72042367263665008,1.31973552714115688E-017)
   0.0000000000000000        0.0000000000000000     
              (0.45464653376744313,0.0000000000000000)
   1.5707963267948966        0.0000000000000000     
       (0.72042367263665008,-1.31973552714115688E-017)
   3.1415926535897931        0.0000000000000000     
         (1.4172591470390110,2.63947105428231376E-017)
   1.0000000000000000                1           4
               (0.0000000000000000,0.0000000000000000)
  -1.5707963267948966        0.0000000000000000     
       (0.72071416469037930,-6.98787526647578439E-017)
   0.0000000000000000        0.0000000000000000     
              (0.46053200618549717,0.0000000000000000)
   1.5707963267948966        0.0000000000000000     
        (0.72071416469037930,6.98787526647578439E-017)
   3.1415926535897931        0.0000000000000000     
         (1.4181807448407553,2.67759483642578086E-017)
   1.0000000000000000                1           4
               (0.0000000000000000,0.0000000000000000)
  -1.5707963267948966        0.0000000000000000     
       (0.73745677906227236,-1.62394745265406781E-017)
   0.0000000000000000        0.0000000000000000     
              (0.45040639717067044,0.0000000000000000)
   1.5707963267948966        0.0000000000000000     
        (0.73745677906227236,1.62394745265406781E-017)
   3.1415926535897931        0.0000000000000000     
         (1.4006515675568620,2.30322021781764770E-017)
   1.0000000000000000                1           4
               (0.0000000000000000,0.0000000000000000)
  -1.5707963267948966        0.0000000000000000     
        (0.71465705835065285,1.39258668836760099E-017)
   0.0000000000000000        0.0000000000000000     
              (0.44777157896174702,0.0000000000000000)
   1.5707963267948966        0.0000000000000000     
       (0.71465705835065285,-1.39258668836760099E-017)
   3.1415926535897931        0.0000000000000000     
         (1.4363958682956584,2.78517337673520198E-017)
   1.0000000000000000                1           4
               (0.0000000000000000,0.0000000000000000)
  -1.5707963267948966        0.0000000000000000     
        (0.71846561681712318,1.29709247452445592E-017)
   0.0000000000000000        0.0000000000000000     
              (0.42737922721405097,0.0000000000000000)
   1.5707963267948966        0.0000000000000000     
       (0.71846561681712318,-1.29709247452445592E-017)
   3.1415926535897931        0.0000000000000000     
         (1.4332145597139423,2.59418494904891184E-017)
   1.0000000000000000                1           4
               (0.0000000000000000,0.0000000000000000)
  -1.5707963267948966        0.0000000000000000     
        (0.72597045431035379,9.61431403727691920E-017)
   0.0000000000000000        0.0000000000000000     
              (0.45893797815790477,0.0000000000000000)
   1.5707963267948966        0.0000000000000000     
       (0.72597045431035379,-9.61431403727691920E-017)
   3.1415926535897931        0.0000000000000000     
         (1.4135785130666201,2.57528270517648936E-017)
   1.0000000000000000                1           4
               (0.0000000000000000,0.0000000000000000)
  -1.5707963267948966        0.0000000000000000     
        (0.70152890256843636,1.50890036027188552E-017)
   0.0000000000000000        0.0000000000000000     
              (0.44650903859240437,0.0000000000000000)
   1.5707963267948966        0.0000000000000000     
       (0.70152890256843636,-1.50890036027188552E-017)
   3.1415926535897931        0.0000000000000000     
         (1.4493930254189260,3.01780072054377104E-017)
   1.0000000000000000                1           4
               (0.0000000000000000,0.0000000000000000)
  -1.5707963267948966        0.0000000000000000     
       (0.73741922698762763,-1.59643548221004058E-017)
   0.0000000000000000        0.0000000000000000     
              (0.47169879030504824,0.0000000000000000)
   1.5707963267948966        0.0000000000000000     
        (0.73741922698762763,1.59643548221004058E-017)
   3.1415926535897931        0.0000000000000000     
         (1.3882701617611837,2.35824415870570247E-017)
   1.0000000000000000                1           4
               (0.0000000000000000,0.0000000000000000)
  -1.5707963267948966        0.0000000000000000     
        (0.72545099711701999,4.07396817439365530E-017)
   0.0000000000000000        0.0000000000000000     
              (0.47479996687553322,0.0000000000000000)
   1.5707963267948966        0.0000000000000000     
       (0.72545099711701999,-4.07396817439365530E-017)
   3.1415926535897931        0.0000000000000000     
         (1.4001951172958726,2.59682122566152790E-017)
   1.0000000000000000                1           4
               (0.0000000000000000,0.0000000000000000)
  -1.5707963267948966        0.0000000000000000     
        (0.71644990943191300,1.38046053134375969E-017)
   0.0000000000000000        0.0000000000000000     
              (0.45089249800476267,0.0000000000000000)
   1.5707963267948966        0.0000000000000000     
       (0.71644990943191300,-1.38046053134375969E-017)
   3.1415926535897931        0.0000000000000000     
         (1.4328999479593474,2.76092106268751938E-017)
   1.0000000000000000                1           4
               (0.0000000000000000,0.0000000000000000)
  -1.5707963267948966        0.0000000000000000     
        (0.69283379062446437,1.63437866526480785E-017)
   0.0000000000000000        0.0000000000000000     
              (0.47131381392023997,0.0000000000000000)
   1.5707963267948966        0.0000000000000000     
       (0.69283379062446437,-1.63437866526480785E-017)
   3.1415926535897931        0.0000000000000000     
         (1.4481823508525997,3.26875733052961570E-017)
   1.0000000000000000                1           4
               (0.0000000000000000,0.0000000000000000)
  -1.5707963267948966        0.0000000000000000     
       (0.71288761940551482,-1.29785743950201909E-017)
   0.0000000000000000        0.0000000000000000     
              (0.49246857324812410,0.0000000000000000)
   1.5707963267948966        0.0000000000000000     
        (0.71288761940551482,1.29785743950201909E-017)
   3.1415926535897931        0.0000000000000000     
         (1.4159601532753479,2.95540024412174515E-017)
   1.0000000000000000                1           4
               (0.0000000000000000,0.0000000000000000)
  -1.5707963267948966        0.0000000000000000     
        (0.70881249817114778,9.81445462642504869E-017)
   0.0000000000000000        0.0000000000000000     
              (0.46132920785085280,0.0000000000000000)
   1.5707963267948966        0.0000000000000000     
       (0.70881249817114778,-9.81445462642504869E-017)
   3.1415926535897931        0.0000000000000000     
         (1.4422422484086130,2.97556388347274928E-017)
   1.0000000000000000                1           4
               (0.0000000000000000,0.0000000000000000)
  -1.5707963267948966        0.0000000000000000     
       (0.72572992267690262,-4.31094738569431568E-017)
   0.0000000000000000        0.0000000000000000     
              (0.44696522728511640,0.0000000000000000)
   1.5707963267948966        0.0000000000000000     
        (0.72572992267690262,4.31094738569431568E-017)
   3.1415926535897931        0.0000000000000000     
         (1.4095641412307696,2.48033547486293528E-017)
   1.0000000000000000                1           4
               (0.0000000000000000,0.0000000000000000)
  -1.5707963267948966        0.0000000000000000     
        (0.70190542508690668,1.50958099602251624E-017)
   0.0000000000000000        0.0000000000000000     
              (0.45999344487876559,0.0000000000000000)
   1.5707963267948966        0.0000000000000000     
       (0.70190542508690668,-1.50958099602251624E-017)
   3.1415926535897931        0.0000000000000000     
         (1.4368839766766235,3.01916199204503248E-017)
   1.0000000000000000                1           4
               (0.0000000000000000,0.0000000000000000)
  -1.5707963267948966        0.0000000000000000     
       (0.72295645369147621,-4.21490787296257667E-017)
   0.0000000000000000        0.0000000000000000     
              (0.45739045707818177,0.0000000000000000)
   1.5707963267948966        0.0000000000000000     
        (0.72295645369147621,4.21490787296257667E-017)
   3.1415926535897931        0.0000000000000000     
         (1.4249608588625768,2.67241450032641206E-017)
   1.0000000000000000                1           4
               (0.0000000000000000,0.0000000000000000)
  -1.5707963267948966        0.0000000000000000     
       (0.71916625123724720,-1.41655944722750197E-017)
   0.0000000000000000        0.0000000000000000     
              (0.47231340018278872,0.0000000000000000)
   1.5707963267948966        0.0000000000000000     
        (0.71916625123724720,1.41655944722750197E-017)
   3.1415926535897931        0.0000000000000000     
         (1.4099015720067538,2.71799622867077877E-017)
   1.0000000000000000                1           4
               (0.0000000000000000,0.0000000000000000)
  -1.5707963267948966        0.0000000000000000     
        (0.71274752070215974,4.16152743689580149E-017)
   0.0000000000000000        0.0000000000000000     
              (0.44376996728559781,0.0000000000000000)
   1.5707963267948966        0.0000000000000000     
       (0.71274752070215974,-4.16152743689580149E-017)
   3.1415926535897931        0.0000000000000000     
         (1.4344171895263238,2.77193975066582059E-017)
   1.0000000000000000                1           4
               (0.0000000000000000,0.0000000000000000)
  -1.5707963267948966        0.0000000000000000     
       (0.72512224971506278,-1.50350202472302742E-017)
   0.0000000000000000        0.0000000000000000     
              (0.45980577947259249,0.0000000000000000)
   1.5707963267948966        0.0000000000000000     
        (0.72512224971506278,1.50350202472302742E-017)
   3.1415926535897931        0.0000000000000000     
         (1.4059235888113182,2.54411107367972818E-017)
   1.0000000000000000                1           4
               (0.0000000000000000,0.0000000000000000)
  -1.5707963267948966        0.0000000000000000     
        (0.71483095022940724,4.18621207919568680E-017)
   0.0000000000000000        0.0000000000000000     
              (0.45469220284409123,0.0000000000000000)
   1.5707963267948966        0.0000000000000000     
       (0.71483095022940724,-4.18621207919568680E-017)
   3.1415926535897931        0.0000000000000000     
         (1.4357244290572737,2.82130903526559027E-017)
   1.0000000000000000                1           4
               (0.0000000000000000,0.0000000000000000)
  -1.5707963267948966        0.0000000000000000     
       (0.74506001528091359,-4.44883139334130122E-017)
   0.0000000000000000        0.0000000000000000     
              (0.44418858254374749,0.0000000000000000)
   1.5707963267948966        0.0000000000000000     
        (0.74506001528091359,4.44883139334130122E-017)
   3.1415926535897931        0.0000000000000000     
         (1.4059646365429457,2.20456745956896327E-017)
   1.0000000000000000                1           4
               (0.0000000000000000,0.0000000000000000)
  -1.5707963267948966        0.0000000000000000     
        (0.72221724871216919,1.28658722180689246E-017)
   0.0000000000000000        0.0000000000000000     
              (0.42840448551276755,0.0000000000000000)
   1.5707963267948966        0.0000000000000000     
       (0.72221724871216919,-1.28658722180689246E-017)
   3.1415926535897931        0.0000000000000000     
         (1.4362612892733915,2.57317444361378492E-017)
   1.0000000000000000                1           4
               (0.0000000000000000,0.0000000000000000)
  -1.5707963267948966        0.0000000000000000     
        (0.73194636725114159,1.25027095982693333E-017)
   0.0000000000000000        0.0000000000000000     
              (0.47854937365155059,0.0000000000000000)
   1.5707963267948966        0.0000000000000000     
       (0.73194636725114159,-1.25027095982693333E-017)
   3.1415926535897931        0.0000000000000000     
         (1.3937128468763917,2.50054191965386666E-017)
   1.0000000000000000                1           4
               (0.0000000000000000,0.0000000000000000)
  -1.5707963267948966        0.0000000000000000     
        (0.68641200381525092,1.72222851085430705E-017)
   0.0000000000000000        0.0000000000000000     
              (0.45413781611080639,0.0000000000000000)
   1.5707963267948966        0.0000000000000000     
       (0.68641200381525092,-1.72222851085430705E-017)
   3.1415926535897931        0.0000000000000000     
         (1.4812087121528736,3.44445702170861411E-017)
   1.0000000000000000                1           4
               (0.0000000000000000,0.0000000000000000)
  -1.5707963267948966        0.0000000000000000     
       (0.73559459945745820,-1.59031570346830875E-017)
   0.0000000000000000        0.0000000000000000     
              (0.45031253921952574,0.0000000000000000)
   1.5707963267948966        0.0000000000000000     
        (0.73559459945745820,1.59031570346830875E-017)
   3.1415926535897931        0.0000000000000000     
         (1.4080060292147638,2.37048371618916551E-017)
   1.0000000000000000                1           4
               (0.0000000000000000,0.0000000000000000)
  -1.5707963267948966        0.0000000000000000     
        (0.74265335304600233,1.12009493020970133E-017)
   0.0000000000000000        0.0000000000000000     
              (0.46128198047314684,0.0000000000000000)
   1.5707963267948966        0.0000000000000000     
       (0.74265335304600233,-1.12009493020970133E-017)
   3.1415926535897931        0.0000000000000000     
         (1.3898754936899638,2.24018986041940266E-017)
   1.0000000000000000                1           4
               (0.0000000000000000,0.0000000000000000)
  -1.5707963267948966        0.0000000000000000     
       (0.72310407414396061,-1.42507031820618100E-017)
   0.0000000000000000        0.0000000000000000     
              (0.47924744202334885,0.0000000000000000)
   1.5707963267948966        0.0000000000000000     
        (0.72310407414396061,1.42507031820618100E-017)
   3.1415926535897931        0.0000000000000000     
         (1.4080633145584811,2.70097448671342100E-017)
   1.0000000000000000                1           4
               (0.0000000000000000,0.0000000000000000)
  -1.5707963267948966        0.0000000000000000     
        (0.73762037644693557,3.94267800447927988E-017)
   0.0000000000000000        0.0000000000000000     
              (0.45271621234778980,0.0000000000000000)
   1.5707963267948966        0.0000000000000000     
       (0.73762037644693557,-3.94267800447927988E-017)
   3.1415926535897931        0.0000000000000000     
         (1.4037350066915799,2.33424088583277645E-017)
   1.0000000000000000                1           4
               (0.0000000000000000,0.0000000000000000)
  -1.5707963267948966        0.0000000000000000     
        (0.72656381832007133,1.27710741614909347E-017)
   0.0000000000000000        0.0000000000000000     
              (0.45188465319218851,0.0000000000000000)
   1.5707963267948966        0.0000000000000000     
       (0.72656381832007133,-1.27710741614909347E-017)
   3.1415926535897931        0.0000000000000000     
         (1.4183779213053889,2.55421483229818693E-017)
   1.0000000000000000                1           4
               (0.0000000000000000,0.0000000000000000)
  -1.5707963267948966        0.0000000000000000     
       (0.73739900842833739,-7.19352514290824040E-017)
   0.0000000000000000        0.0000000000000000     
              (0.44144200549555912,0.0000000000000000)
   1.5707963267948966        0.0000000000000000     
        (0.73739900842833739,7.19352514290824040E-017)
   3.1415926535897931        0.0000000000000000     
         (1.4034700859071398,2.26629508356086854E-017)
   1.0000000000000000                1           4
               (0.0000000000000000,0.0000000000000000)
  -1.5707963267948966        0.0000000000000000     
        (0.73075571473863310,1.22037899140472827E-017)
   0.0000000000000000        0.0000000000000000     
              (0.43190592409958051,0.0000000000000000)
   1.5707963267948966        0.0000000000000000     
       (0.73075571473863310,-1.22037899140472827E-017)
   3.1415926535897931        0.0000000000000000     
         (1.4282115335825210,2.44075798280945654E-017)
   1.0000000000000000                1           4
               (0.0000000000000000,0.0000000000000000)
  -1.5707963267948966        0.0000000000000000     
       (0.70748630407613111,-1.22604363592442187E-017)
   0.0000000000000000        0.0000000000000000     
              (0.47884436653411921,0.0000000000000000)
   1.5707963267948966        0.0000000000000000     
        (0.70748630407613111,1.22604363592442187E-017)
   3.1415926535897931        0.0000000000000000     
         (1.4422378976323673,3.09902785127693958E-017)
   1.0000000000000000                1           4
               (0.0000000000000000,0.0000000000000000)
  -1.5707963267948966        0.0000000000000000     
        (0.74002831599026231,1.13225780486675903E-017)
   0.0000000000000000        0.0000000000000000     
              (0.45970346439332860,0.0000000000000000)
   1.5707963267948966        0.0000000000000000     
       (0.74002831599026231,-1.13225780486675903E-017)
   3.1415926535897931        0.0000000000000000     
         (1.3901766320032485,2.26451560973351807E-017)
   1.0000000000000000                1           4
               (0.0000000000000000,0.0000000000000000)
  -1.5707963267948966        0.0000000000000000     
       (0.73766716304262347,-4.39436025090016337E-017)
   0.0000000000000000        0.0000000000000000     
              (0.47096490413880515,0.0000000000000000)
   1.5707963267948966        0.0000000000000000     
        (0.73766716304262347,4.39436025090016337E-017)
   3.1415926535897931        0.0000000000000000     
         (1.3821942357722721,2.31350974445123959E-017)
   1.0000000000000000                1           4
               (0.0000000000000000,0.0000000000000000)
  -1.5707963267948966        0.0000000000000000     
        (0.72249056642001708,1.29997433708844037E-017)
   0.0000000000000000        0.0000000000000000     
              (0.43512398768976812,0.0000000000000000)
   1.5707963267948966        0.0000000000000000     
       (0.72249056642001708,-1.29997433708844037E-017)
   3.1415926535897931        0.0000000000000000     
         (1.4344609861903219,2.59994867417688074E-017)
   1.0000000000000000                1           4
               (0.0000000000000000,0.0000000000000000)
  -1.5707963267948966        0.0000000000000000     
       (0.71740980473962257,-1.38026420179849150E-017)
   0.0000000000000000        0.0000000000000000     
              (0.47032418298245171,0.0000000000000000)
   1.5707963267948966        0.0000000000000000     
        (0.71740980473962257,1.38026420179849150E-017)
   3.1415926535897931        0.0000000000000000     
         (1.4202328230215244,2.79058671952880032E-017)
   1.0000000000000000                1           4
               (0.0000000000000000,0.0000000000000000)
  -1.5707963267948966        0.0000000000000000     
        (0.73046491474024022,1.21812608111943058E-017)
   0.0000000000000000        0.0000000000000000     
              (0.45562544757381951,0.0000000000000000)
   1.5707963267948966        0.0000000000000000     
       (0.73046491474024022,-1.21812608111943058E-017)
   3.1415926535897931        0.0000000000000000     
         (1.4031745537692868,2.43625216223886116E-017)
   1.0000000000000000                1           4
               (0.0000000000000000,0.0000000000000000)
  -1.5707963267948966        0.0000000000000000     
        (0.73090010777469006,1.19752967662611652E-017)
   0.0000000000000000        0.0000000000000000     
              (0.45349752585768055,0.0000000000000000)
   1.5707963267948966        0.0000000000000000     
       (0.73090010777469006,-1.19752967662611652E-017)
   3.1415926535897931        0.0000000000000000     
         (1.3994455653224147,2.39505935325223304E-017)
   1.0000000000000000                1           4
               (0.0000000000000000,0.0000000000000000)
  -1.5707963267948966        0.0000000000000000     
        (0.73205234434398614,1.22013018593586797E-017)
   0.0000000000000000        0.0000000000000000     
              (0.46726336068972874,0.0000000000000000)
   1.5707963267948966        0.0000000000000000     
       (0.73205234434398614,-1.22013018593586797E-017)
   3.1415926535897931        0.0000000000000000     
         (1.3953660901697920,2.44026037187173595E-017)
   1.0000000000000000                1           4
               (0.0000000000000000,0.0000000000000000)
  -1.5707963267948966        0.0000000000000000     
       (0.72361479329088185,-1.48553572362436787E-017)
   0.0000000000000000        0.0000000000000000     
              (0.44985216925904464,0.0000000000000000)
   1.5707963267948966        0.0000000000000000     
        (0.72361479329088185,1.48553572362436787E-017)
   3.1415926535897931        0.0000000000000000     
         (1.4187305254471796,2.58004367587704666E-017)
   1.0000000000000000                1           4
               (0.0000000000000000,0.0000000000000000)
  -1.5707963267948966        0.0000000000000000     
       (0.71987964409944283,-4.22315105172231394E-017)
   0.0000000000000000        0.0000000000000000     
              (0.45171540307030605,0.0000000000000000)
   1.5707963267948966        0.0000000000000000     
        (0.71987964409944283,4.22315105172231394E-017)
   3.1415926535897931        0.0000000000000000     
         (1.4217898671792573,2.65592814280693846E-017)
   1.0000000000000000                1           4
               (0.0000000000000000,0.0000000000000000)
  -1.5707963267948966        0.0000000000000000     
        (0.70856665577634548,1.47015121103058891E-017)
   0.0000000000000000        0.0000000000000000     
              (0.46190848649831384,0.0000000000000000)
   1.5707963267948966        0.0000000000000000     
       (0.70856665577634548,-1.47015121103058891E-017)
   3.1415926535897931        0.0000000000000000     
         (1.4354126513089887,2.94030242206117781E-017)
   1.0000000000000000                1           4
               (0.0000000000000000,0.0000000000000000)
  -1.5707963267948966        0.0000000000000000     
       (0.72557849516164719,-4.26075809619435162E-017)
   0.0000000000000000        0.0000000000000000     
              (0.45664770423805390,0.0000000000000000)
   1.5707963267948966        0.0000000000000000     
        (0.72557849516164719,4.26075809619435162E-017)
   3.1415926535897931        0.0000000000000000     
         (1.4159718752431358,2.58071405386286341E-017)
   1.0000000000000000                1           4
               (0.0000000000000000,0.0000000000000000)
  -1.5707963267948966        0.0000000000000000     
        (0.73006284170657276,4.02948316771772734E-017)
   0.0000000000000000        0.0000000000000000     
              (0.48298047096556468,0.0000000000000000)
   1.5707963267948966        0.0000000000000000     
       (0.73006284170657276,-4.02948316771772734E-017)
   3.1415926535897931        0.0000000000000000     
         (1.3867083965518852,2.50785121230967166E-017)
   1.0000000000000000                1           4
               (0.0000000000000000,0.0000000000000000)
  -1.5707963267948966        0.0000000000000000     
        (0.72940514941604295,1.23268905372038323E-017)
   0.0000000000000000        0.0000000000000000     
              (0.44668835221805669,0.0000000000000000)
   1.5707963267948966        0.0000000000000000     
       (0.72940514941604295,-1.23268905372038323E-017)
   3.1415926535897931        0.0000000000000000     
         (1.4147487463014592,2.46537810744076645E-017)
   1.0000000000000000                1           4
               (0.0000000000000000,0.0000000000000000)
  -1.5707963267948966        0.0000000000000000     
        (0.73272231224831530,1.19785892283436926E-017)
   0.0000000000000000        0.0000000000000000     
              (0.43528255653053227,0.0000000000000000)
   1.5707963267948966        0.0000000000000000     
       (0.73272231224831530,-1.19785892283436926E-017)
   3.1415926535897931        0.0000000000000000     
         (1.4214124835694757,2.39571784566873852E-017)
   1.0000000000000000                1           4
               (0.0000000000000000,0.0000000000000000)
  -1.5707963267948966        0.0000000000000000     
        (0.71946560623401701,6.89116175362974986E-017)
   0.0000000000000000        0.0000000000000000     
              (0.42114880790160092,0.0000000000000000)
   1.5707963267948966        0.0000000000000000     
       (0.71946560623401701,-6.89116175362974986E-017)
   3.1415926535897931        0.0000000000000000     
         (1.4554748499104977,2.68009326100793278E-017)
   1.0000000000000000                1           4
               (0.0000000000000000,0.0000000000000000)
  -1.5707963267948966        0.0000000000000000     
        (0.73443690845935183,3.97044563224506945E-017)
   0.0000000000000000        0.0000000000000000     
              (0.46303234325851572,0.0000000000000000)
   1.5707963267948966        0.0000000000000000     
       (0.73443690845935183,-3.97044563224506945E-017)
   3.1415926535897931        0.0000000000000000     
         (1.3961215353119574,2.38977614136435619E-017)
   1.0000000000000000                1           4
               (0.0000000000000000,0.0000000000000000)
  -1.5707963267948966        0.0000000000000000     
        (0.72144114580313456,1.35891147856237502E-017)
   0.0000000000000000        0.0000000000000000     
              (0.47473762292559296,0.0000000000000000)
   1.5707963267948966        0.0000000000000000     
       (0.72144114580313456,-1.35891147856237502E-017)
   3.1415926535897931        0.0000000000000000     
         (1.4119988410048114,2.71782295712475005E-017)
   1.0000000000000000                1           4
               (0.0000000000000000,0.0000000000000000)
  -1.5707963267948966        0.0000000000000000     
        (0.73240927556775537,3.98357812857100744E-017)
   0.0000000000000000        0.0000000000000000     
              (0.47523206035522264,0.0000000000000000)
   1.5707963267948966        0.0000000000000000     
       (0.73240927556775537,-3.98357812857100744E-017)
   3.1415926535897931        0.0000000000000000     
         (1.3841559512481347,2.41604113401623187E-017)
   1.0000000000000000                1           4
               (0.0000000000000000,0.0000000000000000)
  -1.5707963267948966        0.0000000000000000     
       (0.73431883905887818,-1.61869392553060428E-017)
   0.0000000000000000        0.0000000000000000     
              (0.44995534352907313,0.0000000000000000)
   1.5707963267948966        0.0000000000000000     
        (0.73431883905887818,1.61869392553060428E-017)
   3.1415926535897931        0.0000000000000000     
         (1.3965426733697066,2.31372727206457446E-017)
   1.0000000000000000                1           4
               (0.0000000000000000,0.0000000000000000)
  -1.5707963267948966        0.0000000000000000     
        (0.72145007536185290,1.35924781483415868E-017)
   0.0000000000000000        0.0000000000000000     
              (0.46445280932136135,0.0000000000000000)
   1.5707963267948966        0.0000000000000000     
       (0.72145007536185290,-1.35924781483415868E-017)
   3.1415926535897931        0.0000000000000000     
         (1.4224113694896330,2.71849562966831736E-017)
   1.0000000000000000                1           4
               (0.0000000000000000,0.0000000000000000)
  -1.5707963267948966        0.0000000000000000     
       (0.71867789012556804,-4.17282240499821778E-017)
   0.0000000000000000        0.0000000000000000     
              (0.45688563217618783,0.0000000000000000)
   1.5707963267948966        0.0000000000000000     
        (0.71867789012556804,4.17282240499821778E-017)
   3.1415926535897931        0.0000000000000000     
         (1.4306547136450982,2.75658543625513076E-017)
   1.0000000000000000                1           4
               (0.0000000000000000,0.0000000000000000)
  -1.5707963267948966        0.0000000000000000     
       (0.71359065538286237,-4.12779489541336060E-017)
   0.0000000000000000        0.0000000000000000     
              (0.45437034113113323,0.0000000000000000)
   1.5707963267948966        0.0000000000000000     
        (0.71359065538286237,4.12779489541336060E-017)
   3.1415926535897931        0.0000000000000000     
         (1.4377026359349137,2.84664045542484482E-017)
   1.0000000000000000                1           4
               (0.0000000000000000,0.0000000000000000)
  -1.5707963267948966        0.0000000000000000     
       (0.73617038401135204,-1.60995826848983099E-017)
   0.0000000000000000        0.0000000000000000     
              (0.46617915436103968,0.0000000000000000)
   1.5707963267948966        0.0000000000000000     
        (0.73617038401135204,1.60995826848983099E-017)
   3.1415926535897931        0.0000000000000000     
         (1.3868752345634938,2.33119858614612165E-017)
   1.0000000000000000                1           4
               (0.0000000000000000,0.0000000000000000)
  -1.5707963267948966        0.0000000000000000     
        (0.72532571546674718,6.78211899626132867E-017)
   0.0000000000000000        0.0000000000000000     
              (0.43667175353691934,0.0000000000000000)
   1.5707963267948966        0.0000000000000000     
       (0.72532571546674718,-6.78211899626132867E-017)
   3.1415926535897931        0.0000000000000000     
         (1.4160560553343180,2.46200774627109162E-017)
   1.0000000000000000                1           4
               (0.0000000000000000,0.0000000000000000)
  -1.5707963267948966        0.0000000000000000     
        (0.72023783711708034,1.33741076614312004E-017)
   0.0000000000000000        0.0000000000000000     
              (0.45743352331242076,0.0000000000000000)
   1.5707963267948966        0.0000000000000000     
       (0.72023783711708034,-1.33741076614312004E-017)
   3.1415926535897931        0.0000000000000000     
         (1.4198736576302138,2.67482153228624008E-017)
   1.0000000000000000                1           4
               (0.0000000000000000,0.0000000000000000)
  -1.5707963267948966        0.0000000000000000     
        (0.71967659782719418,1.33104940601025189E-017)
   0.0000000000000000        0.0000000000000000     
              (0.44693868292030658,0.0000000000000000)
   1.5707963267948966        0.0000000000000000     
       (0.71967659782719418,-1.33104940601025189E-017)
   3.1415926535897931        0.0000000000000000     
         (1.4271682415437206,2.66209881202050378E-017)
   1.0000000000000000                1           4
               (0.0000000000000000,0.0000000000000000)
  -1.5707963267948966        0.0000000000000000     
        (0.72637543200641252,1.29374664471772922E-017)
   0.0000000000000000        0.0000000000000000     
              (0.47177594460477917,0.0000000000000000)
   1.5707963267948966        0.0000000000000000     
       (0.72637543200641252,-1.29374664471772922E-017)
   3.1415926535897931        0.0000000000000000     
         (1.4035446417536188,2.58749328943545845E-017)
   1.0000000000000000                1           4
               (0.0000000000000000,0.0000000000000000)
  -1.5707963267948966        0.0000000000000000     
        (0.72923016821310505,4.01948249588415827E-017)
   0.0000000000000000        0.0000000000000000     
              (0.47373284625814271,0.0000000000000000)
   1.5707963267948966        0.0000000000000000     
       (0.72923016821310505,-4.01948249588415827E-017)
   3.1415926535897931        0.0000000000000000     
         (1.3910242069642360,2.48784986864253291E-017)
   1.0000000000000000                1           4
               (0.0000000000000000,0.0000000000000000)
  -1.5707963267948966        0.0000000000000000     
        (0.73044122502366682,1.21460463589362792E-017)
   0.0000000000000000        0.0000000000000000     
              (0.45807220311971408,0.0000000000000000)
   1.5707963267948966        0.0000000000000000     
       (0.73044122502366682,-1.21460463589362792E-017)
   3.1415926535897931        0.0000000000000000     
         (1.3995302274932104,2.42920927178725584E-017)
   1.0000000000000000                1           4
               (0.0000000000000000,0.0000000000000000)
  -1.5707963267948966        0.0000000000000000     
        (0.71532574475940991,1.40739855251734368E-017)
   0.0000000000000000        0.0000000000000000     
              (0.47861466802395564,0.0000000000000000)
   1.5707963267948966        0.0000000000000000     
       (0.71532574475940991,-1.40739855251734368E-017)
   3.1415926535897931        0.0000000000000000     
         (1.4117280740248932,2.81479710503468736E-017)
   1.0000000000000000                1           4
               (0.0000000000000000,0.0000000000000000)
  -1.5707963267948966        0.0000000000000000     
        (0.71303838108684692,1.43176018270308086E-017)
   0.0000000000000000        0.0000000000000000     
              (0.47507195683310821,0.0000000000000000)
   1.5707963267948966        0.0000000000000000     
       (0.71303838108684692,-1.43176018270308086E-017)
   3.1415926535897931        0.0000000000000000     
         (1.4186531701425606,2.86352036540616172E-017)
   1.0000000000000000                1           4
               (0.0000000000000000,0.0000000000000000)
  -1.5707963267948966        0.0000000000000000     
       (0.72688949141289583,-1.51184187365381511E-017)
   0.0000000000000000        0.0000000000000000     
              (0.44966521832615980,0.0000000000000000)
   1.5707963267948966        0.0000000000000000     
        (0.72688949141289583,1.51184187365381511E-017)
   3.1415926535897931        0.0000000000000000     
         (1.4168746319722534,2.52743137581815278E-017)
   1.0000000000000000                1           4
               (0.0000000000000000,0.0000000000000000)
  -1.5707963267948966        0.0000000000000000     
       (0.72010323535925869,-1.43402000815749354E-017)
   0.0000000000000000        0.0000000000000000     
              (0.45057334662195880,0.0000000000000000)
   1.5707963267948966        0.0000000000000000     
        (0.72010323535925869,1.43402000815749354E-017)
   3.1415926535897931        0.0000000000000000     
         (1.4278125418158318,2.68307510681079624E-017)
   1.0000000000000000                1           4
               (0.0000000000000000,0.0000000000000000)
  -1.5707963267948966        0.0000000000000000     
        (0.71804928573084770,4.13415297944516407E-017)
   0.0000000000000000        0.0000000000000000     
              (0.45238070506830474,0.0000000000000000)
   1.5707963267948966        0.0000000000000000     
       (0.71804928573084770,-4.13415297944516407E-017)
   3.1415926535897931        0.0000000000000000     
         (1.4274688054651883,2.71719083576454574E-017)
   1.0000000000000000                1           4
               (0.0000000000000000,0.0000000000000000)
  -1.5707963267948966        0.0000000000000000     
       (0.72503340587959364,-1.46973224024352473E-017)
   0.0000000000000000        0.0000000000000000     
              (0.46818905468869287,0.0000000000000000)
   1.5707963267948966        0.0000000000000000     
        (0.72503340587959364,1.46973224024352473E-017)
   3.1415926535897931        0.0000000000000000     
         (1.4083926745890909,2.61165064263873325E-017)
   1.0000000000000000                1           4
               (0.0000000000000000,0.0000000000000000)
  -1.5707963267948966        0.0000000000000000     
        (0.73104885340966264,1.17826441348977579E-017)
   0.0000000000000000        0.0000000000000000     
              (0.45763944929914491,0.0000000000000000)
   1.5707963267948966        0.0000000000000000     
       (0.73104885340966264,-1.17826441348977579E-017)
   3.1415926535897931        0.0000000000000000     
         (1.3893086206812579,2.35652882697955158E-017)
   1.0000000000000000                1           4
               (0.0000000000000000,0.0000000000000000)
  -1.5707963267948966        0.0000000000000000     
        (0.71683176259693626,4.15833073371711511E-017)
   0.0000000000000000        0.0000000000000000     
              (0.46340823492740718,0.0000000000000000)
   1.5707963267948966        0.0000000000000000     
       (0.71683176259693626,-4.15833073371711511E-017)
   3.1415926535897931        0.0000000000000000     
         (1.4219032831790224,2.76554634430844721E-017)
   1.0000000000000000                1           4
               (0.0000000000000000,0.0000000000000000)
  -1.5707963267948966        0.0000000000000000     
        (0.72936251979264866,1.22128683169491702E-017)
   0.0000000000000000        0.0000000000000000     
              (0.46378752318917160,0.0000000000000000)
   1.5707963267948966        0.0000000000000000     
       (0.72936251979264866,-1.22128683169491702E-017)
   3.1415926535897931        0.0000000000000000     
         (1.3938400677424323,2.44257366338983404E-017)
   1.0000000000000000                1           4
               (0.0000000000000000,0.0000000000000000)
  -1.5707963267948966        0.0000000000000000     
        (0.72759600517204048,1.28419664560563493E-017)
   0.0000000000000000        0.0000000000000000     
              (0.45925775392633539,0.0000000000000000)
   1.5707963267948966        0.0000000000000000     
       (0.72759600517204048,-1.28419664560563493E-017)
   3.1415926535897931        0.0000000000000000     
         (1.4153847123368704,2.56839329121126986E-017)
   1.0000000000000000                1           4
               (0.0000000000000000,0.0000000000000000)
  -1.5707963267948966        0.0000000000000000     
       (0.72445553860206713,-1.47795510195993897E-017)
   0.0000000000000000        0.0000000000000000     
              (0.44248269063393608,0.0000000000000000)
   1.5707963267948966        0.0000000000000000     
        (0.72445553860206713,1.47795510195993897E-017)
   3.1415926535897931        0.0000000000000000     
         (1.4302575136316151,2.59520491920590568E-017)
   1.0000000000000000                1           4
               (0.0000000000000000,0.0000000000000000)
  -1.5707963267948966        0.0000000000000000     
       (0.72513789601476319,-4.24366092245770746E-017)
   0.0000000000000000        0.0000000000000000     
              (0.43769579736410297,0.0000000000000000)
   1.5707963267948966        0.0000000000000000     
        (0.72513789601476319,4.24366092245770746E-017)
   3.1415926535897931        0.0000000000000000     
         (1.4396269445544450,2.61490840133615079E-017)
   1.0000000000000000                1           4
               (0.0000000000000000,0.0000000000000000)
  -1.5707963267948966        0.0000000000000000     
       (0.73234899110515728,-1.54140607362197207E-017)
   0.0000000000000000        0.0000000000000000     
              (0.46378042598745878,0.0000000000000000)
   1.5707963267948966        0.0000000000000000     
        (0.73234899110515728,1.54140607362197207E-017)
   3.1415926535897931        0.0000000000000000     
         (1.4040220231761629,2.46830297588183949E-017)
   1.0000000000000000                1           4
               (0.0000000000000000,0.0000000000000000)
  -1.5707963267948966        0.0000000000000000     
        (0.73570346908795681,1.15113036212060040E-017)
   0.0000000000000000        0.0000000000000000     
              (0.44162826209104311,0.0000000000000000)
   1.5707963267948966        0.0000000000000000     
       (0.73570346908795681,-1.15113036212060040E-017)
   3.1415926535897931        0.0000000000000000     
         (1.4057663854953100,2.30226072424120080E-017)
   1.0000000000000000                1           4
               (0.0000000000000000,0.0000000000000000)
  -1.5707963267948966        0.0000000000000000     
        (0.70867809047795827,1.44089408978101083E-017)
   0.0000000000000000        0.0000000000000000     
              (0.45481877116644498,0.0000000000000000)
   1.5707963267948966        0.0000000000000000     
       (0.70867809047795827,-1.44089408978101083E-017)
   3.1415926535897931        0.0000000000000000     
         (1.4331691350458369,2.88178817956202166E-017)
   1.0000000000000000                1           4
               (0.0000000000000000,0.0000000000000000)
  -1.5707963267948966        0.0000000000000000     
       (0.71720560437595804,-4.21170232571896998E-017)
   0.0000000000000000        0.0000000000000000     
              (0.45755917556691095,0.0000000000000000)
   1.5707963267948966        0.0000000000000000     
        (0.71720560437595804,4.21170232571896998E-017)
   3.1415926535897931        0.0000000000000000     
         (1.4143374529286779,2.67882559481362605E-017)
   1.0000000000000000                1           4
               (0.0000000000000000,0.0000000000000000)
  -1.5707963267948966        0.0000000000000000     
       (0.72169095563230912,-1.48371435771891049E-017)
   0.0000000000000000        0.0000000000000000     
              (0.44800991309380939,0.0000000000000000)
   1.5707963267948966        0.0000000000000000     
        (0.72169095563230912,1.48371435771891049E-017)
   3.1415926535897931        0.0000000000000000     
         (1.4173200095463052,2.58368640768796173E-017)
   1.0000000000000000                1           4
               (0.0000000000000000,0.0000000000000000)
  -1.5707963267948966        0.0000000000000000     
        (0.72618196350339059,9.59763513192915943E-017)
   0.0000000000000000        0.0000000000000000     
              (0.45583372299840941,0.0000000000000000)
   1.5707963267948966        0.0000000000000000     
       (0.72618196350339059,-9.59763513192915943E-017)
   3.1415926535897931        0.0000000000000000     
         (1.4116580427045180,2.54192489448096982E-017)
   1.0000000000000000                1           4
               (0.0000000000000000,0.0000000000000000)
  -1.5707963267948966        0.0000000000000000     
        (0.72947480046265845,1.27388020571889468E-017)
   0.0000000000000000        0.0000000000000000     
              (0.46824791600845506,0.0000000000000000)
   1.5707963267948966        0.0000000000000000     
       (0.72947480046265845,-1.27388020571889468E-017)
   3.1415926535897931        0.0000000000000000     
         (1.4067825358547223,2.54776041143778936E-017)
   1.0000000000000000                1           4
               (0.0000000000000000,0.0000000000000000)
  -1.5707963267948966        0.0000000000000000     
       (0.73790633925426996,-1.66130045908042113E-017)
   0.0000000000000000        0.0000000000000000     
              (0.42933147013655976,0.0000000000000000)
   1.5707963267948966        0.0000000000000000     
        (0.73790633925426996,1.66130045908042113E-017)
   3.1415926535897931        0.0000000000000000     
         (1.4104251972047637,2.22851420496494075E-017)
   1.0000000000000000                1           4
               (0.0000000000000000,0.0000000000000000)
  -1.5707963267948966        0.0000000000000000     
        (0.72758500533216641,1.29087233464245819E-017)
   0.0000000000000000        0.0000000000000000     
              (0.46538184674235222,0.0000000000000000)
   1.5707963267948966        0.0000000000000000     
       (0.72758500533216641,-1.29087233464245819E-017)
   3.1415926535897931        0.0000000000000000     
         (1.4114190653512624,2.58174466928491638E-017)
   1.0000000000000000                1           4
               (0.0000000000000000,0.0000000000000000)
  -1.5707963267948966        0.0000000000000000     
        (0.73153349356404429,1.22119107334564446E-017)
   0.0000000000000000        0.0000000000000000     
              (0.45637263464587580,0.0000000000000000)
   1.5707963267948966        0.0000000000000000     
       (0.73153349356404429,-1.22119107334564446E-017)
   3.1415926535897931        0.0000000000000000     
         (1.4055656267780785,2.44238214669128892E-017)
   1.0000000000000000                1           4
               (0.0000000000000000,0.0000000000000000)
  -1.5707963267948966        0.0000000000000000     
        (0.73256693439003995,1.24703136871691113E-017)
   0.0000000000000000        0.0000000000000000     
              (0.45697245429894739,0.0000000000000000)
   1.5707963267948966        0.0000000000000000     
       (0.73256693439003995,-1.24703136871691113E-017)
   3.1415926535897931        0.0000000000000000     
         (1.4154727697503067,2.49406273743382227E-017)
   1.0000000000000000                1           4
               (0.0000000000000000,0.0000000000000000)
  -1.5707963267948966        0.0000000000000000     
        (0.72221545167475887,4.11414355632174326E-017)
   0.0000000000000000        0.0000000000000000     
              (0.46615089064932186,0.0000000000000000)
   1.5707963267948966        0.0000000000000000     
       (0.72221545167475887,-4.11414355632174326E-017)
   3.1415926535897931        0.0000000000000000     
         (1.4154953782050346,2.67717198951770412E-017)
   1.0000000000000000                1           4
               (0.0000000000000000,0.0000000000000000)
  -1.5707963267948966        0.0000000000000000     
        (0.72619011292275593,6.79092005501568207E-017)
   0.0000000000000000        0.0000000000000000     
              (0.44223816328540916,0.0000000000000000)
   1.5707963267948966        0.0000000000000000     
       (0.72619011292275593,-6.79092005501568207E-017)
   3.1415926535897931        0.0000000000000000     
         (1.4150930844394236,2.47960986377979873E-017)
   1.0000000000000000                1           4
               (0.0000000000000000,0.0000000000000000)
  -1.5707963267948966        0.0000000000000000     
       (0.71373452636490387,-4.13955818153764126E-017)
   0.0000000000000000        0.0000000000000000     
              (0.47176603060872713,0.0000000000000000)
   1.5707963267948966        0.0000000000000000     
        (0.71373452636490387,4.13955818153764126E-017)
   3.1415926535897931        0.0000000000000000     
         (1.4167525075958878,2.82311388317628412E-017)
   1.0000000000000000                1           4
               (0.0000000000000000,0.0000000000000000)
  -1.5707963267948966        0.0000000000000000     
        (0.72824086605260452,4.02582948951415935E-017)
   0.0000000000000000        0.0000000000000000     
              (0.47485658621497340,0.0000000000000000)
   1.5707963267948966        0.0000000000000000     
       (0.72824086605260452,-4.02582948951415935E-017)
   3.1415926535897931        0.0000000000000000     
         (1.3899949481292997,2.50054385590253570E-017)
   1.0000000000000000                1           4
               (0.0000000000000000,0.0000000000000000)
  -1.5707963267948966        0.0000000000000000     
        (0.71690282710984088,1.39261729384071595E-017)
   0.0000000000000000        0.0000000000000000     
              (0.47572453655095787,0.0000000000000000)
   1.5707963267948966        0.0000000000000000     
       (0.71690282710984088,-1.39261729384071595E-017)
   3.1415926535897931        0.0000000000000000     
         (1.4129444447309627,2.78523458768143191E-017)
   1.0000000000000000                1           4
               (0.0000000000000000,0.0000000000000000)
  -1.5707963267948966        0.0000000000000000     
        (0.71436151037034668,1.39918470791735871E-017)
   0.0000000000000000        0.0000000000000000     
              (0.45523117763058019,0.0000000000000000)
   1.5707963267948966        0.0000000000000000     
       (0.71436151037034668,-1.39918470791735871E-017)
   3.1415926535897931        0.0000000000000000     
         (1.4305002503966957,2.79836941583471742E-017)
   1.0000000000000000                1           4
               (0.0000000000000000,0.0000000000000000)
  -1.5707963267948966        0.0000000000000000     
        (0.72357065803508847,1.28271145889525380E-017)
   0.0000000000000000        0.0000000000000000     
              (0.45464723510900140,0.0000000000000000)
   1.5707963267948966        0.0000000000000000     
       (0.72357065803508847,-1.28271145889525380E-017)
   3.1415926535897931        0.0000000000000000     
         (1.4114594380872720,2.56542291779050761E-017)
   1.0000000000000000                1           4
               (0.0000000000000000,0.0000000000000000)
  -1.5707963267948966        0.0000000000000000     
       (0.72383443286401516,-1.47224323995551220E-017)
   0.0000000000000000        0.0000000000000000     
              (0.47706593900025424,0.0000000000000000)
   1.5707963267948966        0.0000000000000000     
        (0.72383443286401516,1.47224323995551220E-017)
   3.1415926535897931        0.0000000000000000     
         (1.3962976895001271,2.60662864321475892E-017)
   1.0000000000000000                1           4
               (0.0000000000000000,0.0000000000000000)
  -1.5707963267948966        0.0000000000000000     
       (0.72262069225995096,-1.43571219283867853E-017)
   0.0000000000000000        0.0000000000000000     
              (0.45457385288335228,0.0000000000000000)
   1.5707963267948966        0.0000000000000000     
        (0.72262069225995096,1.43571219283867853E-017)
   3.1415926535897931        0.0000000000000000     
         (1.4282942398946581,2.67969073744842594E-017)
   1.0000000000000000                1           4
               (0.0000000000000000,0.0000000000000000)
  -1.5707963267948966        0.0000000000000000     
       (0.71329258985148081,-4.12308563332379897E-017)
   0.0000000000000000        0.0000000000000000     
              (0.44558140497653453,0.0000000000000000)
   1.5707963267948966        0.0000000000000000     
        (0.71329258985148081,4.12308563332379897E-017)
   3.1415926535897931        0.0000000000000000     
         (1.4474336027539800,2.85605897960396746E-017)
   1.0000000000000000                1           4
               (0.0000000000000000,0.0000000000000000)
  -1.5707963267948966        0.0000000000000000     
       (0.73333550688084947,-1.57061771598052552E-017)
   0.0000000000000000        0.0000000000000000     
              (0.45610888629543173,0.0000000000000000)
   1.5707963267948966        0.0000000000000000     
        (0.73333550688084947,1.57061771598052552E-017)
   3.1415926535897931        0.0000000000000000     
         (1.4041253479544251,2.40987969116473228E-017)
   1.0000000000000000                1           4
               (0.0000000000000000,0.0000000000000000)
  -1.5707963267948966        0.0000000000000000     
       (0.72773960908108581,-1.53459836045652072E-017)
   0.0000000000000000        0.0000000000000000     
              (0.43605719016909206,0.0000000000000000)
   1.5707963267948966        0.0000000000000000     
        (0.72773960908108581,1.53459836045652072E-017)
   3.1415926535897931        0.0000000000000000     
         (1.4247500628094443,2.48191840221274187E-017)
   1.0000000000000000                1           4
               (0.0000000000000000,0.0000000000000000)
  -1.5707963267948966        0.0000000000000000     
       (0.74321363259520656,-1.63229318233052408E-017)
   0.0000000000000000        0.0000000000000000     
              (0.46592069992247964,0.0000000000000000)
   1.5707963267948966        0.0000000000000000     
        (0.74321363259520656,1.63229318233052408E-017)
   3.1415926535897931        0.0000000000000000     
         (1.3939250496924556,2.28652875846473515E-017)
   1.0000000000000000                1           4
               (0.0000000000000000,0.0000000000000000)
  -1.5707963267948966        0.0000000000000000     
       (0.72616917060583686,-1.50924942510016690E-017)
   0.0000000000000000        0.0000000000000000     
              (0.46451674028729706,0.0000000000000000)
   1.5707963267948966        0.0000000000000000     
        (0.72616917060583686,1.50924942510016690E-017)
   3.1415926535897931        0.0000000000000000     
         (1.4014292263538073,2.53261627292544860E-017)
   1.0000000000000000                1           4
               (0.0000000000000000,0.0000000000000000)
  -1.5707963267948966        0.0000000000000000     
        (0.71586351376294777,1.36141787582976584E-017)
   0.0000000000000000        0.0000000000000000     
              (0.43482379440553359,0.0000000000000000)
   1.5707963267948966        0.0000000000000000     
       (0.71586351376294777,-1.36141787582976584E-017)
   3.1415926535897931        0.0000000000000000     
         (1.4415760569182563,2.72283575165953168E-017)
   1.0000000000000000                1           4
               (0.0000000000000000,0.0000000000000000)
  -1.5707963267948966        0.0000000000000000     
        (0.73358469939506932,1.24410048411450482E-017)
   0.0000000000000000        0.0000000000000000     
              (0.46376110245972585,0.0000000000000000)
   1.5707963267948966        0.0000000000000000     
       (0.73358469939506932,-1.24410048411450482E-017)
   3.1415926535897931        0.0000000000000000     
         (1.4097623520404170,2.48820096822900964E-017)
   1.0000000000000000                1           4
               (0.0000000000000000,0.0000000000000000)
  -1.5707963267948966        0.0000000000000000     
        (0.72432257952256540,4.03316240975852766E-017)
   0.0000000000000000        0.0000000000000000     
              (0.45797072328714350,0.0000000000000000)
   1.5707963267948966        0.0000000000000000     
       (0.72432257952256540,-4.03316240975852766E-017)
   3.1415926535897931        0.0000000000000000     
         (1.4014393515104244,2.51520969639127200E-017)
   1.0000000000000000                1           4
               (0.0000000000000000,0.0000000000000000)
  -1.5707963267948966        0.0000000000000000     
        (0.74058305545182157,1.11927098721645852E-017)
   0.0000000000000000        0.0000000000000000     
              (0.46020531661412334,0.0000000000000000)
   1.5707963267948966        0.0000000000000000     
       (0.74058305545182157,-1.11927098721645852E-017)
   3.1415926535897931        0.0000000000000000     
         (1.3865424421559049,2.23854197443291704E-017)
   1.0000000000000000                1           4
               (0.0000000000000000,0.0000000000000000)
  -1.5707963267948966        0.0000000000000000     
        (0.72257023763372052,1.31197204286334992E-017)
   0.0000000000000000        0.0000000000000000     
              (0.45705752139603206,0.0000000000000000)
   1.5707963267948966        0.0000000000000000     
       (0.72257023763372052,-1.31197204286334992E-017)
   3.1415926535897931        0.0000000000000000     
         (1.4166055430054503,2.62394408572669984E-017)
   1.0000000000000000                1           4
               (0.0000000000000000,0.0000000000000000)
  -1.5707963267948966        0.0000000000000000     
        (0.73445908219493539,1.19894547105801793E-017)
   0.0000000000000000        0.0000000000000000     
              (0.46160598786820106,0.0000000000000000)
   1.5707963267948966        0.0000000000000000     
       (0.73445908219493539,-1.19894547105801793E-017)
   3.1415926535897931        0.0000000000000000     
         (1.3989174857072308,2.39789094211603586E-017)
   1.0000000000000000                1           4
               (0.0000000000000000,0.0000000000000000)
  -1.5707963267948966        0.0000000000000000     
        (0.72041923571484245,1.31268795342299002E-017)
   0.0000000000000000        0.0000000000000000     
              (0.45727300281348038,0.0000000000000000)
   1.5707963267948966        0.0000000000000000     
       (0.72041923571484245,-1.31268795342299002E-017)
   3.1415926535897931        0.0000000000000000     
         (1.4123218918843450,2.62537590684598004E-017)
   1.0000000000000000                1           4
               (0.0000000000000000,0.0000000000000000)
  -1.5707963267948966        0.0000000000000000     
        (0.72826005755631906,1.27267788999189720E-017)
   0.0000000000000000        0.0000000000000000     
              (0.44987536151791174,0.0000000000000000)
   1.5707963267948966        0.0000000000000000     
       (0.72826005755631906,-1.27267788999189720E-017)
   3.1415926535897931        0.0000000000000000     
         (1.4223328984142725,2.54535577998379441E-017)
   1.0000000000000000                1           4
               (0.0000000000000000,0.0000000000000000)
  -1.5707963267948966        0.0000000000000000     
       (0.71338378673349989,-4.15398180403495068E-017)
   0.0000000000000000        0.0000000000000000     
              (0.46361463071504300,0.0000000000000000)
   1.5707963267948966        0.0000000000000000     
        (0.71338378673349989,4.15398180403495068E-017)
   3.1415926535897931        0.0000000000000000     
         (1.4194913155998901,2.79426663818166527E-017)
   1.0000000000000000                1           4
               (0.0000000000000000,0.0000000000000000)
  -1.5707963267948966        0.0000000000000000     
        (0.74398947195454368,1.13258986656955253E-017)
   0.0000000000000000        0.0000000000000000     
              (0.48798296570009470,0.0000000000000000)
   1.5707963267948966        0.0000000000000000     
       (0.74398947195454368,-1.13258986656955253E-017)
   3.1415926535897931        0.0000000000000000     
         (1.3699279022080122,2.26517973313910506E-017)
   1.0000000000000000                1           4
               (0.0000000000000000,0.0000000000000000)
  -1.5707963267948966        0.0000000000000000     
        (0.72325971729927063,6.87180240388218555E-017)
   0.0000000000000000        0.0000000000000000     
              (0.45416332594948433,0.0000000000000000)
   1.5707963267948966        0.0000000000000000     
       (0.72325971729927063,-6.87180240388218555E-017)
   3.1415926535897931        0.0000000000000000     
         (1.4237253105041277,2.64137456151280446E-017)
   1.0000000000000000                1           4
               (0.0000000000000000,0.0000000000000000)
  -1.5707963267948966        0.0000000000000000     
       (0.74314950903633370,-1.68497781880205650E-017)
   0.0000000000000000        0.0000000000000000     
              (0.47300343369667858,0.0000000000000000)
   1.5707963267948966        0.0000000000000000     
        (0.74314950903633370,1.68497781880205650E-017)
   3.1415926535897931        0.0000000000000000     
         (1.3695059606314572,2.18115948552167031E-017)
   1.0000000000000000                1           4
               (0.0000000000000000,0.0000000000000000)
  -1.5707963267948966        0.0000000000000000     
        (0.73761891988740258,1.18472696028687905E-017)
   0.0000000000000000        0.0000000000000000     
              (0.46263109449984346,0.0000000000000000)
   1.5707963267948966        0.0000000000000000     
       (0.73761891988740258,-1.18472696028687905E-017)
   3.1415926535897931        0.0000000000000000     
         (1.3995679364075340,2.36945392057375811E-017)
   1.0000000000000000                1           4
               (0.0000000000000000,0.0000000000000000)
  -1.5707963267948966        0.0000000000000000     
        (0.72676248872822258,1.31983527939434106E-017)
   0.0000000000000000        0.0000000000000000     
              (0.45371841386018269,0.0000000000000000)
   1.5707963267948966        0.0000000000000000     
       (0.72676248872822258,-1.31983527939434106E-017)
   3.1415926535897931        0.0000000000000000     
         (1.4308974806878716,2.63967055878868212E-017)
   1.0000000000000000                1           4
               (0.0000000000000000,0.0000000000000000)
  -1.5707963267948966        0.0000000000000000     
        (0.71922555945192057,1.40026078457568642E-017)
   0.0000000000000000        0.0000000000000000     
              (0.47609803161413411,0.0000000000000000)
   1.5707963267948966        0.0000000000000000     
       (0.71922555945192057,-1.40026078457568642E-017)
   3.1415926535897931        0.0000000000000000     
         (1.4197129678856801,2.80052156915137283E-017)
   1.0000000000000000                1           4
               (0.0000000000000000,0.0000000000000000)
  -1.5707963267948966        0.0000000000000000     
        (0.72057008302152259,1.35110811419771771E-017)
   0.0000000000000000        0.0000000000000000     
              (0.46589607870933725,0.0000000000000000)
   1.5707963267948966        0.0000000000000000     
       (0.72057008302152259,-1.35110811419771771E-017)
   3.1415926535897931        0.0000000000000000     
         (1.4165494874338549,2.70221622839543542E-017)
   1.0000000000000000                1           4
               (0.0000000000000000,0.0000000000000000)
  -1.5707963267948966        0.0000000000000000     
        (0.71944761761934672,1.32863531342871050E-017)
   0.0000000000000000        0.0000000000000000     
              (0.45394744992601210,0.0000000000000000)
   1.5707963267948966        0.0000000000000000     
       (0.71944761761934672,-1.32863531342871050E-017)
   3.1415926535897931        0.0000000000000000     
         (1.4189130116469220,2.65727062685742100E-017)
   1.0000000000000000                1           4
               (0.0000000000000000,0.0000000000000000)
  -1.5707963267948966        0.0000000000000000     
        (0.71664181084463963,6.92810126062413006E-017)
   0.0000000000000000        0.0000000000000000     
              (0.41696856352470441,0.0000000000000000)
   1.5707963267948966        0.0000000000000000     
       (0.71664181084463963,-6.92810126062413006E-017)
   3.1415926535897931        0.0000000000000000     
         (1.4660728621149250,2.75397227499669533E-017)
   1.0000000000000000                1           4
               (0.0000000000000000,0.0000000000000000)
  -1.5707963267948966        0.0000000000000000     
        (0.68768456558319879,1.71874797261518357E-017)
   0.0000000000000000        0.0000000000000000     
              (0.47751027422484948,0.0000000000000000)
   1.5707963267948966        0.0000000000000000     
       (0.68768456558319879,-1.71874797261518357E-017)
   3.1415926535897931        0.0000000000000000     
         (1.4592445475135047,3.43749594523036714E-017)
   1.0000000000000000                1           4
               (0.0000000000000000,0.0000000000000000)
  -1.5707963267948966        0.0000000000000000     
        (0.72605594995311573,1.29640298486914468E-017)
   0.0000000000000000        0.0000000000000000     
              (0.44416499328117981,0.0000000000000000)
   1.5707963267948966        0.0000000000000000     
       (0.72605594995311573,-1.29640298486914468E-017)
   3.1415926535897931        0.0000000000000000     
         (1.4313842555069500,2.59280596973828936E-017)
   1.0000000000000000                1           4
               (0.0000000000000000,0.0000000000000000)
  -1.5707963267948966        0.0000000000000000     
        (0.72154481497744272,1.36018367432654079E-017)
   0.0000000000000000        0.0000000000000000     
              (0.46788130541292622,0.0000000000000000)
   1.5707963267948966        0.0000000000000000     
       (0.72154481497744272,-1.36018367432654079E-017)
   3.1415926535897931        0.0000000000000000     
         (1.4194780275366687,2.72036734865308157E-017)
   1.0000000000000000                1           4
               (0.0000000000000000,0.0000000000000000)
  -1.5707963267948966        0.0000000000000000     
        (0.70402462424250933,1.53009171358840991E-017)
   0.0000000000000000        0.0000000000000000     
              (0.44187205276053126,0.0000000000000000)
   1.5707963267948966        0.0000000000000000     
       (0.70402462424250933,-1.53009171358840991E-017)
   3.1415926535897931        0.0000000000000000     
         (1.4659430758635508,3.06018342717681982E-017)
   1.0000000000000000                1           4
               (0.0000000000000000,0.0000000000000000)
  -1.5707963267948966        0.0000000000000000     
        (0.72458192921220299,1.31334839580650175E-017)
   0.0000000000000000        0.0000000000000000     
              (0.45563040838412128,0.0000000000000000)
   1.5707963267948966        0.0000000000000000     
       (0.72458192921220299,-1.31334839580650175E-017)
   3.1415926535897931        0.0000000000000000     
         (1.4225055901613077,2.62669679161300349E-017)
   1.0000000000000000                1           4
               (0.0000000000000000,0.0000000000000000)
  -1.5707963267948966        0.0000000000000000     
       (0.73777642081750039,-1.61832349122569877E-017)
   0.0000000000000000        0.0000000000000000     
              (0.47872628773883230,0.0000000000000000)
   1.5707963267948966        0.0000000000000000     
        (0.73777642081750039,1.61832349122569877E-017)
   3.1415926535897931        0.0000000000000000     
         (1.3748078857031529,2.31446814067438578E-017)
   1.0000000000000000                1           4
               (0.0000000000000000,0.0000000000000000)
  -1.5707963267948966        0.0000000000000000     
        (0.72927751887526004,4.00109727436663326E-017)
   0.0000000000000000        0.0000000000000000     
              (0.43319414407027379,0.0000000000000000)
   1.5707963267948966        0.0000000000000000     
       (0.72927751887526004,-4.00109727436663326E-017)
   3.1415926535897931        0.0000000000000000     
         (1.4256525414131309,2.45107942560748321E-017)
   1.0000000000000000                1           4
               (0.0000000000000000,0.0000000000000000)
  -1.5707963267948966        0.0000000000000000     
       (0.72445461647562170,-4.30702728916416474E-017)
   0.0000000000000000        0.0000000000000000     
              (0.42919546012808801,0.0000000000000000)
   1.5707963267948966        0.0000000000000000     
        (0.72445461647562170,4.30702728916416474E-017)
   3.1415926535897931        0.0000000000000000     
         (1.4260636966796667,2.48817566792323624E-017)
   1.0000000000000000                1           4
               (0.0000000000000000,0.0000000000000000)
  -1.5707963267948966        0.0000000000000000     
        (0.72965837614491602,4.02371290084713241E-017)
   0.0000000000000000        0.0000000000000000     
              (0.47326122408402893,0.0000000000000000)
   1.5707963267948966        0.0000000000000000     
       (0.72965837614491602,-4.02371290084713241E-017)
   3.1415926535897931        0.0000000000000000     
         (1.3937340001221974,2.49631067856848120E-017)
   1.0000000000000000                1           4
               (0.0000000000000000,0.0000000000000000)
  -1.5707963267948966        0.0000000000000000     
        (0.73244449651954358,1.20635692055565021E-017)
   0.0000000000000000        0.0000000000000000     
              (0.46114459710108791,0.0000000000000000)
   1.5707963267948966        0.0000000000000000     
       (0.73244449651954358,-1.20635692055565021E-017)
   3.1415926535897931        0.0000000000000000     
         (1.3977704682375596,2.41271384111130042E-017)
   1.0000000000000000                1           4
               (0.0000000000000000,0.0000000000000000)
  -1.5707963267948966        0.0000000000000000     
        (0.72685677323355091,6.84362651095807209E-017)
   0.0000000000000000        0.0000000000000000     
              (0.46654563025749046,0.0000000000000000)
   1.5707963267948966        0.0000000000000000     
       (0.72685677323355091,-6.84362651095807209E-017)
   3.1415926535897931        0.0000000000000000     
         (1.4093341730380082,2.58502277566457754E-017)
   1.0000000000000000                1           4
               (0.0000000000000000,0.0000000000000000)
  -1.5707963267948966        0.0000000000000000     
        (0.73415113030444612,1.20446771942782779E-017)
   0.0000000000000000        0.0000000000000000     
              (0.46543883713392947,0.0000000000000000)
   1.5707963267948966        0.0000000000000000     
       (0.73415113030444612,-1.20446771942782779E-017)
   3.1415926535897931        0.0000000000000000     
         (1.3962724358584271,2.40893543885565558E-017)
   1.0000000000000000                1           4
               (0.0000000000000000,0.0000000000000000)
  -1.5707963267948966        0.0000000000000000     
        (0.72463097400238841,4.03832322806746786E-017)
   0.0000000000000000        0.0000000000000000     
              (0.44448219041161297,0.0000000000000000)
   1.5707963267948966        0.0000000000000000     
       (0.72463097400238841,-4.03832322806746786E-017)
   3.1415926535897931        0.0000000000000000     
         (1.4172303245268343,2.52553133300915240E-017)
   1.0000000000000000                1           4
               (0.0000000000000000,0.0000000000000000)
  -1.5707963267948966        0.0000000000000000     
        (0.73595986039551287,1.16119519080304170E-017)
   0.0000000000000000        0.0000000000000000     
              (0.46319688550525351,0.0000000000000000)
   1.5707963267948966        0.0000000000000000     
       (0.73595986039551287,-1.16119519080304170E-017)
   3.1415926535897931        0.0000000000000000     
         (1.3879979672214491,2.32239038160608341E-017)
   1.0000000000000000                1           4
               (0.0000000000000000,0.0000000000000000)
  -1.5707963267948966        0.0000000000000000     
        (0.71621298124096899,9.73825498836434490E-017)
   0.0000000000000000        0.0000000000000000     
              (0.48174500404461801,0.0000000000000000)
   1.5707963267948966        0.0000000000000000     
       (0.71621298124096899,-9.73825498836434490E-017)
   3.1415926535897931        0.0000000000000000     
         (1.4117387277985660,2.82316460735134108E-017)
   1.0000000000000000                1           4
               (0.0000000000000000,0.0000000000000000)
  -1.5707963267948966        0.0000000000000000     
        (0.73086280681641236,1.23567092955932518E-017)
   0.0000000000000000        0.0000000000000000     
              (0.47634540627055300,0.0000000000000000)
   1.5707963267948966        0.0000000000000000     
       (0.73086280681641236,-1.23567092955932518E-017)
   3.1415926535897931        0.0000000000000000     
         (1.3889809616106468,2.47134185911865036E-017)
   1.0000000000000000                1           4
               (0.0000000000000000,0.0000000000000000)
  -1.5707963267948966        0.0000000000000000     
        (0.73461659514632383,1.21774436048973267E-017)
   0.0000000000000000        0.0000000000000000     
              (0.48580602876347434,0.0000000000000000)
   1.5707963267948966        0.0000000000000000     
       (0.73461659514632383,-1.21774436048973267E-017)
   3.1415926535897931        0.0000000000000000     
         (1.3811726539724063,2.43548872097946534E-017)
   1.0000000000000000                1           4
               (0.0000000000000000,0.0000000000000000)
  -1.5707963267948966        0.0000000000000000     
        (0.73671625556375742,1.17432355800433984E-017)
   0.0000000000000000        0.0000000000000000     
              (0.48798062819278892,0.0000000000000000)
   1.5707963267948966        0.0000000000000000     
       (0.73671625556375742,-1.17432355800433984E-017)
   3.1415926535897931        0.0000000000000000     
         (1.3690150650120236,2.34864711600867969E-017)
   1.0000000000000000                1           4
               (0.0000000000000000,0.0000000000000000)
  -1.5707963267948966        0.0000000000000000     
        (0.73654223095741500,1.19640643068924130E-017)
   0.0000000000000000        0.0000000000000000     
              (0.48040947945165491,0.0000000000000000)
   1.5707963267948966        0.0000000000000000     
       (0.73654223095741500,-1.19640643068924130E-017)
   3.1415926535897931        0.0000000000000000     
         (1.3834509781289377,2.39281286137848260E-017)
   1.0000000000000000                1           4
               (0.0000000000000000,0.0000000000000000)
  -1.5707963267948966        0.0000000000000000     
        (0.72759579270944830,4.04934340582646218E-017)
   0.0000000000000000        0.0000000000000000     
              (0.47281942279656108,0.0000000000000000)
   1.5707963267948966        0.0000000000000000     
       (0.72759579270944830,-4.04934340582646218E-017)
   3.1415926535897931        0.0000000000000000     
         (1.3984221927699436,2.54757168852714135E-017)
   1.0000000000000000                1           4
               (0.0000000000000000,0.0000000000000000)
  -1.5707963267948966        0.0000000000000000     
        (0.71942963149918548,6.86198107182308761E-017)
   0.0000000000000000        0.0000000000000000     
              (0.43256097238177327,0.0000000000000000)
   1.5707963267948966        0.0000000000000000     
       (0.71942963149918548,-6.86198107182308761E-017)
   3.1415926535897931        0.0000000000000000     
         (1.4344596019791818,2.62173189739460828E-017)
   1.0000000000000000                1           4
               (0.0000000000000000,0.0000000000000000)
  -1.5707963267948966        0.0000000000000000     
        (0.69903043902428397,1.56610960347559475E-017)
   0.0000000000000000        0.0000000000000000     
              (0.44915341531332020,0.0000000000000000)
   1.5707963267948966        0.0000000000000000     
       (0.69903043902428397,-1.56610960347559475E-017)
   3.1415926535897931        0.0000000000000000     
         (1.4604376784892044,3.13221920695118951E-017)
   1.0000000000000000                1           4
               (0.0000000000000000,0.0000000000000000)
  -1.5707963267948966        0.0000000000000000     
       (0.71800435131106655,-1.38210054711504171E-017)
   0.0000000000000000        0.0000000000000000     
              (0.47128754080499069,0.0000000000000000)
   1.5707963267948966        0.0000000000000000     
        (0.71800435131106655,1.38210054711504171E-017)
   3.1415926535897931        0.0000000000000000     
         (1.4198587624438794,2.78691402889569990E-017)
   1.0000000000000000                1           4
               (0.0000000000000000,0.0000000000000000)
  -1.5707963267948966        0.0000000000000000     
        (0.72478516101726143,1.24602468965395498E-017)
   0.0000000000000000        0.0000000000000000     
              (0.45585784141131491,0.0000000000000000)
   1.5707963267948966        0.0000000000000000     
       (0.72478516101726143,-1.24602468965395498E-017)
   3.1415926535897931        0.0000000000000000     
         (1.4006950295578022,2.49204937930790997E-017)
   1.0000000000000000                1           4
               (0.0000000000000000,0.0000000000000000)
  -1.5707963267948966        0.0000000000000000     
        (0.73133249720971427,1.24066062894303006E-017)
   0.0000000000000000        0.0000000000000000     
              (0.45892171647562019,0.0000000000000000)
   1.5707963267948966        0.0000000000000000     
       (0.73133249720971427,-1.24066062894303006E-017)
   3.1415926535897931        0.0000000000000000     
         (1.4089737916908989,2.48132125788606011E-017)
   1.0000000000000000                1           4
               (0.0000000000000000,0.0000000000000000)
  -1.5707963267948966        0.0000000000000000     
       (0.73570716076776155,-1.59561169861339827E-017)
   0.0000000000000000        0.0000000000000000     
              (0.46361535103825713,0.0000000000000000)
   1.5707963267948966        0.0000000000000000     
        (0.73570716076776155,1.59561169861339827E-017)
   3.1415926535897931        0.0000000000000000     
         (1.3931985367300825,2.35989172589898678E-017)
   1.0000000000000000                1           4
               (0.0000000000000000,0.0000000000000000)
  -1.5707963267948966        0.0000000000000000     
        (0.73582074806344067,1.17255610510175137E-017)
   0.0000000000000000        0.0000000000000000     
              (0.46008863121552174,0.0000000000000000)
   1.5707963267948966        0.0000000000000000     
       (0.73582074806344067,-1.17255610510175137E-017)
   3.1415926535897931        0.0000000000000000     
         (1.3945387530607036,2.34511221020350274E-017)
   1.0000000000000000                1           4
               (0.0000000000000000,0.0000000000000000)
  -1.5707963267948966        0.0000000000000000     
       (0.73353609511223983,-1.58596493795980564E-017)
   0.0000000000000000        0.0000000000000000     
              (0.43880712496762181,0.0000000000000000)
   1.5707963267948966        0.0000000000000000     
        (0.73353609511223983,1.58596493795980564E-017)
   3.1415926535897931        0.0000000000000000     
         (1.4168155026340106,2.37918524720617235E-017)
   1.0000000000000000                1           4
               (0.0000000000000000,0.0000000000000000)
  -1.5707963267948966        0.0000000000000000     
        (0.71861773937148654,1.33717605683724960E-017)
   0.0000000000000000        0.0000000000000000     
              (0.46035652050717030,0.0000000000000000)
   1.5707963267948966        0.0000000000000000     
       (0.71861773937148654,-1.33717605683724960E-017)
   3.1415926535897931        0.0000000000000000     
         (1.4136338030672246,2.67435211367449919E-017)
   1.0000000000000000                1           4
               (0.0000000000000000,0.0000000000000000)
  -1.5707963267948966        0.0000000000000000     
        (0.73156342127164165,4.01778647131453161E-017)
   0.0000000000000000        0.0000000000000000     
              (0.48102603660782550,0.0000000000000000)
   1.5707963267948966        0.0000000000000000     
       (0.73156342127164165,-4.01778647131453161E-017)
   3.1415926535897931        0.0000000000000000     
         (1.3878435590677172,2.48445781950328020E-017)
   1.0000000000000000                1           4
               (0.0000000000000000,0.0000000000000000)
  -1.5707963267948966        0.0000000000000000     
        (0.72939903456806299,1.25257140860233685E-017)
   0.0000000000000000        0.0000000000000000     
              (0.46340798127659810,0.0000000000000000)
   1.5707963267948966        0.0000000000000000     
       (0.72939903456806299,-1.25257140860233685E-017)
   3.1415926535897931        0.0000000000000000     
         (1.4045109574766044,2.50514281720467370E-017)
   1.0000000000000000                1           4
               (0.0000000000000000,0.0000000000000000)
  -1.5707963267948966        0.0000000000000000     
        (0.73649545135795058,6.73564684163958446E-017)
   0.0000000000000000        0.0000000000000000     
              (0.44054919110878216,0.0000000000000000)
   1.5707963267948966        0.0000000000000000     
       (0.73649545135795058,-6.73564684163958446E-017)
   3.1415926535897931        0.0000000000000000     
         (1.4193391319371336,2.36906343702760106E-017)
   1.0000000000000000                1           4
               (0.0000000000000000,0.0000000000000000)
  -1.5707963267948966        0.0000000000000000     
        (0.73091681210871229,3.96528426825564225E-017)
   0.0000000000000000        0.0000000000000000     
              (0.44967124113621471,0.0000000000000000)
   1.5707963267948966        0.0000000000000000     
       (0.73091681210871229,-3.96528426825564225E-017)
   3.1415926535897931        0.0000000000000000     
         (1.4007566153189734,2.37945341338550150E-017)
   1.0000000000000000                1           4
               (0.0000000000000000,0.0000000000000000)
  -1.5707963267948966        0.0000000000000000     
        (0.73106690949487785,4.02359427251886271E-017)
   0.0000000000000000        0.0000000000000000     
              (0.47332038435177415,0.0000000000000000)
   1.5707963267948966        0.0000000000000000     
       (0.73106690949487785,-4.02359427251886271E-017)
   3.1415926535897931        0.0000000000000000     
         (1.3964531596019150,2.49607342191194273E-017)
   1.0000000000000000                1           4
               (0.0000000000000000,0.0000000000000000)
  -1.5707963267948966        0.0000000000000000     
        (0.73178598081385438,1.22227806306837149E-017)
   0.0000000000000000        0.0000000000000000     
              (0.45567695124116336,0.0000000000000000)
   1.5707963267948966        0.0000000000000000     
       (0.73178598081385438,-1.22227806306837149E-017)
   3.1415926535897931        0.0000000000000000     
         (1.4071213224691375,2.44455612613674298E-017)
   1.0000000000000000                1           4
               (0.0000000000000000,0.0000000000000000)
  -1.5707963267948966        0.0000000000000000     
        (0.73388634806149533,3.92865470804466313E-017)
   0.0000000000000000        0.0000000000000000     
              (0.45475372450802520,0.0000000000000000)
   1.5707963267948966        0.0000000000000000     
       (0.73388634806149533,-3.92865470804466313E-017)
   3.1415926535897931        0.0000000000000000     
         (1.3896490815485734,2.30619429296354326E-017)
   1.0000000000000000                1           4
               (0.0000000000000000,0.0000000000000000)
  -1.5707963267948966        0.0000000000000000     
       (0.74299080763983993,-1.69233103133123492E-017)
   0.0000000000000000        0.0000000000000000     
              (0.45606666899611387,0.0000000000000000)
   1.5707963267948966        0.0000000000000000     
        (0.74299080763983993,1.69233103133123492E-017)
   3.1415926535897931        0.0000000000000000     
         (1.3837235810624560,2.16645306046331287E-017)
   1.0000000000000000                1           4
               (0.0000000000000000,0.0000000000000000)
  -1.5707963267948966        0.0000000000000000     
        (0.72041735283107655,4.12805077699788104E-017)
   0.0000000000000000        0.0000000000000000     
              (0.45083499216473200,0.0000000000000000)
   1.5707963267948966        0.0000000000000000     
       (0.72041735283107655,-4.12805077699788104E-017)
   3.1415926535897931        0.0000000000000000     
         (1.4317575219942542,2.70498643086997907E-017)
   1.0000000000000000                1           4
               (0.0000000000000000,0.0000000000000000)
  -1.5707963267948966        0.0000000000000000     
       (0.71121140332135691,-6.85332237933781302E-017)
   0.0000000000000000        0.0000000000000000     
              (0.45570355550549879,0.0000000000000000)
   1.5707963267948966        0.0000000000000000     
        (0.71121140332135691,6.85332237933781302E-017)
   3.1415926535897931        0.0000000000000000     
         (1.4479519808929828,2.94670061070172269E-017)
   1.0000000000000000                1           4
               (0.0000000000000000,0.0000000000000000)
  -1.5707963267948966        0.0000000000000000     
        (0.72489745530101934,1.29204987395036327E-017)
   0.0000000000000000        0.0000000000000000     
              (0.48083720049674711,0.0000000000000000)
   1.5707963267948966        0.0000000000000000     
       (0.72489745530101934,-1.29204987395036327E-017)
   3.1415926535897931        0.0000000000000000     
         (1.3909732250602773,2.58409974790072653E-017)
   1.0000000000000000                1           4
               (0.0000000000000000,0.0000000000000000)
  -1.5707963267948966        0.0000000000000000     
       (0.73216738012424343,-1.59563418917021611E-017)
   0.0000000000000000        0.0000000000000000     
              (0.44325155682552614,0.0000000000000000)
   1.5707963267948966        0.0000000000000000     
        (0.73216738012424343,1.59563418917021611E-017)
   3.1415926535897931        0.0000000000000000     
         (1.4064754236824459,2.35984674478535140E-017)
   1.0000000000000000                1           4
               (0.0000000000000000,0.0000000000000000)
  -1.5707963267948966        0.0000000000000000     
        (0.72934369333810867,1.24956817235911399E-017)
   0.0000000000000000        0.0000000000000000     
              (0.42866724276943391,0.0000000000000000)
   1.5707963267948966        0.0000000000000000     
       (0.72934369333810867,-1.24956817235911399E-017)
   3.1415926535897931        0.0000000000000000     
         (1.4381600821254150,2.49913634471822798E-017)
   1.0000000000000000                1           4
               (0.0000000000000000,0.0000000000000000)
  -1.5707963267948966        0.0000000000000000     
        (0.73266541800429763,1.22167276644792201E-017)
   0.0000000000000000        0.0000000000000000     
              (0.47320087414921519,0.0000000000000000)
   1.5707963267948966        0.0000000000000000     
       (0.73266541800429763,-1.22167276644792201E-017)
   3.1415926535897931        0.0000000000000000     
         (1.3911585690622073,2.44334553289584401E-017)
   1.0000000000000000                1           4
               (0.0000000000000000,0.0000000000000000)
  -1.5707963267948966        0.0000000000000000     
        (0.72642025357121454,1.27343031132761152E-017)
   0.0000000000000000        0.0000000000000000     
              (0.45002879243556015,0.0000000000000000)
   1.5707963267948966        0.0000000000000000     
       (0.72642025357121454,-1.27343031132761152E-017)
   3.1415926535897931        0.0000000000000000     
         (1.4187456189849754,2.54686062265522303E-017)
   1.0000000000000000                1           4
               (0.0000000000000000,0.0000000000000000)
  -1.5707963267948966        0.0000000000000000     
       (0.71295675372399758,-1.37924692817679321E-017)
   0.0000000000000000        0.0000000000000000     
              (0.44810019130923889,0.0000000000000000)
   1.5707963267948966        0.0000000000000000     
        (0.71295675372399758,1.37924692817679321E-017)
   3.1415926535897931        0.0000000000000000     
         (1.4338829794435604,2.79262126677219629E-017)
   1.0000000000000000                1           4
               (0.0000000000000000,0.0000000000000000)
  -1.5707963267948966        0.0000000000000000     
        (0.72132015363575119,4.12349002075141252E-017)
   0.0000000000000000        0.0000000000000000     
              (0.46649402978291971,0.0000000000000000)
   1.5707963267948966        0.0000000000000000     
       (0.72132015363575119,-4.12349002075141252E-017)
   3.1415926535897931        0.0000000000000000     
         (1.4164144299475623,2.69586491837704141E-017)
   1.0000000000000000                1           4
               (0.0000000000000000,0.0000000000000000)
  -1.5707963267948966        0.0000000000000000     
        (0.72367575663286565,4.07217273531501798E-017)
   0.0000000000000000        0.0000000000000000     
              (0.44793478086828620,0.0000000000000000)
   1.5707963267948966        0.0000000000000000     
       (0.72367575663286565,-4.07217273531501798E-017)
   3.1415926535897931        0.0000000000000000     
         (1.4229233874280649,2.59323034750425234E-017)
   1.0000000000000000                1           4
               (0.0000000000000000,0.0000000000000000)
  -1.5707963267948966        0.0000000000000000     
       (0.72796892875139441,-1.50224886814801832E-017)
   0.0000000000000000        0.0000000000000000     
              (0.46855389750240722,0.0000000000000000)
   1.5707963267948966        0.0000000000000000     
        (0.72796892875139441,1.50224886814801832E-017)
   3.1415926535897931        0.0000000000000000     
         (1.4032781408536368,2.54661738682974606E-017)
   1.0000000000000000                1           4
               (0.0000000000000000,0.0000000000000000)
  -1.5707963267948966        0.0000000000000000     
        (0.72598955526288966,1.28062570088944117E-017)
   0.0000000000000000        0.0000000000000000     
              (0.46571754209663419,0.0000000000000000)
   1.5707963267948966        0.0000000000000000     
       (0.72598955526288966,-1.28062570088944117E-017)
   3.1415926535897931        0.0000000000000000     
         (1.4045456652907258,2.56125140177888234E-017)
   1.0000000000000000                1           4
               (0.0000000000000000,0.0000000000000000)
  -1.5707963267948966        0.0000000000000000     
        (0.73252109818707312,1.22301368063335998E-017)
   0.0000000000000000        0.0000000000000000     
              (0.45775428669040497,0.0000000000000000)
   1.5707963267948966        0.0000000000000000     
       (0.73252109818707312,-1.22301368063335998E-017)
   3.1415926535897931        0.0000000000000000     
         (1.4067544926968583,2.44602736126671997E-017)
   1.0000000000000000                1           4
               (0.0000000000000000,0.0000000000000000)
  -1.5707963267948966        0.0000000000000000     
        (0.71519348384598036,1.40102771607823022E-017)
   0.0000000000000000        0.0000000000000000     
              (0.46828331961269815,0.0000000000000000)
   1.5707963267948966        0.0000000000000000     
       (0.71519348384598036,-1.40102771607823022E-017)
   3.1415926535897931        0.0000000000000000     
         (1.4197140275139470,2.80205543215646045E-017)
   1.0000000000000000                1           4
               (0.0000000000000000,0.0000000000000000)
  -1.5707963267948966        0.0000000000000000     
       (0.72587641513603351,-1.49691812533375803E-017)
   0.0000000000000000        0.0000000000000000     
              (0.46186591683432493,0.0000000000000000)
   1.5707963267948966        0.0000000000000000     
        (0.72587641513603351,1.49691812533375803E-017)
   3.1415926535897931        0.0000000000000000     
         (1.4075222470275972,2.55727887245826726E-017)
   1.0000000000000000                1           4
               (0.0000000000000000,0.0000000000000000)
  -1.5707963267948966        0.0000000000000000     
        (0.70551198282644789,1.49897297232092223E-017)
   0.0000000000000000        0.0000000000000000     
              (0.46743938536429114,0.0000000000000000)
   1.5707963267948966        0.0000000000000000     
       (0.70551198282644789,-1.49897297232092223E-017)
   3.1415926535897931        0.0000000000000000     
         (1.4331863081874783,2.99794594464184445E-017)
   1.0000000000000000                1           4
               (0.0000000000000000,0.0000000000000000)
  -1.5707963267948966        0.0000000000000000     
        (0.72879773132154324,1.24941757041634451E-017)
   0.0000000000000000        0.0000000000000000     
              (0.47177841025172867,0.0000000000000000)
   1.5707963267948966        0.0000000000000000     
       (0.72879773132154324,-1.24941757041634451E-017)
   3.1415926535897931        0.0000000000000000     
         (1.3939078002825007,2.49883514083268902E-017)
   1.0000000000000000                1           4
               (0.0000000000000000,0.0000000000000000)
  -1.5707963267948966        0.0000000000000000     
        (0.72710384804140160,4.08122737295571270E-017)
   0.0000000000000000        0.0000000000000000     
              (0.46519899663547443,0.0000000000000000)
   1.5707963267948966        0.0000000000000000     
       (0.72710384804140160,-4.08122737295571270E-017)
   3.1415926535897931        0.0000000000000000     
         (1.4154728235692811,2.61133962278564209E-017)
   1.0000000000000000                1           4
               (0.0000000000000000,0.0000000000000000)
  -1.5707963267948966        0.0000000000000000     
       (0.72025584679759047,-1.41256635122909710E-017)
   0.0000000000000000        0.0000000000000000     
              (0.47065874980050165,0.0000000000000000)
   1.5707963267948966        0.0000000000000000     
        (0.72025584679759047,1.41256635122909710E-017)
   3.1415926535897931        0.0000000000000000     
         (1.4150396576399322,2.72598242066758913E-017)
   1.0000000000000000                1           4
               (0.0000000000000000,0.0000000000000000)
  -1.5707963267948966        0.0000000000000000     
        (0.72149445359727782,1.35863324804657149E-017)
   0.0000000000000000        0.0000000000000000     
              (0.45955113841930922,0.0000000000000000)
   1.5707963267948966        0.0000000000000000     
       (0.72149445359727782,-1.35863324804657149E-017)
   3.1415926535897931        0.0000000000000000     
         (1.4272010641164026,2.71726649609314299E-017)
   1.0000000000000000                1           4
               (0.0000000000000000,0.0000000000000000)
  -1.5707963267948966        0.0000000000000000     
       (0.71407843306997409,-1.38175672930825819E-017)
   0.0000000000000000        0.0000000000000000     
              (0.44433691799408492,0.0000000000000000)
   1.5707963267948966        0.0000000000000000     
        (0.71407843306997409,1.38175672930825819E-017)
   3.1415926535897931        0.0000000000000000     
         (1.4390698481905300,2.78760166450926632E-017)
   1.0000000000000000                1           4
               (0.0000000000000000,0.0000000000000000)
  -1.5707963267948966        0.0000000000000000     
       (0.73527456747086828,-1.60406095451590959E-017)
   0.0000000000000000        0.0000000000000000     
              (0.46915512444579993,0.0000000000000000)
   1.5707963267948966        0.0000000000000000     
        (0.73527456747086828,1.60406095451590959E-017)
   3.1415926535897931        0.0000000000000000     
         (1.3840338403187471,2.34299321409396383E-017)
   1.0000000000000000                1           4
               (0.0000000000000000,0.0000000000000000)
  -1.5707963267948966        0.0000000000000000     
       (0.73259725339441628,-4.37191719594282510E-017)
   0.0000000000000000        0.0000000000000000     
              (0.46153059087943227,0.0000000000000000)
   1.5707963267948966        0.0000000000000000     
        (0.73259725339441628,4.37191719594282510E-017)
   3.1415926535897931        0.0000000000000000     
         (1.3888191877817349,2.35839585436591614E-017)
   1.0000000000000000                1           4
               (0.0000000000000000,0.0000000000000000)
  -1.5707963267948966        0.0000000000000000     
        (0.73665181745943820,1.18829492019341823E-017)
   0.0000000000000000        0.0000000000000000     
              (0.45126385866073881,0.0000000000000000)
   1.5707963267948966        0.0000000000000000     
       (0.73665181745943820,-1.18829492019341823E-017)
   3.1415926535897931        0.0000000000000000     
         (1.4101663515354357,2.37658984038683647E-017)
   1.0000000000000000                1           4
               (0.0000000000000000,0.0000000000000000)
  -1.5707963267948966        0.0000000000000000     
        (0.72982710873859891,1.21601775148848550E-017)
   0.0000000000000000        0.0000000000000000     
              (0.47395911813864056,0.0000000000000000)
   1.5707963267948966        0.0000000000000000     
       (0.72982710873859891,-1.21601775148848550E-017)
   3.1415926535897931        0.0000000000000000     
         (1.3828766384844151,2.43203550297697101E-017)
   1.0000000000000000                1           4
               (0.0000000000000000,0.0000000000000000)
  -1.5707963267948966        0.0000000000000000     
        (0.71547313512720012,1.37600543620696609E-017)
   0.0000000000000000        0.0000000000000000     
              (0.44536782138717834,0.0000000000000000)
   1.5707963267948966        0.0000000000000000     
       (0.71547313512720012,-1.37600543620696609E-017)
   3.1415926535897931        0.0000000000000000     
         (1.4350159314671014,2.75201087241393218E-017)
   1.0000000000000000                1           4
               (0.0000000000000000,0.0000000000000000)
  -1.5707963267948966        0.0000000000000000     
        (0.73238568904460399,1.18757730288789256E-017)
   0.0000000000000000        0.0000000000000000     
              (0.47579946750814356,0.0000000000000000)
   1.5707963267948966        0.0000000000000000     
       (0.73238568904460399,-1.18757730288789256E-017)
   3.1415926535897931        0.0000000000000000     
         (1.3768640942587518,2.37515460577578511E-017)
   1.0000000000000000                1           4
               (0.0000000000000000,0.0000000000000000)
  -1.5707963267948966        0.0000000000000000     
       (0.73689096196222870,-1.59841613476647758E-017)
   0.0000000000000000        0.0000000000000000     
              (0.47504523105156371,0.0000000000000000)
   1.5707963267948966        0.0000000000000000     
        (0.73689096196222870,1.59841613476647758E-017)
   3.1415926535897931        0.0000000000000000     
         (1.3832202607443762,2.35428285359282724E-017)
   1.0000000000000000                1           4
               (0.0000000000000000,0.0000000000000000)
  -1.5707963267948966        0.0000000000000000     
        (0.71169856288384414,4.24414936673948569E-017)
   0.0000000000000000        0.0000000000000000     
              (0.45440676298993243,0.0000000000000000)
   1.5707963267948966        0.0000000000000000     
       (0.71169856288384414,-4.24414936673948569E-017)
   3.1415926535897931        0.0000000000000000     
         (1.4486688484273604,2.93718361035318806E-017)
   1.0000000000000000                1           4
               (0.0000000000000000,0.0000000000000000)
  -1.5707963267948966        0.0000000000000000     
        (0.72477455145149139,1.30605185583003509E-017)
   0.0000000000000000        0.0000000000000000     
              (0.45489239587688662,0.0000000000000000)
   1.5707963267948966        0.0000000000000000     
       (0.72477455145149139,-1.30605185583003509E-017)
   3.1415926535897931        0.0000000000000000     
         (1.4212456163310025,2.61210371166007018E-017)
   1.0000000000000000                1           4
               (0.0000000000000000,0.0000000000000000)
  -1.5707963267948966        0.0000000000000000     
       (0.71060318742279016,-1.33596872658874263E-017)
   0.0000000000000000        0.0000000000000000     
              (0.45692171475562421,0.0000000000000000)
   1.5707963267948966        0.0000000000000000     
        (0.71060318742279016,1.33596872658874263E-017)
   3.1415926535897931        0.0000000000000000     
         (1.4344900567729661,2.87917766994829744E-017)
   1.0000000000000000                1           4
               (0.0000000000000000,0.0000000000000000)
  -1.5707963267948966        0.0000000000000000     
        (0.72698353838234886,1.21896711573824123E-017)
   0.0000000000000000        0.0000000000000000     
              (0.45357655648990525,0.0000000000000000)
   1.5707963267948966        0.0000000000000000     
       (0.72698353838234886,-1.21896711573824123E-017)
   3.1415926535897931        0.0000000000000000     
         (1.3985353948907009,2.43793423147648247E-017)
   1.0000000000000000                1           4
               (0.0000000000000000,0.0000000000000000)
  -1.5707963267948966        0.0000000000000000     
        (0.72355933608273726,1.32137157086585506E-017)
   0.0000000000000000        0.0000000000000000     
              (0.42661896137767275,0.0000000000000000)
   1.5707963267948966        0.0000000000000000     
       (0.72355933608273726,-1.32137157086585506E-017)
   3.1415926535897931        0.0000000000000000     
         (1.4520924187541624,2.64274314173171012E-017)
   1.0000000000000000                1           4
               (0.0000000000000000,0.0000000000000000)
  -1.5707963267948966        0.0000000000000000     
        (0.67568541609257493,4.62601828184557117E-017)
   0.0000000000000000        0.0000000000000000     
              (0.48192873962589711,0.0000000000000000)
   1.5707963267948966        0.0000000000000000     
       (0.67568541609257493,-4.62601828184557117E-017)
   3.1415926535897931        0.0000000000000000     
         (1.4738484312917075,3.70092144056535963E-017)
