   1.0000000000000000                1           4
               (0.0000000000000000,0.0000000000000000)
  -1.5707963267948966        0.0000000000000000     
         (1.0000000000002693,1.09134923320652850E-013)
   0.0000000000000000        0.0000000000000000     
               (1.7302306892916970,0.0000000000000000)
   1.5707963267948966        0.0000000000000000     
        (1.0000000000002693,-1.09134923320652850E-013)
   3.1415926535897931        0.0000000000000000     
       (0.26976931070776450,-7.93293329175071888E-029)
   1.0000000000000000                1           4
               (0.0000000000000000,0.0000000000000000)
  -1.5707963267948966        0.0000000000000000     
         (1.0000000000000038,3.60322882642094555E-013)
   0.0000000000000000        0.0000000000000000     
               (1.7246147446631841,0.0000000000000000)
   1.5707963267948966        0.0000000000000000     
        (1.0000000000000038,-3.60322882642094555E-013)
   3.1415926535897931        0.0000000000000000     
       (0.27538525533680508,-4.52493425071424446E-029)
   1.0000000000000000                1           4
               (0.0000000000000000,0.0000000000000000)
  -1.5707963267948966        0.0000000000000000     
       (0.99999999999998701,-2.39808173319033781E-014)
   0.0000000000000000        0.0000000000000000     
               (1.7183896955851190,0.0000000000000000)
   1.5707963267948966        0.0000000000000000     
        (0.99999999999998701,2.39808173319033781E-014)
   3.1415926535897931        0.0000000000000000     
        (0.28161030441492046,6.94224616118118671E-030)
   1.0000000000000000                1           4
               (0.0000000000000000,0.0000000000000000)
  -1.5707963267948966        0.0000000000000000     
        (1.0000000000000218,-9.21485110438879929E-014)
   0.0000000000000000        0.0000000000000000     
               (1.7221565734917021,0.0000000000000000)
   1.5707963267948966        0.0000000000000000     
         (1.0000000000000218,9.21485110438879929E-014)
   3.1415926535897931        0.0000000000000000     
        (0.27784342650822436,4.12776797905562240E-030)
   1.0000000000000000                1           4
               (0.0000000000000000,0.0000000000000000)
  -1.5707963267948966        0.0000000000000000     
        (1.0000000000000477,-6.83897383169096429E-014)
   0.0000000000000000        0.0000000000000000     
               (1.7251629430975246,0.0000000000000000)
   1.5707963267948966        0.0000000000000000     
         (1.0000000000000477,6.83897383169096429E-014)
   3.1415926535897931        0.0000000000000000     
       (0.27483705690238253,-3.16798018603871674E-030)
   1.0000000000000000                1           4
               (0.0000000000000000,0.0000000000000000)
  -1.5707963267948966        0.0000000000000000     
        (1.0000000000000058,-1.03861363953683394E-013)
   0.0000000000000000        0.0000000000000000     
               (1.7290154281953105,0.0000000000000000)
   1.5707963267948966        0.0000000000000000     
         (1.0000000000000058,1.03861363953683394E-013)
   3.1415926535897931        0.0000000000000000     
        (0.27098457180469038,1.20774155907211522E-029)
   1.0000000000000000                1           4
               (0.0000000000000000,0.0000000000000000)
  -1.5707963267948966        0.0000000000000000     
       (0.99999999999987599,-1.75748304798162255E-013)
   0.0000000000000000        0.0000000000000000     
               (1.7222617706737668,0.0000000000000000)
   1.5707963267948966        0.0000000000000000     
        (0.99999999999987599,1.75748304798162255E-013)
   3.1415926535897931        0.0000000000000000     
        (0.27773822932649628,5.28184171975428610E-029)
   1.0000000000000000                1           4
               (0.0000000000000000,0.0000000000000000)
  -1.5707963267948966        0.0000000000000000     
        (1.0000000000000466,-5.76760861292768823E-014)
   0.0000000000000000        0.0000000000000000     
               (1.7213088234192639,0.0000000000000000)
   1.5707963267948966        0.0000000000000000     
         (1.0000000000000466,5.76760861292768823E-014)
   3.1415926535897931        0.0000000000000000     
       (0.27869117658065790,-3.43535445364368722E-030)
   1.0000000000000000                1           4
               (0.0000000000000000,0.0000000000000000)
  -1.5707963267948966        0.0000000000000000     
         (1.0000000000000309,6.34492458573276963E-014)
   0.0000000000000000        0.0000000000000000     
               (1.7302225909140325,0.0000000000000000)
   1.5707963267948966        0.0000000000000000     
        (1.0000000000000309,-6.34492458573276963E-014)
   3.1415926535897931        0.0000000000000000     
       (0.26977740908590941,-1.50905934298702978E-029)
   1.0000000000000000                1           4
               (0.0000000000000000,0.0000000000000000)
  -1.5707963267948966        0.0000000000000000     
         (1.0000000000001257,2.16660023255599274E-013)
   0.0000000000000000        0.0000000000000000     
               (1.7082788771187112,0.0000000000000000)
   1.5707963267948966        0.0000000000000000     
        (1.0000000000001257,-2.16660023255599274E-013)
   3.1415926535897931        0.0000000000000000     
       (0.29172112288106244,-5.57839349984215941E-029)
   1.0000000000000000                1           4
               (0.0000000000000000,0.0000000000000000)
  -1.5707963267948966        0.0000000000000000     
        (0.99999999999997380,9.27036225562005711E-014)
   0.0000000000000000        0.0000000000000000     
               (1.7275767072958943,0.0000000000000000)
   1.5707963267948966        0.0000000000000000     
       (0.99999999999997380,-9.27036225562005711E-014)
   3.1415926535897931        0.0000000000000000     
       (0.27242329270416882,-4.28758690652511748E-030)
   1.0000000000000000                1           4
               (0.0000000000000000,0.0000000000000000)
  -1.5707963267948966        0.0000000000000000     
       (0.99999999999987499,-1.70752301187349051E-013)
   0.0000000000000000        0.0000000000000000     
               (1.7112786215129230,0.0000000000000000)
   1.5707963267948966        0.0000000000000000     
        (0.99999999999987499,1.70752301187349051E-013)
   3.1415926535897931        0.0000000000000000     
        (0.28872137848733764,5.21891755910988265E-029)
   1.0000000000000000                1           4
               (0.0000000000000000,0.0000000000000000)
  -1.5707963267948966        0.0000000000000000     
        (1.0000000000004430,-8.09907696464052201E-014)
   0.0000000000000000        0.0000000000000000     
               (1.7166936491523896,0.0000000000000000)
   1.5707963267948966        0.0000000000000000     
         (1.0000000000004430,8.09907696464052201E-014)
   3.1415926535897931        0.0000000000000000     
       (0.28330635084671713,-9.90298093645006585E-029)
   1.0000000000000000                1           4
               (0.0000000000000000,0.0000000000000000)
  -1.5707963267948966        0.0000000000000000     
         (1.0000000000000797,6.18893825077293513E-013)
   0.0000000000000000        0.0000000000000000     
               (1.7101498100396431,0.0000000000000000)
   1.5707963267948966        0.0000000000000000     
        (1.0000000000000797,-6.18893825077293513E-013)
   3.1415926535897931        0.0000000000000000     
       (0.28985018996025630,-9.17252150295345246E-029)
   1.0000000000000000                1           4
               (0.0000000000000000,0.0000000000000000)
  -1.5707963267948966        0.0000000000000000     
       (0.99999999999998535,-8.70414851306122728E-014)
   0.0000000000000000        0.0000000000000000     
               (1.7135256188846477,0.0000000000000000)
   1.5707963267948966        0.0000000000000000     
        (0.99999999999998535,8.70414851306122728E-014)
   3.1415926535897931        0.0000000000000000     
        (0.28647438111541618,1.63695345382187616E-029)
   1.0000000000000000                1           4
               (0.0000000000000000,0.0000000000000000)
  -1.5707963267948966        0.0000000000000000     
       (0.99999999999999967,-4.89608353859694034E-014)
   0.0000000000000000        0.0000000000000000     
               (1.7242346375164270,0.0000000000000000)
   1.5707963267948966        0.0000000000000000     
        (0.99999999999999967,4.89608353859694034E-014)
   3.1415926535897931        0.0000000000000000     
        (0.27576536248357136,5.93429144538000018E-030)
   1.0000000000000000                1           4
               (0.0000000000000000,0.0000000000000000)
  -1.5707963267948966        0.0000000000000000     
        (0.99999999999985556,1.12132525487140823E-013)
   0.0000000000000000        0.0000000000000000     
               (1.7286158229707140,0.0000000000000000)
   1.5707963267948966        0.0000000000000000     
       (0.99999999999985556,-1.12132525487140823E-013)
   3.1415926535897931        0.0000000000000000     
        (0.27138417702955325,2.03209522477863996E-029)
   1.0000000000000000                1           4
               (0.0000000000000000,0.0000000000000000)
  -1.5707963267948966        0.0000000000000000     
        (1.0000000000001086,-2.89751556081796480E-012)
   0.0000000000000000        0.0000000000000000     
               (1.7269088939798642,0.0000000000000000)
   1.5707963267948966        0.0000000000000000     
         (1.0000000000001086,2.89751556081796480E-012)
   3.1415926535897931        0.0000000000000000     
        (0.27309110601992120,3.28399825653295169E-028)
   1.0000000000000000                1           4
               (0.0000000000000000,0.0000000000000000)
  -1.5707963267948966        0.0000000000000000     
         (1.0000000000000333,1.11133324764978170E-013)
   0.0000000000000000        0.0000000000000000     
               (1.7187026790738849,0.0000000000000000)
   1.5707963267948966        0.0000000000000000     
        (1.0000000000000333,-1.11133324764978170E-013)
   3.1415926535897931        0.0000000000000000     
       (0.28129732092604726,-2.18467052450121955E-029)
   1.0000000000000000                1           4
               (0.0000000000000000,0.0000000000000000)
  -1.5707963267948966        0.0000000000000000     
       (0.99999999999987177,-2.20323759236862290E-013)
   0.0000000000000000        0.0000000000000000     
               (1.7143170713776068,0.0000000000000000)
   1.5707963267948966        0.0000000000000000     
        (0.99999999999987177,2.20323759236862290E-013)
   3.1415926535897931        0.0000000000000000     
        (0.28568292862265421,5.86626872468116489E-029)
   1.0000000000000000                1           4
               (0.0000000000000000,0.0000000000000000)
  -1.5707963267948966        0.0000000000000000     
        (1.0000000000000819,-1.58428825614009838E-013)
   0.0000000000000000        0.0000000000000000     
               (1.7223331019949097,0.0000000000000000)
   1.5707963267948966        0.0000000000000000     
         (1.0000000000000819,1.58428825614009838E-013)
   3.1415926535897931        0.0000000000000000     
       (0.27766689800492828,-5.38196984410732907E-031)
   1.0000000000000000                1           4
               (0.0000000000000000,0.0000000000000000)
  -1.5707963267948966        0.0000000000000000     
         (1.0000000000000187,1.46604950401751921E-013)
   0.0000000000000000        0.0000000000000000     
               (1.7223544215020257,0.0000000000000000)
   1.5707963267948966        0.0000000000000000     
        (1.0000000000000187,-1.46604950401751921E-013)
   3.1415926535897931        0.0000000000000000     
       (0.27764557849795463,-2.14599231551987342E-029)
   1.0000000000000000                1           4
               (0.0000000000000000,0.0000000000000000)
  -1.5707963267948966        0.0000000000000000     
        (0.99999999999998002,2.06390460277816601E-013)
   0.0000000000000000        0.0000000000000000     
               (1.7270095385464055,0.0000000000000000)
   1.5707963267948966        0.0000000000000000     
       (0.99999999999998002,-2.06390460277816601E-013)
   3.1415926535897931        0.0000000000000000     
       (0.27299046145367373,-1.79793812652411100E-029)
   1.0000000000000000                1           4
               (0.0000000000000000,0.0000000000000000)
  -1.5707963267948966        0.0000000000000000     
        (0.99999999999995004,2.75668377014426369E-013)
   0.0000000000000000        0.0000000000000000     
               (1.7318704585595996,0.0000000000000000)
   1.5707963267948966        0.0000000000000000     
       (0.99999999999995004,-2.75668377014426369E-013)
   3.1415926535897931        0.0000000000000000     
       (0.26812954144051893,-2.03936584250505632E-029)
   1.0000000000000000                1           4
               (0.0000000000000000,0.0000000000000000)
  -1.5707963267948966        0.0000000000000000     
       (0.99999999999996969,-9.70334923522386816E-014)
   0.0000000000000000        0.0000000000000000     
               (1.7129238961785243,0.0000000000000000)
   1.5707963267948966        0.0000000000000000     
        (0.99999999999996969,9.70334923522386816E-014)
   3.1415926535897931        0.0000000000000000     
        (0.28707610382154786,2.00207160969860231E-029)
   1.0000000000000000                1           4
               (0.0000000000000000,0.0000000000000000)
  -1.5707963267948966        0.0000000000000000     
        (1.0000000000001659,-2.80331313717852216E-014)
   0.0000000000000000        0.0000000000000000     
               (1.7245324278627339,0.0000000000000000)
   1.5707963267948966        0.0000000000000000     
         (1.0000000000001659,2.80331313717852216E-014)
   3.1415926535897931        0.0000000000000000     
       (0.27546757213694156,-3.67733640522750919E-029)
   1.0000000000000000                1           4
               (0.0000000000000000,0.0000000000000000)
  -1.5707963267948966        0.0000000000000000     
         (1.0000000000000775,2.27040608535844418E-014)
   0.0000000000000000        0.0000000000000000     
               (1.7261134192973382,0.0000000000000000)
   1.5707963267948966        0.0000000000000000     
        (1.0000000000000775,-2.27040608535844418E-014)
   3.1415926535897931        0.0000000000000000     
       (0.27388658070251859,-2.10364765424042399E-029)
   1.0000000000000000                1           4
               (0.0000000000000000,0.0000000000000000)
  -1.5707963267948966        0.0000000000000000     
        (1.0000000000000067,-3.31401572850609227E-014)
   0.0000000000000000        0.0000000000000000     
               (1.7405417200080155,0.0000000000000000)
   1.5707963267948966        0.0000000000000000     
         (1.0000000000000067,3.31401572850609227E-014)
   3.1415926535897931        0.0000000000000000     
        (0.25945827999196835,2.24643255234798953E-030)
   1.0000000000000000                1           4
               (0.0000000000000000,0.0000000000000000)
  -1.5707963267948966        0.0000000000000000     
        (1.0000000000000751,-7.11097847272412890E-014)
   0.0000000000000000        0.0000000000000000     
               (1.7357623301444258,0.0000000000000000)
   1.5707963267948966        0.0000000000000000     
         (1.0000000000000751,7.11097847272412890E-014)
   3.1415926535897931        0.0000000000000000     
       (0.26423766985543296,-9.14924791126927255E-030)
   1.0000000000000000                1           4
               (0.0000000000000000,0.0000000000000000)
  -1.5707963267948966        0.0000000000000000     
        (1.0000000000007425,-1.92623694772464761E-013)
   0.0000000000000000        0.0000000000000000     
               (1.7289975180795960,0.0000000000000000)
   1.5707963267948966        0.0000000000000000     
         (1.0000000000007425,1.92623694772464761E-013)
   3.1415926535897931        0.0000000000000000     
       (0.27100248191891602,-1.58465662006769544E-028)
   1.0000000000000000                1           4
               (0.0000000000000000,0.0000000000000000)
  -1.5707963267948966        0.0000000000000000     
         (1.0000000000000941,1.24344978758017406E-014)
   0.0000000000000000        0.0000000000000000     
               (1.7162985573491667,0.0000000000000000)
   1.5707963267948966        0.0000000000000000     
        (1.0000000000000941,-1.24344978758017406E-014)
   3.1415926535897931        0.0000000000000000     
       (0.28370144265061409,-2.64663104132772874E-029)
   1.0000000000000000                1           4
               (0.0000000000000000,0.0000000000000000)
  -1.5707963267948966        0.0000000000000000     
       (0.99999999999998401,-2.45914399954472142E-014)
   0.0000000000000000        0.0000000000000000     
               (1.7191940408910387,0.0000000000000000)
   1.5707963267948966        0.0000000000000000     
        (0.99999999999998401,2.45914399954472142E-014)
   3.1415926535897931        0.0000000000000000     
        (0.28080595910901185,8.06506609140579286E-030)
   1.0000000000000000                1           4
               (0.0000000000000000,0.0000000000000000)
  -1.5707963267948966        0.0000000000000000     
        (0.99999999999997424,1.67643676718398669E-014)
   0.0000000000000000        0.0000000000000000     
               (1.7400466604389686,0.0000000000000000)
   1.5707963267948966        0.0000000000000000     
       (0.99999999999997424,-1.67643676718398669E-014)
   3.1415926535897931        0.0000000000000000     
        (0.25995333956110961,5.88109719463918904E-030)
   1.0000000000000000                1           4
               (0.0000000000000000,0.0000000000000000)
  -1.5707963267948966        0.0000000000000000     
        (1.0000000000002278,-2.06501482580279142E-013)
   0.0000000000000000        0.0000000000000000     
               (1.7303716133760818,0.0000000000000000)
   1.5707963267948966        0.0000000000000000     
         (1.0000000000002278,2.06501482580279142E-013)
   3.1415926535897931        0.0000000000000000     
       (0.26962838662350708,-2.77725949738944893E-029)
   1.0000000000000000                1           4
               (0.0000000000000000,0.0000000000000000)
  -1.5707963267948966        0.0000000000000000     
       (0.99999999999993916,-2.86437540353290324E-014)
   0.0000000000000000        0.0000000000000000     
               (1.7444577621914799,0.0000000000000000)
   1.5707963267948966        0.0000000000000000     
        (0.99999999999993916,2.86437540353290324E-014)
   3.1415926535897931        0.0000000000000000     
        (0.25554223780862967,1.76684415912193110E-029)
   1.0000000000000000                1           4
               (0.0000000000000000,0.0000000000000000)
  -1.5707963267948966        0.0000000000000000     
       (0.99999999999862188,-1.41819889165617476E-012)
   0.0000000000000000        0.0000000000000000     
               (1.7253174206686832,0.0000000000000000)
   1.5707963267948966        0.0000000000000000     
        (0.99999999999862188,1.41819889165617476E-012)
   3.1415926535897931        0.0000000000000000     
        (0.27468257933411400,5.13729245479921714E-028)
   1.0000000000000000                1           4
               (0.0000000000000000,0.0000000000000000)
  -1.5707963267948966        0.0000000000000000     
        (0.99999999999997302,2.99760216648792266E-013)
   0.0000000000000000        0.0000000000000000     
               (1.7172229312515710,0.0000000000000000)
   1.5707963267948966        0.0000000000000000     
       (0.99999999999997302,-2.99760216648792266E-013)
   3.1415926535897931        0.0000000000000000     
       (0.28277706874848579,-2.99404677040750002E-029)
   1.0000000000000000                1           4
               (0.0000000000000000,0.0000000000000000)
  -1.5707963267948966        0.0000000000000000     
       (0.99999999999997846,-1.53876911213046697E-013)
   0.0000000000000000        0.0000000000000000     
               (1.7094917216855761,0.0000000000000000)
   1.5707963267948966        0.0000000000000000     
        (0.99999999999997846,1.53876911213046697E-013)
   3.1415926535897931        0.0000000000000000     
        (0.29050827831447412,2.45501695130386809E-029)
   1.0000000000000000                1           4
               (0.0000000000000000,0.0000000000000000)
  -1.5707963267948966        0.0000000000000000     
         (1.0000000000000544,1.58983937126322417E-013)
   0.0000000000000000        0.0000000000000000     
               (1.7226513381072988,0.0000000000000000)
   1.5707963267948966        0.0000000000000000     
        (1.0000000000000544,-1.58983937126322417E-013)
   3.1415926535897931        0.0000000000000000     
       (0.27734866189261459,-3.14649658841794452E-029)
   1.0000000000000000                1           4
               (0.0000000000000000,0.0000000000000000)
  -1.5707963267948966        0.0000000000000000     
         (1.0000000000000724,3.32511795875234321E-014)
   0.0000000000000000        0.0000000000000000     
               (1.7183301987342943,0.0000000000000000)
   1.5707963267948966        0.0000000000000000     
        (1.0000000000000724,-3.32511795875234321E-014)
   3.1415926535897931        0.0000000000000000     
       (0.28166980126558061,-2.05881549962268866E-029)
   1.0000000000000000                1           4
               (0.0000000000000000,0.0000000000000000)
  -1.5707963267948966        0.0000000000000000     
        (1.0000000000000235,-3.76365605347928130E-014)
   0.0000000000000000        0.0000000000000000     
               (1.7152313638934724,0.0000000000000000)
   1.5707963267948966        0.0000000000000000     
         (1.0000000000000235,3.76365605347928130E-014)
   3.1415926535897931        0.0000000000000000     
       (0.28476863610643410,-4.01602578948716836E-030)
   1.0000000000000000                1           4
               (0.0000000000000000,0.0000000000000000)
  -1.5707963267948966        0.0000000000000000     
         (1.0000000000000768,1.75415237890774639E-014)
   0.0000000000000000        0.0000000000000000     
               (1.7343049155799235,0.0000000000000000)
   1.5707963267948966        0.0000000000000000     
        (1.0000000000000768,-1.75415237890774639E-014)
   3.1415926535897931        0.0000000000000000     
       (0.26569508441992723,-2.07014812448075458E-029)
   1.0000000000000000                1           4
               (0.0000000000000000,0.0000000000000000)
  -1.5707963267948966        0.0000000000000000     
        (1.0000000000000269,-3.12527781431981566E-013)
   0.0000000000000000        0.0000000000000000     
               (1.7273098707283692,0.0000000000000000)
   1.5707963267948966        0.0000000000000000     
         (1.0000000000000269,3.12527781431981566E-013)
   3.1415926535897931        0.0000000000000000     
        (0.27269012927157471,3.15557781906764019E-029)
   1.0000000000000000                1           4
               (0.0000000000000000,0.0000000000000000)
  -1.5707963267948966        0.0000000000000000     
        (0.99999999999996980,1.47659662275145851E-014)
   0.0000000000000000        0.0000000000000000     
               (1.7244953581393909,0.0000000000000000)
   1.5707963267948966        0.0000000000000000     
       (0.99999999999996980,-1.47659662275145851E-014)
   3.1415926535897931        0.0000000000000000     
        (0.27550464186068735,6.68071462624809030E-030)
   1.0000000000000000                1           4
               (0.0000000000000000,0.0000000000000000)
  -1.5707963267948966        0.0000000000000000     
        (0.99999999999994982,1.36002320516581755E-014)
   0.0000000000000000        0.0000000000000000     
               (1.7144180928805062,0.0000000000000000)
   1.5707963267948966        0.0000000000000000     
       (0.99999999999994982,-1.36002320516581755E-014)
   3.1415926535897931        0.0000000000000000     
        (0.28558190711965820,1.45355848605100034E-029)
   1.0000000000000000                1           4
               (0.0000000000000000,0.0000000000000000)
  -1.5707963267948966        0.0000000000000000     
         (1.0000000000001068,6.39488462184090041E-014)
   0.0000000000000000        0.0000000000000000     
               (1.7337020065109450,0.0000000000000000)
   1.5707963267948966        0.0000000000000000     
        (1.0000000000001068,-6.39488462184090041E-014)
   3.1415926535897931        0.0000000000000000     
       (0.26629799348874672,-3.98033411246588178E-029)
   1.0000000000000000                1           4
               (0.0000000000000000,0.0000000000000000)
  -1.5707963267948966        0.0000000000000000     
        (0.99999999999997602,6.60027588139655563E-014)
   0.0000000000000000        0.0000000000000000     
               (1.7267593699303991,0.0000000000000000)
   1.5707963267948966        0.0000000000000000     
       (0.99999999999997602,-6.60027588139655563E-014)
   3.1415926535897931        0.0000000000000000     
       (0.27324063006967364,-6.94299055936096564E-031)
   1.0000000000000000                1           4
               (0.0000000000000000,0.0000000000000000)
  -1.5707963267948966        0.0000000000000000     
        (1.0000000000000007,-6.13953332617711567E-014)
   0.0000000000000000        0.0000000000000000     
               (1.7141402097376439,0.0000000000000000)
   1.5707963267948966        0.0000000000000000     
         (1.0000000000000007,6.13953332617711567E-014)
   3.1415926535897931        0.0000000000000000     
        (0.28585979026237340,8.47852980020337361E-030)
   1.0000000000000000                1           4
               (0.0000000000000000,0.0000000000000000)
  -1.5707963267948966        0.0000000000000000     
         (1.0000000000000877,5.81201753391269323E-014)
   0.0000000000000000        0.0000000000000000     
               (1.7301022585019952,0.0000000000000000)
   1.5707963267948966        0.0000000000000000     
        (1.0000000000000877,-5.81201753391269323E-014)
   3.1415926535897931        0.0000000000000000     
       (0.26989774149783446,-2.83010125770223187E-029)
   1.0000000000000000                1           4
               (0.0000000000000000,0.0000000000000000)
  -1.5707963267948966        0.0000000000000000     
        (1.0000000000001066,-6.66133814775094050E-014)
   0.0000000000000000        0.0000000000000000     
               (1.7288940881960118,0.0000000000000000)
   1.5707963267948966        0.0000000000000000     
         (1.0000000000001066,6.66133814775094050E-014)
   3.1415926535897931        0.0000000000000000     
       (0.27110591180378402,-1.74028556461730079E-029)
   1.0000000000000000                1           4
               (0.0000000000000000,0.0000000000000000)
  -1.5707963267948966        0.0000000000000000     
        (1.0000000000000471,-1.41386902186013685E-013)
   0.0000000000000000        0.0000000000000000     
               (1.7173114862515702,0.0000000000000000)
   1.5707963267948966        0.0000000000000000     
         (1.0000000000000471,1.41386902186013685E-013)
   3.1415926535897931        0.0000000000000000     
        (0.28268851374833653,5.83816590899635737E-030)
   1.0000000000000000                1           4
               (0.0000000000000000,0.0000000000000000)
  -1.5707963267948966        0.0000000000000000     
        (1.0000000000002567,-4.87776485869062526E-013)
   0.0000000000000000        0.0000000000000000     
               (1.7147782386099433,0.0000000000000000)
   1.5707963267948966        0.0000000000000000     
         (1.0000000000002567,4.87776485869062526E-013)
   3.1415926535897931        0.0000000000000000     
       (0.28522176138957356,-1.26413240923609301E-030)
   1.0000000000000000                1           4
               (0.0000000000000000,0.0000000000000000)
  -1.5707963267948966        0.0000000000000000     
         (1.0000000000000677,9.70890035034699268E-014)
   0.0000000000000000        0.0000000000000000     
               (1.7249802459265799,0.0000000000000000)
   1.5707963267948966        0.0000000000000000     
        (1.0000000000000677,-9.70890035034699268E-014)
   3.1415926535897931        0.0000000000000000     
       (0.27501975407332629,-2.59196722102753103E-029)
   1.0000000000000000                1           4
               (0.0000000000000000,0.0000000000000000)
  -1.5707963267948966        0.0000000000000000     
         (1.0000000000000389,1.20070620113210680E-013)
   0.0000000000000000        0.0000000000000000     
               (1.7043166377325516,0.0000000000000000)
   1.5707963267948966        0.0000000000000000     
        (1.0000000000000389,-1.20070620113210680E-013)
   3.1415926535897931        0.0000000000000000     
       (0.29568336226739994,-2.24533396660152827E-029)
   1.0000000000000000                1           4
               (0.0000000000000000,0.0000000000000000)
  -1.5707963267948966        0.0000000000000000     
        (0.99999999999999734,3.54161144855424936E-014)
   0.0000000000000000        0.0000000000000000     
               (1.7214847109781395,0.0000000000000000)
   1.5707963267948966        0.0000000000000000     
       (0.99999999999999734,-3.54161144855424936E-014)
   3.1415926535897931        0.0000000000000000     
       (0.27851528902190309,-1.40849626347988738E-030)
   1.0000000000000000                1           4
               (0.0000000000000000,0.0000000000000000)
  -1.5707963267948966        0.0000000000000000     
         (1.0000000000000135,1.24178445304323759E-013)
   0.0000000000000000        0.0000000000000000     
               (1.7292651450186165,0.0000000000000000)
   1.5707963267948966        0.0000000000000000     
        (1.0000000000000135,-1.24178445304323759E-013)
   3.1415926535897931        0.0000000000000000     
       (0.27073485498135907,-1.83666713152496861E-029)
   1.0000000000000000                1           4
               (0.0000000000000000,0.0000000000000000)
  -1.5707963267948966        0.0000000000000000     
       (0.99999999999981348,-1.13908882326541036E-013)
   0.0000000000000000        0.0000000000000000     
               (1.7356441529662752,0.0000000000000000)
   1.5707963267948966        0.0000000000000000     
        (0.99999999999981348,1.13908882326541036E-013)
   3.1415926535897931        0.0000000000000000     
        (0.26435584703410853,6.02719049420333896E-029)
   1.0000000000000000                1           4
               (0.0000000000000000,0.0000000000000000)
  -1.5707963267948966        0.0000000000000000     
        (1.0000000000001517,-6.94999613415348121E-014)
   0.0000000000000000        0.0000000000000000     
               (1.7064827409904098,0.0000000000000000)
   1.5707963267948966        0.0000000000000000     
         (1.0000000000001517,6.94999613415348121E-014)
   3.1415926535897931        0.0000000000000000     
       (0.29351725900928982,-2.84749167454442401E-029)
   1.0000000000000000                1           4
               (0.0000000000000000,0.0000000000000000)
  -1.5707963267948966        0.0000000000000000     
       (0.99999999999998346,-1.00641717182270440E-013)
   0.0000000000000000        0.0000000000000000     
               (1.7154263410196453,0.0000000000000000)
   1.5707963267948966        0.0000000000000000     
        (0.99999999999998346,1.00641717182270440E-013)
   3.1415926535897931        0.0000000000000000     
        (0.28457365898039821,1.70246017271382844E-029)
   1.0000000000000000                1           4
               (0.0000000000000000,0.0000000000000000)
  -1.5707963267948966        0.0000000000000000     
       (0.99999999999992029,-2.04725125740878866E-013)
   0.0000000000000000        0.0000000000000000     
               (1.7280584055470574,0.0000000000000000)
   1.5707963267948966        0.0000000000000000     
        (0.99999999999992029,2.04725125740878866E-013)
   3.1415926535897931        0.0000000000000000     
        (0.27194159445308275,4.33925436561565664E-029)
   1.0000000000000000                1           4
               (0.0000000000000000,0.0000000000000000)
  -1.5707963267948966        0.0000000000000000     
        (0.99999999999994937,2.31481500634345202E-014)
   0.0000000000000000        0.0000000000000000     
               (1.7302441531151069,0.0000000000000000)
   1.5707963267948966        0.0000000000000000     
       (0.99999999999994937,-2.31481500634345202E-014)
   3.1415926535897931        0.0000000000000000     
        (0.26975584688498688,9.10551066500794368E-030)
   1.0000000000000000                1           4
               (0.0000000000000000,0.0000000000000000)
  -1.5707963267948966        0.0000000000000000     
        (0.99999999999961808,1.39888101102769775E-013)
   0.0000000000000000        0.0000000000000000     
               (1.7291937777662980,0.0000000000000000)
   1.5707963267948966        0.0000000000000000     
       (0.99999999999961808,-1.39888101102769775E-013)
   3.1415926535897931        0.0000000000000000     
        (0.27080622223438372,7.13818487077260354E-029)
   1.0000000000000000                1           4
               (0.0000000000000000,0.0000000000000000)
  -1.5707963267948966        0.0000000000000000     
       (0.99999999999998657,-4.55746551608626760E-014)
   0.0000000000000000        0.0000000000000000     
               (1.7233632325920538,0.0000000000000000)
   1.5707963267948966        0.0000000000000000     
        (0.99999999999998657,4.55746551608626760E-014)
   3.1415926535897931        0.0000000000000000     
        (0.27663676740799670,1.03296090719991961E-029)
   1.0000000000000000                1           4
               (0.0000000000000000,0.0000000000000000)
  -1.5707963267948966        0.0000000000000000     
        (0.99999999999995959,2.69784194983913039E-013)
   0.0000000000000000        0.0000000000000000     
               (1.7243637471668227,0.0000000000000000)
   1.5707963267948966        0.0000000000000000     
       (0.99999999999995959,-2.69784194983913039E-013)
   3.1415926535897931        0.0000000000000000     
       (0.27563625283328030,-2.17842741501303898E-029)
   1.0000000000000000                1           4
               (0.0000000000000000,0.0000000000000000)
  -1.5707963267948966        0.0000000000000000     
        (1.0000000000000133,-1.45050638167276702E-013)
   0.0000000000000000        0.0000000000000000     
               (1.7275896119709337,0.0000000000000000)
   1.5707963267948966        0.0000000000000000     
         (1.0000000000000133,1.45050638167276702E-013)
   3.1415926535897931        0.0000000000000000     
        (0.27241038802904777,1.50127441124174969E-029)
   1.0000000000000000                1           4
               (0.0000000000000000,0.0000000000000000)
  -1.5707963267948966        0.0000000000000000     
        (1.0000000000000571,-6.41708908233340607E-014)
   0.0000000000000000        0.0000000000000000     
               (1.7340416072971121,0.0000000000000000)
   1.5707963267948966        0.0000000000000000     
         (1.0000000000000571,6.41708908233340607E-014)
   3.1415926535897931        0.0000000000000000     
       (0.26595839270277560,-5.99574594855694880E-030)
   1.0000000000000000                1           4
               (0.0000000000000000,0.0000000000000000)
  -1.5707963267948966        0.0000000000000000     
       (0.99999999999997191,-3.71369601737114863E-013)
   0.0000000000000000        0.0000000000000000     
               (1.7349184137975404,0.0000000000000000)
   1.5707963267948966        0.0000000000000000     
        (0.99999999999997191,3.71369601737114863E-013)
   3.1415926535897931        0.0000000000000000     
        (0.26508158620252642,5.30151197834958870E-029)
   1.0000000000000000                1           4
               (0.0000000000000000,0.0000000000000000)
  -1.5707963267948966        0.0000000000000000     
         (1.0000000000003046,8.17679257636427413E-014)
   0.0000000000000000        0.0000000000000000     
               (1.7183070683594948,0.0000000000000000)
   1.5707963267948966        0.0000000000000000     
        (1.0000000000003046,-8.17679257636427413E-014)
   3.1415926535897931        0.0000000000000000     
       (0.28169293163993397,-8.23187453011834559E-029)
   1.0000000000000000                1           4
               (0.0000000000000000,0.0000000000000000)
  -1.5707963267948966        0.0000000000000000     
       (0.99999999999994382,-2.96429547574916733E-014)
   0.0000000000000000        0.0000000000000000     
               (1.7256624322566771,0.0000000000000000)
   1.5707963267948966        0.0000000000000000     
        (0.99999999999994382,2.96429547574916733E-014)
   3.1415926535897931        0.0000000000000000     
        (0.27433756774343715,1.75067405412909783E-029)
   1.0000000000000000                1           4
               (0.0000000000000000,0.0000000000000000)
  -1.5707963267948966        0.0000000000000000     
        (0.99999999999999034,3.27515792264421337E-015)
   0.0000000000000000        0.0000000000000000     
               (1.7281381142184067,0.0000000000000000)
   1.5707963267948966        0.0000000000000000     
       (0.99999999999999034,-3.27515792264421337E-015)
   3.1415926535897931        0.0000000000000000     
        (0.27186188578162940,2.99737329061164788E-030)
   1.0000000000000000                1           4
               (0.0000000000000000,0.0000000000000000)
  -1.5707963267948966        0.0000000000000000     
         (1.0000000000000480,2.77555756156282972E-016)
   0.0000000000000000        0.0000000000000000     
               (1.7299185018485710,0.0000000000000000)
   1.5707963267948966        0.0000000000000000     
        (1.0000000000000480,-2.77555756156282972E-016)
   3.1415926535897931        0.0000000000000000     
       (0.27008149815132415,-1.23283532243289536E-029)
   1.0000000000000000                1           4
               (0.0000000000000000,0.0000000000000000)
  -1.5707963267948966        0.0000000000000000     
        (0.99999999999998224,8.11573031000989431E-014)
   0.0000000000000000        0.0000000000000000     
               (1.7253683212665509,0.0000000000000000)
   1.5707963267948966        0.0000000000000000     
       (0.99999999999998224,-8.11573031000989431E-014)
   3.1415926535897931        0.0000000000000000     
       (0.27463167873343847,-8.42545048054586869E-030)
   1.0000000000000000                1           4
               (0.0000000000000000,0.0000000000000000)
  -1.5707963267948966        0.0000000000000000     
       (0.99999999999997180,-3.61377594515488391E-014)
   0.0000000000000000        0.0000000000000000     
               (1.7223926105785268,0.0000000000000000)
   1.5707963267948966        0.0000000000000000     
        (0.99999999999997180,3.61377594515488391E-014)
   3.1415926535897931        0.0000000000000000     
        (0.27760738942153845,1.18705678384823770E-029)
   1.0000000000000000                1           4
               (0.0000000000000000,0.0000000000000000)
  -1.5707963267948966        0.0000000000000000     
        (0.99999999999990241,1.30839783452074724E-013)
   0.0000000000000000        0.0000000000000000     
               (1.7191630934156810,0.0000000000000000)
   1.5707963267948966        0.0000000000000000     
       (0.99999999999990241,-1.30839783452074724E-013)
   3.1415926535897931        0.0000000000000000     
        (0.28083690658453792,9.33849038460245094E-030)
   1.0000000000000000                1           4
               (0.0000000000000000,0.0000000000000000)
  -1.5707963267948966        0.0000000000000000     
        (0.99999999999994404,9.43689570931383690E-015)
   0.0000000000000000        0.0000000000000000     
               (1.7240420580706657,0.0000000000000000)
   1.5707963267948966        0.0000000000000000     
       (0.99999999999994404,-9.43689570931383690E-015)
   3.1415926535897931        0.0000000000000000     
        (0.27595794192943124,1.16410163602539660E-029)
   1.0000000000000000                1           4
               (0.0000000000000000,0.0000000000000000)
  -1.5707963267948966        0.0000000000000000     
        (1.0000000000000424,-9.76996261670137756E-014)
   0.0000000000000000        0.0000000000000000     
               (1.7373510609139722,0.0000000000000000)
   1.5707963267948966        0.0000000000000000     
         (1.0000000000000424,9.76996261670137756E-014)
   3.1415926535897931        0.0000000000000000     
        (0.26264893908595455,2.28482211739066750E-030)
   1.0000000000000000                1           4
               (0.0000000000000000,0.0000000000000000)
  -1.5707963267948966        0.0000000000000000     
         (1.0000000000000364,3.83582055007991522E-014)
   0.0000000000000000        0.0000000000000000     
               (1.7298387826652031,0.0000000000000000)
   1.5707963267948966        0.0000000000000000     
        (1.0000000000000364,-3.83582055007991522E-014)
   3.1415926535897931        0.0000000000000000     
       (0.27016121733472509,-1.35628632719224651E-029)
   1.0000000000000000                1           4
               (0.0000000000000000,0.0000000000000000)
  -1.5707963267948966        0.0000000000000000     
        (0.99999999999992717,2.30482299912182498E-013)
   0.0000000000000000        0.0000000000000000     
               (1.7346795348460491,0.0000000000000000)
   1.5707963267948966        0.0000000000000000     
       (0.99999999999992717,-2.30482299912182498E-013)
   3.1415926535897931        0.0000000000000000     
       (0.26532046515410806,-9.68839175203805067E-030)
   1.0000000000000000                1           4
               (0.0000000000000000,0.0000000000000000)
  -1.5707963267948966        0.0000000000000000     
        (1.0000000000000331,-4.45754544387000414E-014)
   0.0000000000000000        0.0000000000000000     
               (1.7304777395108188,0.0000000000000000)
   1.5707963267948966        0.0000000000000000     
         (1.0000000000000331,4.45754544387000414E-014)
   3.1415926535897931        0.0000000000000000     
       (0.26952226048913919,-1.16650754649973571E-030)
   1.0000000000000000                1           4
               (0.0000000000000000,0.0000000000000000)
  -1.5707963267948966        0.0000000000000000     
       (0.99999999999990197,-5.77315972805080139E-015)
   0.0000000000000000        0.0000000000000000     
               (1.7170516257684774,0.0000000000000000)
   1.5707963267948966        0.0000000000000000     
        (0.99999999999990197,5.77315972805080139E-015)
   3.1415926535897931        0.0000000000000000     
        (0.28294837423172919,2.53695747514978767E-029)
   1.0000000000000000                1           4
               (0.0000000000000000,0.0000000000000000)
  -1.5707963267948966        0.0000000000000000     
        (0.99999999999978384,4.09672296086683016E-014)
   0.0000000000000000        0.0000000000000000     
               (1.7179411487871639,0.0000000000000000)
   1.5707963267948966        0.0000000000000000     
       (0.99999999999978384,-4.09672296086683016E-014)
   3.1415926535897931        0.0000000000000000     
        (0.28205885121330820,5.03673528890488208E-029)
   1.0000000000000000                1           4
               (0.0000000000000000,0.0000000000000000)
  -1.5707963267948966        0.0000000000000000     
        (1.0000000000000673,-2.70283795344994360E-013)
   0.0000000000000000        0.0000000000000000     
               (1.7166544771694896,0.0000000000000000)
   1.5707963267948966        0.0000000000000000     
         (1.0000000000000673,2.70283795344994360E-013)
   3.1415926535897931        0.0000000000000000     
        (0.28334552283035608,1.54035909241913329E-029)
   1.0000000000000000                1           4
               (0.0000000000000000,0.0000000000000000)
  -1.5707963267948966        0.0000000000000000     
       (0.99999999999998712,-4.19109191795996594E-014)
   0.0000000000000000        0.0000000000000000     
               (1.7193274235687823,0.0000000000000000)
   1.5707963267948966        0.0000000000000000     
        (0.99999999999998712,4.19109191795996594E-014)
   3.1415926535897931        0.0000000000000000     
        (0.28067257643128335,1.07247931235774346E-029)
   1.0000000000000000                1           4
               (0.0000000000000000,0.0000000000000000)
  -1.5707963267948966        0.0000000000000000     
        (1.0000000000001283,-1.85962356624713878E-014)
   0.0000000000000000        0.0000000000000000     
               (1.7303052012667868,0.0000000000000000)
   1.5707963267948966        0.0000000000000000     
         (1.0000000000001283,1.85962356624713878E-014)
   3.1415926535897931        0.0000000000000000     
       (0.26969479873295832,-2.90398463707222821E-029)
   1.0000000000000000                1           4
               (0.0000000000000000,0.0000000000000000)
  -1.5707963267948966        0.0000000000000000     
       (0.99999999999996358,-1.76525460915399827E-014)
   0.0000000000000000        0.0000000000000000     
               (1.7121006488566777,0.0000000000000000)
   1.5707963267948966        0.0000000000000000     
        (0.99999999999996358,1.76525460915399827E-014)
   3.1415926535897931        0.0000000000000000     
        (0.28789935114343684,1.36382737118128630E-029)
   1.0000000000000000                1           4
               (0.0000000000000000,0.0000000000000000)
  -1.5707963267948966        0.0000000000000000     
        (0.99999999999985567,5.12923037376822511E-014)
   0.0000000000000000        0.0000000000000000     
               (1.7211977185728282,0.0000000000000000)
   1.5707963267948966        0.0000000000000000     
       (0.99999999999985567,-5.12923037376822511E-014)
   3.1415926535897931        0.0000000000000000     
        (0.27880228142746316,2.92404072277044828E-029)
   1.0000000000000000                1           4
               (0.0000000000000000,0.0000000000000000)
  -1.5707963267948966        0.0000000000000000     
       (0.99999999999996447,-1.73860925656299514E-013)
   0.0000000000000000        0.0000000000000000     
               (1.7239263490768242,0.0000000000000000)
   1.5707963267948966        0.0000000000000000     
        (0.99999999999996447,1.73860925656299514E-013)
   3.1415926535897931        0.0000000000000000     
        (0.27607365092325314,3.03873797192656935E-029)
   1.0000000000000000                1           4
               (0.0000000000000000,0.0000000000000000)
  -1.5707963267948966        0.0000000000000000     
         (1.0000000000000664,1.94622096216789942E-013)
   0.0000000000000000        0.0000000000000000     
               (1.7263503979867167,0.0000000000000000)
   1.5707963267948966        0.0000000000000000     
        (1.0000000000000664,-1.94622096216789942E-013)
   3.1415926535897931        0.0000000000000000     
       (0.27364960201317168,-3.87947223549320593E-029)
   1.0000000000000000                1           4
               (0.0000000000000000,0.0000000000000000)
  -1.5707963267948966        0.0000000000000000     
       (0.99999999999998335,-3.07809333577324651E-013)
   0.0000000000000000        0.0000000000000000     
               (1.7250328545302542,0.0000000000000000)
   1.5707963267948966        0.0000000000000000     
        (0.99999999999998335,3.07809333577324651E-013)
   3.1415926535897931        0.0000000000000000     
        (0.27496714546980050,4.30920385954906036E-029)
   1.0000000000000000                1           4
               (0.0000000000000000,0.0000000000000000)
  -1.5707963267948966        0.0000000000000000     
        (1.0000000000000107,-6.01185767834522267E-014)
   0.0000000000000000        0.0000000000000000     
               (1.7278811767930080,0.0000000000000000)
   1.5707963267948966        0.0000000000000000     
         (1.0000000000000107,6.01185767834522267E-014)
   3.1415926535897931        0.0000000000000000     
        (0.27211882320699909,6.50062877530176793E-030)
   1.0000000000000000                1           4
               (0.0000000000000000,0.0000000000000000)
  -1.5707963267948966        0.0000000000000000     
        (0.99999999999988520,1.21513910045223409E-013)
   0.0000000000000000        0.0000000000000000     
               (1.7271588891421441,0.0000000000000000)
   1.5707963267948966        0.0000000000000000     
       (0.99999999999988520,-1.21513910045223409E-013)
   3.1415926535897931        0.0000000000000000     
        (0.27284111085807283,1.24539943659722685E-029)
   1.0000000000000000                1           4
               (0.0000000000000000,0.0000000000000000)
  -1.5707963267948966        0.0000000000000000     
        (0.99999999999992040,2.18713935851155933E-014)
   0.0000000000000000        0.0000000000000000     
               (1.7406969256846019,0.0000000000000000)
   1.5707963267948966        0.0000000000000000     
       (0.99999999999992040,-2.18713935851155933E-014)
   3.1415926535897931        0.0000000000000000     
        (0.25930307431556326,1.71936988234395676E-029)
   1.0000000000000000                1           4
               (0.0000000000000000,0.0000000000000000)
  -1.5707963267948966        0.0000000000000000     
        (1.0000000000001945,-1.62425628502660427E-013)
   0.0000000000000000        0.0000000000000000     
               (1.7398053541436613,0.0000000000000000)
   1.5707963267948966        0.0000000000000000     
         (1.0000000000001945,1.62425628502660427E-013)
   3.1415926535897931        0.0000000000000000     
       (0.26019464585597196,-2.63861105022571517E-029)
   1.0000000000000000                1           4
               (0.0000000000000000,0.0000000000000000)
  -1.5707963267948966        0.0000000000000000     
         (1.0000000000001770,5.55666623824890659E-014)
   0.0000000000000000        0.0000000000000000     
               (1.7182708760045986,0.0000000000000000)
   1.5707963267948966        0.0000000000000000     
        (1.0000000000001770,-5.55666623824890659E-014)
   3.1415926535897931        0.0000000000000000     
       (0.28172912399508226,-4.80144655649755022E-029)
   1.0000000000000000                1           4
               (0.0000000000000000,0.0000000000000000)
  -1.5707963267948966        0.0000000000000000     
        (0.99999999999988798,1.50712775592865026E-013)
   0.0000000000000000        0.0000000000000000     
               (1.7238320655564161,0.0000000000000000)
   1.5707963267948966        0.0000000000000000     
       (0.99999999999988798,-1.50712775592865026E-013)
   3.1415926535897931        0.0000000000000000     
        (0.27616793444384802,1.14326177186297657E-029)
   1.0000000000000000                1           4
               (0.0000000000000000,0.0000000000000000)
  -1.5707963267948966        0.0000000000000000     
         (1.0000000000000817,7.13318293321662951E-014)
   0.0000000000000000        0.0000000000000000     
               (1.7315091956451920,0.0000000000000000)
   1.5707963267948966        0.0000000000000000     
        (1.0000000000000817,-7.13318293321662951E-014)
   3.1415926535897931        0.0000000000000000     
       (0.26849080435464895,-2.84694815049942041E-029)
   1.0000000000000000                1           4
               (0.0000000000000000,0.0000000000000000)
  -1.5707963267948966        0.0000000000000000     
        (1.0000000000002205,-1.82243109492219471E-013)
   0.0000000000000000        0.0000000000000000     
               (1.7208701292017055,0.0000000000000000)
   1.5707963267948966        0.0000000000000000     
         (1.0000000000002205,1.82243109492219471E-013)
   3.1415926535897931        0.0000000000000000     
       (0.27912987079786417,-3.10394755960689797E-029)
   1.0000000000000000                1           4
               (0.0000000000000000,0.0000000000000000)
  -1.5707963267948966        0.0000000000000000     
       (0.99999999999987677,-2.13162820728029898E-014)
   0.0000000000000000        0.0000000000000000     
               (1.7267930955152024,0.0000000000000000)
   1.5707963267948966        0.0000000000000000     
        (0.99999999999987677,2.13162820728029898E-014)
   3.1415926535897931        0.0000000000000000     
        (0.27320690448505119,3.32455581739448892E-029)
   1.0000000000000000                1           4
               (0.0000000000000000,0.0000000000000000)
  -1.5707963267948966        0.0000000000000000     
         (1.0000000000000941,4.99045249569007739E-014)
   0.0000000000000000        0.0000000000000000     
               (1.7254095976656940,0.0000000000000000)
   1.5707963267948966        0.0000000000000000     
        (1.0000000000000941,-4.99045249569007739E-014)
   3.1415926535897931        0.0000000000000000     
       (0.27459040233413368,-2.82047563546396049E-029)
   1.0000000000000000                1           4
               (0.0000000000000000,0.0000000000000000)
  -1.5707963267948966        0.0000000000000000     
        (0.99999999999996170,2.42583730880596767E-014)
   0.0000000000000000        0.0000000000000000     
               (1.7311516730253254,0.0000000000000000)
   1.5707963267948966        0.0000000000000000     
       (0.99999999999996170,-2.42583730880596767E-014)
   3.1415926535897931        0.0000000000000000     
        (0.26884832697476885,7.48873442130170349E-030)
   1.0000000000000000                1           4
               (0.0000000000000000,0.0000000000000000)
  -1.5707963267948966        0.0000000000000000     
       (0.99999999999998634,-9.85878045867139008E-014)
   0.0000000000000000        0.0000000000000000     
               (1.7030755130959825,0.0000000000000000)
   1.5707963267948966        0.0000000000000000     
        (0.99999999999998634,9.85878045867139008E-014)
   3.1415926535897931        0.0000000000000000     
        (0.29692448690403167,1.46129095266620085E-029)
   1.0000000000000000                1           4
               (0.0000000000000000,0.0000000000000000)
  -1.5707963267948966        0.0000000000000000     
        (1.0000000000000513,-1.22957199977236087E-013)
   0.0000000000000000        0.0000000000000000     
               (1.7294274627801645,0.0000000000000000)
   1.5707963267948966        0.0000000000000000     
         (1.0000000000000513,1.22957199977236087E-013)
   3.1415926535897931        0.0000000000000000     
        (0.27057253721976138,4.23252115249193752E-030)
   1.0000000000000000                1           4
               (0.0000000000000000,0.0000000000000000)
  -1.5707963267948966        0.0000000000000000     
         (1.0000000000000893,9.57567358739197390E-014)
   0.0000000000000000        0.0000000000000000     
               (1.7255562307795420,0.0000000000000000)
   1.5707963267948966        0.0000000000000000     
        (1.0000000000000893,-9.57567358739197390E-014)
   3.1415926535897931        0.0000000000000000     
       (0.27444376922032121,-3.10223869108268444E-029)
   1.0000000000000000                1           4
               (0.0000000000000000,0.0000000000000000)
  -1.5707963267948966        0.0000000000000000     
        (1.0000000000000004,-1.71362923850892912E-013)
   0.0000000000000000        0.0000000000000000     
               (1.7339892867561650,0.0000000000000000)
   1.5707963267948966        0.0000000000000000     
         (1.0000000000000004,1.71362923850892912E-013)
   3.1415926535897931        0.0000000000000000     
        (0.26601071324382136,2.01132794149124325E-029)
   1.0000000000000000                1           4
               (0.0000000000000000,0.0000000000000000)
  -1.5707963267948966        0.0000000000000000     
         (1.0000000000000233,9.70890035034699395E-014)
   0.0000000000000000        0.0000000000000000     
               (1.7087311000018617,0.0000000000000000)
   1.5707963267948966        0.0000000000000000     
        (1.0000000000000233,-9.70890035034699395E-014)
   3.1415926535897931        0.0000000000000000     
       (0.29126889999811922,-1.58933545359152820E-029)
   1.0000000000000000                1           4
               (0.0000000000000000,0.0000000000000000)
  -1.5707963267948966        0.0000000000000000     
        (1.0000000000002016,-7.49400541621982874E-015)
   0.0000000000000000        0.0000000000000000     
               (1.7337518350265397,0.0000000000000000)
   1.5707963267948966        0.0000000000000000     
         (1.0000000000002016,7.49400541621982874E-015)
   3.1415926535897931        0.0000000000000000     
       (0.26624816497311748,-4.47447550301640888E-029)
   1.0000000000000000                1           4
               (0.0000000000000000,0.0000000000000000)
  -1.5707963267948966        0.0000000000000000     
        (0.99999999999987543,2.22100116076262591E-013)
   0.0000000000000000        0.0000000000000000     
               (1.7222372563313539,0.0000000000000000)
   1.5707963267948966        0.0000000000000000     
       (0.99999999999987543,-2.22100116076262591E-013)
   3.1415926535897931        0.0000000000000000     
        (0.27776274366891029,4.23950157121204858E-030)
   1.0000000000000000                1           4
               (0.0000000000000000,0.0000000000000000)
  -1.5707963267948966        0.0000000000000000     
        (0.99999999999980371,1.21458398893992151E-013)
   0.0000000000000000        0.0000000000000000     
               (1.7267747231061288,0.0000000000000000)
   1.5707963267948966        0.0000000000000000     
       (0.99999999999980371,-1.21458398893992151E-013)
   3.1415926535897931        0.0000000000000000     
        (0.27322527689428233,3.43364113128709934E-029)
   1.0000000000000000                1           4
               (0.0000000000000000,0.0000000000000000)
  -1.5707963267948966        0.0000000000000000     
        (0.99999999999995803,1.02695629777827043E-014)
   0.0000000000000000        0.0000000000000000     
               (1.7132561176659291,0.0000000000000000)
   1.5707963267948966        0.0000000000000000     
       (0.99999999999995803,-1.02695629777827043E-014)
   3.1415926535897931        0.0000000000000000     
        (0.28674388233416814,9.84206906167242910E-030)
   1.0000000000000000                1           4
               (0.0000000000000000,0.0000000000000000)
  -1.5707963267948966        0.0000000000000000     
        (0.99999999999992151,1.05582209641852400E-013)
   0.0000000000000000        0.0000000000000000     
               (1.7293347050604826,0.0000000000000000)
   1.5707963267948966        0.0000000000000000     
       (0.99999999999992151,-1.05582209641852400E-013)
   3.1415926535897931        0.0000000000000000     
        (0.27066529493964286,4.35828572833711973E-030)
   1.0000000000000000                1           4
               (0.0000000000000000,0.0000000000000000)
  -1.5707963267948966        0.0000000000000000     
        (0.99999999999996170,8.90398865749375545E-014)
   0.0000000000000000        0.0000000000000000     
               (1.7414886577160136,0.0000000000000000)
   1.5707963267948966        0.0000000000000000     
       (0.99999999999996170,-8.90398865749375545E-014)
   3.1415926535897931        0.0000000000000000     
       (0.25851134228406492,-1.40744091502984976E-030)
   1.0000000000000000                1           4
               (0.0000000000000000,0.0000000000000000)
  -1.5707963267948966        0.0000000000000000     
        (0.99999999999987121,3.01980662698042705E-014)
   0.0000000000000000        0.0000000000000000     
               (1.7289426007983539,0.0000000000000000)
   1.5707963267948966        0.0000000000000000     
       (0.99999999999987121,-3.01980662698042705E-014)
   3.1415926535897931        0.0000000000000000     
        (0.27105739920190214,2.77602984692000882E-029)
   1.0000000000000000                1           4
               (0.0000000000000000,0.0000000000000000)
  -1.5707963267948966        0.0000000000000000     
        (1.0000000000003784,-3.56381590904675300E-013)
   0.0000000000000000        0.0000000000000000     
               (1.7218268275777993,0.0000000000000000)
   1.5707963267948966        0.0000000000000000     
         (1.0000000000003784,3.56381590904675300E-013)
   3.1415926535897931        0.0000000000000000     
       (0.27817317242145123,-4.85672068679750791E-029)
   1.0000000000000000                1           4
               (0.0000000000000000,0.0000000000000000)
  -1.5707963267948966        0.0000000000000000     
        (0.99999999999992450,6.74460487459782725E-014)
   0.0000000000000000        0.0000000000000000     
               (1.7123127382190688,0.0000000000000000)
   1.5707963267948966        0.0000000000000000     
       (0.99999999999992450,-6.74460487459782725E-014)
   3.1415926535897931        0.0000000000000000     
        (0.28768726178109028,1.07293494413747363E-029)
   1.0000000000000000                1           4
               (0.0000000000000000,0.0000000000000000)
  -1.5707963267948966        0.0000000000000000     
         (1.0000000000000178,1.77469150486331273E-013)
   0.0000000000000000        0.0000000000000000     
               (1.7209327980613909,0.0000000000000000)
   1.5707963267948966        0.0000000000000000     
        (1.0000000000000178,-1.77469150486331273E-013)
   3.1415926535897931        0.0000000000000000     
       (0.27906720193876100,-1.45967153754941007E-029)
   1.0000000000000000                1           4
               (0.0000000000000000,0.0000000000000000)
  -1.5707963267948966        0.0000000000000000     
        (0.99999999999998157,1.44328993201270382E-014)
   0.0000000000000000        0.0000000000000000     
               (1.7206017671088891,0.0000000000000000)
   1.5707963267948966        0.0000000000000000     
       (0.99999999999998157,-1.44328993201270382E-014)
   3.1415926535897931        0.0000000000000000     
        (0.27939823289115301,3.07798370720859781E-030)
   1.0000000000000000                1           4
               (0.0000000000000000,0.0000000000000000)
  -1.5707963267948966        0.0000000000000000     
       (0.99999999999994427,-5.29576382746199607E-014)
   0.0000000000000000        0.0000000000000000     
               (1.7386462431310714,0.0000000000000000)
   1.5707963267948966        0.0000000000000000     
        (0.99999999999994427,5.29576382746199607E-014)
   3.1415926535897931        0.0000000000000000     
        (0.26135375686905149,2.08529413195001895E-029)
   1.0000000000000000                1           4
               (0.0000000000000000,0.0000000000000000)
  -1.5707963267948966        0.0000000000000000     
        (0.99999999999993017,4.36317648677686583E-014)
   0.0000000000000000        0.0000000000000000     
               (1.7383428142575796,0.0000000000000000)
   1.5707963267948966        0.0000000000000000     
       (0.99999999999993017,-4.36317648677686583E-014)
   3.1415926535897931        0.0000000000000000     
        (0.26165718574253821,1.04284383465896660E-029)
   1.0000000000000000                1           4
               (0.0000000000000000,0.0000000000000000)
  -1.5707963267948966        0.0000000000000000     
        (1.0000000000001545,-2.41417996704740290E-013)
   0.0000000000000000        0.0000000000000000     
               (1.7157123323714394,0.0000000000000000)
   1.5707963267948966        0.0000000000000000     
         (1.0000000000001545,2.41417996704740290E-013)
   3.1415926535897931        0.0000000000000000     
       (0.28428766762824059,-8.94741830153629258E-030)
   1.0000000000000000                1           4
               (0.0000000000000000,0.0000000000000000)
  -1.5707963267948966        0.0000000000000000     
        (0.99999999999987099,1.37667655053519569E-014)
   0.0000000000000000        0.0000000000000000     
               (1.7174117276595140,0.0000000000000000)
   1.5707963267948966        0.0000000000000000     
       (0.99999999999987099,-1.37667655053519569E-014)
   3.1415926535897931        0.0000000000000000     
        (0.28258827234074185,2.97814526596578061E-029)
   1.0000000000000000                1           4
               (0.0000000000000000,0.0000000000000000)
  -1.5707963267948966        0.0000000000000000     
         (1.0000000000000275,3.85802501057241898E-014)
   0.0000000000000000        0.0000000000000000     
               (1.7181953583356819,0.0000000000000000)
   1.5707963267948966        0.0000000000000000     
        (1.0000000000000275,-3.85802501057241898E-014)
   3.1415926535897931        0.0000000000000000     
       (0.28180464166428004,-1.04089824350705021E-029)
   1.0000000000000000                1           4
               (0.0000000000000000,0.0000000000000000)
  -1.5707963267948966        0.0000000000000000     
       (0.99999999999995393,-6.48370246381091420E-014)
   0.0000000000000000        0.0000000000000000     
               (1.7182736331958028,0.0000000000000000)
   1.5707963267948966        0.0000000000000000     
        (0.99999999999995393,6.48370246381091420E-014)
   3.1415926535897931        0.0000000000000000     
        (0.28172636680429558,1.96164819522525476E-029)
   1.0000000000000000                1           4
               (0.0000000000000000,0.0000000000000000)
  -1.5707963267948966        0.0000000000000000     
       (0.99999999999993205,-3.99125177352743713E-014)
   0.0000000000000000        0.0000000000000000     
               (1.7357612193559775,0.0000000000000000)
   1.5707963267948966        0.0000000000000000     
        (0.99999999999993205,3.99125177352743713E-014)
   3.1415926535897931        0.0000000000000000     
        (0.26423878064416911,2.21928080285273454E-029)
   1.0000000000000000                1           4
               (0.0000000000000000,0.0000000000000000)
  -1.5707963267948966        0.0000000000000000     
        (0.99999999999998523,7.43849426498855040E-015)
   0.0000000000000000        0.0000000000000000     
               (1.7191122969279982,0.0000000000000000)
   1.5707963267948966        0.0000000000000000     
       (0.99999999999998523,-7.43849426498855040E-015)
   3.1415926535897931        0.0000000000000000     
        (0.28088770307200961,1.37767634361092894E-030)
   1.0000000000000000                1           4
               (0.0000000000000000,0.0000000000000000)
  -1.5707963267948966        0.0000000000000000     
       (0.99999999999991607,-1.39888101102769598E-014)
   0.0000000000000000        0.0000000000000000     
               (1.7316944586909704,0.0000000000000000)
   1.5707963267948966        0.0000000000000000     
        (0.99999999999991607,1.39888101102769598E-014)
   3.1415926535897931        0.0000000000000000     
        (0.26830554130925249,2.56484441332842144E-029)
   1.0000000000000000                1           4
               (0.0000000000000000,0.0000000000000000)
  -1.5707963267948966        0.0000000000000000     
        (1.0000000000002698,-1.81132886467594315E-013)
   0.0000000000000000        0.0000000000000000     
               (1.7296000540118308,0.0000000000000000)
   1.5707963267948966        0.0000000000000000     
         (1.0000000000002698,1.81132886467594315E-013)
   3.1415926535897931        0.0000000000000000     
       (0.27039994598763234,-4.37136942300130913E-029)
   1.0000000000000000                1           4
               (0.0000000000000000,0.0000000000000000)
  -1.5707963267948966        0.0000000000000000     
        (1.0000000000000402,-1.59317004033709964E-013)
   0.0000000000000000        0.0000000000000000     
               (1.7296393338111486,0.0000000000000000)
   1.5707963267948966        0.0000000000000000     
         (1.0000000000000402,1.59317004033709964E-013)
   3.1415926535897931        0.0000000000000000     
        (0.27036066618877352,9.83696408654019109E-030)
   1.0000000000000000                1           4
               (0.0000000000000000,0.0000000000000000)
  -1.5707963267948966        0.0000000000000000     
         (1.0000000000006721,6.62359056491368291E-013)
   0.0000000000000000        0.0000000000000000     
               (1.7039634517226045,0.0000000000000000)
   1.5707963267948966        0.0000000000000000     
        (1.0000000000006721,-6.62359056491368291E-013)
   3.1415926535897931        0.0000000000000000     
       (0.29603654827603687,-2.46634882032557710E-028)
   1.0000000000000000                1           4
               (0.0000000000000000,0.0000000000000000)
  -1.5707963267948966        0.0000000000000000     
        (1.0000000000001117,-2.00950367457153460E-014)
   0.0000000000000000        0.0000000000000000     
               (1.7253724521058378,0.0000000000000000)
   1.5707963267948966        0.0000000000000000     
         (1.0000000000001117,2.00950367457153460E-014)
   3.1415926535897931        0.0000000000000000     
       (0.27462754789395050,-2.41954424191979736E-029)
   1.0000000000000000                1           4
               (0.0000000000000000,0.0000000000000000)
  -1.5707963267948966        0.0000000000000000     
        (1.0000000000000686,-9.50906020591446703E-014)
   0.0000000000000000        0.0000000000000000     
               (1.7205214460961575,0.0000000000000000)
   1.5707963267948966        0.0000000000000000     
         (1.0000000000000686,9.50906020591446703E-014)
   3.1415926535897931        0.0000000000000000     
       (0.27947855390371679,-4.45908159635631857E-030)
   1.0000000000000000                1           4
               (0.0000000000000000,0.0000000000000000)
  -1.5707963267948966        0.0000000000000000     
        (1.0000000000002238,-4.49085213460876073E-014)
   0.0000000000000000        0.0000000000000000     
               (1.7067605265639112,0.0000000000000000)
   1.5707963267948966        0.0000000000000000     
         (1.0000000000002238,4.49085213460876073E-014)
   3.1415926535897931        0.0000000000000000     
       (0.29323947343563578,-4.96478754892870772E-029)
   1.0000000000000000                1           4
               (0.0000000000000000,0.0000000000000000)
  -1.5707963267948966        0.0000000000000000     
       (0.99999999999980438,-2.70561351101150649E-013)
   0.0000000000000000        0.0000000000000000     
               (1.7230301243055375,0.0000000000000000)
   1.5707963267948966        0.0000000000000000     
        (0.99999999999980438,2.70561351101150649E-013)
   3.1415926535897931        0.0000000000000000     
        (0.27696987569486520,8.17552647828732667E-029)
   1.0000000000000000                1           4
               (0.0000000000000000,0.0000000000000000)
  -1.5707963267948966        0.0000000000000000     
       (0.99999999999991540,-1.85407245112401048E-014)
   0.0000000000000000        0.0000000000000000     
               (1.7057943980684087,0.0000000000000000)
   1.5707963267948966        0.0000000000000000     
        (0.99999999999991540,1.85407245112401048E-014)
   3.1415926535897931        0.0000000000000000     
        (0.29420560193176681,2.33713139648187078E-029)
   1.0000000000000000                1           4
               (0.0000000000000000,0.0000000000000000)
  -1.5707963267948966        0.0000000000000000     
        (0.99999999999995859,1.75970349403087375E-014)
   0.0000000000000000        0.0000000000000000     
               (1.7230740542113980,0.0000000000000000)
   1.5707963267948966        0.0000000000000000     
       (0.99999999999995859,-1.75970349403087375E-014)
   3.1415926535897931        0.0000000000000000     
        (0.27692594578869650,8.70563666455139013E-030)
   1.0000000000000000                1           4
               (0.0000000000000000,0.0000000000000000)
  -1.5707963267948966        0.0000000000000000     
         (1.0000000000000293,8.69304628281497571E-014)
   0.0000000000000000        0.0000000000000000     
               (1.7201673760299836,0.0000000000000000)
   1.5707963267948966        0.0000000000000000     
        (1.0000000000000293,-8.69304628281497571E-014)
   3.1415926535897931        0.0000000000000000     
       (0.27983262396996939,-1.71187361355734370E-029)
   1.0000000000000000                1           4
               (0.0000000000000000,0.0000000000000000)
  -1.5707963267948966        0.0000000000000000     
        (1.0000000000000759,-4.73510120002629328E-014)
   0.0000000000000000        0.0000000000000000     
               (1.7188736343935422,0.0000000000000000)
   1.5707963267948966        0.0000000000000000     
         (1.0000000000000759,4.73510120002629328E-014)
   3.1415926535897931        0.0000000000000000     
       (0.28112636560630855,-1.26510016289028859E-029)
   1.0000000000000000                1           4
               (0.0000000000000000,0.0000000000000000)
  -1.5707963267948966        0.0000000000000000     
       (0.99999999999996370,-8.04911692853238018E-015)
   0.0000000000000000        0.0000000000000000     
               (1.7319140583671890,0.0000000000000000)
   1.5707963267948966        0.0000000000000000     
        (0.99999999999996370,8.04911692853238018E-015)
   3.1415926535897931        0.0000000000000000     
        (0.26808594163289778,1.07493958993047899E-029)
   1.0000000000000000                1           4
               (0.0000000000000000,0.0000000000000000)
  -1.5707963267948966        0.0000000000000000     
        (0.99999999999975187,7.46069872548105448E-014)
   0.0000000000000000        0.0000000000000000     
               (1.7288702431128999,0.0000000000000000)
   1.5707963267948966        0.0000000000000000     
       (0.99999999999975187,-7.46069872548105448E-014)
   3.1415926535897931        0.0000000000000000     
        (0.27112975688761476,5.27645348842163013E-029)
   1.0000000000000000                1           4
               (0.0000000000000000,0.0000000000000000)
  -1.5707963267948966        0.0000000000000000     
        (0.99999999999993694,5.43454170554014190E-014)
   0.0000000000000000        0.0000000000000000     
               (1.7307893112985344,0.0000000000000000)
   1.5707963267948966        0.0000000000000000     
       (0.99999999999993694,-5.43454170554014190E-014)
   3.1415926535897931        0.0000000000000000     
        (0.26921068870160586,9.64930761494517095E-030)
   1.0000000000000000                1           4
               (0.0000000000000000,0.0000000000000000)
  -1.5707963267948966        0.0000000000000000     
        (0.99999999999999456,1.66977542903623544E-013)
   0.0000000000000000        0.0000000000000000     
               (1.7320699332597647,0.0000000000000000)
   1.5707963267948966        0.0000000000000000     
       (0.99999999999999456,-1.66977542903623544E-013)
   3.1415926535897931        0.0000000000000000     
       (0.26793006674030828,-1.53162669464210351E-029)
   1.0000000000000000                1           4
               (0.0000000000000000,0.0000000000000000)
  -1.5707963267948966        0.0000000000000000     
       (0.99999999999991718,-1.69697589313955177E-013)
   0.0000000000000000        0.0000000000000000     
               (1.7250475798101503,0.0000000000000000)
   1.5707963267948966        0.0000000000000000     
        (0.99999999999991718,1.69697589313955177E-013)
   3.1415926535897931        0.0000000000000000     
        (0.27495242019002869,4.18894110230977990E-029)
   1.0000000000000000                1           4
               (0.0000000000000000,0.0000000000000000)
  -1.5707963267948966        0.0000000000000000     
         (1.0000000000000460,1.07858166842333958E-013)
   0.0000000000000000        0.0000000000000000     
               (1.7090553323937228,0.0000000000000000)
   1.5707963267948966        0.0000000000000000     
        (1.0000000000000460,-1.07858166842333958E-013)
   3.1415926535897931        0.0000000000000000     
       (0.29094466760626975,-1.92921968409467549E-029)
   1.0000000000000000                1           4
               (0.0000000000000000,0.0000000000000000)
  -1.5707963267948966        0.0000000000000000     
        (0.99999999999998845,2.18713935851155838E-014)
   0.0000000000000000        0.0000000000000000     
               (1.7206748816651813,0.0000000000000000)
   1.5707963267948966        0.0000000000000000     
       (0.99999999999998845,-2.18713935851155838E-014)
   3.1415926535897931        0.0000000000000000     
        (0.27932511833484175,1.35013841632913738E-031)
   1.0000000000000000                1           4
               (0.0000000000000000,0.0000000000000000)
  -1.5707963267948966        0.0000000000000000     
       (0.99999999999986033,-2.05391259555652067E-015)
   0.0000000000000000        0.0000000000000000     
               (1.7097886209505779,0.0000000000000000)
   1.5707963267948966        0.0000000000000000     
        (0.99999999999986033,2.05391259555652067E-015)
   3.1415926535897931        0.0000000000000000     
        (0.29021137904976169,3.81630372070295776E-029)
   1.0000000000000000                1           4
               (0.0000000000000000,0.0000000000000000)
  -1.5707963267948966        0.0000000000000000     
         (1.0000000000000580,1.86128890078407494E-013)
   0.0000000000000000        0.0000000000000000     
               (1.7278013448218255,0.0000000000000000)
   1.5707963267948966        0.0000000000000000     
        (1.0000000000000580,-1.86128890078407494E-013)
   3.1415926535897931        0.0000000000000000     
       (0.27219865517803632,-3.83583111822754163E-029)
   1.0000000000000000                1           4
               (0.0000000000000000,0.0000000000000000)
  -1.5707963267948966        0.0000000000000000     
        (1.0000000000000107,-4.42423875313124881E-014)
   0.0000000000000000        0.0000000000000000     
               (1.7264536006326103,0.0000000000000000)
   1.5707963267948966        0.0000000000000000     
         (1.0000000000000107,4.42423875313124881E-014)
   3.1415926535897931        0.0000000000000000     
        (0.27354639936743153,6.67616791260907591E-030)
   1.0000000000000000                1           4
               (0.0000000000000000,0.0000000000000000)
  -1.5707963267948966        0.0000000000000000     
         (1.0000000000040337,6.05515637630559872E-013)
   0.0000000000000000        0.0000000000000000     
               (1.7271775668122262,0.0000000000000000)
   1.5707963267948966        0.0000000000000000     
        (1.0000000000040337,-6.05515637630559872E-013)
   3.1415926535897931        0.0000000000000000     
       (0.27282243317971538,-1.06155656613069085E-027)
   1.0000000000000000                1           4
               (0.0000000000000000,0.0000000000000000)
  -1.5707963267948966        0.0000000000000000     
         (1.0000000000000135,2.35922392732845765E-014)
   0.0000000000000000        0.0000000000000000     
               (1.7234458260228602,0.0000000000000000)
   1.5707963267948966        0.0000000000000000     
        (1.0000000000000135,-2.35922392732845765E-014)
   3.1415926535897931        0.0000000000000000     
       (0.27655417397713661,-4.74266765215883559E-030)
   1.0000000000000000                1           4
               (0.0000000000000000,0.0000000000000000)
  -1.5707963267948966        0.0000000000000000     
        (1.0000000000000315,-1.10633724403896849E-013)
   0.0000000000000000        0.0000000000000000     
               (1.7327725973649439,0.0000000000000000)
   1.5707963267948966        0.0000000000000000     
         (1.0000000000000315,1.10633724403896849E-013)
   3.1415926535897931        0.0000000000000000     
        (0.26722740263501971,7.46426826187897179E-030)
   1.0000000000000000                1           4
               (0.0000000000000000,0.0000000000000000)
  -1.5707963267948966        0.0000000000000000     
         (1.0000000000002318,4.01900734914306415E-014)
   0.0000000000000000        0.0000000000000000     
               (1.7471591301498399,0.0000000000000000)
   1.5707963267948966        0.0000000000000000     
        (1.0000000000002318,-4.01900734914306415E-014)
   3.1415926535897931        0.0000000000000000     
       (0.25284086984971793,-6.03740120507096071E-029)
   1.0000000000000000                1           4
               (0.0000000000000000,0.0000000000000000)
  -1.5707963267948966        0.0000000000000000     
        (0.99999999999986788,8.96505092384814033E-014)
   0.0000000000000000        0.0000000000000000     
               (1.7268174514191978,0.0000000000000000)
   1.5707963267948966        0.0000000000000000     
       (0.99999999999986788,-8.96505092384814033E-014)
   3.1415926535897931        0.0000000000000000     
        (0.27318254858110108,2.35147108101173385E-029)
   1.0000000000000000                1           4
               (0.0000000000000000,0.0000000000000000)
  -1.5707963267948966        0.0000000000000000     
       (0.99999999999996370,-5.34017274844700233E-014)
   0.0000000000000000        0.0000000000000000     
               (1.7195331174597672,0.0000000000000000)
   1.5707963267948966        0.0000000000000000     
        (0.99999999999996370,5.34017274844700233E-014)
   3.1415926535897931        0.0000000000000000     
        (0.28046688254031449,1.59780203293708340E-029)
   1.0000000000000000                1           4
               (0.0000000000000000,0.0000000000000000)
  -1.5707963267948966        0.0000000000000000     
        (1.0000000000001086,-6.96664947952285855E-014)
   0.0000000000000000        0.0000000000000000     
               (1.7376399910917033,0.0000000000000000)
   1.5707963267948966        0.0000000000000000     
         (1.0000000000001086,6.96664947952285855E-014)
   3.1415926535897931        0.0000000000000000     
       (0.26236000890806188,-1.91262181896092646E-029)
   1.0000000000000000                1           4
               (0.0000000000000000,0.0000000000000000)
  -1.5707963267948966        0.0000000000000000     
         (1.0000000000000482,3.80251385934116052E-014)
   0.0000000000000000        0.0000000000000000     
               (1.7260828328549436,0.0000000000000000)
   1.5707963267948966        0.0000000000000000     
        (1.0000000000000482,-3.80251385934116052E-014)
   3.1415926535897931        0.0000000000000000     
       (0.27391716714496089,-1.63949738287343513E-029)
   1.0000000000000000                1           4
               (0.0000000000000000,0.0000000000000000)
  -1.5707963267948966        0.0000000000000000     
         (1.0000000000000477,3.59157148466238078E-014)
   0.0000000000000000        0.0000000000000000     
               (1.7202150421192417,0.0000000000000000)
   1.5707963267948966        0.0000000000000000     
        (1.0000000000000477,-3.59157148466238078E-014)
   3.1415926535897931        0.0000000000000000     
       (0.27978495788066998,-1.56514638694905232E-029)
   1.0000000000000000                1           4
               (0.0000000000000000,0.0000000000000000)
  -1.5707963267948966        0.0000000000000000     
       (0.99999999999994815,-7.90478793533111457E-014)
   0.0000000000000000        0.0000000000000000     
               (1.7253842334776093,0.0000000000000000)
   1.5707963267948966        0.0000000000000000     
        (0.99999999999994815,7.90478793533111457E-014)
   3.1415926535897931        0.0000000000000000     
        (0.27461576652247444,2.11477755059175804E-029)
   1.0000000000000000                1           4
               (0.0000000000000000,0.0000000000000000)
  -1.5707963267948966        0.0000000000000000     
        (0.99999999999995104,2.95874436062604281E-014)
   0.0000000000000000        0.0000000000000000     
               (1.7032365187857541,0.0000000000000000)
   1.5707963267948966        0.0000000000000000     
       (0.99999999999995104,-2.95874436062604281E-014)
   3.1415926535897931        0.0000000000000000     
        (0.29676348121434987,8.74867536593941830E-030)
   1.0000000000000000                1           4
               (0.0000000000000000,0.0000000000000000)
  -1.5707963267948966        0.0000000000000000     
        (0.99999999999996059,1.37112543541206896E-014)
   0.0000000000000000        0.0000000000000000     
               (1.7267587020767527,0.0000000000000000)
   1.5707963267948966        0.0000000000000000     
       (0.99999999999996059,-1.37112543541206896E-014)
   3.1415926535897931        0.0000000000000000     
        (0.27324129792335888,9.98715133703759517E-030)
   1.0000000000000000                1           4
               (0.0000000000000000,0.0000000000000000)
  -1.5707963267948966        0.0000000000000000     
        (1.0000000000001352,-6.94277968449341643E-013)
   0.0000000000000000        0.0000000000000000     
               (1.7266629004138669,0.0000000000000000)
   1.5707963267948966        0.0000000000000000     
         (1.0000000000001352,6.94277968449341643E-013)
   3.1415926535897931        0.0000000000000000     
        (0.27333709958586638,5.21471873996299626E-029)
   1.0000000000000000                1           4
               (0.0000000000000000,0.0000000000000000)
  -1.5707963267948966        0.0000000000000000     
         (1.0000000000000013,2.95874436062604218E-014)
   0.0000000000000000        0.0000000000000000     
               (1.7406650561733299,0.0000000000000000)
   1.5707963267948966        0.0000000000000000     
        (1.0000000000000013,-2.95874436062604218E-014)
   3.1415926535897931        0.0000000000000000     
       (0.25933494382668959,-2.59536113075101695E-030)
   1.0000000000000000                1           4
               (0.0000000000000000,0.0000000000000000)
  -1.5707963267948966        0.0000000000000000     
        (0.99999999999999423,1.49880108324396251E-015)
   0.0000000000000000        0.0000000000000000     
               (1.7187788377499265,0.0000000000000000)
   1.5707963267948966        0.0000000000000000     
       (0.99999999999999423,-1.49880108324396251E-015)
   3.1415926535897931        0.0000000000000000     
        (0.28122116225010202,2.26907609010249520E-030)
   1.0000000000000000                1           4
               (0.0000000000000000,0.0000000000000000)
  -1.5707963267948966        0.0000000000000000     
       (0.99999999999998956,-4.46309655899312929E-014)
   0.0000000000000000        0.0000000000000000     
               (1.7058057315857313,0.0000000000000000)
   1.5707963267948966        0.0000000000000000     
        (0.99999999999998956,4.46309655899312929E-014)
   3.1415926535897931        0.0000000000000000     
        (0.29419426841433938,1.10817780922692886E-029)
   1.0000000000000000                1           4
               (0.0000000000000000,0.0000000000000000)
  -1.5707963267948966        0.0000000000000000     
        (1.0000000000000810,-1.35447209004269193E-014)
   0.0000000000000000        0.0000000000000000     
               (1.7317505621788787,0.0000000000000000)
   1.5707963267948966        0.0000000000000000     
         (1.0000000000000810,1.35447209004269193E-014)
   3.1415926535897931        0.0000000000000000     
       (0.26824943782096639,-1.77472618055951967E-029)
   1.0000000000000000                1           4
               (0.0000000000000000,0.0000000000000000)
  -1.5707963267948966        0.0000000000000000     
        (0.99999999999996014,1.03250741290139558E-013)
   0.0000000000000000        0.0000000000000000     
               (1.7256886316597571,0.0000000000000000)
   1.5707963267948966        0.0000000000000000     
       (0.99999999999996014,-1.03250741290139558E-013)
   3.1415926535897931        0.0000000000000000     
       (0.27431136834033870,-1.89916195946454531E-030)
   1.0000000000000000                1           4
               (0.0000000000000000,0.0000000000000000)
  -1.5707963267948966        0.0000000000000000     
       (0.99999999999990152,-5.66213742558828652E-015)
   0.0000000000000000        0.0000000000000000     
               (1.7292776162283858,0.0000000000000000)
   1.5707963267948966        0.0000000000000000     
        (0.99999999999990152,5.66213742558828652E-015)
   3.1415926535897931        0.0000000000000000     
        (0.27072238377180796,2.46240016671698739E-029)
   1.0000000000000000                1           4
               (0.0000000000000000,0.0000000000000000)
  -1.5707963267948966        0.0000000000000000     
       (0.99999999999994194,-3.55993012846056445E-013)
   0.0000000000000000        0.0000000000000000     
               (1.7262283708777129,0.0000000000000000)
   1.5707963267948966        0.0000000000000000     
        (0.99999999999994194,3.55993012846056445E-013)
   3.1415926535897931        0.0000000000000000     
        (0.27377162912242714,5.92862308201775390E-029)
   1.0000000000000000                1           4
               (0.0000000000000000,0.0000000000000000)
  -1.5707963267948966        0.0000000000000000     
       (0.99999999999985334,-2.17714735128993172E-013)
   0.0000000000000000        0.0000000000000000     
               (1.7193129175882447,0.0000000000000000)
   1.5707963267948966        0.0000000000000000     
        (0.99999999999985334,2.17714735128993172E-013)
   3.1415926535897931        0.0000000000000000     
        (0.28068708241203821,6.19334902672421520E-029)
   1.0000000000000000                1           4
               (0.0000000000000000,0.0000000000000000)
  -1.5707963267948966        0.0000000000000000     
        (1.0000000000001010,-1.45439216225895633E-014)
   0.0000000000000000        0.0000000000000000     
               (1.7293556850413510,0.0000000000000000)
   1.5707963267948966        0.0000000000000000     
         (1.0000000000001010,1.45439216225895633E-014)
   3.1415926535897931        0.0000000000000000     
       (0.27064431495844693,-2.29502955854112729E-029)
   1.0000000000000000                1           4
               (0.0000000000000000,0.0000000000000000)
  -1.5707963267948966        0.0000000000000000     
        (1.0000000000000648,-1.18238752122579250E-014)
   0.0000000000000000        0.0000000000000000     
               (1.7211599879406205,0.0000000000000000)
   1.5707963267948966        0.0000000000000000     
         (1.0000000000000648,1.18238752122579250E-014)
   3.1415926535897931        0.0000000000000000     
       (0.27884001205924380,-1.47992875645634050E-029)
   1.0000000000000000                1           4
               (0.0000000000000000,0.0000000000000000)
  -1.5707963267948966        0.0000000000000000     
         (1.0000000000000211,5.25135490647699044E-014)
   0.0000000000000000        0.0000000000000000     
               (1.7278629341189924,0.0000000000000000)
   1.5707963267948966        0.0000000000000000     
        (1.0000000000000211,-5.25135490647699044E-014)
   3.1415926535897931        0.0000000000000000     
       (0.27213706588097714,-1.08756156172679183E-029)
   1.0000000000000000                1           4
               (0.0000000000000000,0.0000000000000000)
  -1.5707963267948966        0.0000000000000000     
       (0.99999999999999700,-3.06032976737924400E-013)
   0.0000000000000000        0.0000000000000000     
               (1.7070414071700599,0.0000000000000000)
   1.5707963267948966        0.0000000000000000     
        (0.99999999999999700,3.06032976737924400E-013)
   3.1415926535897931        0.0000000000000000     
        (0.29295859282992071,3.66601475408258867E-029)
   1.0000000000000000                1           4
               (0.0000000000000000,0.0000000000000000)
  -1.5707963267948966        0.0000000000000000     
         (1.0000000000000098,2.37032615757470921E-014)
   0.0000000000000000        0.0000000000000000     
               (1.7141252198754000,0.0000000000000000)
   1.5707963267948966        0.0000000000000000     
        (1.0000000000000098,-2.37032615757470921E-014)
   3.1415926535897931        0.0000000000000000     
       (0.28587478012459100,-4.66550456039915667E-030)
   1.0000000000000000                1           4
               (0.0000000000000000,0.0000000000000000)
  -1.5707963267948966        0.0000000000000000     
        (0.99999999999999356,2.51687559682522988E-013)
   0.0000000000000000        0.0000000000000000     
               (1.7247293644180102,0.0000000000000000)
   1.5707963267948966        0.0000000000000000     
       (0.99999999999999356,-2.51687559682522988E-013)
   3.1415926535897931        0.0000000000000000     
       (0.27527063558200460,-2.91323669361645951E-029)
   1.0000000000000000                1           4
               (0.0000000000000000,0.0000000000000000)
  -1.5707963267948966        0.0000000000000000     
        (0.99999999999984668,6.71018796083444613E-013)
   0.0000000000000000        0.0000000000000000     
               (1.7265210617062525,0.0000000000000000)
   1.5707963267948966        0.0000000000000000     
       (0.99999999999984668,-6.71018796083444613E-013)
   3.1415926535897931        0.0000000000000000     
       (0.27347893829407532,-4.33190834261373218E-029)
   1.0000000000000000                1           4
               (0.0000000000000000,0.0000000000000000)
  -1.5707963267948966        0.0000000000000000     
        (0.99999999999992739,1.86461956985795041E-013)
   0.0000000000000000        0.0000000000000000     
               (1.7167000505451775,0.0000000000000000)
   1.5707963267948966        0.0000000000000000     
       (0.99999999999992739,-1.86461956985795041E-013)
   3.1415926535897931        0.0000000000000000     
       (0.28329994945496650,-5.12048170070622706E-030)
   1.0000000000000000                1           4
               (0.0000000000000000,0.0000000000000000)
  -1.5707963267948966        0.0000000000000000     
       (0.99999999999975742,-1.77635683940024731E-014)
   0.0000000000000000        0.0000000000000000     
               (1.7126019524210785,0.0000000000000000)
   1.5707963267948966        0.0000000000000000     
        (0.99999999999975742,1.77635683940024731E-014)
   3.1415926535897931        0.0000000000000000     
        (0.28739804757942256,6.25740157125953827E-029)
   1.0000000000000000                1           4
               (0.0000000000000000,0.0000000000000000)
  -1.5707963267948966        0.0000000000000000     
        (1.0000000000000737,-2.78554956878451776E-013)
   0.0000000000000000        0.0000000000000000     
               (1.7322549339955942,0.0000000000000000)
   1.5707963267948966        0.0000000000000000     
         (1.0000000000000737,2.78554956878451776E-013)
   3.1415926535897931        0.0000000000000000     
        (0.26774506600426623,1.65255544516598746E-029)
   1.0000000000000000                1           4
               (0.0000000000000000,0.0000000000000000)
  -1.5707963267948966        0.0000000000000000     
        (1.0000000000001890,-1.81299419921288088E-013)
   0.0000000000000000        0.0000000000000000     
               (1.7332324520181024,0.0000000000000000)
   1.5707963267948966        0.0000000000000000     
         (1.0000000000001890,1.81299419921288088E-013)
   3.1415926535897931        0.0000000000000000     
       (0.26676754798152313,-2.38711528076446956E-029)
   1.0000000000000000                1           4
               (0.0000000000000000,0.0000000000000000)
  -1.5707963267948966        0.0000000000000000     
         (1.0000000000001208,2.15549800230974117E-013)
   0.0000000000000000        0.0000000000000000     
               (1.7126453964114765,0.0000000000000000)
   1.5707963267948966        0.0000000000000000     
        (1.0000000000001208,-2.15549800230974117E-013)
   3.1415926535897931        0.0000000000000000     
       (0.28735460358835041,-5.17710440851372390E-029)
   1.0000000000000000                1           4
               (0.0000000000000000,0.0000000000000000)
  -1.5707963267948966        0.0000000000000000     
         (1.0000000000001112,5.37903055430888218E-014)
   0.0000000000000000        0.0000000000000000     
               (1.7171634695928446,0.0000000000000000)
   1.5707963267948966        0.0000000000000000     
        (1.0000000000001112,-5.37903055430888218E-014)
   3.1415926535897931        0.0000000000000000     
       (0.28283653040695683,-3.23824576187098126E-029)
   1.0000000000000000                1           4
               (0.0000000000000000,0.0000000000000000)
  -1.5707963267948966        0.0000000000000000     
        (0.99999999999997569,5.05151476204446463E-015)
   0.0000000000000000        0.0000000000000000     
               (1.7071065607863454,0.0000000000000000)
   1.5707963267948966        0.0000000000000000     
       (0.99999999999997569,-5.05151476204446463E-015)
   3.1415926535897931        0.0000000000000000     
        (0.29289343921369421,4.78340232644209514E-030)
   1.0000000000000000                1           4
               (0.0000000000000000,0.0000000000000000)
  -1.5707963267948966        0.0000000000000000     
       (0.99999999999991751,-1.47659662275145725E-014)
   0.0000000000000000        0.0000000000000000     
               (1.7293567934256864,0.0000000000000000)
   1.5707963267948966        0.0000000000000000     
        (0.99999999999991751,1.47659662275145725E-014)
   3.1415926535897931        0.0000000000000000     
        (0.27064320657449892,2.32496725322095781E-029)
   1.0000000000000000                1           4
               (0.0000000000000000,0.0000000000000000)
  -1.5707963267948966        0.0000000000000000     
       (0.99999999999990929,-1.06581410364015015E-013)
   0.0000000000000000        0.0000000000000000     
               (1.7196868229823332,0.0000000000000000)
   1.5707963267948966        0.0000000000000000     
        (0.99999999999990929,1.06581410364015015E-013)
   3.1415926535897931        0.0000000000000000     
        (0.28031317701786590,3.63554310565771678E-029)
   1.0000000000000000                1           4
               (0.0000000000000000,0.0000000000000000)
  -1.5707963267948966        0.0000000000000000     
        (1.0000000000001112,-1.50046641778089932E-013)
   0.0000000000000000        0.0000000000000000     
               (1.7210567793660996,0.0000000000000000)
   1.5707963267948966        0.0000000000000000     
         (1.0000000000001112,1.50046641778089932E-013)
   3.1415926535897931        0.0000000000000000     
       (0.27894322063363863,-1.12815124235604095E-029)
   1.0000000000000000                1           4
               (0.0000000000000000,0.0000000000000000)
  -1.5707963267948966        0.0000000000000000     
        (0.99999999999998324,2.25930385511219388E-014)
   0.0000000000000000        0.0000000000000000     
               (1.7234945002878965,0.0000000000000000)
   1.5707963267948966        0.0000000000000000     
       (0.99999999999998324,-2.25930385511219388E-014)
   3.1415926535897931        0.0000000000000000     
        (0.27650549971215854,2.65611924669380189E-030)
   1.0000000000000000                1           4
               (0.0000000000000000,0.0000000000000000)
  -1.5707963267948966        0.0000000000000000     
       (0.99999999999997213,-7.54951656745105974E-015)
   0.0000000000000000        0.0000000000000000     
               (1.7302863948071532,0.0000000000000000)
   1.5707963267948966        0.0000000000000000     
        (0.99999999999997213,7.54951656745105974E-015)
   3.1415926535897931        0.0000000000000000     
        (0.26971360519292459,9.10171085824087588E-030)
   1.0000000000000000                1           4
               (0.0000000000000000,0.0000000000000000)
  -1.5707963267948966        0.0000000000000000     
        (0.99999999999965028,1.69919633918880259E-013)
   0.0000000000000000        0.0000000000000000     
               (1.7270005523614582,0.0000000000000000)
   1.5707963267948966        0.0000000000000000     
       (0.99999999999965028,-1.69919633918880259E-013)
   3.1415926535897931        0.0000000000000000     
        (0.27299944763915246,5.94232935552153303E-029)
   1.0000000000000000                1           4
               (0.0000000000000000,0.0000000000000000)
  -1.5707963267948966        0.0000000000000000     
         (1.0000000000000799,1.31339383813156019E-013)
   0.0000000000000000        0.0000000000000000     
               (1.7073304752415499,0.0000000000000000)
   1.5707963267948966        0.0000000000000000     
        (1.0000000000000799,-1.31339383813156019E-013)
   3.1415926535897931        0.0000000000000000     
       (0.29266952475830599,-3.47079705414712930E-029)
   1.0000000000000000                1           4
               (0.0000000000000000,0.0000000000000000)
  -1.5707963267948966        0.0000000000000000     
        (0.99999999999995615,3.23630011678233195E-014)
   0.0000000000000000        0.0000000000000000     
               (1.7220840487610221,0.0000000000000000)
   1.5707963267948966        0.0000000000000000     
       (0.99999999999995615,-3.23630011678233195E-014)
   3.1415926535897931        0.0000000000000000     
        (0.27791595123905027,5.83348003592911547E-030)
   1.0000000000000000                1           4
               (0.0000000000000000,0.0000000000000000)
  -1.5707963267948966        0.0000000000000000     
        (0.99999999999991906,2.06501482580279211E-014)
   0.0000000000000000        0.0000000000000000     
               (1.7275466847464882,0.0000000000000000)
   1.5707963267948966        0.0000000000000000     
       (0.99999999999991906,-2.06501482580279211E-014)
   3.1415926535897931        0.0000000000000000     
        (0.27245331525370048,1.89313102742141232E-029)
   1.0000000000000000                1           4
               (0.0000000000000000,0.0000000000000000)
  -1.5707963267948966        0.0000000000000000     
       (0.99999999999990030,-3.48610029732299154E-013)
   0.0000000000000000        0.0000000000000000     
               (1.7311648495655811,0.0000000000000000)
   1.5707963267948966        0.0000000000000000     
        (0.99999999999990030,3.48610029732299154E-013)
   3.1415926535897931        0.0000000000000000     
        (0.26883515043461670,6.70157280892317607E-029)
   1.0000000000000000                1           4
               (0.0000000000000000,0.0000000000000000)
  -1.5707963267948966        0.0000000000000000     
         (1.0000000000000457,2.41473507855971516E-014)
   0.0000000000000000        0.0000000000000000     
               (1.7299227400819948,0.0000000000000000)
   1.5707963267948966        0.0000000000000000     
        (1.0000000000000457,-2.41473507855971516E-014)
   3.1415926535897931        0.0000000000000000     
       (0.27007725991794940,-1.19776860558595152E-029)
   1.0000000000000000                1           4
               (0.0000000000000000,0.0000000000000000)
  -1.5707963267948966        0.0000000000000000     
         (1.0000000000000111,1.38777878078144568E-013)
   0.0000000000000000        0.0000000000000000     
               (1.7220386407803459,0.0000000000000000)
   1.5707963267948966        0.0000000000000000     
        (1.0000000000000111,-1.38777878078144568E-013)
   3.1415926535897931        0.0000000000000000     
       (0.27796135921967013,-1.73704043078866198E-029)
   1.0000000000000000                1           4
               (0.0000000000000000,0.0000000000000000)
  -1.5707963267948966        0.0000000000000000     
       (0.99999999999990807,-9.76441150157825051E-014)
   0.0000000000000000        0.0000000000000000     
               (1.7258569749323591,0.0000000000000000)
   1.5707963267948966        0.0000000000000000     
        (0.99999999999990807,9.76441150157825051E-014)
   3.1415926535897931        0.0000000000000000     
        (0.27414302506783100,3.48657008145845437E-029)
   1.0000000000000000                1           4
               (0.0000000000000000,0.0000000000000000)
  -1.5707963267948966        0.0000000000000000     
        (1.0000000000005831,-2.15161222172355413E-013)
   0.0000000000000000        0.0000000000000000     
               (1.7160906726148137,0.0000000000000000)
   1.5707963267948966        0.0000000000000000     
         (1.0000000000005831,2.15161222172355413E-013)
   3.1415926535897931        0.0000000000000000     
       (0.28390932738402735,-1.16004571633661033E-028)
   1.0000000000000000                1           4
               (0.0000000000000000,0.0000000000000000)
  -1.5707963267948966        0.0000000000000000     
        (0.99999999999993017,4.47419878923938149E-014)
   0.0000000000000000        0.0000000000000000     
               (1.7169194677253989,0.0000000000000000)
   1.5707963267948966        0.0000000000000000     
       (0.99999999999993017,-4.47419878923938149E-014)
   3.1415926535897931        0.0000000000000000     
        (0.28308053227473540,1.12995583370470647E-029)
   1.0000000000000000                1           4
               (0.0000000000000000,0.0000000000000000)
  -1.5707963267948966        0.0000000000000000     
        (1.0000000000000453,-5.96189764223709062E-014)
   0.0000000000000000        0.0000000000000000     
               (1.7183321486904020,0.0000000000000000)
   1.5707963267948966        0.0000000000000000     
         (1.0000000000000453,5.96189764223709062E-014)
   3.1415926535897931        0.0000000000000000     
       (0.28166785130951288,-3.45600378866630809E-030)
   1.0000000000000000                1           4
               (0.0000000000000000,0.0000000000000000)
  -1.5707963267948966        0.0000000000000000     
        (0.99999999999964684,1.19304566226219322E-012)
   0.0000000000000000        0.0000000000000000     
               (1.7210831188424360,0.0000000000000000)
   1.5707963267948966        0.0000000000000000     
       (0.99999999999964684,-1.19304566226219322E-012)
   3.1415926535897931        0.0000000000000000     
       (0.27891688115777796,-8.97520283796654048E-029)
   1.0000000000000000                1           4
               (0.0000000000000000,0.0000000000000000)
  -1.5707963267948966        0.0000000000000000     
         (1.0000000000000722,2.52020626589910440E-014)
   0.0000000000000000        0.0000000000000000     
               (1.7212937161725987,0.0000000000000000)
   1.5707963267948966        0.0000000000000000     
        (1.0000000000000722,-2.52020626589910440E-014)
   3.1415926535897931        0.0000000000000000     
       (0.27870628382725610,-2.07922798727557323E-029)
   1.0000000000000000                1           4
               (0.0000000000000000,0.0000000000000000)
  -1.5707963267948966        0.0000000000000000     
        (0.99999999999995370,8.80961970040061715E-014)
   0.0000000000000000        0.0000000000000000     
               (1.7278116417451359,0.0000000000000000)
   1.5707963267948966        0.0000000000000000     
       (0.99999999999995370,-8.80961970040061715E-014)
   3.1415926535897931        0.0000000000000000     
       (0.27218835825494597,-1.11398008025376072E-031)
   1.0000000000000000                1           4
               (0.0000000000000000,0.0000000000000000)
  -1.5707963267948966        0.0000000000000000     
         (1.0000000000000249,1.63757896132210558E-014)
   0.0000000000000000        0.0000000000000000     
               (1.7257633012932927,0.0000000000000000)
   1.5707963267948966        0.0000000000000000     
        (1.0000000000000249,-1.63757896132210558E-014)
   3.1415926535897931        0.0000000000000000     
       (0.27423669870666101,-7.87350968963691135E-030)
   1.0000000000000000                1           4
               (0.0000000000000000,0.0000000000000000)
  -1.5707963267948966        0.0000000000000000     
        (1.0000000000000402,-1.07691633388640232E-014)
   0.0000000000000000        0.0000000000000000     
               (1.7283385675807685,0.0000000000000000)
   1.5707963267948966        0.0000000000000000     
         (1.0000000000000402,1.07691633388640232E-014)
   3.1415926535897931        0.0000000000000000     
       (0.27166143241914781,-8.73019804394777780E-030)
   1.0000000000000000                1           4
               (0.0000000000000000,0.0000000000000000)
  -1.5707963267948966        0.0000000000000000     
       (0.99999999999998612,-3.91353616180367680E-014)
   0.0000000000000000        0.0000000000000000     
               (1.7198952983075966,0.0000000000000000)
   1.5707963267948966        0.0000000000000000     
        (0.99999999999998612,3.91353616180367680E-014)
   3.1415926535897931        0.0000000000000000     
        (0.28010470169241608,7.27403435284874966E-030)
   1.0000000000000000                1           4
               (0.0000000000000000,0.0000000000000000)
  -1.5707963267948966        0.0000000000000000     
        (1.0000000000000122,-1.00253139123651636E-013)
   0.0000000000000000        0.0000000000000000     
               (1.7195270298396377,0.0000000000000000)
   1.5707963267948966        0.0000000000000000     
         (1.0000000000000122,1.00253139123651636E-013)
   3.1415926535897931        0.0000000000000000     
        (0.28047297016035211,1.01465849647910743E-029)
   1.0000000000000000                1           4
               (0.0000000000000000,0.0000000000000000)
  -1.5707963267948966        0.0000000000000000     
       (0.99999999999994715,-6.12287998080773706E-014)
   0.0000000000000000        0.0000000000000000     
               (1.7219752665927197,0.0000000000000000)
   1.5707963267948966        0.0000000000000000     
        (0.99999999999994715,6.12287998080773706E-014)
   3.1415926535897931        0.0000000000000000     
        (0.27802473340742151,2.26300612299123849E-029)
   1.0000000000000000                1           4
               (0.0000000000000000,0.0000000000000000)
  -1.5707963267948966        0.0000000000000000     
        (0.99999999999994083,3.48054918219986639E-014)
   0.0000000000000000        0.0000000000000000     
               (1.7139377918989136,0.0000000000000000)
   1.5707963267948966        0.0000000000000000     
       (0.99999999999994083,-3.48054918219986639E-014)
   3.1415926535897931        0.0000000000000000     
        (0.28606220810121269,1.07154080403426708E-029)
   1.0000000000000000                1           4
               (0.0000000000000000,0.0000000000000000)
  -1.5707963267948966        0.0000000000000000     
        (0.99999999999997091,1.08968389866959114E-013)
   0.0000000000000000        0.0000000000000000     
               (1.7162509325852231,0.0000000000000000)
   1.5707963267948966        0.0000000000000000     
       (0.99999999999997091,-1.08968389866959114E-013)
   3.1415926535897931        0.0000000000000000     
       (0.28374906741485645,-4.91712146436435051E-030)
   1.0000000000000000                1           4
               (0.0000000000000000,0.0000000000000000)
  -1.5707963267948966        0.0000000000000000     
       (0.99999999999976730,-1.04177777515701564E-012)
   0.0000000000000000        0.0000000000000000     
               (1.7170522422177728,0.0000000000000000)
   1.5707963267948966        0.0000000000000000     
        (0.99999999999976730,1.04177777515701564E-012)
   3.1415926535897931        0.0000000000000000     
        (0.28294775778302217,2.04753460441647977E-028)
   1.0000000000000000                1           4
               (0.0000000000000000,0.0000000000000000)
  -1.5707963267948966        0.0000000000000000     
         (1.0000000000000282,2.27040608535844513E-013)
   0.0000000000000000        0.0000000000000000     
               (1.7253016774464922,0.0000000000000000)
   1.5707963267948966        0.0000000000000000     
        (1.0000000000000282,-2.27040608535844513E-013)
   3.1415926535897931        0.0000000000000000     
       (0.27469832255348348,-3.27372290892439192E-029)
   1.0000000000000000                1           4
               (0.0000000000000000,0.0000000000000000)
  -1.5707963267948966        0.0000000000000000     
       (0.99999999999994194,-3.28626015289046273E-014)
   0.0000000000000000        0.0000000000000000     
               (1.7214148385847341,0.0000000000000000)
   1.5707963267948966        0.0000000000000000     
        (0.99999999999994194,3.28626015289046273E-014)
   3.1415926535897931        0.0000000000000000     
        (0.27858516141539258,1.88936416925121831E-029)
   1.0000000000000000                1           4
               (0.0000000000000000,0.0000000000000000)
  -1.5707963267948966        0.0000000000000000     
       (0.99999999999983036,-3.00759417370954907E-013)
   0.0000000000000000        0.0000000000000000     
               (1.7152674674908139,0.0000000000000000)
   1.5707963267948966        0.0000000000000000     
        (0.99999999999983036,3.00759417370954907E-013)
   3.1415926535897931        0.0000000000000000     
        (0.28473253250952196,7.81706248999972255E-029)
   1.0000000000000000                1           4
               (0.0000000000000000,0.0000000000000000)
  -1.5707963267948966        0.0000000000000000     
        (0.99999999999995115,1.50934820197790032E-013)
   0.0000000000000000        0.0000000000000000     
               (1.7213814287336733,0.0000000000000000)
   1.5707963267948966        0.0000000000000000     
       (0.99999999999995115,-1.50934820197790032E-013)
   3.1415926535897931        0.0000000000000000     
       (0.27861857126642137,-6.71126396059839688E-030)
   1.0000000000000000                1           4
               (0.0000000000000000,0.0000000000000000)
  -1.5707963267948966        0.0000000000000000     
         (1.0000000000001046,5.30131494258512122E-014)
   0.0000000000000000        0.0000000000000000     
               (1.7314991127671930,0.0000000000000000)
   1.5707963267948966        0.0000000000000000     
        (1.0000000000001046,-5.30131494258512122E-014)
   3.1415926535897931        0.0000000000000000     
       (0.26850088723257914,-3.32545348250716671E-029)
   1.0000000000000000                1           4
               (0.0000000000000000,0.0000000000000000)
  -1.5707963267948966        0.0000000000000000     
       (0.99999999999996125,-4.56301663120939275E-014)
   0.0000000000000000        0.0000000000000000     
               (1.7291312015244915,0.0000000000000000)
   1.5707963267948966        0.0000000000000000     
        (0.99999999999996125,4.56301663120939275E-014)
   3.1415926535897931        0.0000000000000000     
        (0.27086879847561729,1.69886352557518384E-029)
   1.0000000000000000                1           4
               (0.0000000000000000,0.0000000000000000)
  -1.5707963267948966        0.0000000000000000     
        (0.99999999999990963,2.32258656751582748E-013)
   0.0000000000000000        0.0000000000000000     
               (1.7104542265090761,0.0000000000000000)
   1.5707963267948966        0.0000000000000000     
       (0.99999999999990963,-2.32258656751582748E-013)
   3.1415926535897931        0.0000000000000000     
       (0.28954577349110733,-6.15134696185691911E-030)
   1.0000000000000000                1           4
               (0.0000000000000000,0.0000000000000000)
  -1.5707963267948966        0.0000000000000000     
        (0.99999999999935618,9.87543380404076743E-013)
   0.0000000000000000        0.0000000000000000     
               (1.7102898157639623,0.0000000000000000)
   1.5707963267948966        0.0000000000000000     
       (0.99999999999935618,-9.87543380404076743E-013)
   3.1415926535897931        0.0000000000000000     
        (0.28971018423738815,4.06119410202097976E-029)
   1.0000000000000000                1           4
               (0.0000000000000000,0.0000000000000000)
  -1.5707963267948966        0.0000000000000000     
       (0.99999999999993516,-2.53685961126848175E-014)
   0.0000000000000000        0.0000000000000000     
               (1.7241165508795648,0.0000000000000000)
   1.5707963267948966        0.0000000000000000     
        (0.99999999999993516,2.53685961126848175E-014)
   3.1415926535897931        0.0000000000000000     
        (0.27588344912061286,2.19199334635728879E-029)
   1.0000000000000000                1           4
               (0.0000000000000000,0.0000000000000000)
  -1.5707963267948966        0.0000000000000000     
        (0.99999999999988187,1.63313806922360552E-013)
   0.0000000000000000        0.0000000000000000     
               (1.7389900827253482,0.0000000000000000)
   1.5707963267948966        0.0000000000000000     
       (0.99999999999988187,-1.63313806922360552E-013)
   3.1415926535897931        0.0000000000000000     
        (0.26100991727486172,7.31794340964739114E-030)
   1.0000000000000000                1           4
               (0.0000000000000000,0.0000000000000000)
  -1.5707963267948966        0.0000000000000000     
         (1.0000000000000608,3.55271367880049422E-015)
   0.0000000000000000        0.0000000000000000     
               (1.7138717421040153,0.0000000000000000)
   1.5707963267948966        0.0000000000000000     
        (1.0000000000000608,-3.55271367880049422E-015)
   3.1415926535897931        0.0000000000000000     
       (0.28612825789589152,-1.35808533459489654E-029)
   1.0000000000000000                1           4
               (0.0000000000000000,0.0000000000000000)
  -1.5707963267948966        0.0000000000000000     
       (0.99999999999995071,-5.66213742558829773E-014)
   0.0000000000000000        0.0000000000000000     
               (1.7251330020656688,0.0000000000000000)
   1.5707963267948966        0.0000000000000000     
        (0.99999999999995071,5.66213742558829773E-014)
   3.1415926535897931        0.0000000000000000     
        (0.27486699793445357,2.04719675793329699E-029)
   1.0000000000000000                1           4
               (0.0000000000000000,0.0000000000000000)
  -1.5707963267948966        0.0000000000000000     
        (1.0000000000000600,-5.72875080706580901E-014)
   0.0000000000000000        0.0000000000000000     
               (1.7261515482499759,0.0000000000000000)
   1.5707963267948966        0.0000000000000000     
         (1.0000000000000600,5.72875080706580901E-014)
   3.1415926535897931        0.0000000000000000     
       (0.27384845174991840,-6.80095886957136511E-030)
   1.0000000000000000                1           4
               (0.0000000000000000,0.0000000000000000)
  -1.5707963267948966        0.0000000000000000     
        (1.0000000000001306,-2.37865283025939789E-013)
   0.0000000000000000        0.0000000000000000     
               (1.7233368893648497,0.0000000000000000)
   1.5707963267948966        0.0000000000000000     
         (1.0000000000001306,2.37865283025939789E-013)
   3.1415926535897931        0.0000000000000000     
       (0.27666311063489463,-2.49867396175614655E-030)
   1.0000000000000000                1           4
               (0.0000000000000000,0.0000000000000000)
  -1.5707963267948966        0.0000000000000000     
        (0.99999999999998823,1.18516307878735461E-013)
   0.0000000000000000        0.0000000000000000     
               (1.7163727354852489,0.0000000000000000)
   1.5707963267948966        0.0000000000000000     
       (0.99999999999998823,-1.18516307878735461E-013)
   3.1415926535897931        0.0000000000000000     
       (0.28362726451475956,-1.25561439134684886E-029)
   1.0000000000000000                1           4
               (0.0000000000000000,0.0000000000000000)
  -1.5707963267948966        0.0000000000000000     
        (1.0000000000009563,-3.81056297626969354E-012)
   0.0000000000000000        0.0000000000000000     
               (1.7307370766103722,0.0000000000000000)
   1.5707963267948966        0.0000000000000000     
         (1.0000000000009563,3.81056297626969354E-012)
   3.1415926535897931        0.0000000000000000     
        (0.26926292338800384,2.50109864156032268E-028)
   1.0000000000000000                1           4
               (0.0000000000000000,0.0000000000000000)
  -1.5707963267948966        0.0000000000000000     
        (0.99999999999991740,1.78246306603568883E-013)
   0.0000000000000000        0.0000000000000000     
               (1.7241559449824546,0.0000000000000000)
   1.5707963267948966        0.0000000000000000     
       (0.99999999999991740,-1.78246306603568883E-013)
   3.1415926535897931        0.0000000000000000     
       (0.27584405501771936,-1.04979240961829397E-030)
   1.0000000000000000                1           4
               (0.0000000000000000,0.0000000000000000)
  -1.5707963267948966        0.0000000000000000     
       (0.99999999999998979,-7.58837437331294495E-014)
   0.0000000000000000        0.0000000000000000     
               (1.7364594541817029,0.0000000000000000)
   1.5707963267948966        0.0000000000000000     
        (0.99999999999998979,7.58837437331294495E-014)
   3.1415926535897931        0.0000000000000000     
        (0.26354054581834441,1.34399035807648244E-029)
   1.0000000000000000                1           4
               (0.0000000000000000,0.0000000000000000)
  -1.5707963267948966        0.0000000000000000     
         (1.0000000000001206,1.86517468137026141E-014)
   0.0000000000000000        0.0000000000000000     
               (1.7228061639686245,0.0000000000000000)
   1.5707963267948966        0.0000000000000000     
        (1.0000000000001206,-1.86517468137026141E-014)
   3.1415926535897931        0.0000000000000000     
       (0.27719383603114423,-3.11938258754800259E-029)
   1.0000000000000000                1           4
               (0.0000000000000000,0.0000000000000000)
  -1.5707963267948966        0.0000000000000000     
         (1.0000000000003633,1.78912440418343926E-013)
   0.0000000000000000        0.0000000000000000     
               (1.7295558011653558,0.0000000000000000)
   1.5707963267948966        0.0000000000000000     
        (1.0000000000003633,-1.78912440418343926E-013)
   3.1415926535897931        0.0000000000000000     
       (0.27044419883393023,-1.10113359092324772E-028)
   1.0000000000000000                1           4
               (0.0000000000000000,0.0000000000000000)
  -1.5707963267948966        0.0000000000000000     
         (1.0000000000001232,6.45594688819528402E-014)
   0.0000000000000000        0.0000000000000000     
               (1.7178224960478883,0.0000000000000000)
   1.5707963267948966        0.0000000000000000     
        (1.0000000000001232,-6.45594688819528402E-014)
   3.1415926535897931        0.0000000000000000     
       (0.28217750395188995,-3.65816686857135443E-029)
   1.0000000000000000                1           4
               (0.0000000000000000,0.0000000000000000)
  -1.5707963267948966        0.0000000000000000     
       (0.99999999999990352,-1.56097357262296984E-013)
   0.0000000000000000        0.0000000000000000     
               (1.7289981833113617,0.0000000000000000)
   1.5707963267948966        0.0000000000000000     
        (0.99999999999990352,1.56097357262296984E-013)
   3.1415926535897931        0.0000000000000000     
        (0.27100181668887563,4.54655044535112143E-029)
   1.0000000000000000                1           4
               (0.0000000000000000,0.0000000000000000)
  -1.5707963267948966        0.0000000000000000     
        (0.99999999999991196,1.14575016141316155E-013)
   0.0000000000000000        0.0000000000000000     
               (1.7200202825175128,0.0000000000000000)
   1.5707963267948966        0.0000000000000000     
       (0.99999999999991196,-1.14575016141316155E-013)
   3.1415926535897931        0.0000000000000000     
        (0.27997971748267908,8.49872270924148373E-030)
   1.0000000000000000                1           4
               (0.0000000000000000,0.0000000000000000)
  -1.5707963267948966        0.0000000000000000     
        (1.0000000000000666,-7.58837437331294622E-014)
   0.0000000000000000        0.0000000000000000     
               (1.7281700830598072,0.0000000000000000)
   1.5707963267948966        0.0000000000000000     
         (1.0000000000000666,7.58837437331294622E-014)
   3.1415926535897931        0.0000000000000000     
       (0.27182991694006653,-6.59521300872970563E-030)
   1.0000000000000000                1           4
               (0.0000000000000000,0.0000000000000000)
  -1.5707963267948966        0.0000000000000000     
        (1.0000000000000098,-1.76136882856781085E-013)
   0.0000000000000000        0.0000000000000000     
               (1.7185695112707047,0.0000000000000000)
   1.5707963267948966        0.0000000000000000     
         (1.0000000000000098,1.76136882856781085E-013)
   3.1415926535897931        0.0000000000000000     
        (0.28143048872928644,1.98277970387564927E-029)
   1.0000000000000000                1           4
               (0.0000000000000000,0.0000000000000000)
  -1.5707963267948966        0.0000000000000000     
       (0.99999999999986389,-4.19109191795996594E-013)
   0.0000000000000000        0.0000000000000000     
               (1.7335598916549901,0.0000000000000000)
   1.5707963267948966        0.0000000000000000     
        (0.99999999999986389,4.19109191795996594E-013)
   3.1415926535897931        0.0000000000000000     
        (0.26644010834536996,9.00506206161714631E-029)
   1.0000000000000000                1           4
               (0.0000000000000000,0.0000000000000000)
  -1.5707963267948966        0.0000000000000000     
        (0.99999999999993849,4.02455846426619309E-014)
   0.0000000000000000        0.0000000000000000     
               (1.7318942458999675,0.0000000000000000)
   1.5707963267948966        0.0000000000000000     
       (0.99999999999993849,-4.02455846426619309E-014)
   3.1415926535897931        0.0000000000000000     
        (0.26810575410017046,1.10547480160231048E-029)
   1.0000000000000000                1           4
               (0.0000000000000000,0.0000000000000000)
  -1.5707963267948966        0.0000000000000000     
        (0.99999999999996703,1.08191233749721505E-013)
   0.0000000000000000        0.0000000000000000     
               (1.7115643822601294,0.0000000000000000)
   1.5707963267948966        0.0000000000000000     
       (0.99999999999996703,-1.08191233749721505E-013)
   3.1415926535897931        0.0000000000000000     
       (0.28843561773995707,-3.91276852926637796E-030)
   1.0000000000000000                1           4
               (0.0000000000000000,0.0000000000000000)
  -1.5707963267948966        0.0000000000000000     
        (0.99999999999974953,6.57862653241636508E-013)
   0.0000000000000000        0.0000000000000000     
               (1.7208994727581797,0.0000000000000000)
   1.5707963267948966        0.0000000000000000     
       (0.99999999999974953,-6.57862653241636508E-013)
   3.1415926535897931        0.0000000000000000     
       (0.27910052724230483,-2.02236420961264179E-029)
   1.0000000000000000                1           4
               (0.0000000000000000,0.0000000000000000)
  -1.5707963267948966        0.0000000000000000     
       (0.99999999999989753,-3.44113626482567270E-013)
   0.0000000000000000        0.0000000000000000     
               (1.7180599005531607,0.0000000000000000)
   1.5707963267948966        0.0000000000000000     
        (0.99999999999989753,3.44113626482567270E-013)
   3.1415926535897931        0.0000000000000000     
        (0.28194009944705145,6.76813525345283490E-029)
   1.0000000000000000                1           4
               (0.0000000000000000,0.0000000000000000)
  -1.5707963267948966        0.0000000000000000     
        (1.0000000000000695,-5.86752868514395358E-014)
   0.0000000000000000        0.0000000000000000     
               (1.7246282994417930,0.0000000000000000)
   1.5707963267948966        0.0000000000000000     
         (1.0000000000000695,5.86752868514395358E-014)
   3.1415926535897931        0.0000000000000000     
       (0.27537170055809196,-8.34369722981386226E-030)
   1.0000000000000000                1           4
               (0.0000000000000000,0.0000000000000000)
  -1.5707963267948966        0.0000000000000000     
         (1.0000000000000899,1.15074616502397475E-013)
   0.0000000000000000        0.0000000000000000     
               (1.7332215520835497,0.0000000000000000)
   1.5707963267948966        0.0000000000000000     
        (1.0000000000000899,-1.15074616502397475E-013)
   3.1415926535897931        0.0000000000000000     
       (0.26677844791628641,-3.51573499886247981E-029)
   1.0000000000000000                1           4
               (0.0000000000000000,0.0000000000000000)
  -1.5707963267948966        0.0000000000000000     
       (0.99999999999906564,-1.94677607368021073E-013)
   0.0000000000000000        0.0000000000000000     
               (1.7262267933392363,0.0000000000000000)
   1.5707963267948966        0.0000000000000000     
        (0.99999999999906564,1.94677607368021073E-013)
   3.1415926535897931        0.0000000000000000     
        (0.27377320666265981,2.54376525414897345E-028)
   1.0000000000000000                1           4
               (0.0000000000000000,0.0000000000000000)
  -1.5707963267948966        0.0000000000000000     
         (1.0000000000000633,5.55666623824890785E-014)
   0.0000000000000000        0.0000000000000000     
               (1.7309899842242684,0.0000000000000000)
   1.5707963267948966        0.0000000000000000     
        (1.0000000000000633,-5.55666623824890785E-014)
   3.1415926535897931        0.0000000000000000     
       (0.26901001577561662,-2.16142253753847654E-029)
   1.0000000000000000                1           4
               (0.0000000000000000,0.0000000000000000)
  -1.5707963267948966        0.0000000000000000     
        (1.0000000000000393,-4.56301663120939401E-014)
   0.0000000000000000        0.0000000000000000     
               (1.7267686173418284,0.0000000000000000)
   1.5707963267948966        0.0000000000000000     
         (1.0000000000000393,4.56301663120939401E-014)
   3.1415926535897931        0.0000000000000000     
       (0.27323138265809299,-4.02822622093377461E-030)
   1.0000000000000000                1           4
               (0.0000000000000000,0.0000000000000000)
  -1.5707963267948966        0.0000000000000000     
         (1.0000000000000919,1.27287069773274197E-013)
   0.0000000000000000        0.0000000000000000     
               (1.7384869659867090,0.0000000000000000)
   1.5707963267948966        0.0000000000000000     
        (1.0000000000000919,-1.27287069773274197E-013)
   3.1415926535897931        0.0000000000000000     
       (0.26151303401312914,-3.67492257472249217E-029)
   1.0000000000000000                1           4
               (0.0000000000000000,0.0000000000000000)
  -1.5707963267948966        0.0000000000000000     
       (0.99999999999996303,-1.04583008919689746E-013)
   0.0000000000000000        0.0000000000000000     
               (1.7368800325287834,0.0000000000000000)
   1.5707963267948966        0.0000000000000000     
        (0.99999999999996303,1.04583008919689746E-013)
   3.1415926535897931        0.0000000000000000     
        (0.26311996747130373,2.26835257626089395E-029)
   1.0000000000000000                1           4
               (0.0000000000000000,0.0000000000000000)
  -1.5707963267948966        0.0000000000000000     
       (0.99999999999981937,-7.39408534400354003E-014)
   0.0000000000000000        0.0000000000000000     
               (1.7268772614696355,0.0000000000000000)
   1.5707963267948966        0.0000000000000000     
        (0.99999999999981937,7.39408534400354003E-014)
   3.1415926535897931        0.0000000000000000     
        (0.27312273853073943,5.41153981066302064E-029)
   1.0000000000000000                1           4
               (0.0000000000000000,0.0000000000000000)
  -1.5707963267948966        0.0000000000000000     
         (1.0000000000000120,7.09432512735475029E-014)
   0.0000000000000000        0.0000000000000000     
               (1.7066111151926471,0.0000000000000000)
   1.5707963267948966        0.0000000000000000     
        (1.0000000000000120,-7.09432512735475029E-014)
   3.1415926535897931        0.0000000000000000     
       (0.29338888480734332,-1.07472474664191045E-029)
   1.0000000000000000                1           4
               (0.0000000000000000,0.0000000000000000)
  -1.5707963267948966        0.0000000000000000     
         (1.0000000000000611,1.60982338570647604E-014)
   0.0000000000000000        0.0000000000000000     
               (1.7233253935803170,0.0000000000000000)
   1.5707963267948966        0.0000000000000000     
        (1.0000000000000611,-1.60982338570647604E-014)
   3.1415926535897931        0.0000000000000000     
       (0.27667460641954561,-1.78738358401787018E-029)
   1.0000000000000000                1           4
               (0.0000000000000000,0.0000000000000000)
  -1.5707963267948966        0.0000000000000000     
         (1.0000000000000311,3.13638004456606660E-014)
   0.0000000000000000        0.0000000000000000     
               (1.7247903139221048,0.0000000000000000)
   1.5707963267948966        0.0000000000000000     
        (1.0000000000000311,-3.13638004456606660E-014)
   3.1415926535897931        0.0000000000000000     
       (0.27520968607785268,-1.02612850451111428E-029)
   1.0000000000000000                1           4
               (0.0000000000000000,0.0000000000000000)
  -1.5707963267948966        0.0000000000000000     
        (0.99999999999998246,1.48103751484995882E-013)
   0.0000000000000000        0.0000000000000000     
               (1.7210076986050584,0.0000000000000000)
   1.5707963267948966        0.0000000000000000     
       (0.99999999999998246,-1.48103751484995882E-013)
   3.1415926535897931        0.0000000000000000     
       (0.27899230139491016,-1.79065242245852896E-029)
   1.0000000000000000                1           4
               (0.0000000000000000,0.0000000000000000)
  -1.5707963267948966        0.0000000000000000     
       (0.99999999999990952,-1.24678045665405079E-013)
   0.0000000000000000        0.0000000000000000     
               (1.7300035659704389,0.0000000000000000)
   1.5707963267948966        0.0000000000000000     
        (0.99999999999990952,1.24678045665405079E-013)
   3.1415926535897931        0.0000000000000000     
        (0.26999643402972479,3.63739038042239267E-029)
   1.0000000000000000                1           4
               (0.0000000000000000,0.0000000000000000)
  -1.5707963267948966        0.0000000000000000     
         (1.0000000000000460,2.02060590481778427E-014)
   0.0000000000000000        0.0000000000000000     
               (1.7197002700290949,0.0000000000000000)
   1.5707963267948966        0.0000000000000000     
        (1.0000000000000460,-2.02060590481778427E-014)
   3.1415926535897931        0.0000000000000000     
       (0.28029972997082736,-1.28793098232776067E-029)
   1.0000000000000000                1           4
               (0.0000000000000000,0.0000000000000000)
  -1.5707963267948966        0.0000000000000000     
        (1.0000000000000853,-4.27768931388072815E-013)
   0.0000000000000000        0.0000000000000000     
               (1.7242663668566709,0.0000000000000000)
   1.5707963267948966        0.0000000000000000     
         (1.0000000000000853,4.27768931388072815E-013)
   3.1415926535897931        0.0000000000000000     
        (0.27573363314313615,3.01194509909036840E-029)
   1.0000000000000000                1           4
               (0.0000000000000000,0.0000000000000000)
  -1.5707963267948966        0.0000000000000000     
       (0.99999999999993194,-6.43929354282589926E-015)
   0.0000000000000000        0.0000000000000000     
               (1.7164043851495081,0.0000000000000000)
   1.5707963267948966        0.0000000000000000     
        (0.99999999999993194,6.43929354282589926E-015)
   3.1415926535897931        0.0000000000000000     
        (0.28359561485063101,1.76225205534518556E-029)
   1.0000000000000000                1           4
               (0.0000000000000000,0.0000000000000000)
  -1.5707963267948966        0.0000000000000000     
        (1.0000000000000757,-3.29292149103821430E-013)
   0.0000000000000000        0.0000000000000000     
               (1.7239306009047279,0.0000000000000000)
   1.5707963267948966        0.0000000000000000     
         (1.0000000000000757,3.29292149103821430E-013)
   3.1415926535897931        0.0000000000000000     
        (0.27606939909511274,2.13043416601622821E-029)
   1.0000000000000000                1           4
               (0.0000000000000000,0.0000000000000000)
  -1.5707963267948966        0.0000000000000000     
       (0.99999999999999634,-4.24105195406809798E-014)
   0.0000000000000000        0.0000000000000000     
               (1.7258157354393728,0.0000000000000000)
   1.5707963267948966        0.0000000000000000     
        (0.99999999999999634,4.24105195406809798E-014)
   3.1415926535897931        0.0000000000000000     
        (0.27418426456065154,7.13460546967766879E-030)
   1.0000000000000000                1           4
               (0.0000000000000000,0.0000000000000000)
  -1.5707963267948966        0.0000000000000000     
        (1.0000000000001197,-5.01820807130570882E-014)
   0.0000000000000000        0.0000000000000000     
               (1.7248583676596121,0.0000000000000000)
   1.5707963267948966        0.0000000000000000     
         (1.0000000000001197,5.01820807130570882E-014)
   3.1415926535897931        0.0000000000000000     
       (0.27514163234015659,-2.26844108336432104E-029)
   1.0000000000000000                1           4
               (0.0000000000000000,0.0000000000000000)
  -1.5707963267948966        0.0000000000000000     
         (1.0000000000000377,1.19904086659516906E-013)
   0.0000000000000000        0.0000000000000000     
               (1.7074530729965789,0.0000000000000000)
   1.5707963267948966        0.0000000000000000     
        (1.0000000000000377,-1.19904086659516906E-013)
   3.1415926535897931        0.0000000000000000     
       (0.29254692700333951,-2.43041063503260372E-029)
   1.0000000000000000                1           4
               (0.0000000000000000,0.0000000000000000)
  -1.5707963267948966        0.0000000000000000     
        (0.99999999999984579,1.78745906964650392E-014)
   0.0000000000000000        0.0000000000000000     
               (1.7330187459724085,0.0000000000000000)
   1.5707963267948966        0.0000000000000000     
       (0.99999999999984579,-1.78745906964650392E-014)
   3.1415926535897931        0.0000000000000000     
        (0.26698125402790379,3.58053115338811692E-029)
   1.0000000000000000                1           4
               (0.0000000000000000,0.0000000000000000)
  -1.5707963267948966        0.0000000000000000     
         (1.0000000000000977,8.19344592173365401E-014)
   0.0000000000000000        0.0000000000000000     
               (1.7354346358062089,0.0000000000000000)
   1.5707963267948966        0.0000000000000000     
        (1.0000000000000977,-8.19344592173365401E-014)
   3.1415926535897931        0.0000000000000000     
       (0.26456536419362864,-3.19315591918712090E-029)
   1.0000000000000000                1           4
               (0.0000000000000000,0.0000000000000000)
  -1.5707963267948966        0.0000000000000000     
        (1.0000000000000355,-1.06026298851702497E-014)
   0.0000000000000000        0.0000000000000000     
               (1.7463050264652664,0.0000000000000000)
   1.5707963267948966        0.0000000000000000     
         (1.0000000000000355,1.06026298851702497E-014)
   3.1415926535897931        0.0000000000000000     
       (0.25369497353466786,-7.08091197672917605E-030)
   1.0000000000000000                1           4
               (0.0000000000000000,0.0000000000000000)
  -1.5707963267948966        0.0000000000000000     
         (1.0000000000001572,1.06142872269288091E-012)
   0.0000000000000000        0.0000000000000000     
               (1.7189640604378944,0.0000000000000000)
   1.5707963267948966        0.0000000000000000     
        (1.0000000000001572,-1.06142872269288091E-012)
   3.1415926535897931        0.0000000000000000     
       (0.28103593956175044,-1.70986992163422226E-028)
   1.0000000000000000                1           4
               (0.0000000000000000,0.0000000000000000)
  -1.5707963267948966        0.0000000000000000     
       (0.99999999999965095,-3.04256619898524099E-013)
   0.0000000000000000        0.0000000000000000     
               (1.7174806861283787,0.0000000000000000)
   1.5707963267948966        0.0000000000000000     
        (0.99999999999965095,3.04256619898524099E-013)
   3.1415926535897931        0.0000000000000000     
        (0.28251931387231927,1.22761349284598825E-028)
   1.0000000000000000                1           4
               (0.0000000000000000,0.0000000000000000)
  -1.5707963267948966        0.0000000000000000     
        (1.0000000000000944,-2.38142838782096078E-013)
   0.0000000000000000        0.0000000000000000     
               (1.7270297257905616,0.0000000000000000)
   1.5707963267948966        0.0000000000000000     
         (1.0000000000000944,2.38142838782096078E-013)
   3.1415926535897931        0.0000000000000000     
        (0.27297027420925218,6.20210979895696430E-030)
   1.0000000000000000                1           4
               (0.0000000000000000,0.0000000000000000)
  -1.5707963267948966        0.0000000000000000     
         (1.0000000000002034,5.00155472593632769E-014)
   0.0000000000000000        0.0000000000000000     
               (1.7235178360655243,0.0000000000000000)
   1.5707963267948966        0.0000000000000000     
        (1.0000000000002034,-5.00155472593632769E-014)
   3.1415926535897931        0.0000000000000000     
       (0.27648216393407588,-5.55121511922031767E-029)
   1.0000000000000000                1           4
               (0.0000000000000000,0.0000000000000000)
  -1.5707963267948966        0.0000000000000000     
        (1.0000000000002003,-6.73405775586388700E-013)
   0.0000000000000000        0.0000000000000000     
               (1.7240802270104405,0.0000000000000000)
   1.5707963267948966        0.0000000000000000     
         (1.0000000000002003,6.73405775586388700E-013)
   3.1415926535897931        0.0000000000000000     
        (0.27591977298916781,3.39338831501455964E-029)
   1.0000000000000000                1           4
               (0.0000000000000000,0.0000000000000000)
  -1.5707963267948966        0.0000000000000000     
         (1.0000000000000753,2.58126853225348833E-014)
   0.0000000000000000        0.0000000000000000     
               (1.7267092717956556,0.0000000000000000)
   1.5707963267948966        0.0000000000000000     
        (1.0000000000000753,-2.58126853225348833E-014)
   3.1415926535897931        0.0000000000000000     
       (0.27329072820423822,-1.88981340660128666E-029)
   1.0000000000000000                1           4
               (0.0000000000000000,0.0000000000000000)
  -1.5707963267948966        0.0000000000000000     
         (1.0000000000003586,2.31481500634344728E-014)
   0.0000000000000000        0.0000000000000000     
               (1.7176045695317559,0.0000000000000000)
   1.5707963267948966        0.0000000000000000     
        (1.0000000000003586,-2.31481500634344728E-014)
   3.1415926535897931        0.0000000000000000     
       (0.28239543046757126,-8.79471373694033883E-029)
   1.0000000000000000                1           4
               (0.0000000000000000,0.0000000000000000)
  -1.5707963267948966        0.0000000000000000     
         (1.0000000000000238,7.72770736290340210E-013)
   0.0000000000000000        0.0000000000000000     
               (1.7257183058912118,0.0000000000000000)
   1.5707963267948966        0.0000000000000000     
        (1.0000000000000238,-7.72770736290340210E-013)
   3.1415926535897931        0.0000000000000000     
       (0.27428169410875136,-9.97979466641644241E-029)
   1.0000000000000000                1           4
               (0.0000000000000000,0.0000000000000000)
  -1.5707963267948966        0.0000000000000000     
       (0.99999999999996458,-1.46438416948058148E-013)
   0.0000000000000000        0.0000000000000000     
               (1.7282412015639557,0.0000000000000000)
   1.5707963267948966        0.0000000000000000     
        (0.99999999999996458,1.46438416948058148E-013)
   3.1415926535897931        0.0000000000000000     
        (0.27175879843612138,2.69911345521037969E-029)
   1.0000000000000000                1           4
               (0.0000000000000000,0.0000000000000000)
  -1.5707963267948966        0.0000000000000000     
         (1.0000000000000084,2.52020626589910535E-014)
   0.0000000000000000        0.0000000000000000     
               (1.7274769299744657,0.0000000000000000)
   1.5707963267948966        0.0000000000000000     
        (1.0000000000000084,-2.52020626589910535E-014)
   3.1415926535897931        0.0000000000000000     
       (0.27252307002554405,-3.54968664481732554E-030)
   1.0000000000000000                1           4
               (0.0000000000000000,0.0000000000000000)
  -1.5707963267948966        0.0000000000000000     
        (0.99999999999988021,1.68198788230711374E-014)
   0.0000000000000000        0.0000000000000000     
               (1.7428487110451911,0.0000000000000000)
   1.5707963267948966        0.0000000000000000     
       (0.99999999999988021,-1.68198788230711374E-014)
   3.1415926535897931        0.0000000000000000     
        (0.25715128895507000,2.85879685951879424E-029)
   1.0000000000000000                1           4
               (0.0000000000000000,0.0000000000000000)
  -1.5707963267948966        0.0000000000000000     
         (1.0000000000000187,8.85402862138562341E-014)
   0.0000000000000000        0.0000000000000000     
               (1.7284039442722055,0.0000000000000000)
   1.5707963267948966        0.0000000000000000     
        (1.0000000000000187,-8.85402862138562341E-014)
   3.1415926535897931        0.0000000000000000     
       (0.27159605572778905,-1.34644036221341567E-029)
   1.0000000000000000                1           4
               (0.0000000000000000,0.0000000000000000)
  -1.5707963267948966        0.0000000000000000     
        (1.0000000000001341,-7.11652958784725469E-014)
   0.0000000000000000        0.0000000000000000     
               (1.7085174374720378,0.0000000000000000)
   1.5707963267948966        0.0000000000000000     
         (1.0000000000001341,7.11652958784725469E-014)
   3.1415926535897931        0.0000000000000000     
       (0.29148256252764576,-2.70726797861114455E-029)
   1.0000000000000000                1           4
               (0.0000000000000000,0.0000000000000000)
  -1.5707963267948966        0.0000000000000000     
        (0.99999999999995948,6.02295990859147423E-014)
   0.0000000000000000        0.0000000000000000     
               (1.7324130210472564,0.0000000000000000)
   1.5707963267948966        0.0000000000000000     
       (0.99999999999995948,-6.02295990859147423E-014)
   3.1415926535897931        0.0000000000000000     
        (0.26758697895284789,3.97441605055217263E-030)
   1.0000000000000000                1           4
               (0.0000000000000000,0.0000000000000000)
  -1.5707963267948966        0.0000000000000000     
         (1.0000000000000111,3.09197112358106097E-014)
   0.0000000000000000        0.0000000000000000     
               (1.7226356010523678,0.0000000000000000)
   1.5707963267948966        0.0000000000000000     
        (1.0000000000000111,-3.09197112358106097E-014)
   3.1415926535897931        0.0000000000000000     
       (0.27736439894760456,-6.84468629726249932E-030)
   1.0000000000000000                1           4
               (0.0000000000000000,0.0000000000000000)
  -1.5707963267948966        0.0000000000000000     
       (0.99999999999995615,-1.38944411531838341E-013)
   0.0000000000000000        0.0000000000000000     
               (1.7269901518244057,0.0000000000000000)
   1.5707963267948966        0.0000000000000000     
        (0.99999999999995615,1.38944411531838341E-013)
   3.1415926535897931        0.0000000000000000     
        (0.27300984817567853,2.75455428729143559E-029)
   1.0000000000000000                1           4
               (0.0000000000000000,0.0000000000000000)
  -1.5707963267948966        0.0000000000000000     
        (1.0000000000000751,-1.95954363846340129E-013)
   0.0000000000000000        0.0000000000000000     
               (1.7267504796616595,0.0000000000000000)
   1.5707963267948966        0.0000000000000000     
         (1.0000000000000751,1.95954363846340129E-013)
   3.1415926535897931        0.0000000000000000     
        (0.27324952033820982,6.79510721715587606E-030)
   1.0000000000000000                1           4
               (0.0000000000000000,0.0000000000000000)
  -1.5707963267948966        0.0000000000000000     
        (0.99999999999995659,6.93889390390723311E-015)
   0.0000000000000000        0.0000000000000000     
               (1.7288320516071505,0.0000000000000000)
   1.5707963267948966        0.0000000000000000     
       (0.99999999999995659,-6.93889390390723311E-015)
   3.1415926535897931        0.0000000000000000     
        (0.27116794839292363,9.00010618835175535E-030)
   1.0000000000000000                1           4
               (0.0000000000000000,0.0000000000000000)
  -1.5707963267948966        0.0000000000000000     
         (1.0000000000000131,3.14193115968919301E-014)
   0.0000000000000000        0.0000000000000000     
               (1.7308727734348106,0.0000000000000000)
   1.5707963267948966        0.0000000000000000     
        (1.0000000000000131,-3.14193115968919301E-014)
   3.1415926535897931        0.0000000000000000     
       (0.26912722656517463,-6.36978265875091497E-030)
   1.0000000000000000                1           4
               (0.0000000000000000,0.0000000000000000)
  -1.5707963267948966        0.0000000000000000     
       (0.99999999999995781,-1.06581410364014981E-014)
   0.0000000000000000        0.0000000000000000     
               (1.7278446649170744,0.0000000000000000)
   1.5707963267948966        0.0000000000000000     
        (0.99999999999995781,1.06581410364014981E-014)
   3.1415926535897931        0.0000000000000000     
        (0.27215533508300910,1.15870021373561243E-029)
   1.0000000000000000                1           4
               (0.0000000000000000,0.0000000000000000)
  -1.5707963267948966        0.0000000000000000     
        (0.99999999999994138,3.77475828372553287E-014)
   0.0000000000000000        0.0000000000000000     
               (1.7215477838585285,0.0000000000000000)
   1.5707963267948966        0.0000000000000000     
       (0.99999999999994138,-3.77475828372553287E-014)
   3.1415926535897931        0.0000000000000000     
        (0.27845221614160476,1.07040269045758530E-029)
   1.0000000000000000                1           4
               (0.0000000000000000,0.0000000000000000)
  -1.5707963267948966        0.0000000000000000     
        (0.99999999999994527,1.46826995006676952E-013)
   0.0000000000000000        0.0000000000000000     
               (1.7262673252306000,0.0000000000000000)
   1.5707963267948966        0.0000000000000000     
       (0.99999999999994527,-1.46826995006676952E-013)
   3.1415926535897931        0.0000000000000000     
       (0.27373267476952790,-3.43931187119545596E-030)
   1.0000000000000000                1           4
               (0.0000000000000000,0.0000000000000000)
  -1.5707963267948966        0.0000000000000000     
       (0.99999999999999878,-3.56381590904675249E-014)
   0.0000000000000000        0.0000000000000000     
               (1.7225742906816015,0.0000000000000000)
   1.5707963267948966        0.0000000000000000     
        (0.99999999999999878,3.56381590904675249E-014)
   3.1415926535897931        0.0000000000000000     
        (0.27742570931841704,5.65052970412690058E-030)
   1.0000000000000000                1           4
               (0.0000000000000000,0.0000000000000000)
  -1.5707963267948966        0.0000000000000000     
       (0.99999999999991995,-1.01751940206895584E-013)
   0.0000000000000000        0.0000000000000000     
               (1.7229155787413615,0.0000000000000000)
   1.5707963267948966        0.0000000000000000     
        (0.99999999999991995,1.01751940206895584E-013)
   3.1415926535897931        0.0000000000000000     
        (0.27708442125882438,3.36468090520827289E-029)
   1.0000000000000000                1           4
               (0.0000000000000000,0.0000000000000000)
  -1.5707963267948966        0.0000000000000000     
        (0.99999999999966394,6.21114271126543827E-013)
   0.0000000000000000        0.0000000000000000     
               (1.7143058557117696,0.0000000000000000)
   1.5707963267948966        0.0000000000000000     
       (0.99999999999966394,-6.21114271126543827E-013)
   3.1415926535897931        0.0000000000000000     
        (0.28569414428894335,8.74098904591458706E-030)
   1.0000000000000000                1           4
               (0.0000000000000000,0.0000000000000000)
  -1.5707963267948966        0.0000000000000000     
       (0.99999999999997846,-7.54396545232793869E-014)
   0.0000000000000000        0.0000000000000000     
               (1.7332116091728498,0.0000000000000000)
   1.5707963267948966        0.0000000000000000     
        (0.99999999999997846,7.54396545232793869E-014)
   3.1415926535897931        0.0000000000000000     
        (0.26678839082700773,3.13719712672427758E-030)
   1.0000000000000000                1           4
               (0.0000000000000000,0.0000000000000000)
  -1.5707963267948966        0.0000000000000000     
       (0.99999999999987088,-2.47746267945103682E-013)
   0.0000000000000000        0.0000000000000000     
               (1.7243754579606070,0.0000000000000000)
   1.5707963267948966        0.0000000000000000     
        (0.99999999999987088,2.47746267945103682E-013)
   3.1415926535897931        0.0000000000000000     
        (0.27562454203967945,6.36935979353146414E-029)
