   1.0000000000000000                1           4
               (1.0000000000000016,0.0000000000000000)
  -1.5707963267948966        0.0000000000000000     
        (0.17823592604059679,1.19801548067328609E-016)
   0.0000000000000000        0.0000000000000000     
               (4.0053952578156764,0.0000000000000000)
   1.5707963267948966        0.0000000000000000     
       (0.17823592604059679,-1.19801548067328609E-016)
   3.1415926535897931        0.0000000000000000     
        (0.26409210700728369,2.39603096134657218E-016)
   1.0000000000000000                1           4
               (1.0000000000000018,0.0000000000000000)
  -1.5707963267948966        0.0000000000000000     
        (0.17528788586704902,1.19915358539179986E-016)
   0.0000000000000000        0.0000000000000000     
               (4.0049569183130291,0.0000000000000000)
   1.5707963267948966        0.0000000000000000     
       (0.17528788586704902,-1.19915358539179986E-016)
   3.1415926535897931        0.0000000000000000     
        (0.26235169827624594,2.39830717078359973E-016)
   1.0000000000000000                1           4
              (0.99999999999999978,0.0000000000000000)
  -1.5707963267948966        0.0000000000000000     
       (0.17394361017660254,-1.02032517825143240E-016)
   0.0000000000000000        0.0000000000000000     
               (4.0043732713702358,0.0000000000000000)
   1.5707963267948966        0.0000000000000000     
        (0.17394361017660254,1.02032517825143240E-016)
   3.1415926535897931        0.0000000000000000     
        (0.26340618839257424,2.40024174199776185E-016)
   1.0000000000000000                1           4
               (1.0000000000000022,0.0000000000000000)
  -1.5707963267948966        0.0000000000000000     
        (0.16860872409789640,9.16567717522993263E-018)
   0.0000000000000000        0.0000000000000000     
               (4.0046580690344840,0.0000000000000000)
   1.5707963267948966        0.0000000000000000     
       (0.16860872409789640,-9.16567717522993263E-018)
   3.1415926535897931        0.0000000000000000     
        (0.25819670484329837,2.40375959275491223E-016)
   1.0000000000000000                1           4
               (1.0000000000000036,0.0000000000000000)
  -1.5707963267948966        0.0000000000000000     
        (0.17043811909788109,3.42113484356727531E-016)
   0.0000000000000000        0.0000000000000000     
               (4.0048940038470802,0.0000000000000000)
   1.5707963267948966        0.0000000000000000     
       (0.17043811909788109,-3.42113484356727531E-016)
   3.1415926535897931        0.0000000000000000     
        (0.25772945208665587,2.40137758863392348E-016)
   1.0000000000000000                1           4
               (1.0000000000000049,0.0000000000000000)
  -1.5707963267948966        0.0000000000000000     
        (0.17363610148348163,9.06826800492522219E-018)
   0.0000000000000000        0.0000000000000000     
               (4.0057389413794535,0.0000000000000000)
   1.5707963267948966        0.0000000000000000     
       (0.17363610148348163,-9.06826800492522219E-018)
   3.1415926535897931        0.0000000000000000     
        (0.26398896231861335,2.40181140934881752E-016)
   1.0000000000000000                1           4
               (1.0000000000000018,0.0000000000000000)
  -1.5707963267948966        0.0000000000000000     
        (0.16887101367061641,1.20214214797899521E-016)
   0.0000000000000000        0.0000000000000000     
               (4.0041283250621138,0.0000000000000000)
   1.5707963267948966        0.0000000000000000     
       (0.16887101367061641,-1.20214214797899521E-016)
   3.1415926535897931        0.0000000000000000     
        (0.26010793332099413,2.40428429595799042E-016)
   1.0000000000000000                1           4
               (1.0000000000000058,0.0000000000000000)
  -1.5707963267948966        0.0000000000000000     
        (0.16464527281441499,1.20474173819390400E-016)
   0.0000000000000000        0.0000000000000000     
               (4.0043955699597618,0.0000000000000000)
   1.5707963267948966        0.0000000000000000     
       (0.16464527281441499,-1.20474173819390400E-016)
   3.1415926535897931        0.0000000000000000     
        (0.25988011271492373,2.40948347638780801E-016)
   1.0000000000000000                1           4
              (0.99999999999999967,0.0000000000000000)
  -1.5707963267948966        0.0000000000000000     
        (0.17208823284417096,1.20118605149303756E-016)
   0.0000000000000000        0.0000000000000000     
               (4.0039851640061919,0.0000000000000000)
   1.5707963267948966        0.0000000000000000     
       (0.17208823284417096,-1.20118605149303756E-016)
   3.1415926535897931        0.0000000000000000     
        (0.26356268461264054,2.40237210298607513E-016)
   1.0000000000000000                1           4
               (1.0000000000000047,0.0000000000000000)
  -1.5707963267948966        0.0000000000000000     
        (0.17370723804259780,2.31031213148493764E-016)
   0.0000000000000000        0.0000000000000000     
               (4.0043621017632862,0.0000000000000000)
   1.5707963267948966        0.0000000000000000     
       (0.17370723804259780,-2.31031213148493764E-016)
   3.1415926535897931        0.0000000000000000     
        (0.26284086417981745,2.40017821371956221E-016)
   1.0000000000000000                1           4
               (1.0000000000000018,0.0000000000000000)
  -1.5707963267948966        0.0000000000000000     
        (0.17127339669631081,3.42111152364398204E-016)
   0.0000000000000000        0.0000000000000000     
               (4.0041834132403631,0.0000000000000000)
   1.5707963267948966        0.0000000000000000     
       (0.17127339669631081,-3.42111152364398204E-016)
   3.1415926535897931        0.0000000000000000     
        (0.26003442924043429,2.40133094878733791E-016)
   1.0000000000000000                1           4
               (1.0000000000000040,0.0000000000000000)
  -1.5707963267948966        0.0000000000000000     
        (0.17422579792395021,1.20051191784010052E-016)
   0.0000000000000000        0.0000000000000000     
               (4.0044607817512476,0.0000000000000000)
   1.5707963267948966        0.0000000000000000     
       (0.17422579792395021,-1.20051191784010052E-016)
   3.1415926535897931        0.0000000000000000     
        (0.26516030941871149,2.40102383568020105E-016)
   1.0000000000000000                1           4
               (1.0000000000000036,0.0000000000000000)
  -1.5707963267948966        0.0000000000000000     
       (0.17166024913447653,-1.01796295009778670E-016)
   0.0000000000000000        0.0000000000000000     
               (4.0043214062838492,0.0000000000000000)
   1.5707963267948966        0.0000000000000000     
        (0.17166024913447653,1.01796295009778670E-016)
   3.1415926535897931        0.0000000000000000     
        (0.26660695407151747,2.40496619830505326E-016)
   1.0000000000000000                1           4
               (1.0000000000000009,0.0000000000000000)
  -1.5707963267948966        0.0000000000000000     
        (0.16999468401371742,1.20190362414071966E-016)
   0.0000000000000000        0.0000000000000000     
               (4.0042348909025165,0.0000000000000000)
   1.5707963267948966        0.0000000000000000     
       (0.16999468401371742,-1.20190362414071966E-016)
   3.1415926535897931        0.0000000000000000     
        (0.26146963018792913,2.40380724828143931E-016)
   1.0000000000000000                1           4
               (1.0000000000000044,0.0000000000000000)
  -1.5707963267948966        0.0000000000000000     
        (0.18127296297199247,1.19711740125246740E-016)
   0.0000000000000000        0.0000000000000000     
               (4.0060681823375894,0.0000000000000000)
   1.5707963267948966        0.0000000000000000     
       (0.18127296297199247,-1.19711740125246740E-016)
   3.1415926535897931        0.0000000000000000     
        (0.26655990635224858,2.39423480250493480E-016)
   1.0000000000000000                1           4
              (0.99999999999999978,0.0000000000000000)
  -1.5707963267948966        0.0000000000000000     
       (0.17119820369209493,-1.01936647840881241E-016)
   0.0000000000000000        0.0000000000000000     
               (4.0051483378786923,0.0000000000000000)
   1.5707963267948966        0.0000000000000000     
        (0.17119820369209493,1.01936647840881241E-016)
   3.1415926535897931        0.0000000000000000     
        (0.26027166023464154,2.40215914168300134E-016)
   1.0000000000000000                1           4
               (1.0000000000000027,0.0000000000000000)
  -1.5707963267948966        0.0000000000000000     
        (0.17320545597896475,1.19967654315469951E-016)
   0.0000000000000000        0.0000000000000000     
               (4.0040197655661753,0.0000000000000000)
   1.5707963267948966        0.0000000000000000     
       (0.17320545597896475,-1.19967654315469951E-016)
   3.1415926535897931        0.0000000000000000     
        (0.26083210092643616,2.39935308630939902E-016)
   1.0000000000000000                1           4
               (1.0000000000000036,0.0000000000000000)
  -1.5707963267948966        0.0000000000000000     
        (0.16708828488810645,9.30876311836607249E-018)
   0.0000000000000000        0.0000000000000000     
               (4.0041474855260093,0.0000000000000000)
   1.5707963267948966        0.0000000000000000     
       (0.16708828488810645,-9.30876311836607249E-018)
   3.1415926535897931        0.0000000000000000     
        (0.26033995150306088,2.40662131161763453E-016)
   1.0000000000000000                1           4
               (1.0000000000000071,0.0000000000000000)
  -1.5707963267948966        0.0000000000000000     
        (0.16598310259747906,2.31429761111075766E-016)
   0.0000000000000000        0.0000000000000000     
               (4.0033861412113882,0.0000000000000000)
   1.5707963267948966        0.0000000000000000     
       (0.16598310259747906,-2.31429761111075766E-016)
   3.1415926535897931        0.0000000000000000     
        (0.26138611818278856,2.40814917297120224E-016)
   1.0000000000000000                1           4
               (1.0000000000000004,0.0000000000000000)
  -1.5707963267948966        0.0000000000000000     
       (0.17418897899763819,-1.02070143361426000E-016)
   0.0000000000000000        0.0000000000000000     
               (4.0055262428659040,0.0000000000000000)
   1.5707963267948966        0.0000000000000000     
        (0.17418897899763819,1.02070143361426000E-016)
   3.1415926535897931        0.0000000000000000     
        (0.26151501126132526,2.39948923127210665E-016)
   1.0000000000000000                1           4
              (0.99999999999999967,0.0000000000000000)
  -1.5707963267948966        0.0000000000000000     
        (0.17465915104561758,8.96079353520715977E-018)
   0.0000000000000000        0.0000000000000000     
               (4.0044757009075260,0.0000000000000000)
   1.5707963267948966        0.0000000000000000     
       (0.17465915104561758,-8.96079353520715977E-018)
   3.1415926535897931        0.0000000000000000     
        (0.26378791933616630,2.39966191995445677E-016)
   1.0000000000000000                1           4
              (0.99999999999999967,0.0000000000000000)
  -1.5707963267948966        0.0000000000000000     
        (0.17344857124214108,3.42063592488299689E-016)
   0.0000000000000000        0.0000000000000000     
               (4.0050795438112274,0.0000000000000000)
   1.5707963267948966        0.0000000000000000     
       (0.17344857124214108,-3.42063592488299689E-016)
   3.1415926535897931        0.0000000000000000     
        (0.26193522432088356,2.40037975126536761E-016)
   1.0000000000000000                1           4
               (1.0000000000000044,0.0000000000000000)
  -1.5707963267948966        0.0000000000000000     
        (0.17384148810485023,1.19986613741683061E-016)
   0.0000000000000000        0.0000000000000000     
               (4.0048997936095905,0.0000000000000000)
   1.5707963267948966        0.0000000000000000     
       (0.17384148810485023,-1.19986613741683061E-016)
   3.1415926535897931        0.0000000000000000     
        (0.26184339898976416,2.39973227483366121E-016)
   1.0000000000000000                1           4
               (1.0000000000000024,0.0000000000000000)
  -1.5707963267948966        0.0000000000000000     
        (0.17199324427214069,1.20060914895161772E-016)
   0.0000000000000000        0.0000000000000000     
               (4.0041138173015156,0.0000000000000000)
   1.5707963267948966        0.0000000000000000     
       (0.17199324427214069,-1.20060914895161772E-016)
   3.1415926535897931        0.0000000000000000     
        (0.26135974747577773,2.40121829790323543E-016)
   1.0000000000000000                1           4
               (1.0000000000000004,0.0000000000000000)
  -1.5707963267948966        0.0000000000000000     
        (0.16471402117368761,1.20490161554168526E-016)
   0.0000000000000000        0.0000000000000000     
               (4.0036362906972291,0.0000000000000000)
   1.5707963267948966        0.0000000000000000     
       (0.16471402117368761,-1.20490161554168526E-016)
   3.1415926535897931        0.0000000000000000     
        (0.26129908774275512,2.40980323108337053E-016)
   1.0000000000000000                1           4
              (0.99999999999999867,0.0000000000000000)
  -1.5707963267948966        0.0000000000000000     
        (0.17235712183622998,9.08689902308905839E-018)
   0.0000000000000000        0.0000000000000000     
               (4.0047408143470848,0.0000000000000000)
   1.5707963267948966        0.0000000000000000     
       (0.17235712183622998,-9.08689902308905839E-018)
   3.1415926535897931        0.0000000000000000     
        (0.26303766529053441,2.40218402971209474E-016)
   1.0000000000000000                1           4
               (1.0000000000000004,0.0000000000000000)
  -1.5707963267948966        0.0000000000000000     
        (0.16991053554028179,3.42163118159353564E-016)
   0.0000000000000000        0.0000000000000000     
               (4.0052158259014865,0.0000000000000000)
   1.5707963267948966        0.0000000000000000     
       (0.16991053554028179,-3.42163118159353564E-016)
   3.1415926535897931        0.0000000000000000     
        (0.25797362593844275,2.40237026468644512E-016)
   1.0000000000000000                1           4
               (1.0000000000000000,0.0000000000000000)
  -1.5707963267948966        0.0000000000000000     
       (0.16778686035022328,-1.01772116594718917E-016)
   0.0000000000000000        0.0000000000000000     
               (4.0051128711309625,0.0000000000000000)
   1.5707963267948966        0.0000000000000000     
        (0.16778686035022328,1.01772116594718917E-016)
   3.1415926535897931        0.0000000000000000     
        (0.25885843862294133,2.40544976660624831E-016)
   1.0000000000000000                1           4
               (1.0000000000000022,0.0000000000000000)
  -1.5707963267948966        0.0000000000000000     
       (0.17741857098285174,-1.02186954352483589E-016)
   0.0000000000000000        0.0000000000000000     
               (4.0052532144427975,0.0000000000000000)
   1.5707963267948966        0.0000000000000000     
        (0.17741857098285174,1.02186954352483589E-016)
   3.1415926535897931        0.0000000000000000     
        (0.26443188714676658,2.39715301145095439E-016)
   1.0000000000000000                1           4
               (1.0000000000000042,0.0000000000000000)
  -1.5707963267948966        0.0000000000000000     
        (0.17541860414575305,1.19928555765926620E-016)
   0.0000000000000000        0.0000000000000000     
               (4.0055724370579089,0.0000000000000000)
   1.5707963267948966        0.0000000000000000     
       (0.17541860414575305,-1.19928555765926620E-016)
   3.1415926535897931        0.0000000000000000     
        (0.26242867022636940,2.39857111531853241E-016)
   1.0000000000000000                1           4
               (1.0000000000000013,0.0000000000000000)
  -1.5707963267948966        0.0000000000000000     
        (0.17563731417499095,1.19879880158697105E-016)
   0.0000000000000000        0.0000000000000000     
               (4.0050598694764048,0.0000000000000000)
   1.5707963267948966        0.0000000000000000     
       (0.17563731417499095,-1.19879880158697105E-016)
   3.1415926535897931        0.0000000000000000     
        (0.26178879188169457,2.39759760317394210E-016)
   1.0000000000000000                1           4
               (1.0000000000000053,0.0000000000000000)
  -1.5707963267948966        0.0000000000000000     
        (0.16730850688649934,1.20268814528730818E-016)
   0.0000000000000000        0.0000000000000000     
               (4.0043181649345589,0.0000000000000000)
   1.5707963267948966        0.0000000000000000     
       (0.16730850688649934,-1.20268814528730818E-016)
   3.1415926535897931        0.0000000000000000     
        (0.25857644242596745,2.40537629057461637E-016)
   1.0000000000000000                1           4
               (1.0000000000000056,0.0000000000000000)
  -1.5707963267948966        0.0000000000000000     
        (0.17577180387612368,3.41958267362118065E-016)
   0.0000000000000000        0.0000000000000000     
               (4.0052003741134108,0.0000000000000000)
   1.5707963267948966        0.0000000000000000     
       (0.17577180387612368,-3.41958267362118065E-016)
   3.1415926535897931        0.0000000000000000     
        (0.26302067959550979,2.39827324874173513E-016)
   1.0000000000000000                1           4
               (1.0000000000000044,0.0000000000000000)
  -1.5707963267948966        0.0000000000000000     
        (0.18008933490661561,2.30855386343005528E-016)
   0.0000000000000000        0.0000000000000000     
               (4.0057313649765440,0.0000000000000000)
   1.5707963267948966        0.0000000000000000     
       (0.18008933490661561,-2.30855386343005528E-016)
   3.1415926535897931        0.0000000000000000     
        (0.26849285540432222,2.39666167760979649E-016)
   1.0000000000000000                1           4
               (1.0000000000000016,0.0000000000000000)
  -1.5707963267948966        0.0000000000000000     
        (0.17074425003812543,1.20134965877448861E-016)
   0.0000000000000000        0.0000000000000000     
               (4.0045943419165813,0.0000000000000000)
   1.5707963267948966        0.0000000000000000     
       (0.17074425003812543,-1.20134965877448861E-016)
   3.1415926535897931        0.0000000000000000     
        (0.26079992302482136,2.40269931754897722E-016)
   1.0000000000000000                1           4
               (1.0000000000000036,0.0000000000000000)
  -1.5707963267948966        0.0000000000000000     
        (0.16999013046246114,1.20260265203483251E-016)
   0.0000000000000000        0.0000000000000000     
               (4.0041037705196292,0.0000000000000000)
   1.5707963267948966        0.0000000000000000     
       (0.16999013046246114,-1.20260265203483251E-016)
   3.1415926535897931        0.0000000000000000     
        (0.26387484183896781,2.40520530406966502E-016)
   1.0000000000000000                1           4
               (1.0000000000000062,0.0000000000000000)
  -1.5707963267948966        0.0000000000000000     
        (0.17560390226401190,1.19974842403281162E-016)
   0.0000000000000000        0.0000000000000000     
               (4.0051766654277756,0.0000000000000000)
   1.5707963267948966        0.0000000000000000     
       (0.17560390226401190,-1.19974842403281162E-016)
   3.1415926535897931        0.0000000000000000     
        (0.26470687440000429,2.39949684806562324E-016)
   1.0000000000000000                1           4
               (1.0000000000000016,0.0000000000000000)
  -1.5707963267948966        0.0000000000000000     
        (0.16787055550448882,1.20204601811106478E-016)
   0.0000000000000000        0.0000000000000000     
               (4.0047837851551327,0.0000000000000000)
   1.5707963267948966        0.0000000000000000     
       (0.16787055550448882,-1.20204601811106478E-016)
   3.1415926535897931        0.0000000000000000     
        (0.25713757291928840,2.40409203622212955E-016)
   1.0000000000000000                1           4
               (1.0000000000000011,0.0000000000000000)
  -1.5707963267948966        0.0000000000000000     
       (0.17342673975293110,-1.02058239432617683E-016)
   0.0000000000000000        0.0000000000000000     
               (4.0049882167387230,0.0000000000000000)
   1.5707963267948966        0.0000000000000000     
        (0.17342673975293110,1.02058239432617683E-016)
   3.1415926535897931        0.0000000000000000     
        (0.26091737072031618,2.39972730984827300E-016)
   1.0000000000000000                1           4
               (1.0000000000000049,0.0000000000000000)
  -1.5707963267948966        0.0000000000000000     
        (0.17526169120900692,1.20019509335723444E-016)
   0.0000000000000000        0.0000000000000000     
               (4.0042240035491448,0.0000000000000000)
   1.5707963267948966        0.0000000000000000     
       (0.17526169120900692,-1.20019509335723444E-016)
   3.1415926535897931        0.0000000000000000     
        (0.26643404689840089,2.40039018671446888E-016)
   1.0000000000000000                1           4
               (1.0000000000000022,0.0000000000000000)
  -1.5707963267948966        0.0000000000000000     
        (0.16659112128870579,1.20326279470368234E-016)
   0.0000000000000000        0.0000000000000000     
               (4.0039676493997787,0.0000000000000000)
   1.5707963267948966        0.0000000000000000     
       (0.16659112128870579,-1.20326279470368234E-016)
   3.1415926535897931        0.0000000000000000     
        (0.25936913419775631,2.40652558940736468E-016)
   1.0000000000000000                1           4
               (1.0000000000000093,0.0000000000000000)
  -1.5707963267948966        0.0000000000000000     
        (0.17519151278470713,1.20028424473349496E-016)
   0.0000000000000000        0.0000000000000000     
               (4.0044772915203044,0.0000000000000000)
   1.5707963267948966        0.0000000000000000     
       (0.17519151278470713,-1.20028424473349496E-016)
   3.1415926535897931        0.0000000000000000     
        (0.26633159257151762,2.40056848946698991E-016)
   1.0000000000000000                1           4
               (1.0000000000000042,0.0000000000000000)
  -1.5707963267948966        0.0000000000000000     
        (0.16621242220763344,2.31299744505597726E-016)
   0.0000000000000000        0.0000000000000000     
               (4.0037336639362398,0.0000000000000000)
   1.5707963267948966        0.0000000000000000     
       (0.16621242220763344,-2.31299744505597726E-016)
   3.1415926535897931        0.0000000000000000     
        (0.25725057007034136,2.40554884086164143E-016)
   1.0000000000000000                1           4
               (1.0000000000000047,0.0000000000000000)
  -1.5707963267948966        0.0000000000000000     
        (0.18023493277390801,1.19762436135395695E-016)
   0.0000000000000000        0.0000000000000000     
               (4.0049146377317193,0.0000000000000000)
   1.5707963267948966        0.0000000000000000     
       (0.18023493277390801,-1.19762436135395695E-016)
   3.1415926535897931        0.0000000000000000     
        (0.26729324791393883,2.39524872270791391E-016)
   1.0000000000000000                1           4
               (1.0000000000000060,0.0000000000000000)
  -1.5707963267948966        0.0000000000000000     
        (0.17149334186373322,2.31160673602922328E-016)
   0.0000000000000000        0.0000000000000000     
               (4.0042581788849949,0.0000000000000000)
   1.5707963267948966        0.0000000000000000     
       (0.17149334186373322,-2.31160673602922328E-016)
   3.1415926535897931        0.0000000000000000     
        (0.26274549403647185,2.40276742280813347E-016)
   1.0000000000000000                1           4
               (1.0000000000000031,0.0000000000000000)
  -1.5707963267948966        0.0000000000000000     
        (0.17580854548638081,1.19963211936515319E-016)
   0.0000000000000000        0.0000000000000000     
               (4.0050468642526322,0.0000000000000000)
   1.5707963267948966        0.0000000000000000     
       (0.17580854548638081,-1.19963211936515319E-016)
   3.1415926535897931        0.0000000000000000     
        (0.26486608214680041,2.39926423873030637E-016)
   1.0000000000000000                1           4
               (1.0000000000000022,0.0000000000000000)
  -1.5707963267948966        0.0000000000000000     
        (0.17268731646294921,1.20069236419165587E-016)
   0.0000000000000000        0.0000000000000000     
               (4.0051004629445242,0.0000000000000000)
   1.5707963267948966        0.0000000000000000     
       (0.17268731646294921,-1.20069236419165587E-016)
   3.1415926535897931        0.0000000000000000     
        (0.26203304781496528,2.40138472838331173E-016)
   1.0000000000000000                1           4
               (1.0000000000000029,0.0000000000000000)
  -1.5707963267948966        0.0000000000000000     
        (0.17669611097248039,1.19817719000329955E-016)
   0.0000000000000000        0.0000000000000000     
               (4.0054196962394375,0.0000000000000000)
   1.5707963267948966        0.0000000000000000     
       (0.17669611097248039,-1.19817719000329955E-016)
   3.1415926535897931        0.0000000000000000     
        (0.26151622120210904,2.39635438000659910E-016)
   1.0000000000000000                1           4
               (1.0000000000000060,0.0000000000000000)
  -1.5707963267948966        0.0000000000000000     
        (0.17349488821836245,1.20069019787597550E-016)
   0.0000000000000000        0.0000000000000000     
               (4.0044066179007061,0.0000000000000000)
   1.5707963267948966        0.0000000000000000     
       (0.17349488821836245,-1.20069019787597550E-016)
   3.1415926535897931        0.0000000000000000     
        (0.26433496064563156,2.40138039575195100E-016)
   1.0000000000000000                1           4
               (1.0000000000000060,0.0000000000000000)
  -1.5707963267948966        0.0000000000000000     
        (0.17101902651471146,3.42208791333904689E-016)
   0.0000000000000000        0.0000000000000000     
               (4.0049698314180349,0.0000000000000000)
   1.5707963267948966        0.0000000000000000     
       (0.17101902651471146,-3.42208791333904689E-016)
   3.1415926535897931        0.0000000000000000     
        (0.26192840146198260,2.40328372817746763E-016)
   1.0000000000000000                1           4
               (1.0000000000000020,0.0000000000000000)
  -1.5707963267948966        0.0000000000000000     
        (0.16921660693893548,1.20218488268044183E-016)
   0.0000000000000000        0.0000000000000000     
               (4.0044208313286163,0.0000000000000000)
   1.5707963267948966        0.0000000000000000     
       (0.16921660693893548,-1.20218488268044183E-016)
   3.1415926535897931        0.0000000000000000     
        (0.26064619571873238,2.40436976536088365E-016)
   1.0000000000000000                1           4
               (1.0000000000000058,0.0000000000000000)
  -1.5707963267948966        0.0000000000000000     
        (0.17456226438449662,1.20016621846507126E-016)
   0.0000000000000000        0.0000000000000000     
               (4.0050265772868245,0.0000000000000000)
   1.5707963267948966        0.0000000000000000     
       (0.17456226438449662,-1.20016621846507126E-016)
   3.1415926535897931        0.0000000000000000     
        (0.26413830695665741,2.40033243693014251E-016)
   1.0000000000000000                1           4
               (1.0000000000000038,0.0000000000000000)
  -1.5707963267948966        0.0000000000000000     
        (0.17015363607014988,1.20094295863315235E-016)
   0.0000000000000000        0.0000000000000000     
               (4.0041662193791652,0.0000000000000000)
   1.5707963267948966        0.0000000000000000     
       (0.17015363607014988,-1.20094295863315235E-016)
   3.1415926535897931        0.0000000000000000     
        (0.25871843415565765,2.40188591726630470E-016)
   1.0000000000000000                1           4
               (1.0000000000000036,0.0000000000000000)
  -1.5707963267948966        0.0000000000000000     
       (0.17126925631315304,-1.01842958910221968E-016)
   0.0000000000000000        0.0000000000000000     
               (4.0036702201607834,0.0000000000000000)
   1.5707963267948966        0.0000000000000000     
        (0.17126925631315304,1.01842958910221968E-016)
   3.1415926535897931        0.0000000000000000     
        (0.26495199589735008,2.40403292029618730E-016)
   1.0000000000000000                1           4
               (1.0000000000000004,0.0000000000000000)
  -1.5707963267948966        0.0000000000000000     
        (0.17534255723525038,1.19935937237819588E-016)
   0.0000000000000000        0.0000000000000000     
               (4.0048820514267716,0.0000000000000000)
   1.5707963267948966        0.0000000000000000     
       (0.17534255723525038,-1.19935937237819588E-016)
   3.1415926535897931        0.0000000000000000     
        (0.26320805920502754,2.39871874475639175E-016)
   1.0000000000000000                1           4
               (1.0000000000000042,0.0000000000000000)
  -1.5707963267948966        0.0000000000000000     
       (0.16999712350265161,-1.01782163958225091E-016)
   0.0000000000000000        0.0000000000000000     
               (4.0045220213514563,0.0000000000000000)
   1.5707963267948966        0.0000000000000000     
        (0.16999712350265161,1.01782163958225091E-016)
   3.1415926535897931        0.0000000000000000     
        (0.26354164291072846,2.40524881933612484E-016)
   1.0000000000000000                1           4
               (1.0000000000000044,0.0000000000000000)
  -1.5707963267948966        0.0000000000000000     
        (0.17521776807141365,1.19969336868251789E-016)
   0.0000000000000000        0.0000000000000000     
               (4.0039701663713494,0.0000000000000000)
   1.5707963267948966        0.0000000000000000     
       (0.17521776807141365,-1.19969336868251789E-016)
   3.1415926535897931        0.0000000000000000     
        (0.26496128065056979,2.39938673736503578E-016)
   1.0000000000000000                1           4
               (1.0000000000000031,0.0000000000000000)
  -1.5707963267948966        0.0000000000000000     
        (0.17037412374477334,1.20195256363923497E-016)
   0.0000000000000000        0.0000000000000000     
               (4.0041330929690524,0.0000000000000000)
   1.5707963267948966        0.0000000000000000     
       (0.17037412374477334,-1.20195256363923497E-016)
   3.1415926535897931        0.0000000000000000     
        (0.26249015611632087,2.40390512727846995E-016)
   1.0000000000000000                1           4
               (1.0000000000000067,0.0000000000000000)
  -1.5707963267948966        0.0000000000000000     
        (0.17396761235207514,1.20012043043804547E-016)
   0.0000000000000000        0.0000000000000000     
               (4.0046524477229415,0.0000000000000000)
   1.5707963267948966        0.0000000000000000     
       (0.17396761235207514,-1.20012043043804547E-016)
   3.1415926535897931        0.0000000000000000     
        (0.26317357740992320,2.40024086087609095E-016)
   1.0000000000000000                1           4
               (1.0000000000000024,0.0000000000000000)
  -1.5707963267948966        0.0000000000000000     
        (0.17095579207893596,2.31133602117018693E-016)
   0.0000000000000000        0.0000000000000000     
               (4.0052030385349147,0.0000000000000000)
   1.5707963267948966        0.0000000000000000     
       (0.17095579207893596,-2.31133602117018693E-016)
   3.1415926535897931        0.0000000000000000     
        (0.25984131298507951,2.40222599309005979E-016)
   1.0000000000000000                1           4
               (1.0000000000000053,0.0000000000000000)
  -1.5707963267948966        0.0000000000000000     
        (0.16922037043160432,1.20206475023333153E-016)
   0.0000000000000000        0.0000000000000000     
               (4.0047005620140643,0.0000000000000000)
   1.5707963267948966        0.0000000000000000     
       (0.16922037043160432,-1.20206475023333153E-016)
   3.1415926535897931        0.0000000000000000     
        (0.25998160966905359,2.40412950046666306E-016)
   1.0000000000000000                1           4
               (1.0000000000000020,0.0000000000000000)
  -1.5707963267948966        0.0000000000000000     
        (0.17560667066509528,1.19977908196618178E-016)
   0.0000000000000000        0.0000000000000000     
               (4.0048854085733039,0.0000000000000000)
   1.5707963267948966        0.0000000000000000     
       (0.17560667066509528,-1.19977908196618178E-016)
   3.1415926535897931        0.0000000000000000     
        (0.26510380446623094,2.39955816393236356E-016)
   1.0000000000000000                1           4
               (1.0000000000000027,0.0000000000000000)
  -1.5707963267948966        0.0000000000000000     
        (0.16888489008436236,1.20223607148240217E-016)
   0.0000000000000000        0.0000000000000000     
               (4.0037432492438425,0.0000000000000000)
   1.5707963267948966        0.0000000000000000     
       (0.16888489008436236,-1.20223607148240217E-016)
   3.1415926535897931        0.0000000000000000     
        (0.26082753940976466,2.40447214296480435E-016)
   1.0000000000000000                1           4
              (0.99999999999999800,0.0000000000000000)
  -1.5707963267948966        0.0000000000000000     
       (0.17333447902135979,-1.01996574836327959E-016)
   0.0000000000000000        0.0000000000000000     
               (4.0046205734115574,0.0000000000000000)
   1.5707963267948966        0.0000000000000000     
        (0.17333447902135979,1.01996574836327959E-016)
   3.1415926535897931        0.0000000000000000     
        (0.26311461114758972,2.40096060177406747E-016)
   1.0000000000000000                1           4
               (1.0000000000000004,0.0000000000000000)
  -1.5707963267948966        0.0000000000000000     
        (0.17676171590600775,1.19952068541983965E-016)
   0.0000000000000000        0.0000000000000000     
               (4.0042486318134705,0.0000000000000000)
   1.5707963267948966        0.0000000000000000     
       (0.17676171590600775,-1.19952068541983965E-016)
   3.1415926535897931        0.0000000000000000     
        (0.26720668453861895,2.39904137083967930E-016)
   1.0000000000000000                1           4
               (1.0000000000000007,0.0000000000000000)
  -1.5707963267948966        0.0000000000000000     
        (0.16693567096292694,1.20275620381270703E-016)
   0.0000000000000000        0.0000000000000000     
               (4.0035866438694265,0.0000000000000000)
   1.5707963267948966        0.0000000000000000     
       (0.16693567096292694,-1.20275620381270703E-016)
   3.1415926535897931        0.0000000000000000     
        (0.25878458765761791,2.40551240762541407E-016)
   1.0000000000000000                1           4
               (1.0000000000000027,0.0000000000000000)
  -1.5707963267948966        0.0000000000000000     
        (0.17567912873313540,4.53045316766004263E-016)
   0.0000000000000000        0.0000000000000000     
               (4.0050388957016239,0.0000000000000000)
   1.5707963267948966        0.0000000000000000     
       (0.17567912873313540,-4.53045316766004263E-016)
   3.1415926535897931        0.0000000000000000     
        (0.26511160331513872,2.39956818756914503E-016)
   1.0000000000000000                1           4
               (1.0000000000000049,0.0000000000000000)
  -1.5707963267948966        0.0000000000000000     
        (0.17867739405974981,1.19821081890316395E-016)
   0.0000000000000000        0.0000000000000000     
               (4.0050691549472033,0.0000000000000000)
   1.5707963267948966        0.0000000000000000     
       (0.17867739405974981,-1.19821081890316395E-016)
   3.1415926535897931        0.0000000000000000     
        (0.26593916899145664,2.39642163780632790E-016)
   1.0000000000000000                1           4
               (1.0000000000000033,0.0000000000000000)
  -1.5707963267948966        0.0000000000000000     
       (0.16685431109864268,-1.01692010357566874E-016)
   0.0000000000000000        0.0000000000000000     
               (4.0044846002006951,0.0000000000000000)
   1.5707963267948966        0.0000000000000000     
        (0.16685431109864268,1.01692010357566874E-016)
   3.1415926535897931        0.0000000000000000     
        (0.26023807931527521,2.40705189134928918E-016)
   1.0000000000000000                1           4
               (1.0000000000000038,0.0000000000000000)
  -1.5707963267948966        0.0000000000000000     
        (0.17347247169680347,1.20026856506081061E-016)
   0.0000000000000000        0.0000000000000000     
               (4.0046153346229669,0.0000000000000000)
   1.5707963267948966        0.0000000000000000     
       (0.17347247169680347,-1.20026856506081061E-016)
   3.1415926535897931        0.0000000000000000     
        (0.26270425359552951,2.40053713012162123E-016)
   1.0000000000000000                1           4
               (1.0000000000000038,0.0000000000000000)
  -1.5707963267948966        0.0000000000000000     
        (0.17669212440628246,1.19864463783059409E-016)
   0.0000000000000000        0.0000000000000000     
               (4.0056054595225987,0.0000000000000000)
   1.5707963267948966        0.0000000000000000     
       (0.17669212440628246,-1.19864463783059409E-016)
   3.1415926535897931        0.0000000000000000     
        (0.26284928525708784,2.39728927566118819E-016)
   1.0000000000000000                1           4
               (1.0000000000000040,0.0000000000000000)
  -1.5707963267948966        0.0000000000000000     
        (0.16756475555461936,9.33201087390918641E-018)
   0.0000000000000000        0.0000000000000000     
               (4.0041416026949017,0.0000000000000000)
   1.5707963267948966        0.0000000000000000     
       (0.16756475555461936,-9.33201087390918641E-018)
   3.1415926535897931        0.0000000000000000     
        (0.26205810498759241,2.40708626672849681E-016)
   1.0000000000000000                1           4
               (1.0000000000000011,0.0000000000000000)
  -1.5707963267948966        0.0000000000000000     
        (0.17192125205435516,1.20036405297636042E-016)
   0.0000000000000000        0.0000000000000000     
               (4.0048047044512289,0.0000000000000000)
   1.5707963267948966        0.0000000000000000     
       (0.17192125205435516,-1.20036405297636042E-016)
   3.1415926535897931        0.0000000000000000     
        (0.25972433168320697,2.40072810595272083E-016)
   1.0000000000000000                1           4
               (1.0000000000000033,0.0000000000000000)
  -1.5707963267948966        0.0000000000000000     
        (0.17060153656225463,1.20149377814111523E-016)
   0.0000000000000000        0.0000000000000000     
               (4.0040421424128985,0.0000000000000000)
   1.5707963267948966        0.0000000000000000     
       (0.17060153656225463,-1.20149377814111523E-016)
   3.1415926535897931        0.0000000000000000     
        (0.26153742515112466,2.40298755628223046E-016)
   1.0000000000000000                1           4
               (1.0000000000000022,0.0000000000000000)
  -1.5707963267948966        0.0000000000000000     
        (0.17602641700573329,1.19969015507178555E-016)
   0.0000000000000000        0.0000000000000000     
               (4.0048653539997003,0.0000000000000000)
   1.5707963267948966        0.0000000000000000     
       (0.17602641700573329,-1.19969015507178555E-016)
   3.1415926535897931        0.0000000000000000     
        (0.26567289444164666,2.39938031014357110E-016)
   1.0000000000000000                1           4
               (1.0000000000000087,0.0000000000000000)
  -1.5707963267948966        0.0000000000000000     
        (0.17231747879812565,3.42132845991101255E-016)
   0.0000000000000000        0.0000000000000000     
               (4.0048040478993121,0.0000000000000000)
   1.5707963267948966        0.0000000000000000     
       (0.17231747879812565,-3.42132845991101255E-016)
   3.1415926535897931        0.0000000000000000     
        (0.26221052640536779,2.40176482132139893E-016)
   1.0000000000000000                1           4
               (1.0000000000000038,0.0000000000000000)
  -1.5707963267948966        0.0000000000000000     
        (0.17045223874545690,3.42132135583200785E-016)
   0.0000000000000000        0.0000000000000000     
               (4.0036332151921208,0.0000000000000000)
   1.5707963267948966        0.0000000000000000     
       (0.17045223874545690,-3.42132135583200785E-016)
   3.1415926535897931        0.0000000000000000     
        (0.25962767532429798,2.40175061316338904E-016)
   1.0000000000000000                1           4
               (1.0000000000000027,0.0000000000000000)
  -1.5707963267948966        0.0000000000000000     
        (0.17015116284072218,1.20179473968266900E-016)
   0.0000000000000000        0.0000000000000000     
               (4.0042113764876888,0.0000000000000000)
   1.5707963267948966        0.0000000000000000     
       (0.17015116284072218,-1.20179473968266900E-016)
   3.1415926535897931        0.0000000000000000     
        (0.26145045862751370,2.40358947936533800E-016)
   1.0000000000000000                1           4
               (1.0000000000000038,0.0000000000000000)
  -1.5707963267948966        0.0000000000000000     
       (0.17867518574321606,-1.02227647104667969E-016)
   0.0000000000000000        0.0000000000000000     
               (4.0049405393314998,0.0000000000000000)
   1.5707963267948966        0.0000000000000000     
        (0.17867518574321606,1.02227647104667969E-016)
   3.1415926535897931        0.0000000000000000     
        (0.26592866562706718,2.39633915640726727E-016)
   1.0000000000000000                1           4
               (1.0000000000000047,0.0000000000000000)
  -1.5707963267948966        0.0000000000000000     
        (0.16674932587970503,1.20345737658739449E-016)
   0.0000000000000000        0.0000000000000000     
               (4.0047416603080590,0.0000000000000000)
   1.5707963267948966        0.0000000000000000     
       (0.16674932587970503,-1.20345737658739449E-016)
   3.1415926535897931        0.0000000000000000     
        (0.25954708513481517,2.40691475317478898E-016)
   1.0000000000000000                1           4
               (1.0000000000000016,0.0000000000000000)
  -1.5707963267948966        0.0000000000000000     
       (0.16862580495195001,-1.01846400474442125E-016)
   0.0000000000000000        0.0000000000000000     
               (4.0038829147648958,0.0000000000000000)
   1.5707963267948966        0.0000000000000000     
        (0.16862580495195001,1.01846400474442125E-016)
   3.1415926535897931        0.0000000000000000     
        (0.25933998855277385,2.40396408901178366E-016)
   1.0000000000000000                1           4
               (1.0000000000000102,0.0000000000000000)
  -1.5707963267948966        0.0000000000000000     
        (0.17524489220624628,1.19951292152465820E-016)
   0.0000000000000000        0.0000000000000000     
               (4.0047451155518274,0.0000000000000000)
   1.5707963267948966        0.0000000000000000     
       (0.17524489220624628,-1.19951292152465820E-016)
   3.1415926535897931        0.0000000000000000     
        (0.26365119459463460,2.39902584304931640E-016)
   1.0000000000000000                1           4
               (1.0000000000000049,0.0000000000000000)
  -1.5707963267948966        0.0000000000000000     
        (0.17723569308523457,1.19928240312956311E-016)
   0.0000000000000000        0.0000000000000000     
               (4.0055215909620863,0.0000000000000000)
   1.5707963267948966        0.0000000000000000     
       (0.17723569308523457,-1.19928240312956311E-016)
   3.1415926535897931        0.0000000000000000     
        (0.26610339072523037,2.39856480625912623E-016)
   1.0000000000000000                1           4
               (1.0000000000000029,0.0000000000000000)
  -1.5707963267948966        0.0000000000000000     
        (0.17328523079060765,4.53132060689333335E-016)
   0.0000000000000000        0.0000000000000000     
               (4.0037098511015135,0.0000000000000000)
   1.5707963267948966        0.0000000000000000     
       (0.17328523079060765,-4.53132060689333335E-016)
   3.1415926535897931        0.0000000000000000     
        (0.26448612357883861,2.40130306603572648E-016)
   1.0000000000000000                1           4
               (1.0000000000000004,0.0000000000000000)
  -1.5707963267948966        0.0000000000000000     
        (0.16929556999121720,1.20254464710060132E-016)
   0.0000000000000000        0.0000000000000000     
               (4.0044600954109155,0.0000000000000000)
   1.5707963267948966        0.0000000000000000     
       (0.16929556999121720,-1.20254464710060132E-016)
   3.1415926535897931        0.0000000000000000     
        (0.26193993751227451,2.40508929420120263E-016)
   1.0000000000000000                1           4
               (1.0000000000000038,0.0000000000000000)
  -1.5707963267948966        0.0000000000000000     
        (0.17438779555267792,1.20026780558357167E-016)
   0.0000000000000000        0.0000000000000000     
               (4.0054544337214901,0.0000000000000000)
   1.5707963267948966        0.0000000000000000     
       (0.17438779555267792,-1.20026780558357167E-016)
   3.1415926535897931        0.0000000000000000     
        (0.26369332156784064,2.40053561116714333E-016)
   1.0000000000000000                1           4
               (1.0000000000000038,0.0000000000000000)
  -1.5707963267948966        0.0000000000000000     
        (0.17203825476088230,3.42188969433954961E-016)
   0.0000000000000000        0.0000000000000000     
               (4.0041539521597205,0.0000000000000000)
   1.5707963267948966        0.0000000000000000     
       (0.17203825476088230,-3.42188969433954961E-016)
   3.1415926535897931        0.0000000000000000     
        (0.26413530482761005,2.40288729017847305E-016)
   1.0000000000000000                1           4
               (1.0000000000000027,0.0000000000000000)
  -1.5707963267948966        0.0000000000000000     
        (0.17251217191192492,1.20154934273231509E-016)
   0.0000000000000000        0.0000000000000000     
               (4.0045533485157794,0.0000000000000000)
   1.5707963267948966        0.0000000000000000     
       (0.17251217191192492,-1.20154934273231509E-016)
   3.1415926535897931        0.0000000000000000     
        (0.26502897747527365,2.40309868546463018E-016)
   1.0000000000000000                1           4
               (1.0000000000000071,0.0000000000000000)
  -1.5707963267948966        0.0000000000000000     
        (0.16824114850883110,3.42324363429086071E-016)
   0.0000000000000000        0.0000000000000000     
               (4.0048362747708399,0.0000000000000000)
   1.5707963267948966        0.0000000000000000     
       (0.16824114850883110,-3.42324363429086071E-016)
   3.1415926535897931        0.0000000000000000     
        (0.26028107319533245,2.40559517008109526E-016)
   1.0000000000000000                1           4
               (1.0000000000000038,0.0000000000000000)
  -1.5707963267948966        0.0000000000000000     
        (0.17158198980264894,9.10948885037190793E-018)
   0.0000000000000000        0.0000000000000000     
               (4.0038588453811546,0.0000000000000000)
   1.5707963267948966        0.0000000000000000     
       (0.17158198980264894,-9.10948885037190793E-018)
   3.1415926535897931        0.0000000000000000     
        (0.26310720994190862,2.40263582625775124E-016)
   1.0000000000000000                1           4
               (1.0000000000000040,0.0000000000000000)
  -1.5707963267948966        0.0000000000000000     
        (0.17706394875703158,1.19854662949020479E-016)
   0.0000000000000000        0.0000000000000000     
               (4.0048891376946223,0.0000000000000000)
   1.5707963267948966        0.0000000000000000     
       (0.17706394875703158,-1.19854662949020479E-016)
   3.1415926535897931        0.0000000000000000     
        (0.26398913625346143,2.39709325898040958E-016)
   1.0000000000000000                1           4
               (1.0000000000000062,0.0000000000000000)
  -1.5707963267948966        0.0000000000000000     
        (0.16759302173181201,3.42439843742801080E-016)
   0.0000000000000000        0.0000000000000000     
               (4.0036426953396731,0.0000000000000000)
   1.5707963267948966        0.0000000000000000     
       (0.16759302173181201,-3.42439843742801080E-016)
   3.1415926535897931        0.0000000000000000     
        (0.26395027236018276,2.40790477635539445E-016)
   1.0000000000000000                1           4
               (1.0000000000000038,0.0000000000000000)
  -1.5707963267948966        0.0000000000000000     
        (0.17230993669815076,1.20120804891717817E-016)
   0.0000000000000000        0.0000000000000000     
               (4.0048809681590853,0.0000000000000000)
   1.5707963267948966        0.0000000000000000     
       (0.17230993669815076,-1.20120804891717817E-016)
   3.1415926535897931        0.0000000000000000     
        (0.26318213720746553,2.40241609783435634E-016)
   1.0000000000000000                1           4
               (1.0000000000000016,0.0000000000000000)
  -1.5707963267948966        0.0000000000000000     
        (0.17331229392987924,1.19952866885727456E-016)
   0.0000000000000000        0.0000000000000000     
               (4.0040331564339322,0.0000000000000000)
   1.5707963267948966        0.0000000000000000     
       (0.17331229392987924,-1.19952866885727456E-016)
   3.1415926535897931        0.0000000000000000     
        (0.26054939185142145,2.39905733771454913E-016)
   1.0000000000000000                1           4
               (1.0000000000000027,0.0000000000000000)
  -1.5707963267948966        0.0000000000000000     
        (0.16923646794648728,3.42322465598711071E-016)
   0.0000000000000000        0.0000000000000000     
               (4.0046316929574921,0.0000000000000000)
   1.5707963267948966        0.0000000000000000     
       (0.16923646794648728,-3.42322465598711071E-016)
   3.1415926535897931        0.0000000000000000     
        (0.26241430603977878,2.40555721347359526E-016)
   1.0000000000000000                1           4
               (1.0000000000000027,0.0000000000000000)
  -1.5707963267948966        0.0000000000000000     
       (0.17111422748097005,-1.01892430491041899E-016)
   0.0000000000000000        0.0000000000000000     
               (4.0044184244824130,0.0000000000000000)
   1.5707963267948966        0.0000000000000000     
        (0.17111422748097005,1.01892430491041899E-016)
   3.1415926535897931        0.0000000000000000     
        (0.26227786945625131,2.40304348867978868E-016)
   1.0000000000000000                1           4
               (1.0000000000000027,0.0000000000000000)
  -1.5707963267948966        0.0000000000000000     
        (0.17298471874555832,3.42007143762224614E-016)
   0.0000000000000000        0.0000000000000000     
               (4.0051267523946992,0.0000000000000000)
   1.5707963267948966        0.0000000000000000     
       (0.17298471874555832,-3.42007143762224614E-016)
   3.1415926535897931        0.0000000000000000     
        (0.25911655543081646,2.39925077674386612E-016)
   1.0000000000000000                1           4
               (1.0000000000000038,0.0000000000000000)
  -1.5707963267948966        0.0000000000000000     
        (0.17378814178270985,3.42104331109463036E-016)
   0.0000000000000000        0.0000000000000000     
               (4.0057738321125891,0.0000000000000000)
   1.5707963267948966        0.0000000000000000     
       (0.17378814178270985,-3.42104331109463036E-016)
   3.1415926535897931        0.0000000000000000     
        (0.26325070144693474,2.40119452368863456E-016)
   1.0000000000000000                1           4
               (1.0000000000000020,0.0000000000000000)
  -1.5707963267948966        0.0000000000000000     
       (0.17871558181972380,-1.02143678342018246E-016)
   0.0000000000000000        0.0000000000000000     
               (4.0051420131889488,0.0000000000000000)
   1.5707963267948966        0.0000000000000000     
        (0.17871558181972380,1.02143678342018246E-016)
   3.1415926535897931        0.0000000000000000     
        (0.26855061184468221,2.39801853166026174E-016)
   1.0000000000000000                1           4
               (1.0000000000000036,0.0000000000000000)
  -1.5707963267948966        0.0000000000000000     
        (0.17536194185087695,2.30960545412316651E-016)
   0.0000000000000000        0.0000000000000000     
               (4.0043366526698350,0.0000000000000000)
   1.5707963267948966        0.0000000000000000     
       (0.17536194185087695,-2.30960545412316651E-016)
   3.1415926535897931        0.0000000000000000     
        (0.26386753746171310,2.39876485899601995E-016)
   1.0000000000000000                1           4
               (1.0000000000000016,0.0000000000000000)
  -1.5707963267948966        0.0000000000000000     
        (0.16829061788835664,1.20261974911498257E-016)
   0.0000000000000000        0.0000000000000000     
               (4.0040970711779016,0.0000000000000000)
   1.5707963267948966        0.0000000000000000     
       (0.16829061788835664,-1.20261974911498257E-016)
   3.1415926535897931        0.0000000000000000     
        (0.26053835933412095,2.40523949822996514E-016)
   1.0000000000000000                1           4
               (1.0000000000000004,0.0000000000000000)
  -1.5707963267948966        0.0000000000000000     
        (0.17270983293009512,9.04976838713974736E-018)
   0.0000000000000000        0.0000000000000000     
               (4.0040491279735644,0.0000000000000000)
   1.5707963267948966        0.0000000000000000     
       (0.17270983293009512,-9.04976838713974736E-018)
   3.1415926535897931        0.0000000000000000     
        (0.26322199524573564,2.40144141699310852E-016)
   1.0000000000000000                1           4
               (1.0000000000000016,0.0000000000000000)
  -1.5707963267948966        0.0000000000000000     
        (0.17823592604059679,1.19801548067328609E-016)
   0.0000000000000000        0.0000000000000000     
               (4.0053952578156764,0.0000000000000000)
   1.5707963267948966        0.0000000000000000     
       (0.17823592604059679,-1.19801548067328609E-016)
   3.1415926535897931        0.0000000000000000     
        (0.26409210700728369,2.39603096134657218E-016)
   1.0000000000000000                1           4
               (1.0000000000000018,0.0000000000000000)
  -1.5707963267948966        0.0000000000000000     
        (0.17528788586704902,1.19915358539179986E-016)
   0.0000000000000000        0.0000000000000000     
               (4.0049569183130291,0.0000000000000000)
   1.5707963267948966        0.0000000000000000     
       (0.17528788586704902,-1.19915358539179986E-016)
   3.1415926535897931        0.0000000000000000     
        (0.26235169827624594,2.39830717078359973E-016)
   1.0000000000000000                1           4
              (0.99999999999999978,0.0000000000000000)
  -1.5707963267948966        0.0000000000000000     
       (0.17394361017660254,-1.02032517825143240E-016)
   0.0000000000000000        0.0000000000000000     
               (4.0043732713702358,0.0000000000000000)
   1.5707963267948966        0.0000000000000000     
        (0.17394361017660254,1.02032517825143240E-016)
   3.1415926535897931        0.0000000000000000     
        (0.26340618839257424,2.40024174199776185E-016)
   1.0000000000000000                1           4
               (1.0000000000000022,0.0000000000000000)
  -1.5707963267948966        0.0000000000000000     
        (0.16860872409789640,9.16567717522993263E-018)
   0.0000000000000000        0.0000000000000000     
               (4.0046580690344840,0.0000000000000000)
   1.5707963267948966        0.0000000000000000     
       (0.16860872409789640,-9.16567717522993263E-018)
   3.1415926535897931        0.0000000000000000     
        (0.25819670484329837,2.40375959275491223E-016)
   1.0000000000000000                1           4
               (1.0000000000000036,0.0000000000000000)
  -1.5707963267948966        0.0000000000000000     
        (0.17043811909788109,3.42113484356727531E-016)
   0.0000000000000000        0.0000000000000000     
               (4.0048940038470802,0.0000000000000000)
   1.5707963267948966        0.0000000000000000     
       (0.17043811909788109,-3.42113484356727531E-016)
   3.1415926535897931        0.0000000000000000     
        (0.25772945208665587,2.40137758863392348E-016)
   1.0000000000000000                1           4
               (1.0000000000000049,0.0000000000000000)
  -1.5707963267948966        0.0000000000000000     
        (0.17363610148348163,9.06826800492522219E-018)
   0.0000000000000000        0.0000000000000000     
               (4.0057389413794535,0.0000000000000000)
   1.5707963267948966        0.0000000000000000     
       (0.17363610148348163,-9.06826800492522219E-018)
   3.1415926535897931        0.0000000000000000     
        (0.26398896231861335,2.40181140934881752E-016)
   1.0000000000000000                1           4
               (1.0000000000000018,0.0000000000000000)
  -1.5707963267948966        0.0000000000000000     
        (0.16887101367061641,1.20214214797899521E-016)
   0.0000000000000000        0.0000000000000000     
               (4.0041283250621138,0.0000000000000000)
   1.5707963267948966        0.0000000000000000     
       (0.16887101367061641,-1.20214214797899521E-016)
   3.1415926535897931        0.0000000000000000     
        (0.26010793332099413,2.40428429595799042E-016)
   1.0000000000000000                1           4
               (1.0000000000000058,0.0000000000000000)
  -1.5707963267948966        0.0000000000000000     
        (0.16464527281441499,1.20474173819390400E-016)
   0.0000000000000000        0.0000000000000000     
               (4.0043955699597618,0.0000000000000000)
   1.5707963267948966        0.0000000000000000     
       (0.16464527281441499,-1.20474173819390400E-016)
   3.1415926535897931        0.0000000000000000     
        (0.25988011271492373,2.40948347638780801E-016)
   1.0000000000000000                1           4
              (0.99999999999999967,0.0000000000000000)
  -1.5707963267948966        0.0000000000000000     
        (0.17208823284417096,1.20118605149303756E-016)
   0.0000000000000000        0.0000000000000000     
               (4.0039851640061919,0.0000000000000000)
   1.5707963267948966        0.0000000000000000     
       (0.17208823284417096,-1.20118605149303756E-016)
   3.1415926535897931        0.0000000000000000     
        (0.26356268461264054,2.40237210298607513E-016)
   1.0000000000000000                1           4
               (1.0000000000000047,0.0000000000000000)
  -1.5707963267948966        0.0000000000000000     
        (0.17370723804259780,2.31031213148493764E-016)
   0.0000000000000000        0.0000000000000000     
               (4.0043621017632862,0.0000000000000000)
   1.5707963267948966        0.0000000000000000     
       (0.17370723804259780,-2.31031213148493764E-016)
   3.1415926535897931        0.0000000000000000     
        (0.26284086417981745,2.40017821371956221E-016)
   1.0000000000000000                1           4
               (1.0000000000000018,0.0000000000000000)
  -1.5707963267948966        0.0000000000000000     
        (0.17127339669631081,3.42111152364398204E-016)
   0.0000000000000000        0.0000000000000000     
               (4.0041834132403631,0.0000000000000000)
   1.5707963267948966        0.0000000000000000     
       (0.17127339669631081,-3.42111152364398204E-016)
   3.1415926535897931        0.0000000000000000     
        (0.26003442924043429,2.40133094878733791E-016)
   1.0000000000000000                1           4
               (1.0000000000000040,0.0000000000000000)
  -1.5707963267948966        0.0000000000000000     
        (0.17422579792395021,1.20051191784010052E-016)
   0.0000000000000000        0.0000000000000000     
               (4.0044607817512476,0.0000000000000000)
   1.5707963267948966        0.0000000000000000     
       (0.17422579792395021,-1.20051191784010052E-016)
   3.1415926535897931        0.0000000000000000     
        (0.26516030941871149,2.40102383568020105E-016)
   1.0000000000000000                1           4
               (1.0000000000000036,0.0000000000000000)
  -1.5707963267948966        0.0000000000000000     
       (0.17166024913447653,-1.01796295009778670E-016)
   0.0000000000000000        0.0000000000000000     
               (4.0043214062838492,0.0000000000000000)
   1.5707963267948966        0.0000000000000000     
        (0.17166024913447653,1.01796295009778670E-016)
   3.1415926535897931        0.0000000000000000     
        (0.26660695407151747,2.40496619830505326E-016)
   1.0000000000000000                1           4
               (1.0000000000000009,0.0000000000000000)
  -1.5707963267948966        0.0000000000000000     
        (0.16999468401371742,1.20190362414071966E-016)
   0.0000000000000000        0.0000000000000000     
               (4.0042348909025165,0.0000000000000000)
   1.5707963267948966        0.0000000000000000     
       (0.16999468401371742,-1.20190362414071966E-016)
   3.1415926535897931        0.0000000000000000     
        (0.26146963018792913,2.40380724828143931E-016)
   1.0000000000000000                1           4
               (1.0000000000000044,0.0000000000000000)
  -1.5707963267948966        0.0000000000000000     
        (0.18127296297199247,1.19711740125246740E-016)
   0.0000000000000000        0.0000000000000000     
               (4.0060681823375894,0.0000000000000000)
   1.5707963267948966        0.0000000000000000     
       (0.18127296297199247,-1.19711740125246740E-016)
   3.1415926535897931        0.0000000000000000     
        (0.26655990635224858,2.39423480250493480E-016)
   1.0000000000000000                1           4
              (0.99999999999999978,0.0000000000000000)
  -1.5707963267948966        0.0000000000000000     
       (0.17119820369209493,-1.01936647840881241E-016)
   0.0000000000000000        0.0000000000000000     
               (4.0051483378786923,0.0000000000000000)
   1.5707963267948966        0.0000000000000000     
        (0.17119820369209493,1.01936647840881241E-016)
   3.1415926535897931        0.0000000000000000     
        (0.26027166023464154,2.40215914168300134E-016)
   1.0000000000000000                1           4
               (1.0000000000000027,0.0000000000000000)
  -1.5707963267948966        0.0000000000000000     
        (0.17320545597896475,1.19967654315469951E-016)
   0.0000000000000000        0.0000000000000000     
               (4.0040197655661753,0.0000000000000000)
   1.5707963267948966        0.0000000000000000     
       (0.17320545597896475,-1.19967654315469951E-016)
   3.1415926535897931        0.0000000000000000     
        (0.26083210092643616,2.39935308630939902E-016)
   1.0000000000000000                1           4
               (1.0000000000000036,0.0000000000000000)
  -1.5707963267948966        0.0000000000000000     
        (0.16708828488810645,9.30876311836607249E-018)
   0.0000000000000000        0.0000000000000000     
               (4.0041474855260093,0.0000000000000000)
   1.5707963267948966        0.0000000000000000     
       (0.16708828488810645,-9.30876311836607249E-018)
   3.1415926535897931        0.0000000000000000     
        (0.26033995150306088,2.40662131161763453E-016)
   1.0000000000000000                1           4
               (1.0000000000000071,0.0000000000000000)
  -1.5707963267948966        0.0000000000000000     
        (0.16598310259747906,2.31429761111075766E-016)
   0.0000000000000000        0.0000000000000000     
               (4.0033861412113882,0.0000000000000000)
   1.5707963267948966        0.0000000000000000     
       (0.16598310259747906,-2.31429761111075766E-016)
   3.1415926535897931        0.0000000000000000     
        (0.26138611818278856,2.40814917297120224E-016)
   1.0000000000000000                1           4
               (1.0000000000000004,0.0000000000000000)
  -1.5707963267948966        0.0000000000000000     
       (0.17418897899763819,-1.02070143361426000E-016)
   0.0000000000000000        0.0000000000000000     
               (4.0055262428659040,0.0000000000000000)
   1.5707963267948966        0.0000000000000000     
        (0.17418897899763819,1.02070143361426000E-016)
   3.1415926535897931        0.0000000000000000     
        (0.26151501126132526,2.39948923127210665E-016)
   1.0000000000000000                1           4
              (0.99999999999999967,0.0000000000000000)
  -1.5707963267948966        0.0000000000000000     
        (0.17465915104561758,8.96079353520715977E-018)
   0.0000000000000000        0.0000000000000000     
               (4.0044757009075260,0.0000000000000000)
   1.5707963267948966        0.0000000000000000     
       (0.17465915104561758,-8.96079353520715977E-018)
   3.1415926535897931        0.0000000000000000     
        (0.26378791933616630,2.39966191995445677E-016)
   1.0000000000000000                1           4
              (0.99999999999999967,0.0000000000000000)
  -1.5707963267948966        0.0000000000000000     
        (0.17344857124214108,3.42063592488299689E-016)
   0.0000000000000000        0.0000000000000000     
               (4.0050795438112274,0.0000000000000000)
   1.5707963267948966        0.0000000000000000     
       (0.17344857124214108,-3.42063592488299689E-016)
   3.1415926535897931        0.0000000000000000     
        (0.26193522432088356,2.40037975126536761E-016)
   1.0000000000000000                1           4
               (1.0000000000000044,0.0000000000000000)
  -1.5707963267948966        0.0000000000000000     
        (0.17384148810485023,1.19986613741683061E-016)
   0.0000000000000000        0.0000000000000000     
               (4.0048997936095905,0.0000000000000000)
   1.5707963267948966        0.0000000000000000     
       (0.17384148810485023,-1.19986613741683061E-016)
   3.1415926535897931        0.0000000000000000     
        (0.26184339898976416,2.39973227483366121E-016)
   1.0000000000000000                1           4
               (1.0000000000000024,0.0000000000000000)
  -1.5707963267948966        0.0000000000000000     
        (0.17199324427214069,1.20060914895161772E-016)
   0.0000000000000000        0.0000000000000000     
               (4.0041138173015156,0.0000000000000000)
   1.5707963267948966        0.0000000000000000     
       (0.17199324427214069,-1.20060914895161772E-016)
   3.1415926535897931        0.0000000000000000     
        (0.26135974747577773,2.40121829790323543E-016)
   1.0000000000000000                1           4
               (1.0000000000000004,0.0000000000000000)
  -1.5707963267948966        0.0000000000000000     
        (0.16471402117368761,1.20490161554168526E-016)
   0.0000000000000000        0.0000000000000000     
               (4.0036362906972291,0.0000000000000000)
   1.5707963267948966        0.0000000000000000     
       (0.16471402117368761,-1.20490161554168526E-016)
   3.1415926535897931        0.0000000000000000     
        (0.26129908774275512,2.40980323108337053E-016)
   1.0000000000000000                1           4
              (0.99999999999999867,0.0000000000000000)
  -1.5707963267948966        0.0000000000000000     
        (0.17235712183622998,9.08689902308905839E-018)
   0.0000000000000000        0.0000000000000000     
               (4.0047408143470848,0.0000000000000000)
   1.5707963267948966        0.0000000000000000     
       (0.17235712183622998,-9.08689902308905839E-018)
   3.1415926535897931        0.0000000000000000     
        (0.26303766529053441,2.40218402971209474E-016)
   1.0000000000000000                1           4
               (1.0000000000000004,0.0000000000000000)
  -1.5707963267948966        0.0000000000000000     
        (0.16991053554028179,3.42163118159353564E-016)
   0.0000000000000000        0.0000000000000000     
               (4.0052158259014865,0.0000000000000000)
   1.5707963267948966        0.0000000000000000     
       (0.16991053554028179,-3.42163118159353564E-016)
   3.1415926535897931        0.0000000000000000     
        (0.25797362593844275,2.40237026468644512E-016)
   1.0000000000000000                1           4
               (1.0000000000000000,0.0000000000000000)
  -1.5707963267948966        0.0000000000000000     
       (0.16778686035022328,-1.01772116594718917E-016)
   0.0000000000000000        0.0000000000000000     
               (4.0051128711309625,0.0000000000000000)
   1.5707963267948966        0.0000000000000000     
        (0.16778686035022328,1.01772116594718917E-016)
   3.1415926535897931        0.0000000000000000     
        (0.25885843862294133,2.40544976660624831E-016)
   1.0000000000000000                1           4
               (1.0000000000000022,0.0000000000000000)
  -1.5707963267948966        0.0000000000000000     
       (0.17741857098285174,-1.02186954352483589E-016)
   0.0000000000000000        0.0000000000000000     
               (4.0052532144427975,0.0000000000000000)
   1.5707963267948966        0.0000000000000000     
        (0.17741857098285174,1.02186954352483589E-016)
   3.1415926535897931        0.0000000000000000     
        (0.26443188714676658,2.39715301145095439E-016)
   1.0000000000000000                1           4
               (1.0000000000000042,0.0000000000000000)
  -1.5707963267948966        0.0000000000000000     
        (0.17541860414575305,1.19928555765926620E-016)
   0.0000000000000000        0.0000000000000000     
               (4.0055724370579089,0.0000000000000000)
   1.5707963267948966        0.0000000000000000     
       (0.17541860414575305,-1.19928555765926620E-016)
   3.1415926535897931        0.0000000000000000     
        (0.26242867022636940,2.39857111531853241E-016)
   1.0000000000000000                1           4
               (1.0000000000000013,0.0000000000000000)
  -1.5707963267948966        0.0000000000000000     
        (0.17563731417499095,1.19879880158697105E-016)
   0.0000000000000000        0.0000000000000000     
               (4.0050598694764048,0.0000000000000000)
   1.5707963267948966        0.0000000000000000     
       (0.17563731417499095,-1.19879880158697105E-016)
   3.1415926535897931        0.0000000000000000     
        (0.26178879188169457,2.39759760317394210E-016)
   1.0000000000000000                1           4
               (1.0000000000000053,0.0000000000000000)
  -1.5707963267948966        0.0000000000000000     
        (0.16730850688649934,1.20268814528730818E-016)
   0.0000000000000000        0.0000000000000000     
               (4.0043181649345589,0.0000000000000000)
   1.5707963267948966        0.0000000000000000     
       (0.16730850688649934,-1.20268814528730818E-016)
   3.1415926535897931        0.0000000000000000     
        (0.25857644242596745,2.40537629057461637E-016)
   1.0000000000000000                1           4
               (1.0000000000000056,0.0000000000000000)
  -1.5707963267948966        0.0000000000000000     
        (0.17577180387612368,3.41958267362118065E-016)
   0.0000000000000000        0.0000000000000000     
               (4.0052003741134108,0.0000000000000000)
   1.5707963267948966        0.0000000000000000     
       (0.17577180387612368,-3.41958267362118065E-016)
   3.1415926535897931        0.0000000000000000     
        (0.26302067959550979,2.39827324874173513E-016)
   1.0000000000000000                1           4
               (1.0000000000000044,0.0000000000000000)
  -1.5707963267948966        0.0000000000000000     
        (0.18008933490661561,2.30855386343005528E-016)
   0.0000000000000000        0.0000000000000000     
               (4.0057313649765440,0.0000000000000000)
   1.5707963267948966        0.0000000000000000     
       (0.18008933490661561,-2.30855386343005528E-016)
   3.1415926535897931        0.0000000000000000     
        (0.26849285540432222,2.39666167760979649E-016)
   1.0000000000000000                1           4
               (1.0000000000000016,0.0000000000000000)
  -1.5707963267948966        0.0000000000000000     
        (0.17074425003812543,1.20134965877448861E-016)
   0.0000000000000000        0.0000000000000000     
               (4.0045943419165813,0.0000000000000000)
   1.5707963267948966        0.0000000000000000     
       (0.17074425003812543,-1.20134965877448861E-016)
   3.1415926535897931        0.0000000000000000     
        (0.26079992302482136,2.40269931754897722E-016)
   1.0000000000000000                1           4
               (1.0000000000000036,0.0000000000000000)
  -1.5707963267948966        0.0000000000000000     
        (0.16999013046246114,1.20260265203483251E-016)
   0.0000000000000000        0.0000000000000000     
               (4.0041037705196292,0.0000000000000000)
   1.5707963267948966        0.0000000000000000     
       (0.16999013046246114,-1.20260265203483251E-016)
   3.1415926535897931        0.0000000000000000     
        (0.26387484183896781,2.40520530406966502E-016)
   1.0000000000000000                1           4
               (1.0000000000000062,0.0000000000000000)
  -1.5707963267948966        0.0000000000000000     
        (0.17560390226401190,1.19974842403281162E-016)
   0.0000000000000000        0.0000000000000000     
               (4.0051766654277756,0.0000000000000000)
   1.5707963267948966        0.0000000000000000     
       (0.17560390226401190,-1.19974842403281162E-016)
   3.1415926535897931        0.0000000000000000     
        (0.26470687440000429,2.39949684806562324E-016)
   1.0000000000000000                1           4
               (1.0000000000000016,0.0000000000000000)
  -1.5707963267948966        0.0000000000000000     
        (0.16787055550448882,1.20204601811106478E-016)
   0.0000000000000000        0.0000000000000000     
               (4.0047837851551327,0.0000000000000000)
   1.5707963267948966        0.0000000000000000     
       (0.16787055550448882,-1.20204601811106478E-016)
   3.1415926535897931        0.0000000000000000     
        (0.25713757291928840,2.40409203622212955E-016)
   1.0000000000000000                1           4
               (1.0000000000000011,0.0000000000000000)
  -1.5707963267948966        0.0000000000000000     
       (0.17342673975293110,-1.02058239432617683E-016)
   0.0000000000000000        0.0000000000000000     
               (4.0049882167387230,0.0000000000000000)
   1.5707963267948966        0.0000000000000000     
        (0.17342673975293110,1.02058239432617683E-016)
   3.1415926535897931        0.0000000000000000     
        (0.26091737072031618,2.39972730984827300E-016)
   1.0000000000000000                1           4
               (1.0000000000000049,0.0000000000000000)
  -1.5707963267948966        0.0000000000000000     
        (0.17526169120900692,1.20019509335723444E-016)
   0.0000000000000000        0.0000000000000000     
               (4.0042240035491448,0.0000000000000000)
   1.5707963267948966        0.0000000000000000     
       (0.17526169120900692,-1.20019509335723444E-016)
   3.1415926535897931        0.0000000000000000     
        (0.26643404689840089,2.40039018671446888E-016)
   1.0000000000000000                1           4
               (1.0000000000000022,0.0000000000000000)
  -1.5707963267948966        0.0000000000000000     
        (0.16659112128870579,1.20326279470368234E-016)
   0.0000000000000000        0.0000000000000000     
               (4.0039676493997787,0.0000000000000000)
   1.5707963267948966        0.0000000000000000     
       (0.16659112128870579,-1.20326279470368234E-016)
   3.1415926535897931        0.0000000000000000     
        (0.25936913419775631,2.40652558940736468E-016)
   1.0000000000000000                1           4
               (1.0000000000000093,0.0000000000000000)
  -1.5707963267948966        0.0000000000000000     
        (0.17519151278470713,1.20028424473349496E-016)
   0.0000000000000000        0.0000000000000000     
               (4.0044772915203044,0.0000000000000000)
   1.5707963267948966        0.0000000000000000     
       (0.17519151278470713,-1.20028424473349496E-016)
   3.1415926535897931        0.0000000000000000     
        (0.26633159257151762,2.40056848946698991E-016)
   1.0000000000000000                1           4
               (1.0000000000000042,0.0000000000000000)
  -1.5707963267948966        0.0000000000000000     
        (0.16621242220763344,2.31299744505597726E-016)
   0.0000000000000000        0.0000000000000000     
               (4.0037336639362398,0.0000000000000000)
   1.5707963267948966        0.0000000000000000     
       (0.16621242220763344,-2.31299744505597726E-016)
   3.1415926535897931        0.0000000000000000     
        (0.25725057007034136,2.40554884086164143E-016)
   1.0000000000000000                1           4
               (1.0000000000000047,0.0000000000000000)
  -1.5707963267948966        0.0000000000000000     
        (0.18023493277390801,1.19762436135395695E-016)
   0.0000000000000000        0.0000000000000000     
               (4.0049146377317193,0.0000000000000000)
   1.5707963267948966        0.0000000000000000     
       (0.18023493277390801,-1.19762436135395695E-016)
   3.1415926535897931        0.0000000000000000     
        (0.26729324791393883,2.39524872270791391E-016)
   1.0000000000000000                1           4
               (1.0000000000000060,0.0000000000000000)
  -1.5707963267948966        0.0000000000000000     
        (0.17149334186373322,2.31160673602922328E-016)
   0.0000000000000000        0.0000000000000000     
               (4.0042581788849949,0.0000000000000000)
   1.5707963267948966        0.0000000000000000     
       (0.17149334186373322,-2.31160673602922328E-016)
   3.1415926535897931        0.0000000000000000     
        (0.26274549403647185,2.40276742280813347E-016)
   1.0000000000000000                1           4
               (1.0000000000000031,0.0000000000000000)
  -1.5707963267948966        0.0000000000000000     
        (0.17580854548638081,1.19963211936515319E-016)
   0.0000000000000000        0.0000000000000000     
               (4.0050468642526322,0.0000000000000000)
   1.5707963267948966        0.0000000000000000     
       (0.17580854548638081,-1.19963211936515319E-016)
   3.1415926535897931        0.0000000000000000     
        (0.26486608214680041,2.39926423873030637E-016)
   1.0000000000000000                1           4
               (1.0000000000000022,0.0000000000000000)
  -1.5707963267948966        0.0000000000000000     
        (0.17268731646294921,1.20069236419165587E-016)
   0.0000000000000000        0.0000000000000000     
               (4.0051004629445242,0.0000000000000000)
   1.5707963267948966        0.0000000000000000     
       (0.17268731646294921,-1.20069236419165587E-016)
   3.1415926535897931        0.0000000000000000     
        (0.26203304781496528,2.40138472838331173E-016)
   1.0000000000000000                1           4
               (1.0000000000000029,0.0000000000000000)
  -1.5707963267948966        0.0000000000000000     
        (0.17669611097248039,1.19817719000329955E-016)
   0.0000000000000000        0.0000000000000000     
               (4.0054196962394375,0.0000000000000000)
   1.5707963267948966        0.0000000000000000     
       (0.17669611097248039,-1.19817719000329955E-016)
   3.1415926535897931        0.0000000000000000     
        (0.26151622120210904,2.39635438000659910E-016)
   1.0000000000000000                1           4
               (1.0000000000000060,0.0000000000000000)
  -1.5707963267948966        0.0000000000000000     
        (0.17349488821836245,1.20069019787597550E-016)
   0.0000000000000000        0.0000000000000000     
               (4.0044066179007061,0.0000000000000000)
   1.5707963267948966        0.0000000000000000     
       (0.17349488821836245,-1.20069019787597550E-016)
   3.1415926535897931        0.0000000000000000     
        (0.26433496064563156,2.40138039575195100E-016)
   1.0000000000000000                1           4
               (1.0000000000000060,0.0000000000000000)
  -1.5707963267948966        0.0000000000000000     
        (0.17101902651471146,3.42208791333904689E-016)
   0.0000000000000000        0.0000000000000000     
               (4.0049698314180349,0.0000000000000000)
   1.5707963267948966        0.0000000000000000     
       (0.17101902651471146,-3.42208791333904689E-016)
   3.1415926535897931        0.0000000000000000     
        (0.26192840146198260,2.40328372817746763E-016)
   1.0000000000000000                1           4
               (1.0000000000000020,0.0000000000000000)
  -1.5707963267948966        0.0000000000000000     
        (0.16921660693893548,1.20218488268044183E-016)
   0.0000000000000000        0.0000000000000000     
               (4.0044208313286163,0.0000000000000000)
   1.5707963267948966        0.0000000000000000     
       (0.16921660693893548,-1.20218488268044183E-016)
   3.1415926535897931        0.0000000000000000     
        (0.26064619571873238,2.40436976536088365E-016)
   1.0000000000000000                1           4
               (1.0000000000000058,0.0000000000000000)
  -1.5707963267948966        0.0000000000000000     
        (0.17456226438449662,1.20016621846507126E-016)
   0.0000000000000000        0.0000000000000000     
               (4.0050265772868245,0.0000000000000000)
   1.5707963267948966        0.0000000000000000     
       (0.17456226438449662,-1.20016621846507126E-016)
   3.1415926535897931        0.0000000000000000     
        (0.26413830695665741,2.40033243693014251E-016)
   1.0000000000000000                1           4
               (1.0000000000000038,0.0000000000000000)
  -1.5707963267948966        0.0000000000000000     
        (0.17015363607014988,1.20094295863315235E-016)
   0.0000000000000000        0.0000000000000000     
               (4.0041662193791652,0.0000000000000000)
   1.5707963267948966        0.0000000000000000     
       (0.17015363607014988,-1.20094295863315235E-016)
   3.1415926535897931        0.0000000000000000     
        (0.25871843415565765,2.40188591726630470E-016)
   1.0000000000000000                1           4
               (1.0000000000000036,0.0000000000000000)
  -1.5707963267948966        0.0000000000000000     
       (0.17126925631315304,-1.01842958910221968E-016)
   0.0000000000000000        0.0000000000000000     
               (4.0036702201607834,0.0000000000000000)
   1.5707963267948966        0.0000000000000000     
        (0.17126925631315304,1.01842958910221968E-016)
   3.1415926535897931        0.0000000000000000     
        (0.26495199589735008,2.40403292029618730E-016)
   1.0000000000000000                1           4
               (1.0000000000000004,0.0000000000000000)
  -1.5707963267948966        0.0000000000000000     
        (0.17534255723525038,1.19935937237819588E-016)
   0.0000000000000000        0.0000000000000000     
               (4.0048820514267716,0.0000000000000000)
   1.5707963267948966        0.0000000000000000     
       (0.17534255723525038,-1.19935937237819588E-016)
   3.1415926535897931        0.0000000000000000     
        (0.26320805920502754,2.39871874475639175E-016)
   1.0000000000000000                1           4
               (1.0000000000000042,0.0000000000000000)
  -1.5707963267948966        0.0000000000000000     
       (0.16999712350265161,-1.01782163958225091E-016)
   0.0000000000000000        0.0000000000000000     
               (4.0045220213514563,0.0000000000000000)
   1.5707963267948966        0.0000000000000000     
        (0.16999712350265161,1.01782163958225091E-016)
   3.1415926535897931        0.0000000000000000     
        (0.26354164291072846,2.40524881933612484E-016)
   1.0000000000000000                1           4
               (1.0000000000000044,0.0000000000000000)
  -1.5707963267948966        0.0000000000000000     
        (0.17521776807141365,1.19969336868251789E-016)
   0.0000000000000000        0.0000000000000000     
               (4.0039701663713494,0.0000000000000000)
   1.5707963267948966        0.0000000000000000     
       (0.17521776807141365,-1.19969336868251789E-016)
   3.1415926535897931        0.0000000000000000     
        (0.26496128065056979,2.39938673736503578E-016)
   1.0000000000000000                1           4
               (1.0000000000000031,0.0000000000000000)
  -1.5707963267948966        0.0000000000000000     
        (0.17037412374477334,1.20195256363923497E-016)
   0.0000000000000000        0.0000000000000000     
               (4.0041330929690524,0.0000000000000000)
   1.5707963267948966        0.0000000000000000     
       (0.17037412374477334,-1.20195256363923497E-016)
   3.1415926535897931        0.0000000000000000     
        (0.26249015611632087,2.40390512727846995E-016)
   1.0000000000000000                1           4
               (1.0000000000000067,0.0000000000000000)
  -1.5707963267948966        0.0000000000000000     
        (0.17396761235207514,1.20012043043804547E-016)
   0.0000000000000000        0.0000000000000000     
               (4.0046524477229415,0.0000000000000000)
   1.5707963267948966        0.0000000000000000     
       (0.17396761235207514,-1.20012043043804547E-016)
   3.1415926535897931        0.0000000000000000     
        (0.26317357740992320,2.40024086087609095E-016)
   1.0000000000000000                1           4
               (1.0000000000000024,0.0000000000000000)
  -1.5707963267948966        0.0000000000000000     
        (0.17095579207893596,2.31133602117018693E-016)
   0.0000000000000000        0.0000000000000000     
               (4.0052030385349147,0.0000000000000000)
   1.5707963267948966        0.0000000000000000     
       (0.17095579207893596,-2.31133602117018693E-016)
   3.1415926535897931        0.0000000000000000     
        (0.25984131298507951,2.40222599309005979E-016)
   1.0000000000000000                1           4
               (1.0000000000000053,0.0000000000000000)
  -1.5707963267948966        0.0000000000000000     
        (0.16922037043160432,1.20206475023333153E-016)
   0.0000000000000000        0.0000000000000000     
               (4.0047005620140643,0.0000000000000000)
   1.5707963267948966        0.0000000000000000     
       (0.16922037043160432,-1.20206475023333153E-016)
   3.1415926535897931        0.0000000000000000     
        (0.25998160966905359,2.40412950046666306E-016)
   1.0000000000000000                1           4
               (1.0000000000000020,0.0000000000000000)
  -1.5707963267948966        0.0000000000000000     
        (0.17560667066509528,1.19977908196618178E-016)
   0.0000000000000000        0.0000000000000000     
               (4.0048854085733039,0.0000000000000000)
   1.5707963267948966        0.0000000000000000     
       (0.17560667066509528,-1.19977908196618178E-016)
   3.1415926535897931        0.0000000000000000     
        (0.26510380446623094,2.39955816393236356E-016)
   1.0000000000000000                1           4
               (1.0000000000000027,0.0000000000000000)
  -1.5707963267948966        0.0000000000000000     
        (0.16888489008436236,1.20223607148240217E-016)
   0.0000000000000000        0.0000000000000000     
               (4.0037432492438425,0.0000000000000000)
   1.5707963267948966        0.0000000000000000     
       (0.16888489008436236,-1.20223607148240217E-016)
   3.1415926535897931        0.0000000000000000     
        (0.26082753940976466,2.40447214296480435E-016)
   1.0000000000000000                1           4
              (0.99999999999999800,0.0000000000000000)
  -1.5707963267948966        0.0000000000000000     
       (0.17333447902135979,-1.01996574836327959E-016)
   0.0000000000000000        0.0000000000000000     
               (4.0046205734115574,0.0000000000000000)
   1.5707963267948966        0.0000000000000000     
        (0.17333447902135979,1.01996574836327959E-016)
   3.1415926535897931        0.0000000000000000     
        (0.26311461114758972,2.40096060177406747E-016)
   1.0000000000000000                1           4
               (1.0000000000000004,0.0000000000000000)
  -1.5707963267948966        0.0000000000000000     
        (0.17676171590600775,1.19952068541983965E-016)
   0.0000000000000000        0.0000000000000000     
               (4.0042486318134705,0.0000000000000000)
   1.5707963267948966        0.0000000000000000     
       (0.17676171590600775,-1.19952068541983965E-016)
   3.1415926535897931        0.0000000000000000     
        (0.26720668453861895,2.39904137083967930E-016)
   1.0000000000000000                1           4
               (1.0000000000000007,0.0000000000000000)
  -1.5707963267948966        0.0000000000000000     
        (0.16693567096292694,1.20275620381270703E-016)
   0.0000000000000000        0.0000000000000000     
               (4.0035866438694265,0.0000000000000000)
   1.5707963267948966        0.0000000000000000     
       (0.16693567096292694,-1.20275620381270703E-016)
   3.1415926535897931        0.0000000000000000     
        (0.25878458765761791,2.40551240762541407E-016)
   1.0000000000000000                1           4
               (1.0000000000000027,0.0000000000000000)
  -1.5707963267948966        0.0000000000000000     
        (0.17567912873313540,4.53045316766004263E-016)
   0.0000000000000000        0.0000000000000000     
               (4.0050388957016239,0.0000000000000000)
   1.5707963267948966        0.0000000000000000     
       (0.17567912873313540,-4.53045316766004263E-016)
   3.1415926535897931        0.0000000000000000     
        (0.26511160331513872,2.39956818756914503E-016)
   1.0000000000000000                1           4
               (1.0000000000000049,0.0000000000000000)
  -1.5707963267948966        0.0000000000000000     
        (0.17867739405974981,1.19821081890316395E-016)
   0.0000000000000000        0.0000000000000000     
               (4.0050691549472033,0.0000000000000000)
   1.5707963267948966        0.0000000000000000     
       (0.17867739405974981,-1.19821081890316395E-016)
   3.1415926535897931        0.0000000000000000     
        (0.26593916899145664,2.39642163780632790E-016)
   1.0000000000000000                1           4
               (1.0000000000000033,0.0000000000000000)
  -1.5707963267948966        0.0000000000000000     
       (0.16685431109864268,-1.01692010357566874E-016)
   0.0000000000000000        0.0000000000000000     
               (4.0044846002006951,0.0000000000000000)
   1.5707963267948966        0.0000000000000000     
        (0.16685431109864268,1.01692010357566874E-016)
   3.1415926535897931        0.0000000000000000     
        (0.26023807931527521,2.40705189134928918E-016)
   1.0000000000000000                1           4
               (1.0000000000000038,0.0000000000000000)
  -1.5707963267948966        0.0000000000000000     
        (0.17347247169680347,1.20026856506081061E-016)
   0.0000000000000000        0.0000000000000000     
               (4.0046153346229669,0.0000000000000000)
   1.5707963267948966        0.0000000000000000     
       (0.17347247169680347,-1.20026856506081061E-016)
   3.1415926535897931        0.0000000000000000     
        (0.26270425359552951,2.40053713012162123E-016)
   1.0000000000000000                1           4
               (1.0000000000000038,0.0000000000000000)
  -1.5707963267948966        0.0000000000000000     
        (0.17669212440628246,1.19864463783059409E-016)
   0.0000000000000000        0.0000000000000000     
               (4.0056054595225987,0.0000000000000000)
   1.5707963267948966        0.0000000000000000     
       (0.17669212440628246,-1.19864463783059409E-016)
   3.1415926535897931        0.0000000000000000     
        (0.26284928525708784,2.39728927566118819E-016)
   1.0000000000000000                1           4
               (1.0000000000000040,0.0000000000000000)
  -1.5707963267948966        0.0000000000000000     
        (0.16756475555461936,9.33201087390918641E-018)
   0.0000000000000000        0.0000000000000000     
               (4.0041416026949017,0.0000000000000000)
   1.5707963267948966        0.0000000000000000     
       (0.16756475555461936,-9.33201087390918641E-018)
   3.1415926535897931        0.0000000000000000     
        (0.26205810498759241,2.40708626672849681E-016)
   1.0000000000000000                1           4
               (1.0000000000000011,0.0000000000000000)
  -1.5707963267948966        0.0000000000000000     
        (0.17192125205435516,1.20036405297636042E-016)
   0.0000000000000000        0.0000000000000000     
               (4.0048047044512289,0.0000000000000000)
   1.5707963267948966        0.0000000000000000     
       (0.17192125205435516,-1.20036405297636042E-016)
   3.1415926535897931        0.0000000000000000     
        (0.25972433168320697,2.40072810595272083E-016)
   1.0000000000000000                1           4
               (1.0000000000000033,0.0000000000000000)
  -1.5707963267948966        0.0000000000000000     
        (0.17060153656225463,1.20149377814111523E-016)
   0.0000000000000000        0.0000000000000000     
               (4.0040421424128985,0.0000000000000000)
   1.5707963267948966        0.0000000000000000     
       (0.17060153656225463,-1.20149377814111523E-016)
   3.1415926535897931        0.0000000000000000     
        (0.26153742515112466,2.40298755628223046E-016)
   1.0000000000000000                1           4
               (1.0000000000000022,0.0000000000000000)
  -1.5707963267948966        0.0000000000000000     
        (0.17602641700573329,1.19969015507178555E-016)
   0.0000000000000000        0.0000000000000000     
               (4.0048653539997003,0.0000000000000000)
   1.5707963267948966        0.0000000000000000     
       (0.17602641700573329,-1.19969015507178555E-016)
   3.1415926535897931        0.0000000000000000     
        (0.26567289444164666,2.39938031014357110E-016)
   1.0000000000000000                1           4
               (1.0000000000000087,0.0000000000000000)
  -1.5707963267948966        0.0000000000000000     
        (0.17231747879812565,3.42132845991101255E-016)
   0.0000000000000000        0.0000000000000000     
               (4.0048040478993121,0.0000000000000000)
   1.5707963267948966        0.0000000000000000     
       (0.17231747879812565,-3.42132845991101255E-016)
   3.1415926535897931        0.0000000000000000     
        (0.26221052640536779,2.40176482132139893E-016)
   1.0000000000000000                1           4
               (1.0000000000000038,0.0000000000000000)
  -1.5707963267948966        0.0000000000000000     
        (0.17045223874545690,3.42132135583200785E-016)
   0.0000000000000000        0.0000000000000000     
               (4.0036332151921208,0.0000000000000000)
   1.5707963267948966        0.0000000000000000     
       (0.17045223874545690,-3.42132135583200785E-016)
   3.1415926535897931        0.0000000000000000     
        (0.25962767532429798,2.40175061316338904E-016)
   1.0000000000000000                1           4
               (1.0000000000000027,0.0000000000000000)
  -1.5707963267948966        0.0000000000000000     
        (0.17015116284072218,1.20179473968266900E-016)
   0.0000000000000000        0.0000000000000000     
               (4.0042113764876888,0.0000000000000000)
   1.5707963267948966        0.0000000000000000     
       (0.17015116284072218,-1.20179473968266900E-016)
   3.1415926535897931        0.0000000000000000     
        (0.26145045862751370,2.40358947936533800E-016)
   1.0000000000000000                1           4
               (1.0000000000000038,0.0000000000000000)
  -1.5707963267948966        0.0000000000000000     
       (0.17867518574321606,-1.02227647104667969E-016)
   0.0000000000000000        0.0000000000000000     
               (4.0049405393314998,0.0000000000000000)
   1.5707963267948966        0.0000000000000000     
        (0.17867518574321606,1.02227647104667969E-016)
   3.1415926535897931        0.0000000000000000     
        (0.26592866562706718,2.39633915640726727E-016)
   1.0000000000000000                1           4
               (1.0000000000000047,0.0000000000000000)
  -1.5707963267948966        0.0000000000000000     
        (0.16674932587970503,1.20345737658739449E-016)
   0.0000000000000000        0.0000000000000000     
               (4.0047416603080590,0.0000000000000000)
   1.5707963267948966        0.0000000000000000     
       (0.16674932587970503,-1.20345737658739449E-016)
   3.1415926535897931        0.0000000000000000     
        (0.25954708513481517,2.40691475317478898E-016)
   1.0000000000000000                1           4
               (1.0000000000000016,0.0000000000000000)
  -1.5707963267948966        0.0000000000000000     
       (0.16862580495195001,-1.01846400474442125E-016)
   0.0000000000000000        0.0000000000000000     
               (4.0038829147648958,0.0000000000000000)
   1.5707963267948966        0.0000000000000000     
        (0.16862580495195001,1.01846400474442125E-016)
   3.1415926535897931        0.0000000000000000     
        (0.25933998855277385,2.40396408901178366E-016)
   1.0000000000000000                1           4
               (1.0000000000000102,0.0000000000000000)
  -1.5707963267948966        0.0000000000000000     
        (0.17524489220624628,1.19951292152465820E-016)
   0.0000000000000000        0.0000000000000000     
               (4.0047451155518274,0.0000000000000000)
   1.5707963267948966        0.0000000000000000     
       (0.17524489220624628,-1.19951292152465820E-016)
   3.1415926535897931        0.0000000000000000     
        (0.26365119459463460,2.39902584304931640E-016)
   1.0000000000000000                1           4
               (1.0000000000000049,0.0000000000000000)
  -1.5707963267948966        0.0000000000000000     
        (0.17723569308523457,1.19928240312956311E-016)
   0.0000000000000000        0.0000000000000000     
               (4.0055215909620863,0.0000000000000000)
   1.5707963267948966        0.0000000000000000     
       (0.17723569308523457,-1.19928240312956311E-016)
   3.1415926535897931        0.0000000000000000     
        (0.26610339072523037,2.39856480625912623E-016)
   1.0000000000000000                1           4
               (1.0000000000000029,0.0000000000000000)
  -1.5707963267948966        0.0000000000000000     
        (0.17328523079060765,4.53132060689333335E-016)
   0.0000000000000000        0.0000000000000000     
               (4.0037098511015135,0.0000000000000000)
   1.5707963267948966        0.0000000000000000     
       (0.17328523079060765,-4.53132060689333335E-016)
   3.1415926535897931        0.0000000000000000     
        (0.26448612357883861,2.40130306603572648E-016)
   1.0000000000000000                1           4
               (1.0000000000000004,0.0000000000000000)
  -1.5707963267948966        0.0000000000000000     
        (0.16929556999121720,1.20254464710060132E-016)
   0.0000000000000000        0.0000000000000000     
               (4.0044600954109155,0.0000000000000000)
   1.5707963267948966        0.0000000000000000     
       (0.16929556999121720,-1.20254464710060132E-016)
   3.1415926535897931        0.0000000000000000     
        (0.26193993751227451,2.40508929420120263E-016)
   1.0000000000000000                1           4
               (1.0000000000000038,0.0000000000000000)
  -1.5707963267948966        0.0000000000000000     
        (0.17438779555267792,1.20026780558357167E-016)
   0.0000000000000000        0.0000000000000000     
               (4.0054544337214901,0.0000000000000000)
   1.5707963267948966        0.0000000000000000     
       (0.17438779555267792,-1.20026780558357167E-016)
   3.1415926535897931        0.0000000000000000     
        (0.26369332156784064,2.40053561116714333E-016)
   1.0000000000000000                1           4
               (1.0000000000000038,0.0000000000000000)
  -1.5707963267948966        0.0000000000000000     
        (0.17203825476088230,3.42188969433954961E-016)
   0.0000000000000000        0.0000000000000000     
               (4.0041539521597205,0.0000000000000000)
   1.5707963267948966        0.0000000000000000     
       (0.17203825476088230,-3.42188969433954961E-016)
   3.1415926535897931        0.0000000000000000     
        (0.26413530482761005,2.40288729017847305E-016)
   1.0000000000000000                1           4
               (1.0000000000000027,0.0000000000000000)
  -1.5707963267948966        0.0000000000000000     
        (0.17251217191192492,1.20154934273231509E-016)
   0.0000000000000000        0.0000000000000000     
               (4.0045533485157794,0.0000000000000000)
   1.5707963267948966        0.0000000000000000     
       (0.17251217191192492,-1.20154934273231509E-016)
   3.1415926535897931        0.0000000000000000     
        (0.26502897747527365,2.40309868546463018E-016)
   1.0000000000000000                1           4
               (1.0000000000000071,0.0000000000000000)
  -1.5707963267948966        0.0000000000000000     
        (0.16824114850883110,3.42324363429086071E-016)
   0.0000000000000000        0.0000000000000000     
               (4.0048362747708399,0.0000000000000000)
   1.5707963267948966        0.0000000000000000     
       (0.16824114850883110,-3.42324363429086071E-016)
   3.1415926535897931        0.0000000000000000     
        (0.26028107319533245,2.40559517008109526E-016)
   1.0000000000000000                1           4
               (1.0000000000000038,0.0000000000000000)
  -1.5707963267948966        0.0000000000000000     
        (0.17158198980264894,9.10948885037190793E-018)
   0.0000000000000000        0.0000000000000000     
               (4.0038588453811546,0.0000000000000000)
   1.5707963267948966        0.0000000000000000     
       (0.17158198980264894,-9.10948885037190793E-018)
   3.1415926535897931        0.0000000000000000     
        (0.26310720994190862,2.40263582625775124E-016)
   1.0000000000000000                1           4
               (1.0000000000000040,0.0000000000000000)
  -1.5707963267948966        0.0000000000000000     
        (0.17706394875703158,1.19854662949020479E-016)
   0.0000000000000000        0.0000000000000000     
               (4.0048891376946223,0.0000000000000000)
   1.5707963267948966        0.0000000000000000     
       (0.17706394875703158,-1.19854662949020479E-016)
   3.1415926535897931        0.0000000000000000     
        (0.26398913625346143,2.39709325898040958E-016)
   1.0000000000000000                1           4
               (1.0000000000000062,0.0000000000000000)
  -1.5707963267948966        0.0000000000000000     
        (0.16759302173181201,3.42439843742801080E-016)
   0.0000000000000000        0.0000000000000000     
               (4.0036426953396731,0.0000000000000000)
   1.5707963267948966        0.0000000000000000     
       (0.16759302173181201,-3.42439843742801080E-016)
   3.1415926535897931        0.0000000000000000     
        (0.26395027236018276,2.40790477635539445E-016)
   1.0000000000000000                1           4
               (1.0000000000000038,0.0000000000000000)
  -1.5707963267948966        0.0000000000000000     
        (0.17230993669815076,1.20120804891717817E-016)
   0.0000000000000000        0.0000000000000000     
               (4.0048809681590853,0.0000000000000000)
   1.5707963267948966        0.0000000000000000     
       (0.17230993669815076,-1.20120804891717817E-016)
   3.1415926535897931        0.0000000000000000     
        (0.26318213720746553,2.40241609783435634E-016)
   1.0000000000000000                1           4
               (1.0000000000000016,0.0000000000000000)
  -1.5707963267948966        0.0000000000000000     
        (0.17331229392987924,1.19952866885727456E-016)
   0.0000000000000000        0.0000000000000000     
               (4.0040331564339322,0.0000000000000000)
   1.5707963267948966        0.0000000000000000     
       (0.17331229392987924,-1.19952866885727456E-016)
   3.1415926535897931        0.0000000000000000     
        (0.26054939185142145,2.39905733771454913E-016)
   1.0000000000000000                1           4
               (1.0000000000000027,0.0000000000000000)
  -1.5707963267948966        0.0000000000000000     
        (0.16923646794648728,3.42322465598711071E-016)
   0.0000000000000000        0.0000000000000000     
               (4.0046316929574921,0.0000000000000000)
   1.5707963267948966        0.0000000000000000     
       (0.16923646794648728,-3.42322465598711071E-016)
   3.1415926535897931        0.0000000000000000     
        (0.26241430603977878,2.40555721347359526E-016)
   1.0000000000000000                1           4
               (1.0000000000000027,0.0000000000000000)
  -1.5707963267948966        0.0000000000000000     
       (0.17111422748097005,-1.01892430491041899E-016)
   0.0000000000000000        0.0000000000000000     
               (4.0044184244824130,0.0000000000000000)
   1.5707963267948966        0.0000000000000000     
        (0.17111422748097005,1.01892430491041899E-016)
   3.1415926535897931        0.0000000000000000     
        (0.26227786945625131,2.40304348867978868E-016)
   1.0000000000000000                1           4
               (1.0000000000000027,0.0000000000000000)
  -1.5707963267948966        0.0000000000000000     
        (0.17298471874555832,3.42007143762224614E-016)
   0.0000000000000000        0.0000000000000000     
               (4.0051267523946992,0.0000000000000000)
   1.5707963267948966        0.0000000000000000     
       (0.17298471874555832,-3.42007143762224614E-016)
   3.1415926535897931        0.0000000000000000     
        (0.25911655543081646,2.39925077674386612E-016)
   1.0000000000000000                1           4
               (1.0000000000000038,0.0000000000000000)
  -1.5707963267948966        0.0000000000000000     
        (0.17378814178270985,3.42104331109463036E-016)
   0.0000000000000000        0.0000000000000000     
               (4.0057738321125891,0.0000000000000000)
   1.5707963267948966        0.0000000000000000     
       (0.17378814178270985,-3.42104331109463036E-016)
   3.1415926535897931        0.0000000000000000     
        (0.26325070144693474,2.40119452368863456E-016)
   1.0000000000000000                1           4
               (1.0000000000000020,0.0000000000000000)
  -1.5707963267948966        0.0000000000000000     
       (0.17871558181972380,-1.02143678342018246E-016)
   0.0000000000000000        0.0000000000000000     
               (4.0051420131889488,0.0000000000000000)
   1.5707963267948966        0.0000000000000000     
        (0.17871558181972380,1.02143678342018246E-016)
   3.1415926535897931        0.0000000000000000     
        (0.26855061184468221,2.39801853166026174E-016)
   1.0000000000000000                1           4
               (1.0000000000000036,0.0000000000000000)
  -1.5707963267948966        0.0000000000000000     
        (0.17536194185087695,2.30960545412316651E-016)
   0.0000000000000000        0.0000000000000000     
               (4.0043366526698350,0.0000000000000000)
   1.5707963267948966        0.0000000000000000     
       (0.17536194185087695,-2.30960545412316651E-016)
   3.1415926535897931        0.0000000000000000     
        (0.26386753746171310,2.39876485899601995E-016)
   1.0000000000000000                1           4
               (1.0000000000000016,0.0000000000000000)
  -1.5707963267948966        0.0000000000000000     
        (0.16829061788835664,1.20261974911498257E-016)
   0.0000000000000000        0.0000000000000000     
               (4.0040970711779016,0.0000000000000000)
   1.5707963267948966        0.0000000000000000     
       (0.16829061788835664,-1.20261974911498257E-016)
   3.1415926535897931        0.0000000000000000     
        (0.26053835933412095,2.40523949822996514E-016)
   1.0000000000000000                1           4
               (1.0000000000000004,0.0000000000000000)
  -1.5707963267948966        0.0000000000000000     
        (0.17270983293009512,9.04976838713974736E-018)
   0.0000000000000000        0.0000000000000000     
               (4.0040491279735644,0.0000000000000000)
   1.5707963267948966        0.0000000000000000     
       (0.17270983293009512,-9.04976838713974736E-018)
   3.1415926535897931        0.0000000000000000     
        (0.26322199524573564,2.40144141699310852E-016)
   1.0000000000000000                1           4
               (1.0000000000000016,0.0000000000000000)
  -1.5707963267948966        0.0000000000000000     
        (0.17433372744705344,1.19996277396269778E-016)
   0.0000000000000000        0.0000000000000000     
               (4.0053089164462214,0.0000000000000000)
   1.5707963267948966        0.0000000000000000     
       (0.17433372744705344,-1.19996277396269778E-016)
   3.1415926535897931        0.0000000000000000     
        (0.26273439374970298,2.39992554792539555E-016)
   1.0000000000000000                1           4
               (1.0000000000000027,0.0000000000000000)
  -1.5707963267948966        0.0000000000000000     
        (0.17195168292894392,1.20160200899542259E-016)
   0.0000000000000000        0.0000000000000000     
               (4.0046256192376228,0.0000000000000000)
   1.5707963267948966        0.0000000000000000     
       (0.17195168292894392,-1.20160200899542259E-016)
   3.1415926535897931        0.0000000000000000     
        (0.26400774985719744,2.40320401799084518E-016)
   1.0000000000000000                1           4
               (1.0000000000000004,0.0000000000000000)
  -1.5707963267948966        0.0000000000000000     
        (0.16843241971167466,1.20272501933197718E-016)
   0.0000000000000000        0.0000000000000000     
               (4.0037990060868962,0.0000000000000000)
   1.5707963267948966        0.0000000000000000     
       (0.16843241971167466,-1.20272501933197718E-016)
   3.1415926535897931        0.0000000000000000     
        (0.26146386669386312,2.40545003866395437E-016)
   1.0000000000000000                1           4
               (1.0000000000000016,0.0000000000000000)
  -1.5707963267948966        0.0000000000000000     
        (0.17308400152129710,2.31096336949529130E-016)
   0.0000000000000000        0.0000000000000000     
               (4.0038560349962937,0.0000000000000000)
   1.5707963267948966        0.0000000000000000     
       (0.17308400152129710,-2.31096336949529130E-016)
   3.1415926535897931        0.0000000000000000     
        (0.26422756266880543,2.40148068974026952E-016)
   1.0000000000000000                1           4
               (1.0000000000000027,0.0000000000000000)
  -1.5707963267948966        0.0000000000000000     
        (0.17158769143911567,2.31106833824128767E-016)
   0.0000000000000000        0.0000000000000000     
               (4.0039205628590597,0.0000000000000000)
   1.5707963267948966        0.0000000000000000     
       (0.17158769143911567,-2.31106833824128767E-016)
   3.1415926535897931        0.0000000000000000     
        (0.26151326858477153,2.40169062723226275E-016)
   1.0000000000000000                1           4
               (1.0000000000000027,0.0000000000000000)
  -1.5707963267948966        0.0000000000000000     
        (0.17117730293587852,1.20048657421125341E-016)
   0.0000000000000000        0.0000000000000000     
               (4.0047752745554224,0.0000000000000000)
   1.5707963267948966        0.0000000000000000     
       (0.17117730293587852,-1.20048657421125341E-016)
   3.1415926535897931        0.0000000000000000     
        (0.25866604806463767,2.40097314842250683E-016)
   1.0000000000000000                1           4
               (1.0000000000000007,0.0000000000000000)
  -1.5707963267948966        0.0000000000000000     
        (0.17696473190481632,1.19804342279683427E-016)
   0.0000000000000000        0.0000000000000000     
               (4.0044926027216965,0.0000000000000000)
   1.5707963267948966        0.0000000000000000     
       (0.17696473190481632,-1.19804342279683427E-016)
   3.1415926535897931        0.0000000000000000     
        (0.26254363973124384,2.39608684559366854E-016)
   1.0000000000000000                1           4
               (1.0000000000000040,0.0000000000000000)
  -1.5707963267948966        0.0000000000000000     
        (0.17204761192992546,1.19924689846591677E-016)
   0.0000000000000000        0.0000000000000000     
               (4.0049152136219330,0.0000000000000000)
   1.5707963267948966        0.0000000000000000     
       (0.17204761192992546,-1.19924689846591677E-016)
   3.1415926535897931        0.0000000000000000     
        (0.25621763872273196,2.39849379693183354E-016)
   1.0000000000000000                1           4
               (1.0000000000000018,0.0000000000000000)
  -1.5707963267948966        0.0000000000000000     
       (0.17667629837370946,-1.02129044619811020E-016)
   0.0000000000000000        0.0000000000000000     
               (4.0052839316856055,0.0000000000000000)
   1.5707963267948966        0.0000000000000000     
        (0.17667629837370946,1.02129044619811020E-016)
   3.1415926535897931        0.0000000000000000     
        (0.26480810009598643,2.39831120610440576E-016)
   1.0000000000000000                1           4
              (0.99999999999999800,0.0000000000000000)
  -1.5707963267948966        0.0000000000000000     
       (0.17477864428846057,-2.13154342289436019E-016)
   0.0000000000000000        0.0000000000000000     
               (4.0043938938900396,0.0000000000000000)
   1.5707963267948966        0.0000000000000000     
        (0.17477864428846057,2.13154342289436019E-016)
   3.1415926535897931        0.0000000000000000     
        (0.26180499883262409,2.39825130196221935E-016)
   1.0000000000000000                1           4
               (1.0000000000000011,0.0000000000000000)
  -1.5707963267948966        0.0000000000000000     
        (0.17298600940101794,3.42047816944397677E-016)
   0.0000000000000000        0.0000000000000000     
               (4.0048007211577898,0.0000000000000000)
   1.5707963267948966        0.0000000000000000     
       (0.17298600940101794,-3.42047816944397677E-016)
   3.1415926535897931        0.0000000000000000     
        (0.26077365492529381,2.40006424038732737E-016)
   1.0000000000000000                1           4
               (1.0000000000000004,0.0000000000000000)
  -1.5707963267948966        0.0000000000000000     
        (0.17251400889379476,1.20093491251316961E-016)
   0.0000000000000000        0.0000000000000000     
               (4.0038004944813501,0.0000000000000000)
   1.5707963267948966        0.0000000000000000     
       (0.17251400889379476,-1.20093491251316961E-016)
   3.1415926535897931        0.0000000000000000     
        (0.26377862407850217,2.40186982502633923E-016)
   1.0000000000000000                1           4
               (1.0000000000000024,0.0000000000000000)
  -1.5707963267948966        0.0000000000000000     
        (0.16839417730413009,1.20248912604500237E-016)
   0.0000000000000000        0.0000000000000000     
               (4.0050124032867291,0.0000000000000000)
   1.5707963267948966        0.0000000000000000     
       (0.16839417730413009,-1.20248912604500237E-016)
   3.1415926535897931        0.0000000000000000     
        (0.25940349873266111,2.40497825209000473E-016)
   1.0000000000000000                1           4
              (0.99999999999999911,0.0000000000000000)
  -1.5707963267948966        0.0000000000000000     
        (0.17058782240376913,3.42235290147575933E-016)
   0.0000000000000000        0.0000000000000000     
               (4.0044331762625305,0.0000000000000000)
   1.5707963267948966        0.0000000000000000     
       (0.17058782240376913,-3.42235290147575933E-016)
   3.1415926535897931        0.0000000000000000     
        (0.26246816533288264,2.40381370445089151E-016)
   1.0000000000000000                1           4
               (1.0000000000000031,0.0000000000000000)
  -1.5707963267948966        0.0000000000000000     
        (0.17012566411174490,1.20212007951668394E-016)
   0.0000000000000000        0.0000000000000000     
               (4.0050665022370833,0.0000000000000000)
   1.5707963267948966        0.0000000000000000     
       (0.17012566411174490,-1.20212007951668394E-016)
   3.1415926535897931        0.0000000000000000     
        (0.26160697596024940,2.40424015903336788E-016)
   1.0000000000000000                1           4
               (1.0000000000000002,0.0000000000000000)
  -1.5707963267948966        0.0000000000000000     
       (0.17434815998944497,-1.01995541647103084E-016)
   0.0000000000000000        0.0000000000000000     
               (4.0050493258301323,0.0000000000000000)
   1.5707963267948966        0.0000000000000000     
        (0.17434815998944497,1.01995541647103084E-016)
   3.1415926535897931        0.0000000000000000     
        (0.26474696718624302,2.40098126555856498E-016)
   1.0000000000000000                1           4
               (1.0000000000000038,0.0000000000000000)
  -1.5707963267948966        0.0000000000000000     
        (0.18160236535124652,1.19711755788178941E-016)
   0.0000000000000000        0.0000000000000000     
               (4.0062019266533921,0.0000000000000000)
   1.5707963267948966        0.0000000000000000     
       (0.18160236535124652,-1.19711755788178941E-016)
   3.1415926535897931        0.0000000000000000     
        (0.26708547838514318,2.39423511576357882E-016)
   1.0000000000000000                1           4
               (1.0000000000000011,0.0000000000000000)
  -1.5707963267948966        0.0000000000000000     
       (0.17085414722089698,-1.01843784652035775E-016)
   0.0000000000000000        0.0000000000000000     
               (4.0049524098179168,0.0000000000000000)
   1.5707963267948966        0.0000000000000000     
        (0.17085414722089698,1.01843784652035775E-016)
   3.1415926535897931        0.0000000000000000     
        (0.26281261728129401,2.40401640545991066E-016)
   1.0000000000000000                1           4
               (1.0000000000000038,0.0000000000000000)
  -1.5707963267948966        0.0000000000000000     
        (0.17615635659672046,1.19963903691921366E-016)
   0.0000000000000000        0.0000000000000000     
               (4.0047823673184029,0.0000000000000000)
   1.5707963267948966        0.0000000000000000     
       (0.17615635659672046,-1.19963903691921366E-016)
   3.1415926535897931        0.0000000000000000     
        (0.26584879574792886,2.39927807383842732E-016)
   1.0000000000000000                1           4
               (1.0000000000000042,0.0000000000000000)
  -1.5707963267948966        0.0000000000000000     
        (0.16816044953139131,1.20210578832274055E-016)
   0.0000000000000000        0.0000000000000000     
               (4.0042478632047231,0.0000000000000000)
   1.5707963267948966        0.0000000000000000     
       (0.16816044953139131,-1.20210578832274055E-016)
   3.1415926535897931        0.0000000000000000     
        (0.25844850725011570,2.40421157664548110E-016)
   1.0000000000000000                1           4
               (1.0000000000000016,0.0000000000000000)
  -1.5707963267948966        0.0000000000000000     
        (0.17281942597856481,2.31144321998855654E-016)
   0.0000000000000000        0.0000000000000000     
               (4.0047221158908899,0.0000000000000000)
   1.5707963267948966        0.0000000000000000     
       (0.17281942597856481,-2.31144321998855654E-016)
   3.1415926535897931        0.0000000000000000     
        (0.26439964134059757,2.40244039072680050E-016)
   1.0000000000000000                1           4
               (1.0000000000000016,0.0000000000000000)
  -1.5707963267948966        0.0000000000000000     
        (0.17369665711728532,9.11296612801293842E-018)
   0.0000000000000000        0.0000000000000000     
               (4.0043859260227261,0.0000000000000000)
   1.5707963267948966        0.0000000000000000     
       (0.17369665711728532,-9.11296612801293842E-018)
   3.1415926535897931        0.0000000000000000     
        (0.26692304043651693,2.40270537181057185E-016)
   1.0000000000000000                1           4
               (1.0000000000000060,0.0000000000000000)
  -1.5707963267948966        0.0000000000000000     
        (0.17493428071407358,2.30937602431143141E-016)
   0.0000000000000000        0.0000000000000000     
               (4.0045078178823452,0.0000000000000000)
   1.5707963267948966        0.0000000000000000     
       (0.17493428071407358,-2.30937602431143141E-016)
   3.1415926535897931        0.0000000000000000     
        (0.26209167534155497,2.39830599937254974E-016)
   1.0000000000000000                1           4
               (1.0000000000000009,0.0000000000000000)
  -1.5707963267948966        0.0000000000000000     
        (0.17804656769248028,1.19786688376109784E-016)
   0.0000000000000000        0.0000000000000000     
               (4.0047553711400212,0.0000000000000000)
   1.5707963267948966        0.0000000000000000     
       (0.17804656769248028,-1.19786688376109784E-016)
   3.1415926535897931        0.0000000000000000     
        (0.26386792263868886,2.39573376752219568E-016)
   1.0000000000000000                1           4
               (1.0000000000000042,0.0000000000000000)
  -1.5707963267948966        0.0000000000000000     
        (0.16316745135765587,1.20345901655891292E-016)
   0.0000000000000000        0.0000000000000000     
               (4.0032806667865444,0.0000000000000000)
   1.5707963267948966        0.0000000000000000     
       (0.16316745135765587,-1.20345901655891292E-016)
   3.1415926535897931        0.0000000000000000     
        (0.25384968616571058,2.40691803311782583E-016)
   1.0000000000000000                1           4
               (1.0000000000000033,0.0000000000000000)
  -1.5707963267948966        0.0000000000000000     
       (0.16965775088403956,-1.01785877278684137E-016)
   0.0000000000000000        0.0000000000000000     
               (4.0050822207056882,0.0000000000000000)
   1.5707963267948966        0.0000000000000000     
        (0.16965775088403956,1.01785877278684137E-016)
   3.1415926535897931        0.0000000000000000     
        (0.26218141206884926,2.40517455292694391E-016)
   1.0000000000000000                1           4
               (1.0000000000000042,0.0000000000000000)
  -1.5707963267948966        0.0000000000000000     
        (0.17432163642359677,1.19982305598310699E-016)
   0.0000000000000000        0.0000000000000000     
               (4.0049854807334624,0.0000000000000000)
   1.5707963267948966        0.0000000000000000     
       (0.17432163642359677,-1.19982305598310699E-016)
   3.1415926535897931        0.0000000000000000     
        (0.26257729386222051,2.39964611196621398E-016)
   1.0000000000000000                1           4
               (1.0000000000000024,0.0000000000000000)
  -1.5707963267948966        0.0000000000000000     
        (0.16996193516729063,3.42197112628632592E-016)
   0.0000000000000000        0.0000000000000000     
               (4.0042137411707941,0.0000000000000000)
   1.5707963267948966        0.0000000000000000     
       (0.16996193516729063,-3.42197112628632592E-016)
   3.1415926535897931        0.0000000000000000     
        (0.26018885355211230,2.40305015407202470E-016)
   1.0000000000000000                1           4
               (1.0000000000000016,0.0000000000000000)
  -1.5707963267948966        0.0000000000000000     
        (0.17636414175555715,1.19819998397051347E-016)
   0.0000000000000000        0.0000000000000000     
               (4.0044573594428821,0.0000000000000000)
   1.5707963267948966        0.0000000000000000     
       (0.17636414175555715,-1.19819998397051347E-016)
   3.1415926535897931        0.0000000000000000     
        (0.26188907031169417,2.39639996794102694E-016)
   1.0000000000000000                1           4
              (0.99999999999999556,0.0000000000000000)
  -1.5707963267948966        0.0000000000000000     
        (0.18274757559405641,1.19617541911852040E-016)
   0.0000000000000000        0.0000000000000000     
               (4.0056971392910485,0.0000000000000000)
   1.5707963267948966        0.0000000000000000     
       (0.18274757559405641,-1.19617541911852040E-016)
   3.1415926535897931        0.0000000000000000     
        (0.26680342750373320,2.39235083823704079E-016)
   1.0000000000000000                1           4
               (1.0000000000000036,0.0000000000000000)
  -1.5707963267948966        0.0000000000000000     
        (0.17156044152749228,3.42237633582287233E-016)
   0.0000000000000000        0.0000000000000000     
               (4.0047491328755704,0.0000000000000000)
   1.5707963267948966        0.0000000000000000     
       (0.17156044152749228,-3.42237633582287233E-016)
   3.1415926535897931        0.0000000000000000     
        (0.26417398935364744,2.40386057314511849E-016)
   1.0000000000000000                1           4
               (1.0000000000000044,0.0000000000000000)
  -1.5707963267948966        0.0000000000000000     
       (0.17092278535627903,-1.01932353835849027E-016)
   0.0000000000000000        0.0000000000000000     
               (4.0046866284051807,0.0000000000000000)
   1.5707963267948966        0.0000000000000000     
        (0.17092278535627903,1.01932353835849027E-016)
   3.1415926535897931        0.0000000000000000     
        (0.26032278588445157,2.40224502178364611E-016)
   1.0000000000000000                1           4
               (1.0000000000000044,0.0000000000000000)
  -1.5707963267948966        0.0000000000000000     
       (0.17570437902433944,-1.02143947930703829E-016)
   0.0000000000000000        0.0000000000000000     
               (4.0042984605155398,0.0000000000000000)
   1.5707963267948966        0.0000000000000000     
        (0.17570437902433944,1.02143947930703829E-016)
   3.1415926535897931        0.0000000000000000     
        (0.26336295349262040,2.39801313988655008E-016)
   1.0000000000000000                1           4
              (0.99999999999999967,0.0000000000000000)
  -1.5707963267948966        0.0000000000000000     
        (0.16975383957865853,1.20160183505814694E-016)
   0.0000000000000000        0.0000000000000000     
               (4.0041039192387116,0.0000000000000000)
   1.5707963267948966        0.0000000000000000     
       (0.16975383957865853,-1.20160183505814694E-016)
   3.1415926535897931        0.0000000000000000     
        (0.26013319503328225,2.40320367011629389E-016)
   1.0000000000000000                1           4
               (1.0000000000000013,0.0000000000000000)
  -1.5707963267948966        0.0000000000000000     
        (0.16379386060900647,1.20550140911092912E-016)
   0.0000000000000000        0.0000000000000000     
               (4.0043027305613439,0.0000000000000000)
   1.5707963267948966        0.0000000000000000     
       (0.16379386060900647,-1.20550140911092912E-016)
   3.1415926535897931        0.0000000000000000     
        (0.26075140121764429,2.41100281822185823E-016)
   1.0000000000000000                1           4
               (1.0000000000000027,0.0000000000000000)
  -1.5707963267948966        0.0000000000000000     
        (0.17408436648586856,2.31016393007009940E-016)
   0.0000000000000000        0.0000000000000000     
               (4.0055838603984046,0.0000000000000000)
   1.5707963267948966        0.0000000000000000     
       (0.17408436648586856,-2.31016393007009940E-016)
   3.1415926535897931        0.0000000000000000     
        (0.26188929987559972,2.39988181088988572E-016)
   1.0000000000000000                1           4
               (1.0000000000000027,0.0000000000000000)
  -1.5707963267948966        0.0000000000000000     
        (0.16961878215443194,1.20192821258204101E-016)
   0.0000000000000000        0.0000000000000000     
               (4.0041208233205614,0.0000000000000000)
   1.5707963267948966        0.0000000000000000     
       (0.16961878215443194,-1.20192821258204101E-016)
   3.1415926535897931        0.0000000000000000     
        (0.26091220599542231,2.40385642516408201E-016)
   1.0000000000000000                1           4
               (1.0000000000000024,0.0000000000000000)
  -1.5707963267948966        0.0000000000000000     
       (0.17381267352088514,-1.02000217516646411E-016)
   0.0000000000000000        0.0000000000000000     
               (4.0047970006170583,0.0000000000000000)
   1.5707963267948966        0.0000000000000000     
        (0.17381267352088514,1.02000217516646411E-016)
   3.1415926535897931        0.0000000000000000     
        (0.26377559397280481,2.40088774816769844E-016)
   1.0000000000000000                1           4
               (1.0000000000000004,0.0000000000000000)
  -1.5707963267948966        0.0000000000000000     
       (0.16955873336840832,-1.01791029989102242E-016)
   0.0000000000000000        0.0000000000000000     
               (4.0051140688072380,0.0000000000000000)
   1.5707963267948966        0.0000000000000000     
        (0.16955873336840832,1.01791029989102242E-016)
   3.1415926535897931        0.0000000000000000     
        (0.26178322864172543,2.40507149871858182E-016)
   1.0000000000000000                1           4
               (1.0000000000000033,0.0000000000000000)
  -1.5707963267948966        0.0000000000000000     
        (0.17320418215162847,1.20033478864584452E-016)
   0.0000000000000000        0.0000000000000000     
               (4.0047964740633102,0.0000000000000000)
   1.5707963267948966        0.0000000000000000     
       (0.17320418215162847,-1.20033478864584452E-016)
   3.1415926535897931        0.0000000000000000     
        (0.26220283770843966,2.40066957729168905E-016)
   1.0000000000000000                1           4
               (1.0000000000000051,0.0000000000000000)
  -1.5707963267948966        0.0000000000000000     
        (0.17027206265828565,3.42210397636362812E-016)
   0.0000000000000000        0.0000000000000000     
               (4.0052541054555686,0.0000000000000000)
   1.5707963267948966        0.0000000000000000     
       (0.17027206265828565,-3.42210397636362812E-016)
   3.1415926535897931        0.0000000000000000     
        (0.26020266553143201,2.40331585422663008E-016)
   1.0000000000000000                1           4
               (1.0000000000000049,0.0000000000000000)
  -1.5707963267948966        0.0000000000000000     
        (0.17030408335591751,2.31230794431504201E-016)
   0.0000000000000000        0.0000000000000000     
               (4.0047526010116572,0.0000000000000000)
   1.5707963267948966        0.0000000000000000     
       (0.17030408335591751,-2.31230794431504201E-016)
   3.1415926535897931        0.0000000000000000     
        (0.26216287496460933,2.40416983937977094E-016)
   1.0000000000000000                1           4
               (1.0000000000000004,0.0000000000000000)
  -1.5707963267948966        0.0000000000000000     
        (0.17117420880229162,3.42179606287787170E-016)
   0.0000000000000000        0.0000000000000000     
               (4.0046530274798950,0.0000000000000000)
   1.5707963267948966        0.0000000000000000     
       (0.17117420880229162,-3.42179606287787170E-016)
   3.1415926535897931        0.0000000000000000     
        (0.26160231402792400,2.40270002725511723E-016)
   1.0000000000000000                1           4
               (1.0000000000000031,0.0000000000000000)
  -1.5707963267948966        0.0000000000000000     
        (0.17136566645292239,1.20184651293236912E-016)
   0.0000000000000000        0.0000000000000000     
               (4.0047532697443007,0.0000000000000000)
   1.5707963267948966        0.0000000000000000     
       (0.17136566645292239,-1.20184651293236912E-016)
   3.1415926535897931        0.0000000000000000     
        (0.26350667686189100,2.40369302586473824E-016)
   1.0000000000000000                1           4
               (1.0000000000000042,0.0000000000000000)
  -1.5707963267948966        0.0000000000000000     
        (0.17687229176135932,8.93623393202860960E-018)
   0.0000000000000000        0.0000000000000000     
               (4.0053553587979822,0.0000000000000000)
   1.5707963267948966        0.0000000000000000     
       (0.17687229176135932,-8.93623393202860960E-018)
   3.1415926535897931        0.0000000000000000     
        (0.26653236536133651,2.39917072789088527E-016)
   1.0000000000000000                1           4
               (1.0000000000000300,0.0000000000000000)
  -1.5707963267948966        0.0000000000000000     
        (0.17032513535410998,3.42162241161267065E-016)
   0.0000000000000000        0.0000000000000000     
               (4.0044596335786249,0.0000000000000000)
   1.5707963267948966        0.0000000000000000     
       (0.17032513535410998,-3.42162241161267065E-016)
   3.1415926535897931        0.0000000000000000     
        (0.25953037295763326,2.40235272472471415E-016)
   1.0000000000000000                1           4
               (1.0000000000000020,0.0000000000000000)
  -1.5707963267948966        0.0000000000000000     
        (0.17248144840822466,1.20090041788029996E-016)
   0.0000000000000000        0.0000000000000000     
               (4.0044854985276146,0.0000000000000000)
   1.5707963267948966        0.0000000000000000     
       (0.17248144840822466,-1.20090041788029996E-016)
   3.1415926535897931        0.0000000000000000     
        (0.26291583103993843,2.40180083576059991E-016)
   1.0000000000000000                1           4
               (1.0000000000000060,0.0000000000000000)
  -1.5707963267948966        0.0000000000000000     
        (0.17497222190322004,1.20035392887539571E-016)
   0.0000000000000000        0.0000000000000000     
               (4.0047532378877149,0.0000000000000000)
   1.5707963267948966        0.0000000000000000     
       (0.17497222190322004,-1.20035392887539571E-016)
   3.1415926535897931        0.0000000000000000     
        (0.26584467012123347,2.40070785775079141E-016)
   1.0000000000000000                1           4
               (1.0000000000000020,0.0000000000000000)
  -1.5707963267948966        0.0000000000000000     
       (0.17164640969560363,-1.02004947498926659E-016)
   0.0000000000000000        0.0000000000000000     
               (4.0043817667822328,0.0000000000000000)
   1.5707963267948966        0.0000000000000000     
        (0.17164640969560363,1.02004947498926659E-016)
   3.1415926535897931        0.0000000000000000     
        (0.25970380721155606,2.40079314852209348E-016)
   1.0000000000000000                1           4
               (1.0000000000000044,0.0000000000000000)
  -1.5707963267948966        0.0000000000000000     
        (0.17177460165263958,1.20134807293780556E-016)
   0.0000000000000000        0.0000000000000000     
               (4.0043579374664526,0.0000000000000000)
   1.5707963267948966        0.0000000000000000     
       (0.17177460165263958,-1.20134807293780556E-016)
   3.1415926535897931        0.0000000000000000     
        (0.26309185096828802,2.40269614587561113E-016)
   1.0000000000000000                1           4
               (1.0000000000000011,0.0000000000000000)
  -1.5707963267948966        0.0000000000000000     
        (0.17378557821192964,3.42035562054644871E-016)
   0.0000000000000000        0.0000000000000000     
               (4.0044576840513999,0.0000000000000000)
   1.5707963267948966        0.0000000000000000     
       (0.17378557821192964,-3.42035562054644871E-016)
   3.1415926535897931        0.0000000000000000     
        (0.26231555457790490,2.39981914259227027E-016)
   1.0000000000000000                1           4
               (1.0000000000000020,0.0000000000000000)
  -1.5707963267948966        0.0000000000000000     
        (0.16594672560552104,5.64493854426550506E-016)
   0.0000000000000000        0.0000000000000000     
               (4.0044375691034029,0.0000000000000000)
   1.5707963267948966        0.0000000000000000     
       (0.16594672560552104,-5.64493854426550506E-016)
   3.1415926535897931        0.0000000000000000     
        (0.26017002173772197,2.40809289152975830E-016)
   1.0000000000000000                1           4
               (1.0000000000000049,0.0000000000000000)
  -1.5707963267948966        0.0000000000000000     
        (0.16911124884697115,9.30280805325513252E-018)
   0.0000000000000000        0.0000000000000000     
               (4.0045616133508499,0.0000000000000000)
   1.5707963267948966        0.0000000000000000     
       (0.16911124884697115,-9.30280805325513252E-018)
   3.1415926535897931        0.0000000000000000     
        (0.26377724440856753,2.40650221031541573E-016)
   1.0000000000000000                1           4
               (1.0000000000000027,0.0000000000000000)
  -1.5707963267948966        0.0000000000000000     
       (0.17512290580481338,-1.02141330805577411E-016)
   0.0000000000000000        0.0000000000000000     
               (4.0051491338132861,0.0000000000000000)
   1.5707963267948966        0.0000000000000000     
        (0.17512290580481338,1.02141330805577411E-016)
   3.1415926535897931        0.0000000000000000     
        (0.26143481554953518,2.39806548238907843E-016)
   1.0000000000000000                1           4
               (1.0000000000000042,0.0000000000000000)
  -1.5707963267948966        0.0000000000000000     
        (0.17099361557474213,1.20210337705036756E-016)
   0.0000000000000000        0.0000000000000000     
               (4.0044011881600055,0.0000000000000000)
   1.5707963267948966        0.0000000000000000     
       (0.17099361557474213,-1.20210337705036756E-016)
   3.1415926535897931        0.0000000000000000     
        (0.26395363856828091,2.40420675410073512E-016)
   1.0000000000000000                1           4
               (1.0000000000000082,0.0000000000000000)
  -1.5707963267948966        0.0000000000000000     
       (0.17283582346769732,-1.01987688748070548E-016)
   0.0000000000000000        0.0000000000000000     
               (4.0050283983066421,0.0000000000000000)
   1.5707963267948966        0.0000000000000000     
        (0.17283582346769732,1.01987688748070548E-016)
   3.1415926535897931        0.0000000000000000     
        (0.26199971681367085,2.40113832353921569E-016)
   1.0000000000000000                1           4
               (1.0000000000000022,0.0000000000000000)
  -1.5707963267948966        0.0000000000000000     
       (0.17354161635685172,-1.01973447328340395E-016)
   0.0000000000000000        0.0000000000000000     
               (4.0050905249104289,0.0000000000000000)
   1.5707963267948966        0.0000000000000000     
        (0.17354161635685172,1.01973447328340395E-016)
   3.1415926535897931        0.0000000000000000     
        (0.26381433605687832,2.40142315193381826E-016)
   1.0000000000000000                1           4
              (0.99999999999999856,0.0000000000000000)
  -1.5707963267948966        0.0000000000000000     
        (0.16727834243814399,1.20289941581409453E-016)
   0.0000000000000000        0.0000000000000000     
               (4.0042984002686355,0.0000000000000000)
   1.5707963267948966        0.0000000000000000     
       (0.16727834243814399,-1.20289941581409453E-016)
   3.1415926535897931        0.0000000000000000     
        (0.25922594010342392,2.40579883162818907E-016)
   1.0000000000000000                1           4
               (1.0000000000000020,0.0000000000000000)
  -1.5707963267948966        0.0000000000000000     
       (0.16970362088105340,-3.23902309693265070E-016)
   0.0000000000000000        0.0000000000000000     
               (4.0044093695871847,0.0000000000000000)
   1.5707963267948966        0.0000000000000000     
        (0.16970362088105340,3.23902309693265070E-016)
   3.1415926535897931        0.0000000000000000     
        (0.26059993933343084,2.40373800313595141E-016)
   1.0000000000000000                1           4
               (1.0000000000000027,0.0000000000000000)
  -1.5707963267948966        0.0000000000000000     
        (0.17147398222119048,9.06864098726550281E-018)
   0.0000000000000000        0.0000000000000000     
               (4.0053061090492763,0.0000000000000000)
   1.5707963267948966        0.0000000000000000     
       (0.17147398222119048,-9.06864098726550281E-018)
   3.1415926535897931        0.0000000000000000     
        (0.26010973865195641,2.40181886899562314E-016)
   1.0000000000000000                1           4
               (1.0000000000000040,0.0000000000000000)
  -1.5707963267948966        0.0000000000000000     
        (0.17256213010894250,1.20081552153887117E-016)
   0.0000000000000000        0.0000000000000000     
               (4.0053127518446896,0.0000000000000000)
   1.5707963267948966        0.0000000000000000     
       (0.17256213010894250,-1.20081552153887117E-016)
   3.1415926535897931        0.0000000000000000     
        (0.26197264862988201,2.40163104307774235E-016)
   1.0000000000000000                1           4
               (1.0000000000000022,0.0000000000000000)
  -1.5707963267948966        0.0000000000000000     
        (0.17785439573175588,1.19870149675763560E-016)
   0.0000000000000000        0.0000000000000000     
               (4.0054728602458090,0.0000000000000000)
   1.5707963267948966        0.0000000000000000     
       (0.17785439573175588,-1.19870149675763560E-016)
   3.1415926535897931        0.0000000000000000     
        (0.26549214253420128,2.39740299351527120E-016)
   1.0000000000000000                1           4
               (1.0000000000000038,0.0000000000000000)
  -1.5707963267948966        0.0000000000000000     
        (0.17367896867289934,8.99916100929157007E-018)
   0.0000000000000000        0.0000000000000000     
               (4.0053519073884720,0.0000000000000000)
   1.5707963267948966        0.0000000000000000     
       (0.17367896867289934,-8.99916100929157007E-018)
   3.1415926535897931        0.0000000000000000     
        (0.26220452491508328,2.40042926943614448E-016)
   1.0000000000000000                1           4
               (1.0000000000000016,0.0000000000000000)
  -1.5707963267948966        0.0000000000000000     
        (0.17595140971792467,1.19914130245275227E-016)
   0.0000000000000000        0.0000000000000000     
               (4.0052348206628006,0.0000000000000000)
   1.5707963267948966        0.0000000000000000     
       (0.17595140971792467,-1.19914130245275227E-016)
   3.1415926535897931        0.0000000000000000     
        (0.26336072450471670,2.39828260490550454E-016)
   1.0000000000000000                1           4
               (1.0000000000000033,0.0000000000000000)
  -1.5707963267948966        0.0000000000000000     
        (0.16941965778064871,1.20105832092193848E-016)
   0.0000000000000000        0.0000000000000000     
               (4.0044073843792285,0.0000000000000000)
   1.5707963267948966        0.0000000000000000     
       (0.16941965778064871,-1.20105832092193848E-016)
   3.1415926535897931        0.0000000000000000     
        (0.25738611440669212,2.40211664184387696E-016)
   1.0000000000000000                1           4
               (1.0000000000000024,0.0000000000000000)
  -1.5707963267948966        0.0000000000000000     
        (0.16488317119535612,1.20480401320072655E-016)
   0.0000000000000000        0.0000000000000000     
               (4.0035103981873146,0.0000000000000000)
   1.5707963267948966        0.0000000000000000     
       (0.16488317119535612,-1.20480401320072655E-016)
   3.1415926535897931        0.0000000000000000     
        (0.26144448685768096,2.40960802640145309E-016)
   1.0000000000000000                1           4
               (1.0000000000000044,0.0000000000000000)
  -1.5707963267948966        0.0000000000000000     
        (0.17952305285689063,1.19731089340157198E-016)
   0.0000000000000000        0.0000000000000000     
               (4.0050284980840898,0.0000000000000000)
   1.5707963267948966        0.0000000000000000     
       (0.17952305285689063,-1.19731089340157198E-016)
   3.1415926535897931        0.0000000000000000     
        (0.26473176369554297,2.39462178680314396E-016)
   1.0000000000000000                1           4
               (1.0000000000000013,0.0000000000000000)
  -1.5707963267948966        0.0000000000000000     
        (0.16455299450129590,1.20418730327903815E-016)
   0.0000000000000000        0.0000000000000000     
               (4.0042024732095394,0.0000000000000000)
   1.5707963267948966        0.0000000000000000     
       (0.16455299450129590,-1.20418730327903815E-016)
   3.1415926535897931        0.0000000000000000     
        (0.25807773097881881,2.40837460655807630E-016)
   1.0000000000000000                1           4
               (1.0000000000000018,0.0000000000000000)
  -1.5707963267948966        0.0000000000000000     
        (0.16474181171618152,1.20363491460675225E-016)
   0.0000000000000000        0.0000000000000000     
               (4.0041737300466416,0.0000000000000000)
   1.5707963267948966        0.0000000000000000     
       (0.16474181171618152,-1.20363491460675225E-016)
   3.1415926535897931        0.0000000000000000     
        (0.25667987024686967,2.40726982921350449E-016)
   1.0000000000000000                1           4
              (0.99999999999999867,0.0000000000000000)
  -1.5707963267948966        0.0000000000000000     
        (0.17230751845508452,1.20090770269019544E-016)
   0.0000000000000000        0.0000000000000000     
               (4.0049096139389340,0.0000000000000000)
   1.5707963267948966        0.0000000000000000     
       (0.17230751845508452,-1.20090770269019544E-016)
   3.1415926535897931        0.0000000000000000     
        (0.26216764971714823,2.40181540538039088E-016)
   1.0000000000000000                1           4
               (1.0000000000000313,0.0000000000000000)
  -1.5707963267948966        0.0000000000000000     
        (0.16882579746337079,3.42273808996924550E-016)
   0.0000000000000000        0.0000000000000000     
               (4.0042416026713141,0.0000000000000000)
   1.5707963267948966        0.0000000000000000     
       (0.16882579746337079,-3.42273808996924550E-016)
   3.1415926535897931        0.0000000000000000     
        (0.26039381013994667,2.40458408143786483E-016)
   1.0000000000000000                1           4
               (1.0000000000000020,0.0000000000000000)
  -1.5707963267948966        0.0000000000000000     
        (0.17336862631507266,1.20039153471473852E-016)
   0.0000000000000000        0.0000000000000000     
               (4.0046873131499288,0.0000000000000000)
   1.5707963267948966        0.0000000000000000     
       (0.17336862631507266,-1.20039153471473852E-016)
   3.1415926535897931        0.0000000000000000     
        (0.26282623367540103,2.40078306942947703E-016)
   1.0000000000000000                1           4
               (1.0000000000000033,0.0000000000000000)
  -1.5707963267948966        0.0000000000000000     
        (0.17632615584715083,1.19886636835165582E-016)
   0.0000000000000000        0.0000000000000000     
               (4.0052328122151275,0.0000000000000000)
   1.5707963267948966        0.0000000000000000     
       (0.17632615584715083,-1.19886636835165582E-016)
   3.1415926535897931        0.0000000000000000     
        (0.26321422228856928,2.39773273670331164E-016)
   1.0000000000000000                1           4
               (1.0000000000000004,0.0000000000000000)
  -1.5707963267948966        0.0000000000000000     
        (0.17683406545178759,1.19880454507185408E-016)
   0.0000000000000000        0.0000000000000000     
               (4.0042457966304585,0.0000000000000000)
   1.5707963267948966        0.0000000000000000     
       (0.17683406545178759,-1.19880454507185408E-016)
   3.1415926535897931        0.0000000000000000     
        (0.26501512692650364,2.39760909014370816E-016)
   1.0000000000000000                1           4
               (1.0000000000000004,0.0000000000000000)
  -1.5707963267948966        0.0000000000000000     
       (0.17294855299588718,-2.12998961369057501E-016)
   0.0000000000000000        0.0000000000000000     
               (4.0046476751515900,0.0000000000000000)
   1.5707963267948966        0.0000000000000000     
        (0.17294855299588718,2.12998961369057501E-016)
   3.1415926535897931        0.0000000000000000     
        (0.26296616098916925,2.40135892036978972E-016)
   1.0000000000000000                1           4
               (1.0000000000000024,0.0000000000000000)
  -1.5707963267948966        0.0000000000000000     
       (0.17095181297534501,-1.01868118133186685E-016)
   0.0000000000000000        0.0000000000000000     
               (4.0043563411866643,0.0000000000000000)
   1.5707963267948966        0.0000000000000000     
        (0.17095181297534501,1.01868118133186685E-016)
   3.1415926535897931        0.0000000000000000     
        (0.26280922561149900,2.40352973583689295E-016)
   1.0000000000000000                1           4
               (1.0000000000000027,0.0000000000000000)
  -1.5707963267948966        0.0000000000000000     
        (0.16841078392429365,1.20383607459340839E-016)
   0.0000000000000000        0.0000000000000000     
               (4.0043955015395447,0.0000000000000000)
   1.5707963267948966        0.0000000000000000     
       (0.16841078392429365,-1.20383607459340839E-016)
   3.1415926535897931        0.0000000000000000     
        (0.26445308154826441,2.40767214918681678E-016)
   1.0000000000000000                1           4
               (1.0000000000000049,0.0000000000000000)
  -1.5707963267948966        0.0000000000000000     
        (0.16738828908069336,9.37760344918256571E-018)
   0.0000000000000000        0.0000000000000000     
               (4.0042791500557611,0.0000000000000000)
   1.5707963267948966        0.0000000000000000     
       (0.16738828908069336,-9.37760344918256571E-018)
   3.1415926535897931        0.0000000000000000     
        (0.26305679119791736,2.40799811823396439E-016)
   1.0000000000000000                1           4
               (1.0000000000000027,0.0000000000000000)
  -1.5707963267948966        0.0000000000000000     
        (0.17163202463587401,1.20157937714448623E-016)
   0.0000000000000000        0.0000000000000000     
               (4.0048320269282680,0.0000000000000000)
   1.5707963267948966        0.0000000000000000     
       (0.17163202463587401,-1.20157937714448623E-016)
   3.1415926535897931        0.0000000000000000     
        (0.26308810434548313,2.40315875428897246E-016)
   1.0000000000000000                1           4
               (1.0000000000000049,0.0000000000000000)
  -1.5707963267948966        0.0000000000000000     
       (0.16746987786386858,-3.23769493943537681E-016)
   0.0000000000000000        0.0000000000000000     
               (4.0038919235043213,0.0000000000000000)
   1.5707963267948966        0.0000000000000000     
        (0.16746987786386858,3.23769493943537681E-016)
   3.1415926535897931        0.0000000000000000     
        (0.26098799097926872,2.40639431813049871E-016)
   1.0000000000000000                1           4
               (1.0000000000000042,0.0000000000000000)
  -1.5707963267948966        0.0000000000000000     
        (0.17995441002746781,1.19837964378014620E-016)
   0.0000000000000000        0.0000000000000000     
               (4.0053854281586556,0.0000000000000000)
   1.5707963267948966        0.0000000000000000     
       (0.17995441002746781,-1.19837964378014620E-016)
   3.1415926535897931        0.0000000000000000     
        (0.26872835161039499,2.39675928756029239E-016)
   1.0000000000000000                1           4
               (1.0000000000000027,0.0000000000000000)
  -1.5707963267948966        0.0000000000000000     
        (0.17504407989002801,1.20027460817537985E-016)
   0.0000000000000000        0.0000000000000000     
               (4.0053580119517544,0.0000000000000000)
   1.5707963267948966        0.0000000000000000     
       (0.17504407989002801,-1.20027460817537985E-016)
   3.1415926535897931        0.0000000000000000     
        (0.26512453096328426,2.40054921635075970E-016)
   1.0000000000000000                1           4
               (1.0000000000000036,0.0000000000000000)
  -1.5707963267948966        0.0000000000000000     
        (0.17247417151432898,3.42085760450629177E-016)
   0.0000000000000000        0.0000000000000000     
               (4.0042084635620832,0.0000000000000000)
   1.5707963267948966        0.0000000000000000     
       (0.17247417151432898,-3.42085760450629177E-016)
   3.1415926535897931        0.0000000000000000     
        (0.26158156571195490,2.40082311051195738E-016)
   1.0000000000000000                1           4
               (1.0000000000000022,0.0000000000000000)
  -1.5707963267948966        0.0000000000000000     
        (0.17361717875656668,3.42054457089799915E-016)
   0.0000000000000000        0.0000000000000000     
               (4.0047028984546067,0.0000000000000000)
   1.5707963267948966        0.0000000000000000     
       (0.17361717875656668,-3.42054457089799915E-016)
   3.1415926535897931        0.0000000000000000     
        (0.26235069994738247,2.40019704329537164E-016)
   1.0000000000000000                1           4
               (1.0000000000000027,0.0000000000000000)
  -1.5707963267948966        0.0000000000000000     
        (0.17496719492505641,1.19919587700886816E-016)
   0.0000000000000000        0.0000000000000000     
               (4.0046272713843196,0.0000000000000000)
   1.5707963267948966        0.0000000000000000     
       (0.17496719492505641,-1.19919587700886816E-016)
   3.1415926535897931        0.0000000000000000     
        (0.26217809822516580,2.39839175401773632E-016)
   1.0000000000000000                1           4
              (0.99999999999999778,0.0000000000000000)
  -1.5707963267948966        0.0000000000000000     
        (0.16977798859961690,3.42241950299955543E-016)
   0.0000000000000000        0.0000000000000000     
               (4.0047817785338635,0.0000000000000000)
   1.5707963267948966        0.0000000000000000     
       (0.16977798859961690,-3.42241950299955543E-016)
   3.1415926535897931        0.0000000000000000     
        (0.26071743253852686,2.40394690749848471E-016)
   1.0000000000000000                1           4
               (1.0000000000000007,0.0000000000000000)
  -1.5707963267948966        0.0000000000000000     
       (0.17814495784920259,-1.02171729914616950E-016)
   0.0000000000000000        0.0000000000000000     
               (4.0050636179319543,0.0000000000000000)
   1.5707963267948966        0.0000000000000000     
        (0.17814495784920259,1.02171729914616950E-016)
   3.1415926535897931        0.0000000000000000     
        (0.26657152526794869,2.39745750020828765E-016)
   1.0000000000000000                1           4
               (1.0000000000000016,0.0000000000000000)
  -1.5707963267948966        0.0000000000000000     
        (0.17343981329301350,3.42023811068557641E-016)
   0.0000000000000000        0.0000000000000000     
               (4.0043124255469102,0.0000000000000000)
   1.5707963267948966        0.0000000000000000     
       (0.17343981329301350,-3.42023811068557641E-016)
   3.1415926535897931        0.0000000000000000     
        (0.26138546691170972,2.39958412287052568E-016)
   1.0000000000000000                1           4
               (1.0000000000000067,0.0000000000000000)
  -1.5707963267948966        0.0000000000000000     
       (0.17196757139219976,-1.01926391438031944E-016)
   0.0000000000000000        0.0000000000000000     
               (4.0052464369539855,0.0000000000000000)
   1.5707963267948966        0.0000000000000000     
        (0.17196757139219976,1.01926391438031944E-016)
   3.1415926535897931        0.0000000000000000     
        (0.26204729609922839,2.40236426973998777E-016)
   1.0000000000000000                1           4
               (1.0000000000000040,0.0000000000000000)
  -1.5707963267948966        0.0000000000000000     
       (0.17513133711630091,-1.02013537089686532E-016)
   0.0000000000000000        0.0000000000000000     
               (4.0048977246391555,0.0000000000000000)
   1.5707963267948966        0.0000000000000000     
        (0.17513133711630091,1.02013537089686532E-016)
   3.1415926535897931        0.0000000000000000     
        (0.26587714687073782,2.40062135670689552E-016)
   1.0000000000000000                1           4
               (1.0000000000000020,0.0000000000000000)
  -1.5707963267948966        0.0000000000000000     
        (0.17444355872918305,1.19977314372040090E-016)
   0.0000000000000000        0.0000000000000000     
               (4.0044762083843723,0.0000000000000000)
   1.5707963267948966        0.0000000000000000     
       (0.17444355872918305,-1.19977314372040090E-016)
   3.1415926535897931        0.0000000000000000     
        (0.26316738500070058,2.39954628744080180E-016)
   1.0000000000000000                1           4
               (1.0000000000000058,0.0000000000000000)
  -1.5707963267948966        0.0000000000000000     
        (0.17168738349024448,1.20158976439826263E-016)
   0.0000000000000000        0.0000000000000000     
               (4.0042314509703427,0.0000000000000000)
   1.5707963267948966        0.0000000000000000     
       (0.17168738349024448,-1.20158976439826263E-016)
   3.1415926535897931        0.0000000000000000     
        (0.26383332535767823,2.40317952879652526E-016)
   1.0000000000000000                1           4
               (1.0000000000000029,0.0000000000000000)
  -1.5707963267948966        0.0000000000000000     
        (0.17316864775861374,9.07170731033336467E-018)
   0.0000000000000000        0.0000000000000000     
               (4.0043998894582087,0.0000000000000000)
   1.5707963267948966        0.0000000000000000     
       (0.17316864775861374,-9.07170731033336467E-018)
   3.1415926535897931        0.0000000000000000     
        (0.26450544302978085,2.40188019545698037E-016)
   1.0000000000000000                1           4
               (1.0000000000000173,0.0000000000000000)
  -1.5707963267948966        0.0000000000000000     
       (0.17541654310581345,-1.02115916957005213E-016)
   0.0000000000000000        0.0000000000000000     
               (4.0040615896041798,0.0000000000000000)
   1.5707963267948966        0.0000000000000000     
        (0.17541654310581345,1.02115916957005213E-016)
   3.1415926535897931        0.0000000000000000     
        (0.26393971364847846,2.39857375936052189E-016)
   1.0000000000000000                1           4
              (0.99999999999999756,0.0000000000000000)
  -1.5707963267948966        0.0000000000000000     
        (0.17233780282065170,1.20139080395388212E-016)
   0.0000000000000000        0.0000000000000000     
               (4.0050026418228395,0.0000000000000000)
   1.5707963267948966        0.0000000000000000     
       (0.17233780282065170,-1.20139080395388212E-016)
   3.1415926535897931        0.0000000000000000     
        (0.26371311903819716,2.40278160790776425E-016)
   1.0000000000000000                1           4
               (1.0000000000000033,0.0000000000000000)
  -1.5707963267948966        0.0000000000000000     
        (0.17003131349980494,4.53221820187264993E-016)
   0.0000000000000000        0.0000000000000000     
               (4.0044999914791566,0.0000000000000000)
   1.5707963267948966        0.0000000000000000     
       (0.17003131349980494,-4.53221820187264993E-016)
   3.1415926535897931        0.0000000000000000     
        (0.26011991630948073,2.40309825599436061E-016)
   1.0000000000000000                1           4
               (1.0000000000000020,0.0000000000000000)
  -1.5707963267948966        0.0000000000000000     
        (0.17706490774052874,1.19891431313452150E-016)
   0.0000000000000000        0.0000000000000000     
               (4.0051615830335976,0.0000000000000000)
   1.5707963267948966        0.0000000000000000     
       (0.17706490774052874,-1.19891431313452150E-016)
   3.1415926535897931        0.0000000000000000     
        (0.26491955480179874,2.39782862626904301E-016)
   1.0000000000000000                1           4
               (1.0000000000000060,0.0000000000000000)
  -1.5707963267948966        0.0000000000000000     
       (0.16977578502546520,-1.01857043639249705E-016)
   0.0000000000000000        0.0000000000000000     
               (4.0054180442377785,0.0000000000000000)
   1.5707963267948966        0.0000000000000000     
        (0.16977578502546520,1.01857043639249705E-016)
   3.1415926535897931        0.0000000000000000     
        (0.25975718708302564,2.40375122571563256E-016)
   1.0000000000000000                1           4
               (1.0000000000000038,0.0000000000000000)
  -1.5707963267948966        0.0000000000000000     
        (0.17303252915207712,3.42055027252257827E-016)
   0.0000000000000000        0.0000000000000000     
               (4.0046418517220532,0.0000000000000000)
   1.5707963267948966        0.0000000000000000     
       (0.17303252915207712,-3.42055027252257827E-016)
   3.1415926535897931        0.0000000000000000     
        (0.26126107039009749,2.40020844654453038E-016)
   1.0000000000000000                1           4
               (1.0000000000000013,0.0000000000000000)
  -1.5707963267948966        0.0000000000000000     
        (0.16818194900334538,1.20297935630129572E-016)
   0.0000000000000000        0.0000000000000000     
               (4.0043936988528435,0.0000000000000000)
   1.5707963267948966        0.0000000000000000     
       (0.16818194900334538,-1.20297935630129572E-016)
   3.1415926535897931        0.0000000000000000     
        (0.26119896009571764,2.40595871260259145E-016)
   1.0000000000000000                1           4
               (1.0000000000000060,0.0000000000000000)
  -1.5707963267948966        0.0000000000000000     
        (0.17594520741814668,1.19953854533713098E-016)
   0.0000000000000000        0.0000000000000000     
               (4.0042528652049185,0.0000000000000000)
   1.5707963267948966        0.0000000000000000     
       (0.17594520741814668,-1.19953854533713098E-016)
   3.1415926535897931        0.0000000000000000     
        (0.26562776908827113,2.39907709067426195E-016)
