   1.0000000000000000                1           4
               (0.0000000000000000,0.0000000000000000)
  -1.5707963267948966        0.0000000000000000     
        (0.99999999999991618,2.04947170345803897E-013)
   0.0000000000000000        0.0000000000000000     
               (1.7942211093882332,0.0000000000000000)
   1.5707963267948966        0.0000000000000000     
       (0.99999999999991618,-2.04947170345803897E-013)
   3.1415926535897931        0.0000000000000000     
       (0.20577889061194057,-4.17729792091390347E-030)
   1.0000000000000000                1           4
               (0.0000000000000000,0.0000000000000000)
  -1.5707963267948966        0.0000000000000000     
        (0.99999999999969769,1.22235555011229760E-013)
   0.0000000000000000        0.0000000000000000     
               (1.7930070910671549,0.0000000000000000)
   1.5707963267948966        0.0000000000000000     
       (0.99999999999969769,-1.22235555011229760E-013)
   3.1415926535897931        0.0000000000000000     
        (0.20699290893345682,5.95226425148426741E-029)
   1.0000000000000000                1           4
               (0.0000000000000000,0.0000000000000000)
  -1.5707963267948966        0.0000000000000000     
       (0.99999999999989264,-2.43416398149065571E-013)
   0.0000000000000000        0.0000000000000000     
               (1.8025648297725188,0.0000000000000000)
   1.5707963267948966        0.0000000000000000     
        (0.99999999999989264,2.43416398149065571E-013)
   3.1415926535897931        0.0000000000000000     
        (0.19743517022769494,5.60420213629774286E-029)
   1.0000000000000000                1           4
               (0.0000000000000000,0.0000000000000000)
  -1.5707963267948966        0.0000000000000000     
        (1.0000000000000300,-1.40332190312619787E-013)
   0.0000000000000000        0.0000000000000000     
               (1.7877116327328071,0.0000000000000000)
   1.5707963267948966        0.0000000000000000     
         (1.0000000000000300,1.40332190312619787E-013)
   3.1415926535897931        0.0000000000000000     
        (0.21228836726714184,1.04009171714953873E-029)
   1.0000000000000000                1           4
               (0.0000000000000000,0.0000000000000000)
  -1.5707963267948966        0.0000000000000000     
        (0.99999999999996003,2.66342503607575054E-013)
   0.0000000000000000        0.0000000000000000     
               (1.7840999978564824,0.0000000000000000)
   1.5707963267948966        0.0000000000000000     
       (0.99999999999996003,-2.66342503607575054E-013)
   3.1415926535897931        0.0000000000000000     
       (0.21590000214361166,-2.19590372370578748E-029)
   1.0000000000000000                1           4
               (0.0000000000000000,0.0000000000000000)
  -1.5707963267948966        0.0000000000000000     
        (1.0000000000000262,-4.82947015711943332E-015)
   0.0000000000000000        0.0000000000000000     
               (1.7916937946973355,0.0000000000000000)
   1.5707963267948966        0.0000000000000000     
         (1.0000000000000262,4.82947015711943332E-015)
   3.1415926535897931        0.0000000000000000     
       (0.20830620530263153,-4.64921765451196109E-030)
   1.0000000000000000                1           4
               (0.0000000000000000,0.0000000000000000)
  -1.5707963267948966        0.0000000000000000     
         (1.0000000000001070,7.92699239582361644E-014)
   0.0000000000000000        0.0000000000000000     
               (1.7976230726025522,0.0000000000000000)
   1.5707963267948966        0.0000000000000000     
        (1.0000000000001070,-7.92699239582361644E-014)
   3.1415926535897931        0.0000000000000000     
       (0.20237692739724097,-3.54711110733478675E-029)
   1.0000000000000000                1           4
               (0.0000000000000000,0.0000000000000000)
  -1.5707963267948966        0.0000000000000000     
        (1.0000000000000926,-1.53266288549502860E-013)
   0.0000000000000000        0.0000000000000000     
               (1.7907857477346110,0.0000000000000000)
   1.5707963267948966        0.0000000000000000     
         (1.0000000000000926,1.53266288549502860E-013)
   3.1415926535897931        0.0000000000000000     
       (0.20921425226522700,-2.51093451675061105E-030)
   1.0000000000000000                1           4
               (0.0000000000000000,0.0000000000000000)
  -1.5707963267948966        0.0000000000000000     
        (1.0000000000000147,-2.77555756156289332E-015)
   0.0000000000000000        0.0000000000000000     
               (1.7993279285851420,0.0000000000000000)
   1.5707963267948966        0.0000000000000000     
         (1.0000000000000147,2.77555756156289332E-015)
   3.1415926535897931        0.0000000000000000     
       (0.20067207141482749,-3.32548548864000732E-030)
   1.0000000000000000                1           4
               (0.0000000000000000,0.0000000000000000)
  -1.5707963267948966        0.0000000000000000     
        (1.0000000000000395,-6.12287998080773832E-014)
   0.0000000000000000        0.0000000000000000     
               (1.8024868378363104,0.0000000000000000)
   1.5707963267948966        0.0000000000000000     
         (1.0000000000000395,6.12287998080773832E-014)
   3.1415926535897931        0.0000000000000000     
       (0.19751316216362930,-1.05315576524265998E-030)
   1.0000000000000000                1           4
               (0.0000000000000000,0.0000000000000000)
  -1.5707963267948966        0.0000000000000000     
       (0.99999999999999301,-1.60982338570647600E-015)
   0.0000000000000000        0.0000000000000000     
               (1.7923667747668697,0.0000000000000000)
   1.5707963267948966        0.0000000000000000     
        (0.99999999999999301,1.60982338570647600E-015)
   3.1415926535897931        0.0000000000000000     
        (0.20763322523315136,2.34323687313469712E-030)
   1.0000000000000000                1           4
               (0.0000000000000000,0.0000000000000000)
  -1.5707963267948966        0.0000000000000000     
        (1.0000000000000027,-1.08357767203415278E-013)
   0.0000000000000000        0.0000000000000000     
               (1.8033941100660180,0.0000000000000000)
   1.5707963267948966        0.0000000000000000     
         (1.0000000000000027,1.08357767203415278E-013)
   3.1415926535897931        0.0000000000000000     
        (0.19660588993399261,1.35775817788299131E-029)
   1.0000000000000000                1           4
               (0.0000000000000000,0.0000000000000000)
  -1.5707963267948966        0.0000000000000000     
       (0.99999999999995648,-1.86517468137026236E-014)
   0.0000000000000000        0.0000000000000000     
               (1.8030372293453394,0.0000000000000000)
   1.5707963267948966        0.0000000000000000     
        (0.99999999999995648,1.86517468137026236E-014)
   3.1415926535897931        0.0000000000000000     
        (0.19696277065476178,1.38003804606038466E-029)
   1.0000000000000000                1           4
               (0.0000000000000000,0.0000000000000000)
  -1.5707963267948966        0.0000000000000000     
         (1.0000000000005262,9.76996261670131287E-015)
   0.0000000000000000        0.0000000000000000     
               (1.7953479605979603,0.0000000000000000)
   1.5707963267948966        0.0000000000000000     
        (1.0000000000005262,-9.76996261670131287E-015)
   3.1415926535897931        0.0000000000000000     
       (0.20465203940099100,-1.29861405317087962E-028)
   1.0000000000000000                1           4
               (0.0000000000000000,0.0000000000000000)
  -1.5707963267948966        0.0000000000000000     
       (0.99999999999977252,-1.60260693604641321E-013)
   0.0000000000000000        0.0000000000000000     
               (1.8026661575098346,0.0000000000000000)
   1.5707963267948966        0.0000000000000000     
        (0.99999999999977252,1.60260693604641321E-013)
   3.1415926535897931        0.0000000000000000     
        (0.19733384249063815,7.64379829326028622E-029)
   1.0000000000000000                1           4
               (0.0000000000000000,0.0000000000000000)
  -1.5707963267948966        0.0000000000000000     
        (1.0000000000000664,-1.80411241501588032E-014)
   0.0000000000000000        0.0000000000000000     
               (1.7893381242159396,0.0000000000000000)
   1.5707963267948966        0.0000000000000000     
         (1.0000000000000664,1.80411241501588032E-014)
   3.1415926535897931        0.0000000000000000     
       (0.21066187578392667,-1.41139608172865610E-029)
   1.0000000000000000                1           4
               (0.0000000000000000,0.0000000000000000)
  -1.5707963267948966        0.0000000000000000     
        (0.99999999999999534,1.97064586870965286E-014)
   0.0000000000000000        0.0000000000000000     
               (1.7947540425697803,0.0000000000000000)
   1.5707963267948966        0.0000000000000000     
       (0.99999999999999534,-1.97064586870965286E-014)
   3.1415926535897931        0.0000000000000000     
       (0.20524595743023968,-6.10874744722171839E-031)
   1.0000000000000000                1           4
               (0.0000000000000000,0.0000000000000000)
  -1.5707963267948966        0.0000000000000000     
         (1.0000000000000202,3.18078896555107349E-014)
   0.0000000000000000        0.0000000000000000     
               (1.7961209696630371,0.0000000000000000)
   1.5707963267948966        0.0000000000000000     
        (1.0000000000000202,-3.18078896555107349E-014)
   3.1415926535897931        0.0000000000000000     
       (0.20387903033693655,-7.98799644426437298E-030)
   1.0000000000000000                1           4
               (0.0000000000000000,0.0000000000000000)
  -1.5707963267948966        0.0000000000000000     
         (1.0000000000002238,5.52391465902246637E-013)
   0.0000000000000000        0.0000000000000000     
               (1.8046674454765146,0.0000000000000000)
   1.5707963267948966        0.0000000000000000     
        (1.0000000000002238,-5.52391465902246637E-013)
   3.1415926535897931        0.0000000000000000     
       (0.19533255452306633,-1.20720938323769582E-028)
   1.0000000000000000                1           4
               (0.0000000000000000,0.0000000000000000)
  -1.5707963267948966        0.0000000000000000     
         (1.0000000000000786,7.00550728538473651E-014)
   0.0000000000000000        0.0000000000000000     
               (1.7885222543936483,0.0000000000000000)
   1.5707963267948966        0.0000000000000000     
        (1.0000000000000786,-7.00550728538473651E-014)
   3.1415926535897931        0.0000000000000000     
       (0.21147774560619620,-2.77114828138106731E-029)
   1.0000000000000000                1           4
               (0.0000000000000000,0.0000000000000000)
  -1.5707963267948966        0.0000000000000000     
       (0.99999999999997424,-7.35522753814166208E-014)
   0.0000000000000000        0.0000000000000000     
               (1.8033349623117980,0.0000000000000000)
   1.5707963267948966        0.0000000000000000     
        (0.99999999999997424,7.35522753814166208E-014)
   3.1415926535897931        0.0000000000000000     
        (0.19666503768825230,1.52349880213132464E-029)
   1.0000000000000000                1           4
               (0.0000000000000000,0.0000000000000000)
  -1.5707963267948966        0.0000000000000000     
         (1.0000000000002216,1.34336985979643916E-013)
   0.0000000000000000        0.0000000000000000     
               (1.7957014313798605,0.0000000000000000)
   1.5707963267948966        0.0000000000000000     
        (1.0000000000002216,-1.34336985979643916E-013)
   3.1415926535897931        0.0000000000000000     
       (0.20429856861969473,-7.08186901767084602E-029)
   1.0000000000000000                1           4
               (0.0000000000000000,0.0000000000000000)
  -1.5707963267948966        0.0000000000000000     
       (0.99999999999994360,-1.52655665885958961E-014)
   0.0000000000000000        0.0000000000000000     
               (1.7931921198397867,0.0000000000000000)
   1.5707963267948966        0.0000000000000000     
        (0.99999999999994360,1.52655665885958961E-014)
   3.1415926535897931        0.0000000000000000     
        (0.20680788016034385,1.67704273792916129E-029)
   1.0000000000000000                1           4
               (0.0000000000000000,0.0000000000000000)
  -1.5707963267948966        0.0000000000000000     
         (1.0000000000000127,8.88178419700125075E-015)
   0.0000000000000000        0.0000000000000000     
               (1.7939855801754512,0.0000000000000000)
   1.5707963267948966        0.0000000000000000     
        (1.0000000000000127,-8.88178419700125075E-015)
   3.1415926535897931        0.0000000000000000     
       (0.20601441982453336,-3.58203394256468816E-030)
   1.0000000000000000                1           4
               (0.0000000000000000,0.0000000000000000)
  -1.5707963267948966        0.0000000000000000     
        (0.99999999999989386,4.12447853648245781E-014)
   0.0000000000000000        0.0000000000000000     
               (1.8088596147006617,0.0000000000000000)
   1.5707963267948966        0.0000000000000000     
       (0.99999999999989386,-4.12447853648245781E-014)
   3.1415926535897931        0.0000000000000000     
        (0.19114038529955241,2.10572964086445911E-029)
   1.0000000000000000                1           4
               (0.0000000000000000,0.0000000000000000)
  -1.5707963267948966        0.0000000000000000     
        (0.99999999999996370,1.00530694879807925E-013)
   0.0000000000000000        0.0000000000000000     
               (1.8015960994166813,0.0000000000000000)
   1.5707963267948966        0.0000000000000000     
       (0.99999999999996370,-1.00530694879807925E-013)
   3.1415926535897931        0.0000000000000000     
       (0.19840390058338608,-3.74458234728664959E-030)
   1.0000000000000000                1           4
               (0.0000000000000000,0.0000000000000000)
  -1.5707963267948966        0.0000000000000000     
       (0.99999999999996614,-3.05866443284230564E-014)
   0.0000000000000000        0.0000000000000000     
               (1.7869548803627715,0.0000000000000000)
   1.5707963267948966        0.0000000000000000     
        (0.99999999999996614,3.05866443284230564E-014)
   3.1415926535897931        0.0000000000000000     
        (0.21304511963729816,1.21607008979742158E-029)
   1.0000000000000000                1           4
               (0.0000000000000000,0.0000000000000000)
  -1.5707963267948966        0.0000000000000000     
        (0.99999999999995226,1.51545442861333931E-014)
   0.0000000000000000        0.0000000000000000     
               (1.7811861102032671,0.0000000000000000)
   1.5707963267948966        0.0000000000000000     
       (0.99999999999995226,-1.51545442861333931E-014)
   3.1415926535897931        0.0000000000000000     
        (0.21881388979682834,9.83254050882702067E-030)
   1.0000000000000000                1           4
               (0.0000000000000000,0.0000000000000000)
  -1.5707963267948966        0.0000000000000000     
        (0.99999999999997735,7.86037901434610831E-014)
   0.0000000000000000        0.0000000000000000     
               (1.8069255280970533,0.0000000000000000)
   1.5707963267948966        0.0000000000000000     
       (0.99999999999997735,-7.86037901434610831E-014)
   3.1415926535897931        0.0000000000000000     
       (0.19307447190300092,-3.52321349564017555E-030)
   1.0000000000000000                1           4
               (0.0000000000000000,0.0000000000000000)
  -1.5707963267948966        0.0000000000000000     
       (0.99999999999993072,-1.45272682772201733E-013)
   0.0000000000000000        0.0000000000000000     
               (1.7862130552325046,0.0000000000000000)
   1.5707963267948966        0.0000000000000000     
        (0.99999999999993072,1.45272682772201733E-013)
   3.1415926535897931        0.0000000000000000     
        (0.21378694476765073,3.57916795513178452E-029)
   1.0000000000000000                1           4
               (0.0000000000000000,0.0000000000000000)
  -1.5707963267948966        0.0000000000000000     
        (1.0000000000000315,-2.22044604925035006E-016)
   0.0000000000000000        0.0000000000000000     
               (1.7884092140145678,0.0000000000000000)
   1.5707963267948966        0.0000000000000000     
         (1.0000000000000315,2.22044604925035006E-016)
   3.1415926535897931        0.0000000000000000     
       (0.21159078598537448,-7.37692315927050468E-030)
   1.0000000000000000                1           4
               (0.0000000000000000,0.0000000000000000)
  -1.5707963267948966        0.0000000000000000     
        (0.99999999999992939,1.96676008812346481E-013)
   0.0000000000000000        0.0000000000000000     
               (1.7832430811547599,0.0000000000000000)
   1.5707963267948966        0.0000000000000000     
       (0.99999999999992939,-1.96676008812346481E-013)
   3.1415926535897931        0.0000000000000000     
       (0.21675691884540244,-5.48380973686176284E-030)
   1.0000000000000000                1           4
               (0.0000000000000000,0.0000000000000000)
  -1.5707963267948966        0.0000000000000000     
        (0.99999999999999289,2.03170813506403647E-014)
   0.0000000000000000        0.0000000000000000     
               (1.7960889606658494,0.0000000000000000)
   1.5707963267948966        0.0000000000000000     
       (0.99999999999999289,-2.03170813506403647E-014)
   3.1415926535897931        0.0000000000000000     
        (0.20391103933418683,6.06103966501570924E-031)
   1.0000000000000000                1           4
               (0.0000000000000000,0.0000000000000000)
  -1.5707963267948966        0.0000000000000000     
        (1.0000000000000151,-1.13797860024078545E-013)
   0.0000000000000000        0.0000000000000000     
               (1.8140173854101787,0.0000000000000000)
   1.5707963267948966        0.0000000000000000     
         (1.0000000000000151,1.13797860024078545E-013)
   3.1415926535897931        0.0000000000000000     
        (0.18598261458980897,1.13229435884624966E-029)
   1.0000000000000000                1           4
               (0.0000000000000000,0.0000000000000000)
  -1.5707963267948966        0.0000000000000000     
        (0.99999999999994904,4.05286915139413395E-013)
   0.0000000000000000        0.0000000000000000     
               (1.7876514242913590,0.0000000000000000)
   1.5707963267948966        0.0000000000000000     
       (0.99999999999994904,-4.05286915139413395E-013)
   3.1415926535897931        0.0000000000000000     
       (0.21234857570874910,-3.67664010393451425E-029)
   1.0000000000000000                1           4
               (0.0000000000000000,0.0000000000000000)
  -1.5707963267948966        0.0000000000000000     
         (1.0000000000000773,3.57269769324375375E-013)
   0.0000000000000000        0.0000000000000000     
               (1.8057013798874719,0.0000000000000000)
   1.5707963267948966        0.0000000000000000     
        (1.0000000000000773,-3.57269769324375375E-013)
   3.1415926535897931        0.0000000000000000     
       (0.19429862011238783,-6.17985322735369885E-029)
   1.0000000000000000                1           4
               (0.0000000000000000,0.0000000000000000)
  -1.5707963267948966        0.0000000000000000     
        (1.0000000000000659,-3.45834472170736325E-014)
   0.0000000000000000        0.0000000000000000     
               (1.8012298188865745,0.0000000000000000)
   1.5707963267948966        0.0000000000000000     
         (1.0000000000000659,3.45834472170736325E-014)
   3.1415926535897931        0.0000000000000000     
       (0.19877018111331843,-1.03849325698130120E-029)
   1.0000000000000000                1           4
               (0.0000000000000000,0.0000000000000000)
  -1.5707963267948966        0.0000000000000000     
        (0.99999999999996980,4.86277684785818628E-014)
   0.0000000000000000        0.0000000000000000     
               (1.7820762288666578,0.0000000000000000)
   1.5707963267948966        0.0000000000000000     
       (0.99999999999996980,-4.86277684785818628E-014)
   3.1415926535897931        0.0000000000000000     
        (0.21792377113340877,1.82826762672441891E-030)
   1.0000000000000000                1           4
               (0.0000000000000000,0.0000000000000000)
  -1.5707963267948966        0.0000000000000000     
       (0.99999999999994926,-1.41608946790938717E-013)
   0.0000000000000000        0.0000000000000000     
               (1.7914226942047118,0.0000000000000000)
   1.5707963267948966        0.0000000000000000     
        (0.99999999999994926,1.41608946790938717E-013)
   3.1415926535897931        0.0000000000000000     
        (0.20857730579539419,3.00398203748619717E-029)
   1.0000000000000000                1           4
               (0.0000000000000000,0.0000000000000000)
  -1.5707963267948966        0.0000000000000000     
         (1.0000000000000289,1.69864122767648951E-013)
   0.0000000000000000        0.0000000000000000     
               (1.8104051136008394,0.0000000000000000)
   1.5707963267948966        0.0000000000000000     
        (1.0000000000000289,-1.69864122767648951E-013)
   3.1415926535897931        0.0000000000000000     
       (0.18959488639912245,-2.66623590423884659E-029)
   1.0000000000000000                1           4
               (0.0000000000000000,0.0000000000000000)
  -1.5707963267948966        0.0000000000000000     
         (1.0000000000000611,3.03868041839905345E-013)
   0.0000000000000000        0.0000000000000000     
               (1.7937590952214086,0.0000000000000000)
   1.5707963267948966        0.0000000000000000     
        (1.0000000000000611,-3.03868041839905345E-013)
   3.1415926535897931        0.0000000000000000     
       (0.20624090477847828,-5.16051379423182749E-029)
   1.0000000000000000                1           4
               (0.0000000000000000,0.0000000000000000)
  -1.5707963267948966        0.0000000000000000     
        (0.99999999999979250,8.14903700074865153E-014)
   0.0000000000000000        0.0000000000000000     
               (1.8050838262601578,0.0000000000000000)
   1.5707963267948966        0.0000000000000000     
       (0.99999999999979250,-8.14903700074865153E-014)
   3.1415926535897931        0.0000000000000000     
        (0.19491617374029468,4.31397719894673557E-029)
   1.0000000000000000                1           4
               (0.0000000000000000,0.0000000000000000)
  -1.5707963267948966        0.0000000000000000     
        (0.99999999999985223,5.39568389967826268E-014)
   0.0000000000000000        0.0000000000000000     
               (1.8004421572747764,0.0000000000000000)
   1.5707963267948966        0.0000000000000000     
       (0.99999999999985223,-5.39568389967826268E-014)
   3.1415926535897931        0.0000000000000000     
        (0.19955784272553620,3.06259912120248003E-029)
   1.0000000000000000                1           4
               (0.0000000000000000,0.0000000000000000)
  -1.5707963267948966        0.0000000000000000     
        (1.0000000000000286,-3.16413562018169890E-015)
   0.0000000000000000        0.0000000000000000     
               (1.8043374251406910,0.0000000000000000)
   1.5707963267948966        0.0000000000000000     
         (1.0000000000000286,3.16413562018169890E-015)
   3.1415926535897931        0.0000000000000000     
       (0.19566257485927036,-5.47291650841007457E-030)
   1.0000000000000000                1           4
               (0.0000000000000000,0.0000000000000000)
  -1.5707963267948966        0.0000000000000000     
        (1.0000000000000715,-7.41073868937292117E-014)
   0.0000000000000000        0.0000000000000000     
               (1.7917833583877147,0.0000000000000000)
   1.5707963267948966        0.0000000000000000     
         (1.0000000000000715,7.41073868937292117E-014)
   3.1415926535897931        0.0000000000000000     
       (0.20821664161216641,-6.96968970706734111E-030)
   1.0000000000000000                1           4
               (0.0000000000000000,0.0000000000000000)
  -1.5707963267948966        0.0000000000000000     
        (0.99999999999996969,5.09592368302946915E-014)
   0.0000000000000000        0.0000000000000000     
               (1.8103767912293978,0.0000000000000000)
   1.5707963267948966        0.0000000000000000     
       (0.99999999999996969,-5.09592368302946915E-014)
   3.1415926535897931        0.0000000000000000     
        (0.18962320877067501,1.92942753708236059E-030)
   1.0000000000000000                1           4
               (0.0000000000000000,0.0000000000000000)
  -1.5707963267948966        0.0000000000000000     
        (0.99999999999995648,1.93456362040933527E-013)
   0.0000000000000000        0.0000000000000000     
               (1.7908733273196393,0.0000000000000000)
   1.5707963267948966        0.0000000000000000     
       (0.99999999999995648,-1.93456362040933527E-013)
   3.1415926535897931        0.0000000000000000     
       (0.20912667268045673,-1.24794636033518248E-029)
   1.0000000000000000                1           4
               (0.0000000000000000,0.0000000000000000)
  -1.5707963267948966        0.0000000000000000     
        (0.99999999999995892,1.37223565843669348E-013)
   0.0000000000000000        0.0000000000000000     
               (1.7926982148531045,0.0000000000000000)
   1.5707963267948966        0.0000000000000000     
       (0.99999999999995892,-1.37223565843669348E-013)
   3.1415926535897931        0.0000000000000000     
       (0.20730178514698924,-6.02928451172116033E-030)
   1.0000000000000000                1           4
               (0.0000000000000000,0.0000000000000000)
  -1.5707963267948966        0.0000000000000000     
        (0.99999999999988687,1.69420033557798913E-013)
   0.0000000000000000        0.0000000000000000     
               (1.7987120132949050,0.0000000000000000)
   1.5707963267948966        0.0000000000000000     
       (0.99999999999988687,-1.69420033557798913E-013)
   3.1415926535897931        0.0000000000000000     
        (0.20128798670534534,8.43930149004103187E-030)
   1.0000000000000000                1           4
               (0.0000000000000000,0.0000000000000000)
  -1.5707963267948966        0.0000000000000000     
        (0.99999999999993350,4.37427871702311740E-014)
   0.0000000000000000        0.0000000000000000     
               (1.7962753181566691,0.0000000000000000)
   1.5707963267948966        0.0000000000000000     
       (0.99999999999993350,-4.37427871702311740E-014)
   3.1415926535897931        0.0000000000000000     
        (0.20372468184348785,1.23920882130827806E-029)
   1.0000000000000000                1           4
               (0.0000000000000000,0.0000000000000000)
  -1.5707963267948966        0.0000000000000000     
         (1.0000000000000526,3.40505401652535511E-013)
   0.0000000000000000        0.0000000000000000     
               (1.7965195618023533,0.0000000000000000)
   1.5707963267948966        0.0000000000000000     
        (1.0000000000000526,-3.40505401652535511E-013)
   3.1415926535897931        0.0000000000000000     
       (0.20348043819754941,-5.41293718563925364E-029)
   1.0000000000000000                1           4
               (0.0000000000000000,0.0000000000000000)
  -1.5707963267948966        0.0000000000000000     
         (1.0000000000003200,1.23234755733391997E-014)
   0.0000000000000000        0.0000000000000000     
               (1.7950636049824886,0.0000000000000000)
   1.5707963267948966        0.0000000000000000     
        (1.0000000000003200,-1.23234755733391997E-014)
   3.1415926535897931        0.0000000000000000     
       (0.20493639501689470,-7.84341741491450187E-029)
   1.0000000000000000                1           4
               (0.0000000000000000,0.0000000000000000)
  -1.5707963267948966        0.0000000000000000     
       (0.99999999999990352,-7.24975635080227095E-014)
   0.0000000000000000        0.0000000000000000     
               (1.7909279672078333,0.0000000000000000)
   1.5707963267948966        0.0000000000000000     
        (0.99999999999990352,7.24975635080227095E-014)
   3.1415926535897931        0.0000000000000000     
        (0.20907203279237463,3.34229566890025571E-029)
   1.0000000000000000                1           4
               (0.0000000000000000,0.0000000000000000)
  -1.5707963267948966        0.0000000000000000     
       (0.99999999999991929,-1.60371715907103862E-013)
   0.0000000000000000        0.0000000000000000     
               (1.8066653833602335,0.0000000000000000)
   1.5707963267948966        0.0000000000000000     
        (0.99999999999991929,1.60371715907103862E-013)
   3.1415926535897931        0.0000000000000000     
        (0.19333461663994239,4.02925547619393206E-029)
   1.0000000000000000                1           4
               (0.0000000000000000,0.0000000000000000)
  -1.5707963267948966        0.0000000000000000     
       (0.99999999999994471,-1.18072218668885398E-013)
   0.0000000000000000        0.0000000000000000     
               (1.7971388906746457,0.0000000000000000)
   1.5707963267948966        0.0000000000000000     
        (0.99999999999994471,1.18072218668885398E-013)
   3.1415926535897931        0.0000000000000000     
        (0.20286110932546655,2.81010325893143475E-029)
   1.0000000000000000                1           4
               (0.0000000000000000,0.0000000000000000)
  -1.5707963267948966        0.0000000000000000     
        (0.99999999999993117,1.47104550762833242E-013)
   0.0000000000000000        0.0000000000000000     
               (1.8083488964453514,0.0000000000000000)
   1.5707963267948966        0.0000000000000000     
       (0.99999999999993117,-1.47104550762833242E-013)
   3.1415926535897931        0.0000000000000000     
       (0.19165110355480336,-1.10025077680511470E-031)
   1.0000000000000000                1           4
               (0.0000000000000000,0.0000000000000000)
  -1.5707963267948966        0.0000000000000000     
       (0.99999999999994116,-5.64548408021892038E-014)
   0.0000000000000000        0.0000000000000000     
               (1.8027010165346231,0.0000000000000000)
   1.5707963267948966        0.0000000000000000     
        (0.99999999999994116,5.64548408021892038E-014)
   3.1415926535897931        0.0000000000000000     
        (0.19729898346551247,2.24134148057523910E-029)
   1.0000000000000000                1           4
               (0.0000000000000000,0.0000000000000000)
  -1.5707963267948966        0.0000000000000000     
       (0.99999999999996048,-6.48370246381091420E-014)
   0.0000000000000000        0.0000000000000000     
               (1.8048019324007152,0.0000000000000000)
   1.5707963267948966        0.0000000000000000     
        (0.99999999999996048,6.48370246381091420E-014)
   3.1415926535897931        0.0000000000000000     
        (0.19519806759937636,1.83805164642006853E-029)
   1.0000000000000000                1           4
               (0.0000000000000000,0.0000000000000000)
  -1.5707963267948966        0.0000000000000000     
       (0.99999999999979605,-9.01501095995626858E-014)
   0.0000000000000000        0.0000000000000000     
               (1.8026040989232028,0.0000000000000000)
   1.5707963267948966        0.0000000000000000     
        (0.99999999999979605,9.01501095995626858E-014)
   3.1415926535897931        0.0000000000000000     
        (0.19739590107723162,6.26306966713147145E-029)
   1.0000000000000000                1           4
               (0.0000000000000000,0.0000000000000000)
  -1.5707963267948966        0.0000000000000000     
         (1.0000000000002607,1.75470749042005966E-013)
   0.0000000000000000        0.0000000000000000     
               (1.7905168960537936,0.0000000000000000)
   1.5707963267948966        0.0000000000000000     
        (1.0000000000002607,-1.75470749042005966E-013)
   3.1415926535897931        0.0000000000000000     
       (0.20948310394569483,-8.47123673845304345E-029)
   1.0000000000000000                1           4
               (0.0000000000000000,0.0000000000000000)
  -1.5707963267948966        0.0000000000000000     
         (1.0000000000000426,7.99360577730112709E-014)
   0.0000000000000000        0.0000000000000000     
               (1.7958464896638531,0.0000000000000000)
   1.5707963267948966        0.0000000000000000     
        (1.0000000000000426,-7.99360577730112709E-014)
   3.1415926535897931        0.0000000000000000     
       (0.20415351033608301,-1.89370970822265721E-029)
   1.0000000000000000                1           4
               (0.0000000000000000,0.0000000000000000)
  -1.5707963267948966        0.0000000000000000     
         (1.0000000000000426,1.82631687550838188E-014)
   0.0000000000000000        0.0000000000000000     
               (1.8043852788984638,0.0000000000000000)
   1.5707963267948966        0.0000000000000000     
        (1.0000000000000426,-1.82631687550838188E-014)
   3.1415926535897931        0.0000000000000000     
       (0.19561472110145897,-1.21840231214700135E-029)
   1.0000000000000000                1           4
               (0.0000000000000000,0.0000000000000000)
  -1.5707963267948966        0.0000000000000000     
        (0.99999999999998057,1.69753100465186435E-013)
   0.0000000000000000        0.0000000000000000     
               (1.8028733200249611,0.0000000000000000)
   1.5707963267948966        0.0000000000000000     
       (0.99999999999998057,-1.69753100465186435E-013)
   3.1415926535897931        0.0000000000000000     
       (0.19712667997508862,-1.53668027159066920E-029)
   1.0000000000000000                1           4
               (0.0000000000000000,0.0000000000000000)
  -1.5707963267948966        0.0000000000000000     
         (1.0000000000000784,3.80084852480422342E-013)
   0.0000000000000000        0.0000000000000000     
               (1.7994915225221679,0.0000000000000000)
   1.5707963267948966        0.0000000000000000     
        (1.0000000000000784,-3.80084852480422342E-013)
   3.1415926535897931        0.0000000000000000     
       (0.20050847747766731,-6.62520562536130850E-029)
   1.0000000000000000                1           4
               (0.0000000000000000,0.0000000000000000)
  -1.5707963267948966        0.0000000000000000     
         (1.0000000000000004,1.45661260830820538E-013)
   0.0000000000000000        0.0000000000000000     
               (1.8193061448591812,0.0000000000000000)
   1.5707963267948966        0.0000000000000000     
        (1.0000000000000004,-1.45661260830820538E-013)
   3.1415926535897931        0.0000000000000000     
       (0.18069385514081973,-1.78235330224557187E-029)
   1.0000000000000000                1           4
               (0.0000000000000000,0.0000000000000000)
  -1.5707963267948966        0.0000000000000000     
         (1.0000000000000093,8.90953977261688124E-014)
   0.0000000000000000        0.0000000000000000     
               (1.7949220458903816,0.0000000000000000)
   1.5707963267948966        0.0000000000000000     
        (1.0000000000000093,-8.90953977261688124E-014)
   3.1415926535897931        0.0000000000000000     
       (0.20507795410960239,-1.30151837783928639E-029)
   1.0000000000000000                1           4
               (0.0000000000000000,0.0000000000000000)
  -1.5707963267948966        0.0000000000000000     
         (1.0000000000000528,6.78346268045970646E-014)
   0.0000000000000000        0.0000000000000000     
               (1.8096139488581893,0.0000000000000000)
   1.5707963267948966        0.0000000000000000     
        (1.0000000000000528,-6.78346268045970646E-014)
   3.1415926535897931        0.0000000000000000     
       (0.19038605114171572,-2.05793758844221990E-029)
   1.0000000000000000                1           4
               (0.0000000000000000,0.0000000000000000)
  -1.5707963267948966        0.0000000000000000     
         (1.0000000000000342,1.68753899743023763E-014)
   0.0000000000000000        0.0000000000000000     
               (1.7928922051920830,0.0000000000000000)
   1.5707963267948966        0.0000000000000000     
        (1.0000000000000342,-1.68753899743023763E-014)
   3.1415926535897931        0.0000000000000000     
       (0.20710779480786820,-9.22263163960663533E-030)
   1.0000000000000000                1           4
               (0.0000000000000000,0.0000000000000000)
  -1.5707963267948966        0.0000000000000000     
         (1.0000000000001523,1.87849735766576461E-013)
   0.0000000000000000        0.0000000000000000     
               (1.7941414211982720,0.0000000000000000)
   1.5707963267948966        0.0000000000000000     
        (1.0000000000001523,-1.87849735766576461E-013)
   3.1415926535897931        0.0000000000000000     
       (0.20585857880143663,-5.94902981246930671E-029)
   1.0000000000000000                1           4
               (0.0000000000000000,0.0000000000000000)
  -1.5707963267948966        0.0000000000000000     
         (1.0000000000001548,3.51496609596324561E-013)
   0.0000000000000000        0.0000000000000000     
               (1.8012104407607796,0.0000000000000000)
   1.5707963267948966        0.0000000000000000     
        (1.0000000000001548,-3.51496609596324561E-013)
   3.1415926535897931        0.0000000000000000     
       (0.19878955923892588,-8.00248658955328850E-029)
   1.0000000000000000                1           4
               (0.0000000000000000,0.0000000000000000)
  -1.5707963267948966        0.0000000000000000     
       (0.99999999999998312,-1.03583808197527105E-013)
   0.0000000000000000        0.0000000000000000     
               (1.7930630431771719,0.0000000000000000)
   1.5707963267948966        0.0000000000000000     
        (0.99999999999998312,1.03583808197527105E-013)
   3.1415926535897931        0.0000000000000000     
        (0.20693695682287694,1.77518290405127388E-029)
   1.0000000000000000                1           4
               (0.0000000000000000,0.0000000000000000)
  -1.5707963267948966        0.0000000000000000     
         (1.0000000000001841,4.56856774633251727E-014)
   0.0000000000000000        0.0000000000000000     
               (1.7992874473586078,0.0000000000000000)
   1.5707963267948966        0.0000000000000000     
        (1.0000000000001841,-4.56856774633251727E-014)
   3.1415926535897931        0.0000000000000000     
       (0.20071255264104013,-4.96892279694526677E-029)
   1.0000000000000000                1           4
               (0.0000000000000000,0.0000000000000000)
  -1.5707963267948966        0.0000000000000000     
       (0.99999999999989930,-3.89133170131117241E-014)
   0.0000000000000000        0.0000000000000000     
               (1.8132329646890573,0.0000000000000000)
   1.5707963267948966        0.0000000000000000     
        (0.99999999999989930,3.89133170131117241E-014)
   3.1415926535897931        0.0000000000000000     
        (0.18676703531114849,2.96895391590928034E-029)
   1.0000000000000000                1           4
               (0.0000000000000000,0.0000000000000000)
  -1.5707963267948966        0.0000000000000000     
        (1.0000000000000524,-5.05151476204446857E-015)
   0.0000000000000000        0.0000000000000000     
               (1.7959443565180588,0.0000000000000000)
   1.5707963267948966        0.0000000000000000     
         (1.0000000000000524,5.05151476204446857E-015)
   3.1415926535897931        0.0000000000000000     
       (0.20405564348184965,-1.13838131562463123E-029)
   1.0000000000000000                1           4
               (0.0000000000000000,0.0000000000000000)
  -1.5707963267948966        0.0000000000000000     
       (0.99999999999995615,-2.39253061806721171E-014)
   0.0000000000000000        0.0000000000000000     
               (1.8039725053796403,0.0000000000000000)
   1.5707963267948966        0.0000000000000000     
        (0.99999999999995615,2.39253061806721171E-014)
   3.1415926535897931        0.0000000000000000     
        (0.19602749462045643,1.42128451088416162E-029)
   1.0000000000000000                1           4
               (0.0000000000000000,0.0000000000000000)
  -1.5707963267948966        0.0000000000000000     
        (1.0000000000000855,-4.85167461761193471E-014)
   0.0000000000000000        0.0000000000000000     
               (1.7962311458062903,0.0000000000000000)
   1.5707963267948966        0.0000000000000000     
         (1.0000000000000855,4.85167461761193471E-014)
   3.1415926535897931        0.0000000000000000     
       (0.20376885419357338,-1.28505228438635152E-029)
   1.0000000000000000                1           4
               (0.0000000000000000,0.0000000000000000)
  -1.5707963267948966        0.0000000000000000     
        (0.99999999999990730,3.88578058618804915E-014)
   0.0000000000000000        0.0000000000000000     
               (1.7897503544246161,0.0000000000000000)
   1.5707963267948966        0.0000000000000000     
       (0.99999999999990730,-3.88578058618804915E-014)
   3.1415926535897931        0.0000000000000000     
        (0.21024964557558429,1.88596730722143017E-029)
   1.0000000000000000                1           4
               (0.0000000000000000,0.0000000000000000)
  -1.5707963267948966        0.0000000000000000     
        (0.99999999999996114,1.33282274106250043E-013)
   0.0000000000000000        0.0000000000000000     
               (1.7905572288870946,0.0000000000000000)
   1.5707963267948966        0.0000000000000000     
       (0.99999999999996114,-1.33282274106250043E-013)
   3.1415926535897931        0.0000000000000000     
       (0.20944277111299378,-6.15481099971060129E-030)
   1.0000000000000000                1           4
               (0.0000000000000000,0.0000000000000000)
  -1.5707963267948966        0.0000000000000000     
         (1.0000000000000786,4.02122779519231699E-013)
   0.0000000000000000        0.0000000000000000     
               (1.7994496753909124,0.0000000000000000)
   1.5707963267948966        0.0000000000000000     
        (1.0000000000000786,-4.02122779519231699E-013)
   3.1415926535897931        0.0000000000000000     
       (0.20055032460894520,-6.75886594399708765E-029)
   1.0000000000000000                1           4
               (0.0000000000000000,0.0000000000000000)
  -1.5707963267948966        0.0000000000000000     
        (0.99999999999999079,5.60662627435704053E-014)
   0.0000000000000000        0.0000000000000000     
               (1.7878445348174945,0.0000000000000000)
   1.5707963267948966        0.0000000000000000     
       (0.99999999999999079,-5.60662627435704053E-014)
   3.1415926535897931        0.0000000000000000     
       (0.21215546518254269,-3.45459140715383484E-030)
   1.0000000000000000                1           4
               (0.0000000000000000,0.0000000000000000)
  -1.5707963267948966        0.0000000000000000     
        (1.0000000000000608,-1.12132525487140889E-014)
   0.0000000000000000        0.0000000000000000     
               (1.7956603112836726,0.0000000000000000)
   1.5707963267948966        0.0000000000000000     
         (1.0000000000000608,1.12132525487140889E-014)
   3.1415926535897931        0.0000000000000000     
       (0.20433968871621166,-1.31733227703092384E-029)
   1.0000000000000000                1           4
               (0.0000000000000000,0.0000000000000000)
  -1.5707963267948966        0.0000000000000000     
        (0.99999999999997813,5.31241717283137468E-014)
   0.0000000000000000        0.0000000000000000     
               (1.8021130199296003,0.0000000000000000)
   1.5707963267948966        0.0000000000000000     
       (0.99999999999997813,-5.31241717283137468E-014)
   3.1415926535897931        0.0000000000000000     
        (0.19788698007048461,1.36342469709622824E-030)
   1.0000000000000000                1           4
               (0.0000000000000000,0.0000000000000000)
  -1.5707963267948966        0.0000000000000000     
         (1.0000000000000218,2.53130849614535691E-013)
   0.0000000000000000        0.0000000000000000     
               (1.7996783148682560,0.0000000000000000)
   1.5707963267948966        0.0000000000000000     
        (1.0000000000000218,-2.53130849614535691E-013)
   3.1415926535897931        0.0000000000000000     
       (0.20032168513172000,-3.51357006619021171E-029)
   1.0000000000000000                1           4
               (0.0000000000000000,0.0000000000000000)
  -1.5707963267948966        0.0000000000000000     
         (1.0000000000001306,8.39328606616618218E-014)
   0.0000000000000000        0.0000000000000000     
               (1.8025892089128452,0.0000000000000000)
   1.5707963267948966        0.0000000000000000     
        (1.0000000000001306,-8.39328606616618218E-014)
   3.1415926535897931        0.0000000000000000     
       (0.19741079108690512,-4.15680076668155104E-029)
   1.0000000000000000                1           4
               (0.0000000000000000,0.0000000000000000)
  -1.5707963267948966        0.0000000000000000     
        (1.0000000000001459,-2.65343302885412602E-014)
   0.0000000000000000        0.0000000000000000     
               (1.8047058218002741,0.0000000000000000)
   1.5707963267948966        0.0000000000000000     
         (1.0000000000001459,2.65343302885412602E-014)
   3.1415926535897931        0.0000000000000000     
       (0.19529417819943581,-3.23884835659193079E-029)
   1.0000000000000000                1           4
               (0.0000000000000000,0.0000000000000000)
  -1.5707963267948966        0.0000000000000000     
         (1.0000000000000113,1.88460358430120323E-013)
   0.0000000000000000        0.0000000000000000     
               (1.7996543560736371,0.0000000000000000)
   1.5707963267948966        0.0000000000000000     
        (1.0000000000000113,-1.88460358430120323E-013)
   3.1415926535897931        0.0000000000000000     
       (0.20034564392635526,-2.49498084393024194E-029)
   1.0000000000000000                1           4
               (0.0000000000000000,0.0000000000000000)
  -1.5707963267948966        0.0000000000000000     
        (1.0000000000000768,-1.45994327738208180E-014)
   0.0000000000000000        0.0000000000000000     
               (1.8040377000588204,0.0000000000000000)
   1.5707963267948966        0.0000000000000000     
         (1.0000000000000768,1.45994327738208180E-014)
   3.1415926535897931        0.0000000000000000     
       (0.19596229994104117,-1.60827140606971541E-029)
   1.0000000000000000                1           4
               (0.0000000000000000,0.0000000000000000)
  -1.5707963267948966        0.0000000000000000     
       (0.99999999999995859,-9.20374887414254772E-014)
   0.0000000000000000        0.0000000000000000     
               (1.8075995646462524,0.0000000000000000)
   1.5707963267948966        0.0000000000000000     
        (0.99999999999995859,9.20374887414254772E-014)
   3.1415926535897931        0.0000000000000000     
        (0.19240043535384088,2.20553141006034439E-029)
   1.0000000000000000                1           4
               (0.0000000000000000,0.0000000000000000)
  -1.5707963267948966        0.0000000000000000     
        (0.99999999999960199,5.62105917367716756E-013)
   0.0000000000000000        0.0000000000000000     
               (1.7852809135549148,0.0000000000000000)
   1.5707963267948966        0.0000000000000000     
       (0.99999999999960199,-5.62105917367716756E-013)
   3.1415926535897931        0.0000000000000000     
        (0.21471908644590967,3.03930466225813203E-029)
   1.0000000000000000                1           4
               (0.0000000000000000,0.0000000000000000)
  -1.5707963267948966        0.0000000000000000     
       (0.99999999999995326,-5.31796828795449920E-014)
   0.0000000000000000        0.0000000000000000     
               (1.8047625141256924,0.0000000000000000)
   1.5707963267948966        0.0000000000000000     
        (0.99999999999995326,5.31796828795449920E-014)
   3.1415926535897931        0.0000000000000000     
        (0.19523748587441594,1.88811810594818686E-029)
   1.0000000000000000                1           4
               (0.0000000000000000,0.0000000000000000)
  -1.5707963267948966        0.0000000000000000     
       (0.99999999999992883,-8.82627304576998503E-015)
   0.0000000000000000        0.0000000000000000     
               (1.7995891464117832,0.0000000000000000)
   1.5707963267948966        0.0000000000000000     
        (0.99999999999992883,8.82627304576998503E-015)
   3.1415926535897931        0.0000000000000000     
        (0.20041085358837493,1.94854543055178085E-029)
   1.0000000000000000                1           4
               (0.0000000000000000,0.0000000000000000)
  -1.5707963267948966        0.0000000000000000     
        (0.99999999999998312,3.08642000845793518E-014)
   0.0000000000000000        0.0000000000000000     
               (1.8091720894468957,0.0000000000000000)
   1.5707963267948966        0.0000000000000000     
       (0.99999999999998312,-3.08642000845793518E-014)
   3.1415926535897931        0.0000000000000000     
        (0.19082791055316300,1.88088286581449603E-030)
   1.0000000000000000                1           4
               (0.0000000000000000,0.0000000000000000)
  -1.5707963267948966        0.0000000000000000     
        (0.99999999999997313,1.00808250635964214E-013)
   0.0000000000000000        0.0000000000000000     
               (1.7994525111756643,0.0000000000000000)
   1.5707963267948966        0.0000000000000000     
       (0.99999999999997313,-1.00808250635964214E-013)
   3.1415926535897931        0.0000000000000000     
       (0.20054748882440460,-4.82832447023901485E-030)
   1.0000000000000000                1           4
               (0.0000000000000000,0.0000000000000000)
  -1.5707963267948966        0.0000000000000000     
       (0.99999999999952793,-1.50957024658282535E-012)
   0.0000000000000000        0.0000000000000000     
               (1.7906956740165842,0.0000000000000000)
   1.5707963267948966        0.0000000000000000     
        (0.99999999999952793,1.50957024658282535E-012)
   3.1415926535897931        0.0000000000000000     
        (0.20930432598436594,3.00861953544733725E-028)
   1.0000000000000000                1           4
               (0.0000000000000000,0.0000000000000000)
  -1.5707963267948966        0.0000000000000000     
        (0.99999999999995437,1.77302617032637500E-013)
   0.0000000000000000        0.0000000000000000     
               (1.8042732441483178,0.0000000000000000)
   1.5707963267948966        0.0000000000000000     
       (0.99999999999995437,-1.77302617032637500E-013)
   3.1415926535897931        0.0000000000000000     
       (0.19572675585178384,-9.89469951008190042E-030)
   1.0000000000000000                1           4
               (0.0000000000000000,0.0000000000000000)
  -1.5707963267948966        0.0000000000000000     
       (0.99999999999980660,-6.21724893790087410E-014)
   0.0000000000000000        0.0000000000000000     
               (1.7964688496358903,0.0000000000000000)
   1.5707963267948966        0.0000000000000000     
        (0.99999999999980660,6.21724893790087410E-014)
   3.1415926535897931        0.0000000000000000     
        (0.20353115036450728,5.56389814937513672E-029)
   1.0000000000000000                1           4
               (0.0000000000000000,0.0000000000000000)
  -1.5707963267948966        0.0000000000000000     
        (1.0000000000001206,-9.13713549266503959E-014)
   0.0000000000000000        0.0000000000000000     
               (1.7860088307964632,0.0000000000000000)
   1.5707963267948966        0.0000000000000000     
         (1.0000000000001206,9.13713549266503959E-014)
   3.1415926535897931        0.0000000000000000     
       (0.21399116920330619,-1.76997985688606462E-029)
   1.0000000000000000                1           4
               (0.0000000000000000,0.0000000000000000)
  -1.5707963267948966        0.0000000000000000     
         (1.0000000000000462,3.28070903776733758E-013)
   0.0000000000000000        0.0000000000000000     
               (1.7964672547325813,0.0000000000000000)
   1.5707963267948966        0.0000000000000000     
        (1.0000000000000462,-3.28070903776733758E-013)
   3.1415926535897931        0.0000000000000000     
       (0.20353274526734150,-5.05390997370361074E-029)
   1.0000000000000000                1           4
               (0.0000000000000000,0.0000000000000000)
  -1.5707963267948966        0.0000000000000000     
       (0.99999999999970202,-3.91908727692679880E-014)
   0.0000000000000000        0.0000000000000000     
               (1.8144447183021435,0.0000000000000000)
   1.5707963267948966        0.0000000000000000     
        (0.99999999999970202,3.91908727692679880E-014)
   3.1415926535897931        0.0000000000000000     
        (0.18555528169846050,7.82693117958382783E-029)
   1.0000000000000000                1           4
               (0.0000000000000000,0.0000000000000000)
  -1.5707963267948966        0.0000000000000000     
        (0.99999999999990685,4.94049245958194787E-014)
   0.0000000000000000        0.0000000000000000     
               (1.7977072931070006,0.0000000000000000)
   1.5707963267948966        0.0000000000000000     
       (0.99999999999990685,-4.94049245958194787E-014)
   3.1415926535897931        0.0000000000000000     
        (0.20229270689320011,1.76520072294648286E-029)
   1.0000000000000000                1           4
               (0.0000000000000000,0.0000000000000000)
  -1.5707963267948966        0.0000000000000000     
        (1.0000000000000329,-1.10911280160053138E-013)
   0.0000000000000000        0.0000000000000000     
               (1.7931762871113381,0.0000000000000000)
   1.5707963267948966        0.0000000000000000     
         (1.0000000000000329,1.10911280160053138E-013)
   3.1415926535897931        0.0000000000000000     
        (0.20682371288860241,5.90353630504060273E-030)
   1.0000000000000000                1           4
               (0.0000000000000000,0.0000000000000000)
  -1.5707963267948966        0.0000000000000000     
        (0.99999999999986455,1.92512672470002169E-013)
   0.0000000000000000        0.0000000000000000     
               (1.7981706573378284,0.0000000000000000)
   1.5707963267948966        0.0000000000000000     
       (0.99999999999986455,-1.92512672470002169E-013)
   3.1415926535897931        0.0000000000000000     
        (0.20182934266244429,9.72298248442453844E-030)
   1.0000000000000000                1           4
               (0.0000000000000000,0.0000000000000000)
  -1.5707963267948966        0.0000000000000000     
        (0.99999999999991618,2.04947170345803897E-013)
   0.0000000000000000        0.0000000000000000     
               (1.7942211093882332,0.0000000000000000)
   1.5707963267948966        0.0000000000000000     
       (0.99999999999991618,-2.04947170345803897E-013)
   3.1415926535897931        0.0000000000000000     
       (0.20577889061194057,-4.17729792091390347E-030)
   1.0000000000000000                1           4
               (0.0000000000000000,0.0000000000000000)
  -1.5707963267948966        0.0000000000000000     
        (0.99999999999969769,1.22235555011229760E-013)
   0.0000000000000000        0.0000000000000000     
               (1.7930070910671549,0.0000000000000000)
   1.5707963267948966        0.0000000000000000     
       (0.99999999999969769,-1.22235555011229760E-013)
   3.1415926535897931        0.0000000000000000     
        (0.20699290893345682,5.95226425148426741E-029)
   1.0000000000000000                1           4
               (0.0000000000000000,0.0000000000000000)
  -1.5707963267948966        0.0000000000000000     
       (0.99999999999989264,-2.43416398149065571E-013)
   0.0000000000000000        0.0000000000000000     
               (1.8025648297725188,0.0000000000000000)
   1.5707963267948966        0.0000000000000000     
        (0.99999999999989264,2.43416398149065571E-013)
   3.1415926535897931        0.0000000000000000     
        (0.19743517022769494,5.60420213629774286E-029)
   1.0000000000000000                1           4
               (0.0000000000000000,0.0000000000000000)
  -1.5707963267948966        0.0000000000000000     
        (1.0000000000000300,-1.40332190312619787E-013)
   0.0000000000000000        0.0000000000000000     
               (1.7877116327328071,0.0000000000000000)
   1.5707963267948966        0.0000000000000000     
         (1.0000000000000300,1.40332190312619787E-013)
   3.1415926535897931        0.0000000000000000     
        (0.21228836726714184,1.04009171714953873E-029)
   1.0000000000000000                1           4
               (0.0000000000000000,0.0000000000000000)
  -1.5707963267948966        0.0000000000000000     
        (0.99999999999996003,2.66342503607575054E-013)
   0.0000000000000000        0.0000000000000000     
               (1.7840999978564824,0.0000000000000000)
   1.5707963267948966        0.0000000000000000     
       (0.99999999999996003,-2.66342503607575054E-013)
   3.1415926535897931        0.0000000000000000     
       (0.21590000214361166,-2.19590372370578748E-029)
   1.0000000000000000                1           4
               (0.0000000000000000,0.0000000000000000)
  -1.5707963267948966        0.0000000000000000     
        (1.0000000000000262,-4.82947015711943332E-015)
   0.0000000000000000        0.0000000000000000     
               (1.7916937946973355,0.0000000000000000)
   1.5707963267948966        0.0000000000000000     
         (1.0000000000000262,4.82947015711943332E-015)
   3.1415926535897931        0.0000000000000000     
       (0.20830620530263153,-4.64921765451196109E-030)
   1.0000000000000000                1           4
               (0.0000000000000000,0.0000000000000000)
  -1.5707963267948966        0.0000000000000000     
         (1.0000000000001070,7.92699239582361644E-014)
   0.0000000000000000        0.0000000000000000     
               (1.7976230726025522,0.0000000000000000)
   1.5707963267948966        0.0000000000000000     
        (1.0000000000001070,-7.92699239582361644E-014)
   3.1415926535897931        0.0000000000000000     
       (0.20237692739724097,-3.54711110733478675E-029)
   1.0000000000000000                1           4
               (0.0000000000000000,0.0000000000000000)
  -1.5707963267948966        0.0000000000000000     
        (1.0000000000000926,-1.53266288549502860E-013)
   0.0000000000000000        0.0000000000000000     
               (1.7907857477346110,0.0000000000000000)
   1.5707963267948966        0.0000000000000000     
         (1.0000000000000926,1.53266288549502860E-013)
   3.1415926535897931        0.0000000000000000     
       (0.20921425226522700,-2.51093451675061105E-030)
   1.0000000000000000                1           4
               (0.0000000000000000,0.0000000000000000)
  -1.5707963267948966        0.0000000000000000     
        (1.0000000000000147,-2.77555756156289332E-015)
   0.0000000000000000        0.0000000000000000     
               (1.7993279285851420,0.0000000000000000)
   1.5707963267948966        0.0000000000000000     
         (1.0000000000000147,2.77555756156289332E-015)
   3.1415926535897931        0.0000000000000000     
       (0.20067207141482749,-3.32548548864000732E-030)
   1.0000000000000000                1           4
               (0.0000000000000000,0.0000000000000000)
  -1.5707963267948966        0.0000000000000000     
        (1.0000000000000395,-6.12287998080773832E-014)
   0.0000000000000000        0.0000000000000000     
               (1.8024868378363104,0.0000000000000000)
   1.5707963267948966        0.0000000000000000     
         (1.0000000000000395,6.12287998080773832E-014)
   3.1415926535897931        0.0000000000000000     
       (0.19751316216362930,-1.05315576524265998E-030)
   1.0000000000000000                1           4
               (0.0000000000000000,0.0000000000000000)
  -1.5707963267948966        0.0000000000000000     
       (0.99999999999999301,-1.60982338570647600E-015)
   0.0000000000000000        0.0000000000000000     
               (1.7923667747668697,0.0000000000000000)
   1.5707963267948966        0.0000000000000000     
        (0.99999999999999301,1.60982338570647600E-015)
   3.1415926535897931        0.0000000000000000     
        (0.20763322523315136,2.34323687313469712E-030)
   1.0000000000000000                1           4
               (0.0000000000000000,0.0000000000000000)
  -1.5707963267948966        0.0000000000000000     
        (1.0000000000000027,-1.08357767203415278E-013)
   0.0000000000000000        0.0000000000000000     
               (1.8033941100660180,0.0000000000000000)
   1.5707963267948966        0.0000000000000000     
         (1.0000000000000027,1.08357767203415278E-013)
   3.1415926535897931        0.0000000000000000     
        (0.19660588993399261,1.35775817788299131E-029)
   1.0000000000000000                1           4
               (0.0000000000000000,0.0000000000000000)
  -1.5707963267948966        0.0000000000000000     
       (0.99999999999995648,-1.86517468137026236E-014)
   0.0000000000000000        0.0000000000000000     
               (1.8030372293453394,0.0000000000000000)
   1.5707963267948966        0.0000000000000000     
        (0.99999999999995648,1.86517468137026236E-014)
   3.1415926535897931        0.0000000000000000     
        (0.19696277065476178,1.38003804606038466E-029)
   1.0000000000000000                1           4
               (0.0000000000000000,0.0000000000000000)
  -1.5707963267948966        0.0000000000000000     
         (1.0000000000005262,9.76996261670131287E-015)
   0.0000000000000000        0.0000000000000000     
               (1.7953479605979603,0.0000000000000000)
   1.5707963267948966        0.0000000000000000     
        (1.0000000000005262,-9.76996261670131287E-015)
   3.1415926535897931        0.0000000000000000     
       (0.20465203940099100,-1.29861405317087962E-028)
   1.0000000000000000                1           4
               (0.0000000000000000,0.0000000000000000)
  -1.5707963267948966        0.0000000000000000     
       (0.99999999999977252,-1.60260693604641321E-013)
   0.0000000000000000        0.0000000000000000     
               (1.8026661575098346,0.0000000000000000)
   1.5707963267948966        0.0000000000000000     
        (0.99999999999977252,1.60260693604641321E-013)
   3.1415926535897931        0.0000000000000000     
        (0.19733384249063815,7.64379829326028622E-029)
   1.0000000000000000                1           4
               (0.0000000000000000,0.0000000000000000)
  -1.5707963267948966        0.0000000000000000     
        (1.0000000000000664,-1.80411241501588032E-014)
   0.0000000000000000        0.0000000000000000     
               (1.7893381242159396,0.0000000000000000)
   1.5707963267948966        0.0000000000000000     
         (1.0000000000000664,1.80411241501588032E-014)
   3.1415926535897931        0.0000000000000000     
       (0.21066187578392667,-1.41139608172865610E-029)
   1.0000000000000000                1           4
               (0.0000000000000000,0.0000000000000000)
  -1.5707963267948966        0.0000000000000000     
        (0.99999999999999534,1.97064586870965286E-014)
   0.0000000000000000        0.0000000000000000     
               (1.7947540425697803,0.0000000000000000)
   1.5707963267948966        0.0000000000000000     
       (0.99999999999999534,-1.97064586870965286E-014)
   3.1415926535897931        0.0000000000000000     
       (0.20524595743023968,-6.10874744722171839E-031)
   1.0000000000000000                1           4
               (0.0000000000000000,0.0000000000000000)
  -1.5707963267948966        0.0000000000000000     
         (1.0000000000000202,3.18078896555107349E-014)
   0.0000000000000000        0.0000000000000000     
               (1.7961209696630371,0.0000000000000000)
   1.5707963267948966        0.0000000000000000     
        (1.0000000000000202,-3.18078896555107349E-014)
   3.1415926535897931        0.0000000000000000     
       (0.20387903033693655,-7.98799644426437298E-030)
   1.0000000000000000                1           4
               (0.0000000000000000,0.0000000000000000)
  -1.5707963267948966        0.0000000000000000     
         (1.0000000000002238,5.52391465902246637E-013)
   0.0000000000000000        0.0000000000000000     
               (1.8046674454765146,0.0000000000000000)
   1.5707963267948966        0.0000000000000000     
        (1.0000000000002238,-5.52391465902246637E-013)
   3.1415926535897931        0.0000000000000000     
       (0.19533255452306633,-1.20720938323769582E-028)
   1.0000000000000000                1           4
               (0.0000000000000000,0.0000000000000000)
  -1.5707963267948966        0.0000000000000000     
         (1.0000000000000786,7.00550728538473651E-014)
   0.0000000000000000        0.0000000000000000     
               (1.7885222543936483,0.0000000000000000)
   1.5707963267948966        0.0000000000000000     
        (1.0000000000000786,-7.00550728538473651E-014)
   3.1415926535897931        0.0000000000000000     
       (0.21147774560619620,-2.77114828138106731E-029)
   1.0000000000000000                1           4
               (0.0000000000000000,0.0000000000000000)
  -1.5707963267948966        0.0000000000000000     
       (0.99999999999997424,-7.35522753814166208E-014)
   0.0000000000000000        0.0000000000000000     
               (1.8033349623117980,0.0000000000000000)
   1.5707963267948966        0.0000000000000000     
        (0.99999999999997424,7.35522753814166208E-014)
   3.1415926535897931        0.0000000000000000     
        (0.19666503768825230,1.52349880213132464E-029)
   1.0000000000000000                1           4
               (0.0000000000000000,0.0000000000000000)
  -1.5707963267948966        0.0000000000000000     
         (1.0000000000002216,1.34336985979643916E-013)
   0.0000000000000000        0.0000000000000000     
               (1.7957014313798605,0.0000000000000000)
   1.5707963267948966        0.0000000000000000     
        (1.0000000000002216,-1.34336985979643916E-013)
   3.1415926535897931        0.0000000000000000     
       (0.20429856861969473,-7.08186901767084602E-029)
   1.0000000000000000                1           4
               (0.0000000000000000,0.0000000000000000)
  -1.5707963267948966        0.0000000000000000     
       (0.99999999999994360,-1.52655665885958961E-014)
   0.0000000000000000        0.0000000000000000     
               (1.7931921198397867,0.0000000000000000)
   1.5707963267948966        0.0000000000000000     
        (0.99999999999994360,1.52655665885958961E-014)
   3.1415926535897931        0.0000000000000000     
        (0.20680788016034385,1.67704273792916129E-029)
   1.0000000000000000                1           4
               (0.0000000000000000,0.0000000000000000)
  -1.5707963267948966        0.0000000000000000     
         (1.0000000000000127,8.88178419700125075E-015)
   0.0000000000000000        0.0000000000000000     
               (1.7939855801754512,0.0000000000000000)
   1.5707963267948966        0.0000000000000000     
        (1.0000000000000127,-8.88178419700125075E-015)
   3.1415926535897931        0.0000000000000000     
       (0.20601441982453336,-3.58203394256468816E-030)
   1.0000000000000000                1           4
               (0.0000000000000000,0.0000000000000000)
  -1.5707963267948966        0.0000000000000000     
        (0.99999999999989386,4.12447853648245781E-014)
   0.0000000000000000        0.0000000000000000     
               (1.8088596147006617,0.0000000000000000)
   1.5707963267948966        0.0000000000000000     
       (0.99999999999989386,-4.12447853648245781E-014)
   3.1415926535897931        0.0000000000000000     
        (0.19114038529955241,2.10572964086445911E-029)
   1.0000000000000000                1           4
               (0.0000000000000000,0.0000000000000000)
  -1.5707963267948966        0.0000000000000000     
        (0.99999999999996370,1.00530694879807925E-013)
   0.0000000000000000        0.0000000000000000     
               (1.8015960994166813,0.0000000000000000)
   1.5707963267948966        0.0000000000000000     
       (0.99999999999996370,-1.00530694879807925E-013)
   3.1415926535897931        0.0000000000000000     
       (0.19840390058338608,-3.74458234728664959E-030)
   1.0000000000000000                1           4
               (0.0000000000000000,0.0000000000000000)
  -1.5707963267948966        0.0000000000000000     
       (0.99999999999996614,-3.05866443284230564E-014)
   0.0000000000000000        0.0000000000000000     
               (1.7869548803627715,0.0000000000000000)
   1.5707963267948966        0.0000000000000000     
        (0.99999999999996614,3.05866443284230564E-014)
   3.1415926535897931        0.0000000000000000     
        (0.21304511963729816,1.21607008979742158E-029)
   1.0000000000000000                1           4
               (0.0000000000000000,0.0000000000000000)
  -1.5707963267948966        0.0000000000000000     
        (0.99999999999995226,1.51545442861333931E-014)
   0.0000000000000000        0.0000000000000000     
               (1.7811861102032671,0.0000000000000000)
   1.5707963267948966        0.0000000000000000     
       (0.99999999999995226,-1.51545442861333931E-014)
   3.1415926535897931        0.0000000000000000     
        (0.21881388979682834,9.83254050882702067E-030)
   1.0000000000000000                1           4
               (0.0000000000000000,0.0000000000000000)
  -1.5707963267948966        0.0000000000000000     
        (0.99999999999997735,7.86037901434610831E-014)
   0.0000000000000000        0.0000000000000000     
               (1.8069255280970533,0.0000000000000000)
   1.5707963267948966        0.0000000000000000     
       (0.99999999999997735,-7.86037901434610831E-014)
   3.1415926535897931        0.0000000000000000     
       (0.19307447190300092,-3.52321349564017555E-030)
   1.0000000000000000                1           4
               (0.0000000000000000,0.0000000000000000)
  -1.5707963267948966        0.0000000000000000     
       (0.99999999999993072,-1.45272682772201733E-013)
   0.0000000000000000        0.0000000000000000     
               (1.7862130552325046,0.0000000000000000)
   1.5707963267948966        0.0000000000000000     
        (0.99999999999993072,1.45272682772201733E-013)
   3.1415926535897931        0.0000000000000000     
        (0.21378694476765073,3.57916795513178452E-029)
   1.0000000000000000                1           4
               (0.0000000000000000,0.0000000000000000)
  -1.5707963267948966        0.0000000000000000     
        (1.0000000000000315,-2.22044604925035006E-016)
   0.0000000000000000        0.0000000000000000     
               (1.7884092140145678,0.0000000000000000)
   1.5707963267948966        0.0000000000000000     
         (1.0000000000000315,2.22044604925035006E-016)
   3.1415926535897931        0.0000000000000000     
       (0.21159078598537448,-7.37692315927050468E-030)
   1.0000000000000000                1           4
               (0.0000000000000000,0.0000000000000000)
  -1.5707963267948966        0.0000000000000000     
        (0.99999999999992939,1.96676008812346481E-013)
   0.0000000000000000        0.0000000000000000     
               (1.7832430811547599,0.0000000000000000)
   1.5707963267948966        0.0000000000000000     
       (0.99999999999992939,-1.96676008812346481E-013)
   3.1415926535897931        0.0000000000000000     
       (0.21675691884540244,-5.48380973686176284E-030)
   1.0000000000000000                1           4
               (0.0000000000000000,0.0000000000000000)
  -1.5707963267948966        0.0000000000000000     
        (0.99999999999999289,2.03170813506403647E-014)
   0.0000000000000000        0.0000000000000000     
               (1.7960889606658494,0.0000000000000000)
   1.5707963267948966        0.0000000000000000     
       (0.99999999999999289,-2.03170813506403647E-014)
   3.1415926535897931        0.0000000000000000     
        (0.20391103933418683,6.06103966501570924E-031)
   1.0000000000000000                1           4
               (0.0000000000000000,0.0000000000000000)
  -1.5707963267948966        0.0000000000000000     
        (1.0000000000000151,-1.13797860024078545E-013)
   0.0000000000000000        0.0000000000000000     
               (1.8140173854101787,0.0000000000000000)
   1.5707963267948966        0.0000000000000000     
         (1.0000000000000151,1.13797860024078545E-013)
   3.1415926535897931        0.0000000000000000     
        (0.18598261458980897,1.13229435884624966E-029)
   1.0000000000000000                1           4
               (0.0000000000000000,0.0000000000000000)
  -1.5707963267948966        0.0000000000000000     
        (0.99999999999994904,4.05286915139413395E-013)
   0.0000000000000000        0.0000000000000000     
               (1.7876514242913590,0.0000000000000000)
   1.5707963267948966        0.0000000000000000     
       (0.99999999999994904,-4.05286915139413395E-013)
   3.1415926535897931        0.0000000000000000     
       (0.21234857570874910,-3.67664010393451425E-029)
   1.0000000000000000                1           4
               (0.0000000000000000,0.0000000000000000)
  -1.5707963267948966        0.0000000000000000     
         (1.0000000000000773,3.57269769324375375E-013)
   0.0000000000000000        0.0000000000000000     
               (1.8057013798874719,0.0000000000000000)
   1.5707963267948966        0.0000000000000000     
        (1.0000000000000773,-3.57269769324375375E-013)
   3.1415926535897931        0.0000000000000000     
       (0.19429862011238783,-6.17985322735369885E-029)
   1.0000000000000000                1           4
               (0.0000000000000000,0.0000000000000000)
  -1.5707963267948966        0.0000000000000000     
        (1.0000000000000659,-3.45834472170736325E-014)
   0.0000000000000000        0.0000000000000000     
               (1.8012298188865745,0.0000000000000000)
   1.5707963267948966        0.0000000000000000     
         (1.0000000000000659,3.45834472170736325E-014)
   3.1415926535897931        0.0000000000000000     
       (0.19877018111331843,-1.03849325698130120E-029)
   1.0000000000000000                1           4
               (0.0000000000000000,0.0000000000000000)
  -1.5707963267948966        0.0000000000000000     
        (0.99999999999996980,4.86277684785818628E-014)
   0.0000000000000000        0.0000000000000000     
               (1.7820762288666578,0.0000000000000000)
   1.5707963267948966        0.0000000000000000     
       (0.99999999999996980,-4.86277684785818628E-014)
   3.1415926535897931        0.0000000000000000     
        (0.21792377113340877,1.82826762672441891E-030)
   1.0000000000000000                1           4
               (0.0000000000000000,0.0000000000000000)
  -1.5707963267948966        0.0000000000000000     
       (0.99999999999994926,-1.41608946790938717E-013)
   0.0000000000000000        0.0000000000000000     
               (1.7914226942047118,0.0000000000000000)
   1.5707963267948966        0.0000000000000000     
        (0.99999999999994926,1.41608946790938717E-013)
   3.1415926535897931        0.0000000000000000     
        (0.20857730579539419,3.00398203748619717E-029)
   1.0000000000000000                1           4
               (0.0000000000000000,0.0000000000000000)
  -1.5707963267948966        0.0000000000000000     
         (1.0000000000000289,1.69864122767648951E-013)
   0.0000000000000000        0.0000000000000000     
               (1.8104051136008394,0.0000000000000000)
   1.5707963267948966        0.0000000000000000     
        (1.0000000000000289,-1.69864122767648951E-013)
   3.1415926535897931        0.0000000000000000     
       (0.18959488639912245,-2.66623590423884659E-029)
   1.0000000000000000                1           4
               (0.0000000000000000,0.0000000000000000)
  -1.5707963267948966        0.0000000000000000     
         (1.0000000000000611,3.03868041839905345E-013)
   0.0000000000000000        0.0000000000000000     
               (1.7937590952214086,0.0000000000000000)
   1.5707963267948966        0.0000000000000000     
        (1.0000000000000611,-3.03868041839905345E-013)
   3.1415926535897931        0.0000000000000000     
       (0.20624090477847828,-5.16051379423182749E-029)
   1.0000000000000000                1           4
               (0.0000000000000000,0.0000000000000000)
  -1.5707963267948966        0.0000000000000000     
        (0.99999999999979250,8.14903700074865153E-014)
   0.0000000000000000        0.0000000000000000     
               (1.8050838262601578,0.0000000000000000)
   1.5707963267948966        0.0000000000000000     
       (0.99999999999979250,-8.14903700074865153E-014)
   3.1415926535897931        0.0000000000000000     
        (0.19491617374029468,4.31397719894673557E-029)
   1.0000000000000000                1           4
               (0.0000000000000000,0.0000000000000000)
  -1.5707963267948966        0.0000000000000000     
        (0.99999999999985223,5.39568389967826268E-014)
   0.0000000000000000        0.0000000000000000     
               (1.8004421572747764,0.0000000000000000)
   1.5707963267948966        0.0000000000000000     
       (0.99999999999985223,-5.39568389967826268E-014)
   3.1415926535897931        0.0000000000000000     
        (0.19955784272553620,3.06259912120248003E-029)
   1.0000000000000000                1           4
               (0.0000000000000000,0.0000000000000000)
  -1.5707963267948966        0.0000000000000000     
        (1.0000000000000286,-3.16413562018169890E-015)
   0.0000000000000000        0.0000000000000000     
               (1.8043374251406910,0.0000000000000000)
   1.5707963267948966        0.0000000000000000     
         (1.0000000000000286,3.16413562018169890E-015)
   3.1415926535897931        0.0000000000000000     
       (0.19566257485927036,-5.47291650841007457E-030)
   1.0000000000000000                1           4
               (0.0000000000000000,0.0000000000000000)
  -1.5707963267948966        0.0000000000000000     
        (1.0000000000000715,-7.41073868937292117E-014)
   0.0000000000000000        0.0000000000000000     
               (1.7917833583877147,0.0000000000000000)
   1.5707963267948966        0.0000000000000000     
         (1.0000000000000715,7.41073868937292117E-014)
   3.1415926535897931        0.0000000000000000     
       (0.20821664161216641,-6.96968970706734111E-030)
   1.0000000000000000                1           4
               (0.0000000000000000,0.0000000000000000)
  -1.5707963267948966        0.0000000000000000     
        (0.99999999999996969,5.09592368302946915E-014)
   0.0000000000000000        0.0000000000000000     
               (1.8103767912293978,0.0000000000000000)
   1.5707963267948966        0.0000000000000000     
       (0.99999999999996969,-5.09592368302946915E-014)
   3.1415926535897931        0.0000000000000000     
        (0.18962320877067501,1.92942753708236059E-030)
   1.0000000000000000                1           4
               (0.0000000000000000,0.0000000000000000)
  -1.5707963267948966        0.0000000000000000     
        (0.99999999999995648,1.93456362040933527E-013)
   0.0000000000000000        0.0000000000000000     
               (1.7908733273196393,0.0000000000000000)
   1.5707963267948966        0.0000000000000000     
       (0.99999999999995648,-1.93456362040933527E-013)
   3.1415926535897931        0.0000000000000000     
       (0.20912667268045673,-1.24794636033518248E-029)
   1.0000000000000000                1           4
               (0.0000000000000000,0.0000000000000000)
  -1.5707963267948966        0.0000000000000000     
        (0.99999999999995892,1.37223565843669348E-013)
   0.0000000000000000        0.0000000000000000     
               (1.7926982148531045,0.0000000000000000)
   1.5707963267948966        0.0000000000000000     
       (0.99999999999995892,-1.37223565843669348E-013)
   3.1415926535897931        0.0000000000000000     
       (0.20730178514698924,-6.02928451172116033E-030)
   1.0000000000000000                1           4
               (0.0000000000000000,0.0000000000000000)
  -1.5707963267948966        0.0000000000000000     
        (0.99999999999988687,1.69420033557798913E-013)
   0.0000000000000000        0.0000000000000000     
               (1.7987120132949050,0.0000000000000000)
   1.5707963267948966        0.0000000000000000     
       (0.99999999999988687,-1.69420033557798913E-013)
   3.1415926535897931        0.0000000000000000     
        (0.20128798670534534,8.43930149004103187E-030)
   1.0000000000000000                1           4
               (0.0000000000000000,0.0000000000000000)
  -1.5707963267948966        0.0000000000000000     
        (0.99999999999993350,4.37427871702311740E-014)
   0.0000000000000000        0.0000000000000000     
               (1.7962753181566691,0.0000000000000000)
   1.5707963267948966        0.0000000000000000     
       (0.99999999999993350,-4.37427871702311740E-014)
   3.1415926535897931        0.0000000000000000     
        (0.20372468184348785,1.23920882130827806E-029)
   1.0000000000000000                1           4
               (0.0000000000000000,0.0000000000000000)
  -1.5707963267948966        0.0000000000000000     
         (1.0000000000000526,3.40505401652535511E-013)
   0.0000000000000000        0.0000000000000000     
               (1.7965195618023533,0.0000000000000000)
   1.5707963267948966        0.0000000000000000     
        (1.0000000000000526,-3.40505401652535511E-013)
   3.1415926535897931        0.0000000000000000     
       (0.20348043819754941,-5.41293718563925364E-029)
   1.0000000000000000                1           4
               (0.0000000000000000,0.0000000000000000)
  -1.5707963267948966        0.0000000000000000     
         (1.0000000000003200,1.23234755733391997E-014)
   0.0000000000000000        0.0000000000000000     
               (1.7950636049824886,0.0000000000000000)
   1.5707963267948966        0.0000000000000000     
        (1.0000000000003200,-1.23234755733391997E-014)
   3.1415926535897931        0.0000000000000000     
       (0.20493639501689470,-7.84341741491450187E-029)
   1.0000000000000000                1           4
               (0.0000000000000000,0.0000000000000000)
  -1.5707963267948966        0.0000000000000000     
       (0.99999999999990352,-7.24975635080227095E-014)
   0.0000000000000000        0.0000000000000000     
               (1.7909279672078333,0.0000000000000000)
   1.5707963267948966        0.0000000000000000     
        (0.99999999999990352,7.24975635080227095E-014)
   3.1415926535897931        0.0000000000000000     
        (0.20907203279237463,3.34229566890025571E-029)
   1.0000000000000000                1           4
               (0.0000000000000000,0.0000000000000000)
  -1.5707963267948966        0.0000000000000000     
       (0.99999999999991929,-1.60371715907103862E-013)
   0.0000000000000000        0.0000000000000000     
               (1.8066653833602335,0.0000000000000000)
   1.5707963267948966        0.0000000000000000     
        (0.99999999999991929,1.60371715907103862E-013)
   3.1415926535897931        0.0000000000000000     
        (0.19333461663994239,4.02925547619393206E-029)
   1.0000000000000000                1           4
               (0.0000000000000000,0.0000000000000000)
  -1.5707963267948966        0.0000000000000000     
       (0.99999999999994471,-1.18072218668885398E-013)
   0.0000000000000000        0.0000000000000000     
               (1.7971388906746457,0.0000000000000000)
   1.5707963267948966        0.0000000000000000     
        (0.99999999999994471,1.18072218668885398E-013)
   3.1415926535897931        0.0000000000000000     
        (0.20286110932546655,2.81010325893143475E-029)
   1.0000000000000000                1           4
               (0.0000000000000000,0.0000000000000000)
  -1.5707963267948966        0.0000000000000000     
        (0.99999999999993117,1.47104550762833242E-013)
   0.0000000000000000        0.0000000000000000     
               (1.8083488964453514,0.0000000000000000)
   1.5707963267948966        0.0000000000000000     
       (0.99999999999993117,-1.47104550762833242E-013)
   3.1415926535897931        0.0000000000000000     
       (0.19165110355480336,-1.10025077680511470E-031)
   1.0000000000000000                1           4
               (0.0000000000000000,0.0000000000000000)
  -1.5707963267948966        0.0000000000000000     
       (0.99999999999994116,-5.64548408021892038E-014)
   0.0000000000000000        0.0000000000000000     
               (1.8027010165346231,0.0000000000000000)
   1.5707963267948966        0.0000000000000000     
        (0.99999999999994116,5.64548408021892038E-014)
   3.1415926535897931        0.0000000000000000     
        (0.19729898346551247,2.24134148057523910E-029)
   1.0000000000000000                1           4
               (0.0000000000000000,0.0000000000000000)
  -1.5707963267948966        0.0000000000000000     
       (0.99999999999996048,-6.48370246381091420E-014)
   0.0000000000000000        0.0000000000000000     
               (1.8048019324007152,0.0000000000000000)
   1.5707963267948966        0.0000000000000000     
        (0.99999999999996048,6.48370246381091420E-014)
   3.1415926535897931        0.0000000000000000     
        (0.19519806759937636,1.83805164642006853E-029)
   1.0000000000000000                1           4
               (0.0000000000000000,0.0000000000000000)
  -1.5707963267948966        0.0000000000000000     
       (0.99999999999979605,-9.01501095995626858E-014)
   0.0000000000000000        0.0000000000000000     
               (1.8026040989232028,0.0000000000000000)
   1.5707963267948966        0.0000000000000000     
        (0.99999999999979605,9.01501095995626858E-014)
   3.1415926535897931        0.0000000000000000     
        (0.19739590107723162,6.26306966713147145E-029)
   1.0000000000000000                1           4
               (0.0000000000000000,0.0000000000000000)
  -1.5707963267948966        0.0000000000000000     
         (1.0000000000002607,1.75470749042005966E-013)
   0.0000000000000000        0.0000000000000000     
               (1.7905168960537936,0.0000000000000000)
   1.5707963267948966        0.0000000000000000     
        (1.0000000000002607,-1.75470749042005966E-013)
   3.1415926535897931        0.0000000000000000     
       (0.20948310394569483,-8.47123673845304345E-029)
   1.0000000000000000                1           4
               (0.0000000000000000,0.0000000000000000)
  -1.5707963267948966        0.0000000000000000     
         (1.0000000000000426,7.99360577730112709E-014)
   0.0000000000000000        0.0000000000000000     
               (1.7958464896638531,0.0000000000000000)
   1.5707963267948966        0.0000000000000000     
        (1.0000000000000426,-7.99360577730112709E-014)
   3.1415926535897931        0.0000000000000000     
       (0.20415351033608301,-1.89370970822265721E-029)
   1.0000000000000000                1           4
               (0.0000000000000000,0.0000000000000000)
  -1.5707963267948966        0.0000000000000000     
         (1.0000000000000426,1.82631687550838188E-014)
   0.0000000000000000        0.0000000000000000     
               (1.8043852788984638,0.0000000000000000)
   1.5707963267948966        0.0000000000000000     
        (1.0000000000000426,-1.82631687550838188E-014)
   3.1415926535897931        0.0000000000000000     
       (0.19561472110145897,-1.21840231214700135E-029)
   1.0000000000000000                1           4
               (0.0000000000000000,0.0000000000000000)
  -1.5707963267948966        0.0000000000000000     
        (0.99999999999998057,1.69753100465186435E-013)
   0.0000000000000000        0.0000000000000000     
               (1.8028733200249611,0.0000000000000000)
   1.5707963267948966        0.0000000000000000     
       (0.99999999999998057,-1.69753100465186435E-013)
   3.1415926535897931        0.0000000000000000     
       (0.19712667997508862,-1.53668027159066920E-029)
   1.0000000000000000                1           4
               (0.0000000000000000,0.0000000000000000)
  -1.5707963267948966        0.0000000000000000     
         (1.0000000000000784,3.80084852480422342E-013)
   0.0000000000000000        0.0000000000000000     
               (1.7994915225221679,0.0000000000000000)
   1.5707963267948966        0.0000000000000000     
        (1.0000000000000784,-3.80084852480422342E-013)
   3.1415926535897931        0.0000000000000000     
       (0.20050847747766731,-6.62520562536130850E-029)
   1.0000000000000000                1           4
               (0.0000000000000000,0.0000000000000000)
  -1.5707963267948966        0.0000000000000000     
         (1.0000000000000004,1.45661260830820538E-013)
   0.0000000000000000        0.0000000000000000     
               (1.8193061448591812,0.0000000000000000)
   1.5707963267948966        0.0000000000000000     
        (1.0000000000000004,-1.45661260830820538E-013)
   3.1415926535897931        0.0000000000000000     
       (0.18069385514081973,-1.78235330224557187E-029)
   1.0000000000000000                1           4
               (0.0000000000000000,0.0000000000000000)
  -1.5707963267948966        0.0000000000000000     
         (1.0000000000000093,8.90953977261688124E-014)
   0.0000000000000000        0.0000000000000000     
               (1.7949220458903816,0.0000000000000000)
   1.5707963267948966        0.0000000000000000     
        (1.0000000000000093,-8.90953977261688124E-014)
   3.1415926535897931        0.0000000000000000     
       (0.20507795410960239,-1.30151837783928639E-029)
   1.0000000000000000                1           4
               (0.0000000000000000,0.0000000000000000)
  -1.5707963267948966        0.0000000000000000     
         (1.0000000000000528,6.78346268045970646E-014)
   0.0000000000000000        0.0000000000000000     
               (1.8096139488581893,0.0000000000000000)
   1.5707963267948966        0.0000000000000000     
        (1.0000000000000528,-6.78346268045970646E-014)
   3.1415926535897931        0.0000000000000000     
       (0.19038605114171572,-2.05793758844221990E-029)
   1.0000000000000000                1           4
               (0.0000000000000000,0.0000000000000000)
  -1.5707963267948966        0.0000000000000000     
         (1.0000000000000342,1.68753899743023763E-014)
   0.0000000000000000        0.0000000000000000     
               (1.7928922051920830,0.0000000000000000)
   1.5707963267948966        0.0000000000000000     
        (1.0000000000000342,-1.68753899743023763E-014)
   3.1415926535897931        0.0000000000000000     
       (0.20710779480786820,-9.22263163960663533E-030)
   1.0000000000000000                1           4
               (0.0000000000000000,0.0000000000000000)
  -1.5707963267948966        0.0000000000000000     
         (1.0000000000001523,1.87849735766576461E-013)
   0.0000000000000000        0.0000000000000000     
               (1.7941414211982720,0.0000000000000000)
   1.5707963267948966        0.0000000000000000     
        (1.0000000000001523,-1.87849735766576461E-013)
   3.1415926535897931        0.0000000000000000     
       (0.20585857880143663,-5.94902981246930671E-029)
   1.0000000000000000                1           4
               (0.0000000000000000,0.0000000000000000)
  -1.5707963267948966        0.0000000000000000     
         (1.0000000000001548,3.51496609596324561E-013)
   0.0000000000000000        0.0000000000000000     
               (1.8012104407607796,0.0000000000000000)
   1.5707963267948966        0.0000000000000000     
        (1.0000000000001548,-3.51496609596324561E-013)
   3.1415926535897931        0.0000000000000000     
       (0.19878955923892588,-8.00248658955328850E-029)
   1.0000000000000000                1           4
               (0.0000000000000000,0.0000000000000000)
  -1.5707963267948966        0.0000000000000000     
       (0.99999999999998312,-1.03583808197527105E-013)
   0.0000000000000000        0.0000000000000000     
               (1.7930630431771719,0.0000000000000000)
   1.5707963267948966        0.0000000000000000     
        (0.99999999999998312,1.03583808197527105E-013)
   3.1415926535897931        0.0000000000000000     
        (0.20693695682287694,1.77518290405127388E-029)
   1.0000000000000000                1           4
               (0.0000000000000000,0.0000000000000000)
  -1.5707963267948966        0.0000000000000000     
         (1.0000000000001841,4.56856774633251727E-014)
   0.0000000000000000        0.0000000000000000     
               (1.7992874473586078,0.0000000000000000)
   1.5707963267948966        0.0000000000000000     
        (1.0000000000001841,-4.56856774633251727E-014)
   3.1415926535897931        0.0000000000000000     
       (0.20071255264104013,-4.96892279694526677E-029)
   1.0000000000000000                1           4
               (0.0000000000000000,0.0000000000000000)
  -1.5707963267948966        0.0000000000000000     
       (0.99999999999989930,-3.89133170131117241E-014)
   0.0000000000000000        0.0000000000000000     
               (1.8132329646890573,0.0000000000000000)
   1.5707963267948966        0.0000000000000000     
        (0.99999999999989930,3.89133170131117241E-014)
   3.1415926535897931        0.0000000000000000     
        (0.18676703531114849,2.96895391590928034E-029)
   1.0000000000000000                1           4
               (0.0000000000000000,0.0000000000000000)
  -1.5707963267948966        0.0000000000000000     
        (1.0000000000000524,-5.05151476204446857E-015)
   0.0000000000000000        0.0000000000000000     
               (1.7959443565180588,0.0000000000000000)
   1.5707963267948966        0.0000000000000000     
         (1.0000000000000524,5.05151476204446857E-015)
   3.1415926535897931        0.0000000000000000     
       (0.20405564348184965,-1.13838131562463123E-029)
   1.0000000000000000                1           4
               (0.0000000000000000,0.0000000000000000)
  -1.5707963267948966        0.0000000000000000     
       (0.99999999999995615,-2.39253061806721171E-014)
   0.0000000000000000        0.0000000000000000     
               (1.8039725053796403,0.0000000000000000)
   1.5707963267948966        0.0000000000000000     
        (0.99999999999995615,2.39253061806721171E-014)
   3.1415926535897931        0.0000000000000000     
        (0.19602749462045643,1.42128451088416162E-029)
   1.0000000000000000                1           4
               (0.0000000000000000,0.0000000000000000)
  -1.5707963267948966        0.0000000000000000     
        (1.0000000000000855,-4.85167461761193471E-014)
   0.0000000000000000        0.0000000000000000     
               (1.7962311458062903,0.0000000000000000)
   1.5707963267948966        0.0000000000000000     
         (1.0000000000000855,4.85167461761193471E-014)
   3.1415926535897931        0.0000000000000000     
       (0.20376885419357338,-1.28505228438635152E-029)
   1.0000000000000000                1           4
               (0.0000000000000000,0.0000000000000000)
  -1.5707963267948966        0.0000000000000000     
        (0.99999999999990730,3.88578058618804915E-014)
   0.0000000000000000        0.0000000000000000     
               (1.7897503544246161,0.0000000000000000)
   1.5707963267948966        0.0000000000000000     
       (0.99999999999990730,-3.88578058618804915E-014)
   3.1415926535897931        0.0000000000000000     
        (0.21024964557558429,1.88596730722143017E-029)
   1.0000000000000000                1           4
               (0.0000000000000000,0.0000000000000000)
  -1.5707963267948966        0.0000000000000000     
        (0.99999999999996114,1.33282274106250043E-013)
   0.0000000000000000        0.0000000000000000     
               (1.7905572288870946,0.0000000000000000)
   1.5707963267948966        0.0000000000000000     
       (0.99999999999996114,-1.33282274106250043E-013)
   3.1415926535897931        0.0000000000000000     
       (0.20944277111299378,-6.15481099971060129E-030)
   1.0000000000000000                1           4
               (0.0000000000000000,0.0000000000000000)
  -1.5707963267948966        0.0000000000000000     
         (1.0000000000000786,4.02122779519231699E-013)
   0.0000000000000000        0.0000000000000000     
               (1.7994496753909124,0.0000000000000000)
   1.5707963267948966        0.0000000000000000     
        (1.0000000000000786,-4.02122779519231699E-013)
   3.1415926535897931        0.0000000000000000     
       (0.20055032460894520,-6.75886594399708765E-029)
   1.0000000000000000                1           4
               (0.0000000000000000,0.0000000000000000)
  -1.5707963267948966        0.0000000000000000     
        (0.99999999999999079,5.60662627435704053E-014)
   0.0000000000000000        0.0000000000000000     
               (1.7878445348174945,0.0000000000000000)
   1.5707963267948966        0.0000000000000000     
       (0.99999999999999079,-5.60662627435704053E-014)
   3.1415926535897931        0.0000000000000000     
       (0.21215546518254269,-3.45459140715383484E-030)
   1.0000000000000000                1           4
               (0.0000000000000000,0.0000000000000000)
  -1.5707963267948966        0.0000000000000000     
        (1.0000000000000608,-1.12132525487140889E-014)
   0.0000000000000000        0.0000000000000000     
               (1.7956603112836726,0.0000000000000000)
   1.5707963267948966        0.0000000000000000     
         (1.0000000000000608,1.12132525487140889E-014)
   3.1415926535897931        0.0000000000000000     
       (0.20433968871621166,-1.31733227703092384E-029)
   1.0000000000000000                1           4
               (0.0000000000000000,0.0000000000000000)
  -1.5707963267948966        0.0000000000000000     
        (0.99999999999997813,5.31241717283137468E-014)
   0.0000000000000000        0.0000000000000000     
               (1.8021130199296003,0.0000000000000000)
   1.5707963267948966        0.0000000000000000     
       (0.99999999999997813,-5.31241717283137468E-014)
   3.1415926535897931        0.0000000000000000     
        (0.19788698007048461,1.36342469709622824E-030)
   1.0000000000000000                1           4
               (0.0000000000000000,0.0000000000000000)
  -1.5707963267948966        0.0000000000000000     
         (1.0000000000000218,2.53130849614535691E-013)
   0.0000000000000000        0.0000000000000000     
               (1.7996783148682560,0.0000000000000000)
   1.5707963267948966        0.0000000000000000     
        (1.0000000000000218,-2.53130849614535691E-013)
   3.1415926535897931        0.0000000000000000     
       (0.20032168513172000,-3.51357006619021171E-029)
   1.0000000000000000                1           4
               (0.0000000000000000,0.0000000000000000)
  -1.5707963267948966        0.0000000000000000     
         (1.0000000000001306,8.39328606616618218E-014)
   0.0000000000000000        0.0000000000000000     
               (1.8025892089128452,0.0000000000000000)
   1.5707963267948966        0.0000000000000000     
        (1.0000000000001306,-8.39328606616618218E-014)
   3.1415926535897931        0.0000000000000000     
       (0.19741079108690512,-4.15680076668155104E-029)
   1.0000000000000000                1           4
               (0.0000000000000000,0.0000000000000000)
  -1.5707963267948966        0.0000000000000000     
        (1.0000000000001459,-2.65343302885412602E-014)
   0.0000000000000000        0.0000000000000000     
               (1.8047058218002741,0.0000000000000000)
   1.5707963267948966        0.0000000000000000     
         (1.0000000000001459,2.65343302885412602E-014)
   3.1415926535897931        0.0000000000000000     
       (0.19529417819943581,-3.23884835659193079E-029)
   1.0000000000000000                1           4
               (0.0000000000000000,0.0000000000000000)
  -1.5707963267948966        0.0000000000000000     
         (1.0000000000000113,1.88460358430120323E-013)
   0.0000000000000000        0.0000000000000000     
               (1.7996543560736371,0.0000000000000000)
   1.5707963267948966        0.0000000000000000     
        (1.0000000000000113,-1.88460358430120323E-013)
   3.1415926535897931        0.0000000000000000     
       (0.20034564392635526,-2.49498084393024194E-029)
   1.0000000000000000                1           4
               (0.0000000000000000,0.0000000000000000)
  -1.5707963267948966        0.0000000000000000     
        (1.0000000000000768,-1.45994327738208180E-014)
   0.0000000000000000        0.0000000000000000     
               (1.8040377000588204,0.0000000000000000)
   1.5707963267948966        0.0000000000000000     
         (1.0000000000000768,1.45994327738208180E-014)
   3.1415926535897931        0.0000000000000000     
       (0.19596229994104117,-1.60827140606971541E-029)
   1.0000000000000000                1           4
               (0.0000000000000000,0.0000000000000000)
  -1.5707963267948966        0.0000000000000000     
       (0.99999999999995859,-9.20374887414254772E-014)
   0.0000000000000000        0.0000000000000000     
               (1.8075995646462524,0.0000000000000000)
   1.5707963267948966        0.0000000000000000     
        (0.99999999999995859,9.20374887414254772E-014)
   3.1415926535897931        0.0000000000000000     
        (0.19240043535384088,2.20553141006034439E-029)
   1.0000000000000000                1           4
               (0.0000000000000000,0.0000000000000000)
  -1.5707963267948966        0.0000000000000000     
        (0.99999999999960199,5.62105917367716756E-013)
   0.0000000000000000        0.0000000000000000     
               (1.7852809135549148,0.0000000000000000)
   1.5707963267948966        0.0000000000000000     
       (0.99999999999960199,-5.62105917367716756E-013)
   3.1415926535897931        0.0000000000000000     
        (0.21471908644590967,3.03930466225813203E-029)
   1.0000000000000000                1           4
               (0.0000000000000000,0.0000000000000000)
  -1.5707963267948966        0.0000000000000000     
       (0.99999999999995326,-5.31796828795449920E-014)
   0.0000000000000000        0.0000000000000000     
               (1.8047625141256924,0.0000000000000000)
   1.5707963267948966        0.0000000000000000     
        (0.99999999999995326,5.31796828795449920E-014)
   3.1415926535897931        0.0000000000000000     
        (0.19523748587441594,1.88811810594818686E-029)
   1.0000000000000000                1           4
               (0.0000000000000000,0.0000000000000000)
  -1.5707963267948966        0.0000000000000000     
       (0.99999999999992883,-8.82627304576998503E-015)
   0.0000000000000000        0.0000000000000000     
               (1.7995891464117832,0.0000000000000000)
   1.5707963267948966        0.0000000000000000     
        (0.99999999999992883,8.82627304576998503E-015)
   3.1415926535897931        0.0000000000000000     
        (0.20041085358837493,1.94854543055178085E-029)
   1.0000000000000000                1           4
               (0.0000000000000000,0.0000000000000000)
  -1.5707963267948966        0.0000000000000000     
        (0.99999999999998312,3.08642000845793518E-014)
   0.0000000000000000        0.0000000000000000     
               (1.8091720894468957,0.0000000000000000)
   1.5707963267948966        0.0000000000000000     
       (0.99999999999998312,-3.08642000845793518E-014)
   3.1415926535897931        0.0000000000000000     
        (0.19082791055316300,1.88088286581449603E-030)
   1.0000000000000000                1           4
               (0.0000000000000000,0.0000000000000000)
  -1.5707963267948966        0.0000000000000000     
        (0.99999999999997313,1.00808250635964214E-013)
   0.0000000000000000        0.0000000000000000     
               (1.7994525111756643,0.0000000000000000)
   1.5707963267948966        0.0000000000000000     
       (0.99999999999997313,-1.00808250635964214E-013)
   3.1415926535897931        0.0000000000000000     
       (0.20054748882440460,-4.82832447023901485E-030)
   1.0000000000000000                1           4
               (0.0000000000000000,0.0000000000000000)
  -1.5707963267948966        0.0000000000000000     
       (0.99999999999952793,-1.50957024658282535E-012)
   0.0000000000000000        0.0000000000000000     
               (1.7906956740165842,0.0000000000000000)
   1.5707963267948966        0.0000000000000000     
        (0.99999999999952793,1.50957024658282535E-012)
   3.1415926535897931        0.0000000000000000     
        (0.20930432598436594,3.00861953544733725E-028)
   1.0000000000000000                1           4
               (0.0000000000000000,0.0000000000000000)
  -1.5707963267948966        0.0000000000000000     
        (0.99999999999995437,1.77302617032637500E-013)
   0.0000000000000000        0.0000000000000000     
               (1.8042732441483178,0.0000000000000000)
   1.5707963267948966        0.0000000000000000     
       (0.99999999999995437,-1.77302617032637500E-013)
   3.1415926535897931        0.0000000000000000     
       (0.19572675585178384,-9.89469951008190042E-030)
   1.0000000000000000                1           4
               (0.0000000000000000,0.0000000000000000)
  -1.5707963267948966        0.0000000000000000     
       (0.99999999999980660,-6.21724893790087410E-014)
   0.0000000000000000        0.0000000000000000     
               (1.7964688496358903,0.0000000000000000)
   1.5707963267948966        0.0000000000000000     
        (0.99999999999980660,6.21724893790087410E-014)
   3.1415926535897931        0.0000000000000000     
        (0.20353115036450728,5.56389814937513672E-029)
   1.0000000000000000                1           4
               (0.0000000000000000,0.0000000000000000)
  -1.5707963267948966        0.0000000000000000     
        (1.0000000000001206,-9.13713549266503959E-014)
   0.0000000000000000        0.0000000000000000     
               (1.7860088307964632,0.0000000000000000)
   1.5707963267948966        0.0000000000000000     
         (1.0000000000001206,9.13713549266503959E-014)
   3.1415926535897931        0.0000000000000000     
       (0.21399116920330619,-1.76997985688606462E-029)
   1.0000000000000000                1           4
               (0.0000000000000000,0.0000000000000000)
  -1.5707963267948966        0.0000000000000000     
         (1.0000000000000462,3.28070903776733758E-013)
   0.0000000000000000        0.0000000000000000     
               (1.7964672547325813,0.0000000000000000)
   1.5707963267948966        0.0000000000000000     
        (1.0000000000000462,-3.28070903776733758E-013)
   3.1415926535897931        0.0000000000000000     
       (0.20353274526734150,-5.05390997370361074E-029)
   1.0000000000000000                1           4
               (0.0000000000000000,0.0000000000000000)
  -1.5707963267948966        0.0000000000000000     
       (0.99999999999970202,-3.91908727692679880E-014)
   0.0000000000000000        0.0000000000000000     
               (1.8144447183021435,0.0000000000000000)
   1.5707963267948966        0.0000000000000000     
        (0.99999999999970202,3.91908727692679880E-014)
   3.1415926535897931        0.0000000000000000     
        (0.18555528169846050,7.82693117958382783E-029)
   1.0000000000000000                1           4
               (0.0000000000000000,0.0000000000000000)
  -1.5707963267948966        0.0000000000000000     
        (0.99999999999990685,4.94049245958194787E-014)
   0.0000000000000000        0.0000000000000000     
               (1.7977072931070006,0.0000000000000000)
   1.5707963267948966        0.0000000000000000     
       (0.99999999999990685,-4.94049245958194787E-014)
   3.1415926535897931        0.0000000000000000     
        (0.20229270689320011,1.76520072294648286E-029)
   1.0000000000000000                1           4
               (0.0000000000000000,0.0000000000000000)
  -1.5707963267948966        0.0000000000000000     
        (1.0000000000000329,-1.10911280160053138E-013)
   0.0000000000000000        0.0000000000000000     
               (1.7931762871113381,0.0000000000000000)
   1.5707963267948966        0.0000000000000000     
         (1.0000000000000329,1.10911280160053138E-013)
   3.1415926535897931        0.0000000000000000     
        (0.20682371288860241,5.90353630504060273E-030)
   1.0000000000000000                1           4
               (0.0000000000000000,0.0000000000000000)
  -1.5707963267948966        0.0000000000000000     
        (0.99999999999986455,1.92512672470002169E-013)
   0.0000000000000000        0.0000000000000000     
               (1.7981706573378284,0.0000000000000000)
   1.5707963267948966        0.0000000000000000     
       (0.99999999999986455,-1.92512672470002169E-013)
   3.1415926535897931        0.0000000000000000     
        (0.20182934266244429,9.72298248442453844E-030)
   1.0000000000000000                1           4
               (0.0000000000000000,0.0000000000000000)
  -1.5707963267948966        0.0000000000000000     
        (0.99999999999980638,1.30562227695918434E-013)
   0.0000000000000000        0.0000000000000000     
               (1.7922621653625344,0.0000000000000000)
   1.5707963267948966        0.0000000000000000     
       (0.99999999999980638,-1.30562227695918434E-013)
   3.1415926535897931        0.0000000000000000     
        (0.20773783463785914,3.18075713169555399E-029)
   1.0000000000000000                1           4
               (0.0000000000000000,0.0000000000000000)
  -1.5707963267948966        0.0000000000000000     
        (1.0000000000003360,-4.22828438928490919E-013)
   0.0000000000000000        0.0000000000000000     
               (1.8034265999845689,0.0000000000000000)
   1.5707963267948966        0.0000000000000000     
         (1.0000000000003360,4.22828438928490919E-013)
   3.1415926535897931        0.0000000000000000     
       (0.19657340001477000,-2.98275714290301359E-029)
   1.0000000000000000                1           4
               (0.0000000000000000,0.0000000000000000)
  -1.5707963267948966        0.0000000000000000     
       (0.99999999999998035,-7.61057883380544808E-014)
   0.0000000000000000        0.0000000000000000     
               (1.8022580545035869,0.0000000000000000)
   1.5707963267948966        0.0000000000000000     
        (0.99999999999998035,7.61057883380544808E-014)
   3.1415926535897931        0.0000000000000000     
        (0.19774194549645421,1.42328879660243949E-029)
   1.0000000000000000                1           4
               (0.0000000000000000,0.0000000000000000)
  -1.5707963267948966        0.0000000000000000     
        (0.99999999999988720,3.39894778988991675E-013)
   0.0000000000000000        0.0000000000000000     
               (1.8020072297365728,0.0000000000000000)
   1.5707963267948966        0.0000000000000000     
       (0.99999999999988720,-3.39894778988991675E-013)
   3.1415926535897931        0.0000000000000000     
       (0.19799277026365902,-1.36192768550593312E-029)
   1.0000000000000000                1           4
               (0.0000000000000000,0.0000000000000000)
  -1.5707963267948966        0.0000000000000000     
        (1.0000000000000355,-2.98872038229092141E-013)
   0.0000000000000000        0.0000000000000000     
               (1.7969372117059166,0.0000000000000000)
   1.5707963267948966        0.0000000000000000     
         (1.0000000000000355,2.98872038229092141E-013)
   3.1415926535897931        0.0000000000000000     
        (0.20306278829402299,2.85353431737456994E-029)
   1.0000000000000000                1           4
               (0.0000000000000000,0.0000000000000000)
  -1.5707963267948966        0.0000000000000000     
        (1.0000000000003131,-1.90014670664595592E-013)
   0.0000000000000000        0.0000000000000000     
               (1.7852854945310574,0.0000000000000000)
   1.5707963267948966        0.0000000000000000     
         (1.0000000000003131,1.90014670664595592E-013)
   3.1415926535897931        0.0000000000000000     
       (0.21471450546832724,-5.27517472722068923E-029)
   1.0000000000000000                1           4
               (0.0000000000000000,0.0000000000000000)
  -1.5707963267948966        0.0000000000000000     
        (0.99999999999983458,4.11892742135933266E-014)
   0.0000000000000000        0.0000000000000000     
               (1.7894537241129045,0.0000000000000000)
   1.5707963267948966        0.0000000000000000     
       (0.99999999999983458,-4.11892742135933266E-014)
   3.1415926535897931        0.0000000000000000     
        (0.21054627588742889,3.56346852706964881E-029)
   1.0000000000000000                1           4
               (0.0000000000000000,0.0000000000000000)
  -1.5707963267948966        0.0000000000000000     
        (1.0000000000000693,-3.77475828372554013E-015)
   0.0000000000000000        0.0000000000000000     
               (1.7751999172992308,0.0000000000000000)
   1.5707963267948966        0.0000000000000000     
         (1.0000000000000693,3.77475828372554013E-015)
   3.1415926535897931        0.0000000000000000     
       (0.22480008270064669,-1.55055005191690096E-029)
   1.0000000000000000                1           4
               (0.0000000000000000,0.0000000000000000)
  -1.5707963267948966        0.0000000000000000     
       (0.99999999999998124,-5.34572386357012874E-014)
   0.0000000000000000        0.0000000000000000     
               (1.8017144687898163,0.0000000000000000)
   1.5707963267948966        0.0000000000000000     
        (0.99999999999998124,5.34572386357012874E-014)
   3.1415926535897931        0.0000000000000000     
        (0.19828553121022810,1.15684959656997490E-029)
   1.0000000000000000                1           4
               (0.0000000000000000,0.0000000000000000)
  -1.5707963267948966        0.0000000000000000     
        (0.99999999999994205,8.69859739793810276E-014)
   0.0000000000000000        0.0000000000000000     
               (1.7983538842508329,0.0000000000000000)
   1.5707963267948966        0.0000000000000000     
       (0.99999999999994205,-8.69859739793810276E-014)
   3.1415926535897931        0.0000000000000000     
        (0.20164611574927507,3.04481423254736313E-030)
   1.0000000000000000                1           4
               (0.0000000000000000,0.0000000000000000)
  -1.5707963267948966        0.0000000000000000     
         (1.0000000000001741,1.99729122130065636E-013)
   0.0000000000000000        0.0000000000000000     
               (1.7920324114345851,0.0000000000000000)
   1.5707963267948966        0.0000000000000000     
        (1.0000000000001741,-1.99729122130065636E-013)
   3.1415926535897931        0.0000000000000000     
       (0.20796758856507092,-6.68511763017305839E-029)
   1.0000000000000000                1           4
               (0.0000000000000000,0.0000000000000000)
  -1.5707963267948966        0.0000000000000000     
         (1.0000000000000067,3.05311331771918049E-014)
   0.0000000000000000        0.0000000000000000     
               (1.8127490912003956,0.0000000000000000)
   1.5707963267948966        0.0000000000000000     
        (1.0000000000000067,-3.05311331771918049E-014)
   3.1415926535897931        0.0000000000000000     
       (0.18725090879959280,-5.25887201136054269E-030)
   1.0000000000000000                1           4
               (0.0000000000000000,0.0000000000000000)
  -1.5707963267948966        0.0000000000000000     
        (0.99999999999991851,3.61932706027801158E-014)
   0.0000000000000000        0.0000000000000000     
               (1.7862933320670051,0.0000000000000000)
   1.5707963267948966        0.0000000000000000     
       (0.99999999999991851,-3.61932706027801158E-014)
   3.1415926535897931        0.0000000000000000     
        (0.21370666793316764,1.61214725961704783E-029)
   1.0000000000000000                1           4
               (0.0000000000000000,0.0000000000000000)
  -1.5707963267948966        0.0000000000000000     
         (1.0000000000000373,4.02455846426619183E-014)
   0.0000000000000000        0.0000000000000000     
               (1.7946824501638705,0.0000000000000000)
   1.5707963267948966        0.0000000000000000     
        (1.0000000000000373,-4.02455846426619183E-014)
   3.1415926535897931        0.0000000000000000     
       (0.20531754983605152,-1.42555556139362849E-029)
   1.0000000000000000                1           4
               (0.0000000000000000,0.0000000000000000)
  -1.5707963267948966        0.0000000000000000     
         (1.0000000000001326,2.22044604925015432E-016)
   0.0000000000000000        0.0000000000000000     
               (1.7978906454654058,0.0000000000000000)
   1.5707963267948966        0.0000000000000000     
        (1.0000000000001326,-2.22044604925015432E-016)
   3.1415926535897931        0.0000000000000000     
       (0.20210935453434145,-3.17605271978369274E-029)
   1.0000000000000000                1           4
               (0.0000000000000000,0.0000000000000000)
  -1.5707963267948966        0.0000000000000000     
        (0.99999999999994593,2.84439138908965106E-013)
   0.0000000000000000        0.0000000000000000     
               (1.7973227684912405,0.0000000000000000)
   1.5707963267948966        0.0000000000000000     
       (0.99999999999994593,-2.84439138908965106E-013)
   3.1415926535897931        0.0000000000000000     
       (0.20267723150886857,-2.15343475579232189E-029)
   1.0000000000000000                1           4
               (0.0000000000000000,0.0000000000000000)
  -1.5707963267948966        0.0000000000000000     
       (0.99999999999995437,-1.90902849084295667E-013)
   0.0000000000000000        0.0000000000000000     
               (1.7966883987408617,0.0000000000000000)
   1.5707963267948966        0.0000000000000000     
        (0.99999999999995437,1.90902849084295667E-013)
   3.1415926535897931        0.0000000000000000     
        (0.20331160125924463,3.54814212673745687E-029)
   1.0000000000000000                1           4
               (0.0000000000000000,0.0000000000000000)
  -1.5707963267948966        0.0000000000000000     
        (0.99999999999994083,4.64794869259321786E-013)
   0.0000000000000000        0.0000000000000000     
               (1.7945756662974537,0.0000000000000000)
   1.5707963267948966        0.0000000000000000     
       (0.99999999999994083,-4.64794869259321786E-013)
   3.1415926535897931        0.0000000000000000     
       (0.20542433370266913,-4.21488693970773597E-029)
   1.0000000000000000                1           4
               (0.0000000000000000,0.0000000000000000)
  -1.5707963267948966        0.0000000000000000     
       (0.99999999999973410,-2.36144437337770746E-013)
   0.0000000000000000        0.0000000000000000     
               (1.8004856883781772,0.0000000000000000)
   1.5707963267948966        0.0000000000000000     
        (0.99999999999973410,2.36144437337770746E-013)
   3.1415926535897931        0.0000000000000000     
        (0.19951431162236957,9.49629277645431139E-029)
   1.0000000000000000                1           4
               (0.0000000000000000,0.0000000000000000)
  -1.5707963267948966        0.0000000000000000     
         (1.0000000000000036,3.94129173741930572E-015)
   0.0000000000000000        0.0000000000000000     
               (1.7952346960329708,0.0000000000000000)
   1.5707963267948966        0.0000000000000000     
        (1.0000000000000036,-3.94129173741930572E-015)
   3.1415926535897931        0.0000000000000000     
       (0.20476530396703893,-2.98485494237944416E-031)
   1.0000000000000000                1           4
               (0.0000000000000000,0.0000000000000000)
  -1.5707963267948966        0.0000000000000000     
        (1.0000000000000182,-1.85351733961169884E-013)
   0.0000000000000000        0.0000000000000000     
               (1.7956275127583929,0.0000000000000000)
   1.5707963267948966        0.0000000000000000     
         (1.0000000000000182,1.85351733961169884E-013)
   3.1415926535897931        0.0000000000000000     
        (0.20437248724157686,1.86288993199492359E-029)
   1.0000000000000000                1           4
               (0.0000000000000000,0.0000000000000000)
  -1.5707963267948966        0.0000000000000000     
       (0.99999999999993960,-4.46309655899312866E-014)
   0.0000000000000000        0.0000000000000000     
               (1.8155235844765658,0.0000000000000000)
   1.5707963267948966        0.0000000000000000     
        (0.99999999999993960,4.46309655899312866E-014)
   3.1415926535897931        0.0000000000000000     
        (0.18447641552356125,2.06328124778643357E-029)
   1.0000000000000000                1           4
               (0.0000000000000000,0.0000000000000000)
  -1.5707963267948966        0.0000000000000000     
       (0.99999999999997724,-1.00974784089657987E-013)
   0.0000000000000000        0.0000000000000000     
               (1.7944195990145699,0.0000000000000000)
   1.5707963267948966        0.0000000000000000     
        (0.99999999999997724,1.00974784089657987E-013)
   3.1415926535897931        0.0000000000000000     
        (0.20558040098549962,1.94237029180347857E-029)
   1.0000000000000000                1           4
               (0.0000000000000000,0.0000000000000000)
  -1.5707963267948966        0.0000000000000000     
       (0.99999999999996236,-2.81996648254789730E-014)
   0.0000000000000000        0.0000000000000000     
               (1.7990445559505190,0.0000000000000000)
   1.5707963267948966        0.0000000000000000     
        (0.99999999999996236,2.81996648254789730E-014)
   3.1415926535897931        0.0000000000000000     
        (0.20095544404955965,1.28867650798166888E-029)
   1.0000000000000000                1           4
               (0.0000000000000000,0.0000000000000000)
  -1.5707963267948966        0.0000000000000000     
        (0.99999999999998834,1.05471187339390069E-015)
   0.0000000000000000        0.0000000000000000     
               (1.7852470473782163,0.0000000000000000)
   1.5707963267948966        0.0000000000000000     
       (0.99999999999998834,-1.05471187339390069E-015)
   3.1415926535897931        0.0000000000000000     
        (0.21475295262182376,3.74591081630099441E-030)
   1.0000000000000000                1           4
               (0.0000000000000000,0.0000000000000000)
  -1.5707963267948966        0.0000000000000000     
       (0.99999999999999789,-1.57651669496772229E-014)
   0.0000000000000000        0.0000000000000000     
               (1.7936117232994269,0.0000000000000000)
   1.5707963267948966        0.0000000000000000     
        (0.99999999999999789,1.57651669496772229E-014)
   3.1415926535897931        0.0000000000000000     
        (0.20638827670059059,3.25767047561557475E-030)
   1.0000000000000000                1           4
               (0.0000000000000000,0.0000000000000000)
  -1.5707963267948966        0.0000000000000000     
         (1.0000000000001172,1.30884192373059705E-012)
   0.0000000000000000        0.0000000000000000     
               (1.8028667567363861,0.0000000000000000)
   1.5707963267948966        0.0000000000000000     
        (1.0000000000001172,-1.30884192373059705E-012)
   3.1415926535897931        0.0000000000000000     
       (0.19713324326339618,-1.87972939117861500E-028)
   1.0000000000000000                1           4
               (0.0000000000000000,0.0000000000000000)
  -1.5707963267948966        0.0000000000000000     
        (1.0000000000001379,-2.40751862889965196E-013)
   0.0000000000000000        0.0000000000000000     
               (1.7958806989573788,0.0000000000000000)
   1.5707963267948966        0.0000000000000000     
         (1.0000000000001379,2.40751862889965196E-013)
   3.1415926535897931        0.0000000000000000     
       (0.20411930104235518,-3.70832008963955136E-030)
   1.0000000000000000                1           4
               (0.0000000000000000,0.0000000000000000)
  -1.5707963267948966        0.0000000000000000     
         (1.0000000000000908,8.38218383591993062E-014)
   0.0000000000000000        0.0000000000000000     
               (1.7959885146261652,0.0000000000000000)
   1.5707963267948966        0.0000000000000000     
        (1.0000000000000908,-8.38218383591993062E-014)
   3.1415926535897931        0.0000000000000000     
       (0.20401148537365965,-3.21001075405290282E-029)
   1.0000000000000000                1           4
               (0.0000000000000000,0.0000000000000000)
  -1.5707963267948966        0.0000000000000000     
         (1.0000000000000533,1.21680443498917157E-013)
   0.0000000000000000        0.0000000000000000     
               (1.7990898708084733,0.0000000000000000)
   1.5707963267948966        0.0000000000000000     
        (1.0000000000000533,-1.21680443498917157E-013)
   3.1415926535897931        0.0000000000000000     
       (0.20091012919140239,-2.90266046760022742E-029)
   1.0000000000000000                1           4
               (0.0000000000000000,0.0000000000000000)
  -1.5707963267948966        0.0000000000000000     
         (1.0000000000000118,5.00155472593633021E-014)
   0.0000000000000000        0.0000000000000000     
               (1.8061102883729785,0.0000000000000000)
   1.5707963267948966        0.0000000000000000     
        (1.0000000000000118,-5.00155472593633021E-014)
   3.1415926535897931        0.0000000000000000     
       (0.19388971162701205,-8.16100276797474019E-030)
   1.0000000000000000                1           4
               (0.0000000000000000,0.0000000000000000)
  -1.5707963267948966        0.0000000000000000     
       (0.99999999999994982,-1.66533453693766800E-016)
   0.0000000000000000        0.0000000000000000     
               (1.7971991000462426,0.0000000000000000)
   1.5707963267948966        0.0000000000000000     
        (0.99999999999994982,1.66533453693766800E-016)
   3.1415926535897931        0.0000000000000000     
        (0.20280089995387549,1.33976022433254328E-029)
   1.0000000000000000                1           4
               (0.0000000000000000,0.0000000000000000)
  -1.5707963267948966        0.0000000000000000     
        (0.99999999999995615,3.16746628925557161E-013)
   0.0000000000000000        0.0000000000000000     
               (1.7952700763000025,0.0000000000000000)
   1.5707963267948966        0.0000000000000000     
       (0.99999999999995615,-3.16746628925557161E-013)
   3.1415926535897931        0.0000000000000000     
       (0.20472992370010323,-2.69484984373957938E-029)
   1.0000000000000000                1           4
               (0.0000000000000000,0.0000000000000000)
  -1.5707963267948966        0.0000000000000000     
       (0.99999999999995448,-9.15378883803441568E-014)
   0.0000000000000000        0.0000000000000000     
               (1.7925372449782604,0.0000000000000000)
   1.5707963267948966        0.0000000000000000     
        (0.99999999999995448,9.15378883803441568E-014)
   3.1415926535897931        0.0000000000000000     
        (0.20746275502182948,2.22882400189385745E-029)
   1.0000000000000000                1           4
               (0.0000000000000000,0.0000000000000000)
  -1.5707963267948966        0.0000000000000000     
       (0.99999999999989631,-3.24795745854089546E-013)
   0.0000000000000000        0.0000000000000000     
               (1.8002763459859494,0.0000000000000000)
   1.5707963267948966        0.0000000000000000     
        (0.99999999999989631,3.24795745854089546E-013)
   3.1415926535897931        0.0000000000000000     
        (0.19972365401426323,6.54883492765501874E-029)
   1.0000000000000000                1           4
               (0.0000000000000000,0.0000000000000000)
  -1.5707963267948966        0.0000000000000000     
        (1.0000000000000497,-4.08562073062057670E-014)
   0.0000000000000000        0.0000000000000000     
               (1.7968265430209245,0.0000000000000000)
   1.5707963267948966        0.0000000000000000     
         (1.0000000000000497,4.08562073062057670E-014)
   3.1415926535897931        0.0000000000000000     
       (0.20317345697898662,-6.54558266662175498E-030)
   1.0000000000000000                1           4
               (0.0000000000000000,0.0000000000000000)
  -1.5707963267948966        0.0000000000000000     
       (0.99999999999995781,-1.18793863634891750E-013)
   0.0000000000000000        0.0000000000000000     
               (1.7968520022587535,0.0000000000000000)
   1.5707963267948966        0.0000000000000000     
        (0.99999999999995781,1.18793863634891750E-013)
   3.1415926535897931        0.0000000000000000     
        (0.20314799774134149,2.55261640805801046E-029)
   1.0000000000000000                1           4
               (0.0000000000000000,0.0000000000000000)
  -1.5707963267948966        0.0000000000000000     
        (0.99999999999968847,5.03819208574896038E-013)
   0.0000000000000000        0.0000000000000000     
               (1.7968198307427965,0.0000000000000000)
   1.5707963267948966        0.0000000000000000     
       (0.99999999999968847,-5.03819208574896038E-013)
   3.1415926535897931        0.0000000000000000     
        (0.20318016925783658,1.52103131470381843E-029)
   1.0000000000000000                1           4
               (0.0000000000000000,0.0000000000000000)
  -1.5707963267948966        0.0000000000000000     
         (1.0000000000000280,1.21513910045223383E-013)
   0.0000000000000000        0.0000000000000000     
               (1.7907145421348565,0.0000000000000000)
   1.5707963267948966        0.0000000000000000     
        (1.0000000000000280,-1.21513910045223383E-013)
   3.1415926535897931        0.0000000000000000     
       (0.20928545786508942,-2.16365835524064677E-029)
   1.0000000000000000                1           4
               (0.0000000000000000,0.0000000000000000)
  -1.5707963267948966        0.0000000000000000     
       (0.99999999999987765,-2.77555756156288977E-014)
   0.0000000000000000        0.0000000000000000     
               (1.7898344189702153,0.0000000000000000)
   1.5707963267948966        0.0000000000000000     
        (0.99999999999987765,2.77555756156288977E-014)
   3.1415926535897931        0.0000000000000000     
        (0.21016558103004265,3.41717659726473940E-029)
   1.0000000000000000                1           4
               (0.0000000000000000,0.0000000000000000)
  -1.5707963267948966        0.0000000000000000     
         (1.0000000000002400,3.99125177352743461E-014)
   0.0000000000000000        0.0000000000000000     
               (1.7822934036402356,0.0000000000000000)
   1.5707963267948966        0.0000000000000000     
        (1.0000000000002400,-3.99125177352743461E-014)
   3.1415926535897931        0.0000000000000000     
       (0.21770659635930481,-6.24333849883033245E-029)
   1.0000000000000000                1           4
               (0.0000000000000000,0.0000000000000000)
  -1.5707963267948966        0.0000000000000000     
        (1.0000000000000193,-3.30291349825984071E-014)
   0.0000000000000000        0.0000000000000000     
               (1.7970618775483782,0.0000000000000000)
   1.5707963267948966        0.0000000000000000     
         (1.0000000000000193,3.30291349825984071E-014)
   3.1415926535897931        0.0000000000000000     
        (0.20293812245160264,5.05393915466859393E-031)
   1.0000000000000000                1           4
               (0.0000000000000000,0.0000000000000000)
  -1.5707963267948966        0.0000000000000000     
        (0.99999999999996569,9.03721542044877424E-014)
   0.0000000000000000        0.0000000000000000     
               (1.7988446475173585,0.0000000000000000)
   1.5707963267948966        0.0000000000000000     
       (0.99999999999996569,-9.03721542044877424E-014)
   3.1415926535897931        0.0000000000000000     
       (0.20115535248271177,-2.55821670953827098E-030)
   1.0000000000000000                1           4
               (0.0000000000000000,0.0000000000000000)
  -1.5707963267948966        0.0000000000000000     
        (0.99999999999999756,8.27671264858054201E-014)
   0.0000000000000000        0.0000000000000000     
               (1.8003856760878687,0.0000000000000000)
   1.5707963267948966        0.0000000000000000     
       (0.99999999999999756,-8.27671264858054201E-014)
   3.1415926535897931        0.0000000000000000     
       (0.19961432391214859,-8.78345496793881323E-030)
   1.0000000000000000                1           4
               (0.0000000000000000,0.0000000000000000)
  -1.5707963267948966        0.0000000000000000     
         (1.0000000000000089,1.51045842500252547E-013)
   0.0000000000000000        0.0000000000000000     
               (1.7982829186183165,0.0000000000000000)
   1.5707963267948966        0.0000000000000000     
        (1.0000000000000089,-1.51045842500252547E-013)
   3.1415926535897931        0.0000000000000000     
       (0.20171708138168273,-1.96258960684972155E-029)
   1.0000000000000000                1           4
               (0.0000000000000000,0.0000000000000000)
  -1.5707963267948966        0.0000000000000000     
       (0.99999999999922551,-9.46631661946639724E-013)
   0.0000000000000000        0.0000000000000000     
               (1.7900793601780498,0.0000000000000000)
   1.5707963267948966        0.0000000000000000     
        (0.99999999999922551,9.46631661946639724E-013)
   3.1415926535897931        0.0000000000000000     
        (0.20992063982361894,3.12972926298912970E-028)
   1.0000000000000000                1           4
               (0.0000000000000000,0.0000000000000000)
  -1.5707963267948966        0.0000000000000000     
       (0.99999999999986544,-6.80011602582908255E-014)
   0.0000000000000000        0.0000000000000000     
               (1.7969269047461098,0.0000000000000000)
   1.5707963267948966        0.0000000000000000     
        (0.99999999999986544,6.80011602582908255E-014)
   3.1415926535897931        0.0000000000000000     
        (0.20307309525416717,4.17701849722862072E-029)
   1.0000000000000000                1           4
               (0.0000000000000000,0.0000000000000000)
  -1.5707963267948966        0.0000000000000000     
        (1.0000000000001066,-8.26116952623578982E-013)
   0.0000000000000000        0.0000000000000000     
               (1.8062196683374536,0.0000000000000000)
   1.5707963267948966        0.0000000000000000     
         (1.0000000000001066,8.26116952623578982E-013)
   3.1415926535897931        0.0000000000000000     
        (0.19378033166235706,7.65308484736630083E-029)
   1.0000000000000000                1           4
               (0.0000000000000000,0.0000000000000000)
  -1.5707963267948966        0.0000000000000000     
         (1.0000000000000848,4.33542091116123503E-014)
   0.0000000000000000        0.0000000000000000     
               (1.7977758928822059,0.0000000000000000)
   1.5707963267948966        0.0000000000000000     
        (1.0000000000000848,-4.33542091116123503E-014)
   3.1415926535897931        0.0000000000000000     
       (0.20222410711763242,-2.56111517662263057E-029)
   1.0000000000000000                1           4
               (0.0000000000000000,0.0000000000000000)
  -1.5707963267948966        0.0000000000000000     
       (0.99999999999994404,-1.27065025168349166E-013)
   0.0000000000000000        0.0000000000000000     
               (1.8045995920512108,0.0000000000000000)
   1.5707963267948966        0.0000000000000000     
        (0.99999999999994404,1.27065025168349166E-013)
   3.1415926535897931        0.0000000000000000     
        (0.19540040794891900,3.03659809386976425E-029)
   1.0000000000000000                1           4
               (0.0000000000000000,0.0000000000000000)
  -1.5707963267948966        0.0000000000000000     
        (0.99999999999999656,1.81354931072519321E-013)
   0.0000000000000000        0.0000000000000000     
               (1.7925881678324369,0.0000000000000000)
   1.5707963267948966        0.0000000000000000     
       (0.99999999999999656,-1.81354931072519321E-013)
   3.1415926535897931        0.0000000000000000     
       (0.20741183216757461,-2.10923760545816827E-029)
   1.0000000000000000                1           4
               (0.0000000000000000,0.0000000000000000)
  -1.5707963267948966        0.0000000000000000     
        (1.0000000000000122,-9.51461132103759155E-014)
   0.0000000000000000        0.0000000000000000     
               (1.7919176993110224,0.0000000000000000)
   1.5707963267948966        0.0000000000000000     
         (1.0000000000000122,9.51461132103759155E-014)
   3.1415926535897931        0.0000000000000000     
        (0.20808230068896114,9.12254454897327067E-030)
   1.0000000000000000                1           4
               (0.0000000000000000,0.0000000000000000)
  -1.5707963267948966        0.0000000000000000     
        (1.0000000000001845,-9.68669588985449334E-014)
   0.0000000000000000        0.0000000000000000     
               (1.7986110353211664,0.0000000000000000)
   1.5707963267948966        0.0000000000000000     
         (1.0000000000001845,9.68669588985449334E-014)
   3.1415926535897931        0.0000000000000000     
       (0.20138896467848411,-3.21501916820150251E-029)
   1.0000000000000000                1           4
               (0.0000000000000000,0.0000000000000000)
  -1.5707963267948966        0.0000000000000000     
       (0.99999999999995626,-4.03455047148781887E-013)
   0.0000000000000000        0.0000000000000000     
               (1.7914845321143475,0.0000000000000000)
   1.5707963267948966        0.0000000000000000     
        (0.99999999999995626,4.03455047148781887E-013)
   3.1415926535897931        0.0000000000000000     
        (0.20851546788575059,6.07743042242024207E-029)
   1.0000000000000000                1           4
               (0.0000000000000000,0.0000000000000000)
  -1.5707963267948966        0.0000000000000000     
         (1.0000000000000258,7.57727214306669339E-014)
   0.0000000000000000        0.0000000000000000     
               (1.8071231533999692,0.0000000000000000)
   1.5707963267948966        0.0000000000000000     
        (1.0000000000000258,-7.57727214306669339E-014)
   3.1415926535897931        0.0000000000000000     
       (0.19287684659999607,-1.45575275665255793E-029)
   1.0000000000000000                1           4
               (0.0000000000000000,0.0000000000000000)
  -1.5707963267948966        0.0000000000000000     
         (1.0000000000000930,2.83995049699115043E-013)
   0.0000000000000000        0.0000000000000000     
               (1.7938353421604272,0.0000000000000000)
   1.5707963267948966        0.0000000000000000     
        (1.0000000000000930,-2.83995049699115043E-013)
   3.1415926535897931        0.0000000000000000     
       (0.20616465783941965,-5.55626903463845922E-029)
   1.0000000000000000                1           4
               (0.0000000000000000,0.0000000000000000)
  -1.5707963267948966        0.0000000000000000     
        (1.0000000000000044,-1.71584968455817943E-013)
   0.0000000000000000        0.0000000000000000     
               (1.8016524062160526,0.0000000000000000)
   1.5707963267948966        0.0000000000000000     
         (1.0000000000000044,1.71584968455817943E-013)
   3.1415926535897931        0.0000000000000000     
        (0.19834759378394740,2.04822337988241137E-029)
   1.0000000000000000                1           4
               (0.0000000000000000,0.0000000000000000)
  -1.5707963267948966        0.0000000000000000     
        (0.99999999999987499,1.49380507963314838E-013)
   0.0000000000000000        0.0000000000000000     
               (1.7900595699572304,0.0000000000000000)
   1.5707963267948966        0.0000000000000000     
       (0.99999999999987499,-1.49380507963314838E-013)
   3.1415926535897931        0.0000000000000000     
        (0.20994043004301413,1.19775386290198452E-029)
   1.0000000000000000                1           4
               (0.0000000000000000,0.0000000000000000)
  -1.5707963267948966        0.0000000000000000     
        (0.99999999999993483,7.11652958784725469E-014)
   0.0000000000000000        0.0000000000000000     
               (1.8055494977645112,0.0000000000000000)
   1.5707963267948966        0.0000000000000000     
       (0.99999999999993483,-7.11652958784725469E-014)
   3.1415926535897931        0.0000000000000000     
        (0.19445050223562735,7.74560488817756918E-030)
   1.0000000000000000                1           4
               (0.0000000000000000,0.0000000000000000)
  -1.5707963267948966        0.0000000000000000     
       (0.99999999999999023,-4.66293670342565747E-014)
   0.0000000000000000        0.0000000000000000     
               (1.7903676714015408,0.0000000000000000)
   1.5707963267948966        0.0000000000000000     
        (0.99999999999999023,4.66293670342565747E-014)
   3.1415926535897931        0.0000000000000000     
        (0.20963232859848935,8.75719166380487236E-030)
   1.0000000000000000                1           4
               (0.0000000000000000,0.0000000000000000)
  -1.5707963267948966        0.0000000000000000     
        (1.0000000000000777,-3.69704267200177191E-014)
   0.0000000000000000        0.0000000000000000     
               (1.7876794525938942,0.0000000000000000)
   1.5707963267948966        0.0000000000000000     
         (1.0000000000000777,3.69704267200177191E-014)
   3.1415926535897931        0.0000000000000000     
       (0.21232054740596656,-1.35173164157178773E-029)
   1.0000000000000000                1           4
               (0.0000000000000000,0.0000000000000000)
  -1.5707963267948966        0.0000000000000000     
        (0.99999999999998701,5.60662627435704053E-014)
   0.0000000000000000        0.0000000000000000     
               (1.7973612269466912,0.0000000000000000)
   1.5707963267948966        0.0000000000000000     
       (0.99999999999998701,-5.60662627435704053E-014)
   3.1415926535897931        0.0000000000000000     
       (0.20263877305334341,-3.14635108418122589E-030)
   1.0000000000000000                1           4
               (0.0000000000000000,0.0000000000000000)
  -1.5707963267948966        0.0000000000000000     
        (1.0000000000000147,-5.44009282066326863E-015)
   0.0000000000000000        0.0000000000000000     
               (1.7903014037409140,0.0000000000000000)
   1.5707963267948966        0.0000000000000000     
         (1.0000000000000147,5.44009282066326863E-015)
   3.1415926535897931        0.0000000000000000     
       (0.20969859625907183,-2.01171162173623841E-030)
   1.0000000000000000                1           4
               (0.0000000000000000,0.0000000000000000)
  -1.5707963267948966        0.0000000000000000     
        (1.0000000000000155,-2.73281397511482282E-013)
   0.0000000000000000        0.0000000000000000     
               (1.7931745159580925,0.0000000000000000)
   1.5707963267948966        0.0000000000000000     
         (1.0000000000000155,2.73281397511482282E-013)
   3.1415926535897931        0.0000000000000000     
        (0.20682548404188256,3.00267925832723820E-029)
   1.0000000000000000                1           4
               (0.0000000000000000,0.0000000000000000)
  -1.5707963267948966        0.0000000000000000     
        (1.0000000000000981,-2.33868480137289225E-013)
   0.0000000000000000        0.0000000000000000     
               (1.7830532936232089,0.0000000000000000)
   1.5707963267948966        0.0000000000000000     
         (1.0000000000000981,2.33868480137289225E-013)
   3.1415926535897931        0.0000000000000000     
        (0.21694670637660826,5.41132685301589007E-030)
   1.0000000000000000                1           4
               (0.0000000000000000,0.0000000000000000)
  -1.5707963267948966        0.0000000000000000     
        (1.0000000000003519,-3.40227845896379272E-013)
   0.0000000000000000        0.0000000000000000     
               (1.8061931910417817,0.0000000000000000)
   1.5707963267948966        0.0000000000000000     
         (1.0000000000003519,3.40227845896379272E-013)
   3.1415926535897931        0.0000000000000000     
       (0.19380680895752431,-4.39133347545391101E-029)
   1.0000000000000000                1           4
               (0.0000000000000000,0.0000000000000000)
  -1.5707963267948966        0.0000000000000000     
        (0.99999999999980516,4.72510919280466624E-013)
   0.0000000000000000        0.0000000000000000     
               (1.7975382475495436,0.0000000000000000)
   1.5707963267948966        0.0000000000000000     
       (0.99999999999980516,-4.72510919280466624E-013)
   3.1415926535897931        0.0000000000000000     
       (0.20246175245086367,-9.07068490452568506E-030)
   1.0000000000000000                1           4
               (0.0000000000000000,0.0000000000000000)
  -1.5707963267948966        0.0000000000000000     
       (0.99999999999996725,-5.16253706450697728E-014)
   0.0000000000000000        0.0000000000000000     
               (1.7932325262972300,0.0000000000000000)
   1.5707963267948966        0.0000000000000000     
        (0.99999999999996725,5.16253706450697728E-014)
   3.1415926535897931        0.0000000000000000     
        (0.20676747370284082,1.46519905419464882E-029)
   1.0000000000000000                1           4
               (0.0000000000000000,0.0000000000000000)
  -1.5707963267948966        0.0000000000000000     
        (0.99999999999993883,1.01307850997045547E-013)
   0.0000000000000000        0.0000000000000000     
               (1.7805609433327347,0.0000000000000000)
   1.5707963267948966        0.0000000000000000     
       (0.99999999999993883,-1.01307850997045547E-013)
   3.1415926535897931        0.0000000000000000     
        (0.21943905666739449,3.01110293502390203E-030)
   1.0000000000000000                1           4
               (0.0000000000000000,0.0000000000000000)
  -1.5707963267948966        0.0000000000000000     
       (0.99999999999987299,-1.96842542266040229E-013)
   0.0000000000000000        0.0000000000000000     
               (1.7896322651074661,0.0000000000000000)
   1.5707963267948966        0.0000000000000000     
        (0.99999999999987299,1.96842542266040229E-013)
   3.1415926535897931        0.0000000000000000     
        (0.21036773489278268,5.48879143363441967E-029)
   1.0000000000000000                1           4
               (0.0000000000000000,0.0000000000000000)
  -1.5707963267948966        0.0000000000000000     
        (1.0000000000003557,-8.05855382424169875E-013)
   0.0000000000000000        0.0000000000000000     
               (1.8000884222044105,0.0000000000000000)
   1.5707963267948966        0.0000000000000000     
         (1.0000000000003557,8.05855382424169875E-013)
   3.1415926535897931        0.0000000000000000     
        (0.19991157779500349,1.92365933210621950E-029)
   1.0000000000000000                1           4
               (0.0000000000000000,0.0000000000000000)
  -1.5707963267948966        0.0000000000000000     
        (1.0000000000000264,-3.90243393155742524E-013)
   0.0000000000000000        0.0000000000000000     
               (1.7909358206449859,0.0000000000000000)
   1.5707963267948966        0.0000000000000000     
         (1.0000000000000264,3.90243393155742524E-013)
   3.1415926535897931        0.0000000000000000     
        (0.20906417935496935,4.18273680155848465E-029)
   1.0000000000000000                1           4
               (0.0000000000000000,0.0000000000000000)
  -1.5707963267948966        0.0000000000000000     
         (1.0000000000000591,1.77080572427712405E-014)
   0.0000000000000000        0.0000000000000000     
               (1.7894454525152175,0.0000000000000000)
   1.5707963267948966        0.0000000000000000     
        (1.0000000000000591,-1.77080572427712405E-014)
   3.1415926535897931        0.0000000000000000     
       (0.21055454748467747,-1.58419463900595871E-029)
   1.0000000000000000                1           4
               (0.0000000000000000,0.0000000000000000)
  -1.5707963267948966        0.0000000000000000     
        (0.99999999999998734,1.37667655053519411E-013)
   0.0000000000000000        0.0000000000000000     
               (1.8035793876432809,0.0000000000000000)
   1.5707963267948966        0.0000000000000000     
       (0.99999999999998734,-1.37667655053519411E-013)
   3.1415926535897931        0.0000000000000000     
       (0.19642061235674627,-1.36479848563116193E-029)
   1.0000000000000000                1           4
               (0.0000000000000000,0.0000000000000000)
  -1.5707963267948966        0.0000000000000000     
        (0.99999999999996547,6.19504447740837350E-014)
   0.0000000000000000        0.0000000000000000     
               (1.7983902686579132,0.0000000000000000)
   1.5707963267948966        0.0000000000000000     
       (0.99999999999996547,-6.19504447740837350E-014)
   3.1415926535897931        0.0000000000000000     
        (0.20160973134215757,9.75520596333556093E-031)
   1.0000000000000000                1           4
               (0.0000000000000000,0.0000000000000000)
  -1.5707963267948966        0.0000000000000000     
       (0.99999999999999267,-3.15303338993544457E-014)
   0.0000000000000000        0.0000000000000000     
               (1.8033614281316594,0.0000000000000000)
   1.5707963267948966        0.0000000000000000     
        (0.99999999999999267,3.15303338993544457E-014)
   3.1415926535897931        0.0000000000000000     
        (0.19663857186836495,6.25764950647143138E-030)
   1.0000000000000000                1           4
               (0.0000000000000000,0.0000000000000000)
  -1.5707963267948966        0.0000000000000000     
        (0.99999999999998790,9.88098491916389321E-014)
   0.0000000000000000        0.0000000000000000     
               (1.8048195358648009,0.0000000000000000)
   1.5707963267948966        0.0000000000000000     
       (0.99999999999998790,-9.88098491916389321E-014)
   3.1415926535897931        0.0000000000000000     
       (0.19518046413523382,-8.49385098731305145E-030)
   1.0000000000000000                1           4
               (0.0000000000000000,0.0000000000000000)
  -1.5707963267948966        0.0000000000000000     
       (0.99999999999998879,-4.66293670342565747E-014)
   0.0000000000000000        0.0000000000000000     
               (1.8053639877987773,0.0000000000000000)
   1.5707963267948966        0.0000000000000000     
        (0.99999999999998879,4.66293670342565747E-014)
   3.1415926535897931        0.0000000000000000     
        (0.19463601220126456,9.64446330620538417E-030)
   1.0000000000000000                1           4
               (0.0000000000000000,0.0000000000000000)
  -1.5707963267948966        0.0000000000000000     
        (0.99999999999995937,2.35922392732845828E-014)
   0.0000000000000000        0.0000000000000000     
               (1.7992572294106319,0.0000000000000000)
   1.5707963267948966        0.0000000000000000     
       (0.99999999999995937,-2.35922392732845828E-014)
   3.1415926535897931        0.0000000000000000     
        (0.20074277058946011,7.70964999073999302E-030)
   1.0000000000000000                1           4
               (0.0000000000000000,0.0000000000000000)
  -1.5707963267948966        0.0000000000000000     
        (0.99999999999993516,2.35811370430383249E-013)
   0.0000000000000000        0.0000000000000000     
               (1.8056668556885866,0.0000000000000000)
   1.5707963267948966        0.0000000000000000     
       (0.99999999999993516,-2.35811370430383249E-013)
   3.1415926535897931        0.0000000000000000     
       (0.19433314431156234,-1.17972109852347271E-029)
   1.0000000000000000                1           4
               (0.0000000000000000,0.0000000000000000)
  -1.5707963267948966        0.0000000000000000     
        (0.99999999999999656,1.67754699020861153E-013)
   0.0000000000000000        0.0000000000000000     
               (1.8089301304515224,0.0000000000000000)
   1.5707963267948966        0.0000000000000000     
       (0.99999999999999656,-1.67754699020861153E-013)
   3.1415926535897931        0.0000000000000000     
       (0.19106986954850111,-1.86717821035754591E-029)
   1.0000000000000000                1           4
               (0.0000000000000000,0.0000000000000000)
  -1.5707963267948966        0.0000000000000000     
       (0.99999999999995437,-1.68975944347948825E-013)
   0.0000000000000000        0.0000000000000000     
               (1.8026514322979985,0.0000000000000000)
   1.5707963267948966        0.0000000000000000     
        (0.99999999999995437,1.68975944347948825E-013)
   3.1415926535897931        0.0000000000000000     
        (0.19734856770210329,3.25177912740086210E-029)
   1.0000000000000000                1           4
               (0.0000000000000000,0.0000000000000000)
  -1.5707963267948966        0.0000000000000000     
        (1.0000000000010474,-1.73083769539062031E-013)
   0.0000000000000000        0.0000000000000000     
               (1.7957966753710273,0.0000000000000000)
   1.5707963267948966        0.0000000000000000     
         (1.0000000000010474,1.73083769539062031E-013)
   3.1415926535897931        0.0000000000000000     
       (0.20420332462689225,-2.34462456703484138E-028)
   1.0000000000000000                1           4
               (0.0000000000000000,0.0000000000000000)
  -1.5707963267948966        0.0000000000000000     
        (0.99999999999993483,9.98090499138015856E-014)
   0.0000000000000000        0.0000000000000000     
               (1.7976857407172873,0.0000000000000000)
   1.5707963267948966        0.0000000000000000     
       (0.99999999999993483,-9.98090499138015856E-014)
   3.1415926535897931        0.0000000000000000     
        (0.20231425928285207,4.29514142954950700E-030)
   1.0000000000000000                1           4
               (0.0000000000000000,0.0000000000000000)
  -1.5707963267948966        0.0000000000000000     
        (0.99999999999994049,1.79911641140506617E-013)
   0.0000000000000000        0.0000000000000000     
               (1.7955566743854914,0.0000000000000000)
   1.5707963267948966        0.0000000000000000     
       (0.99999999999994049,-1.79911641140506617E-013)
   3.1415926535897931        0.0000000000000000     
       (0.20444332561463846,-6.80663207404532473E-030)
   1.0000000000000000                1           4
               (0.0000000000000000,0.0000000000000000)
  -1.5707963267948966        0.0000000000000000     
        (1.0000000000000795,-1.04138919709839696E-013)
   0.0000000000000000        0.0000000000000000     
               (1.7894313262099315,0.0000000000000000)
   1.5707963267948966        0.0000000000000000     
         (1.0000000000000795,1.04138919709839696E-013)
   3.1415926535897931        0.0000000000000000     
       (0.21056867378990066,-7.25325780153259550E-030)
   1.0000000000000000                1           4
               (0.0000000000000000,0.0000000000000000)
  -1.5707963267948966        0.0000000000000000     
        (1.0000000000000067,-7.99360577730112709E-014)
   0.0000000000000000        0.0000000000000000     
               (1.8092326670625831,0.0000000000000000)
   1.5707963267948966        0.0000000000000000     
         (1.0000000000000067,7.99360577730112709E-014)
   3.1415926535897931        0.0000000000000000     
        (0.19076733293740622,8.32914217349765508E-030)
   1.0000000000000000                1           4
               (0.0000000000000000,0.0000000000000000)
  -1.5707963267948966        0.0000000000000000     
        (0.99999999999996081,1.71529457304586685E-013)
   0.0000000000000000        0.0000000000000000     
               (1.7953299698846841,0.0000000000000000)
   1.5707963267948966        0.0000000000000000     
       (0.99999999999996081,-1.71529457304586685E-013)
   3.1415926535897931        0.0000000000000000     
       (0.20467003011540047,-1.10304266912563732E-029)
   1.0000000000000000                1           4
               (0.0000000000000000,0.0000000000000000)
  -1.5707963267948966        0.0000000000000000     
        (1.0000000000000104,-2.22932783344731433E-013)
   0.0000000000000000        0.0000000000000000     
               (1.7877653410346654,0.0000000000000000)
   1.5707963267948966        0.0000000000000000     
         (1.0000000000000104,2.22932783344731433E-013)
   3.1415926535897931        0.0000000000000000     
        (0.21223465896534022,2.63647069694476091E-029)
   1.0000000000000000                1           4
               (0.0000000000000000,0.0000000000000000)
  -1.5707963267948966        0.0000000000000000     
        (0.99999999999996569,9.53126466640696890E-014)
   0.0000000000000000        0.0000000000000000     
               (1.8034336124705828,0.0000000000000000)
   1.5707963267948966        0.0000000000000000     
       (0.99999999999996569,-9.53126466640696890E-014)
   3.1415926535897931        0.0000000000000000     
       (0.19656638752950178,-2.30236256231590277E-030)
   1.0000000000000000                1           4
               (0.0000000000000000,0.0000000000000000)
  -1.5707963267948966        0.0000000000000000     
       (0.99999999999993072,-3.70259378712489643E-014)
   0.0000000000000000        0.0000000000000000     
               (1.8057584128593021,0.0000000000000000)
   1.5707963267948966        0.0000000000000000     
        (0.99999999999993072,3.70259378712489643E-014)
   3.1415926535897931        0.0000000000000000     
        (0.19424158714084444,2.19812303050511805E-029)
   1.0000000000000000                1           4
               (0.0000000000000000,0.0000000000000000)
  -1.5707963267948966        0.0000000000000000     
       (0.99999999999999101,-4.85167461761193408E-014)
   0.0000000000000000        0.0000000000000000     
               (1.8044196117559319,0.0000000000000000)
   1.5707963267948966        0.0000000000000000     
        (0.99999999999999101,4.85167461761193408E-014)
   3.1415926535897931        0.0000000000000000     
        (0.19558038824410909,9.54954290658107284E-030)
   1.0000000000000000                1           4
               (0.0000000000000000,0.0000000000000000)
  -1.5707963267948966        0.0000000000000000     
         (1.0000000000000326,3.88022947106492148E-014)
   0.0000000000000000        0.0000000000000000     
               (1.8027419691310058,0.0000000000000000)
   1.5707963267948966        0.0000000000000000     
        (1.0000000000000326,-3.88022947106492148E-014)
   3.1415926535897931        0.0000000000000000     
       (0.19725803086894036,-1.20563502322711105E-029)
   1.0000000000000000                1           4
               (0.0000000000000000,0.0000000000000000)
  -1.5707963267948966        0.0000000000000000     
       (0.99999999999991851,-2.41473507855971421E-014)
   0.0000000000000000        0.0000000000000000     
               (1.8039750334504989,0.0000000000000000)
   1.5707963267948966        0.0000000000000000     
        (0.99999999999991851,2.41473507855971421E-014)
   3.1415926535897931        0.0000000000000000     
        (0.19602496654973339,2.71488071066927207E-029)
   1.0000000000000000                1           4
               (0.0000000000000000,0.0000000000000000)
  -1.5707963267948966        0.0000000000000000     
        (0.99999999999997491,1.64868119156835778E-014)
   0.0000000000000000        0.0000000000000000     
               (1.7997495448152625,0.0000000000000000)
   1.5707963267948966        0.0000000000000000     
       (0.99999999999997491,-1.64868119156835778E-014)
   3.1415926535897931        0.0000000000000000     
        (0.20025045518477796,3.51933331391766712E-030)
   1.0000000000000000                1           4
               (0.0000000000000000,0.0000000000000000)
  -1.5707963267948966        0.0000000000000000     
       (0.99999999999993161,-1.46493928099289406E-013)
   0.0000000000000000        0.0000000000000000     
               (1.7953038819269849,0.0000000000000000)
   1.5707963267948966        0.0000000000000000     
        (0.99999999999993161,1.46493928099289406E-013)
   3.1415926535897931        0.0000000000000000     
        (0.20469611807316523,3.55040055353673905E-029)
   1.0000000000000000                1           4
               (0.0000000000000000,0.0000000000000000)
  -1.5707963267948966        0.0000000000000000     
        (0.99999999999907085,2.01505478969466038E-013)
   0.0000000000000000        0.0000000000000000     
               (1.8011874543422488,0.0000000000000000)
   1.5707963267948966        0.0000000000000000     
       (0.99999999999907085,-2.01505478969466038E-013)
   3.1415926535897931        0.0000000000000000     
        (0.19881254565961737,2.03368421818477342E-028)
   1.0000000000000000                1           4
               (0.0000000000000000,0.0000000000000000)
  -1.5707963267948966        0.0000000000000000     
        (1.0000000000000351,-4.66293670342566141E-015)
   0.0000000000000000        0.0000000000000000     
               (1.7891322273141672,0.0000000000000000)
   1.5707963267948966        0.0000000000000000     
         (1.0000000000000351,4.66293670342566141E-015)
   3.1415926535897931        0.0000000000000000     
       (0.21086777268578644,-6.58376386635082878E-030)
   1.0000000000000000                1           4
               (0.0000000000000000,0.0000000000000000)
  -1.5707963267948966        0.0000000000000000     
        (0.99999999999984668,2.55739873722404809E-013)
   0.0000000000000000        0.0000000000000000     
               (1.7950469528497666,0.0000000000000000)
   1.5707963267948966        0.0000000000000000     
       (0.99999999999984668,-2.55739873722404809E-013)
   3.1415926535897931        0.0000000000000000     
        (0.20495304715055529,7.15853627243122743E-030)
   1.0000000000000000                1           4
               (0.0000000000000000,0.0000000000000000)
  -1.5707963267948966        0.0000000000000000     
         (1.0000000000001390,1.37667655053519386E-013)
   0.0000000000000000        0.0000000000000000     
               (1.7983232284596893,0.0000000000000000)
   1.5707963267948966        0.0000000000000000     
        (1.0000000000001390,-1.37667655053519386E-013)
   3.1415926535897931        0.0000000000000000     
       (0.20167677154003799,-5.05719814986243509E-029)
   1.0000000000000000                1           4
               (0.0000000000000000,0.0000000000000000)
  -1.5707963267948966        0.0000000000000000     
        (0.99999999999975620,2.33424390927439213E-013)
   0.0000000000000000        0.0000000000000000     
               (1.8028558257197596,0.0000000000000000)
   1.5707963267948966        0.0000000000000000     
       (0.99999999999975620,-2.33424390927439213E-013)
   3.1415926535897931        0.0000000000000000     
        (0.19714417428075204,3.25947499927959682E-029)
