   1.0000000000000000                1           4
               (0.0000000000000000,0.0000000000000000)
  -1.5707963267948966        0.0000000000000000     
        (0.58845868793542089,8.67459525004771682E-017)
   0.0000000000000000        0.0000000000000000     
              (0.38181940332046721,0.0000000000000000)
   1.5707963267948966        0.0000000000000000     
       (0.58845868793542089,-8.67459525004771682E-017)
   3.1415926535897931        0.0000000000000000     
         (1.8153040039045976,6.24696025384386824E-017)
   1.0000000000000000                1           4
               (0.0000000000000000,0.0000000000000000)
  -1.5707963267948966        0.0000000000000000     
       (0.61737582135409497,-2.75704571258306583E-017)
   0.0000000000000000        0.0000000000000000     
              (0.34966614035790666,0.0000000000000000)
   1.5707963267948966        0.0000000000000000     
        (0.61737582135409497,2.75704571258306583E-017)
   3.1415926535897931        0.0000000000000000     
         (1.7976978286105751,5.58813882108543497E-017)
   1.0000000000000000                1           4
               (0.0000000000000000,0.0000000000000000)
  -1.5707963267948966        0.0000000000000000     
        (0.62879467261954591,2.66101858716495985E-017)
   0.0000000000000000        0.0000000000000000     
              (0.32074278097603537,0.0000000000000000)
   1.5707963267948966        0.0000000000000000     
       (0.62879467261954591,-2.66101858716495985E-017)
   3.1415926535897931        0.0000000000000000     
         (1.8060011936689109,5.32203717432991969E-017)
   1.0000000000000000                1           4
               (0.0000000000000000,0.0000000000000000)
  -1.5707963267948966        0.0000000000000000     
        (0.66957559364663433,7.76045572408565540E-017)
   0.0000000000000000        0.0000000000000000     
              (0.33167951394021183,0.0000000000000000)
   1.5707963267948966        0.0000000000000000     
       (0.66957559364663433,-7.76045572408565540E-017)
   3.1415926535897931        0.0000000000000000     
         (1.7290970766932205,4.41868120191974540E-017)
   1.0000000000000000                1           4
               (0.0000000000000000,0.0000000000000000)
  -1.5707963267948966        0.0000000000000000     
        (0.58525760006016425,3.23144460381530084E-017)
   0.0000000000000000        0.0000000000000000     
              (0.36652169836728188,0.0000000000000000)
   1.5707963267948966        0.0000000000000000     
       (0.58525760006016425,-3.23144460381530084E-017)
   3.1415926535897931        0.0000000000000000     
         (1.8594634073830321,6.46288920763060167E-017)
   1.0000000000000000                1           4
               (0.0000000000000000,0.0000000000000000)
  -1.5707963267948966        0.0000000000000000     
       (0.65252776746416530,-3.18482556370186369E-017)
   0.0000000000000000        0.0000000000000000     
              (0.31893158334977056,0.0000000000000000)
   1.5707963267948966        0.0000000000000000     
        (0.65252776746416530,3.18482556370186369E-017)
   3.1415926535897931        0.0000000000000000     
         (1.7590127750569449,4.73257911884783864E-017)
   1.0000000000000000                1           4
               (0.0000000000000000,0.0000000000000000)
  -1.5707963267948966        0.0000000000000000     
        (0.59214795114934538,1.42539503558373173E-016)
   0.0000000000000000        0.0000000000000000     
              (0.25616898756561957,0.0000000000000000)
   1.5707963267948966        0.0000000000000000     
       (0.59214795114934538,-1.42539503558373173E-016)
   3.1415926535897931        0.0000000000000000     
         (1.9575568244115524,6.30344021917150385E-017)
   1.0000000000000000                1           4
               (0.0000000000000000,0.0000000000000000)
  -1.5707963267948966        0.0000000000000000     
        (0.67167916650584925,7.75461324751151772E-017)
   0.0000000000000000        0.0000000000000000     
              (0.27955513064788512,0.0000000000000000)
   1.5707963267948966        0.0000000000000000     
       (0.67167916650584925,-7.75461324751151772E-017)
   3.1415926535897931        0.0000000000000000     
         (1.7835203080370232,4.40699624877146819E-017)
   1.0000000000000000                1           4
               (0.0000000000000000,0.0000000000000000)
  -1.5707963267948966        0.0000000000000000     
        (0.64456003579288212,2.48001858586076242E-017)
   0.0000000000000000        0.0000000000000000     
              (0.31550022609594464,0.0000000000000000)
   1.5707963267948966        0.0000000000000000     
       (0.64456003579288212,-2.48001858586076242E-017)
   3.1415926535897931        0.0000000000000000     
         (1.7836553880111239,4.96003717172152484E-017)
   1.0000000000000000                1           4
               (0.0000000000000000,0.0000000000000000)
  -1.5707963267948966        0.0000000000000000     
       (0.62012033380788367,-2.78065415819177089E-017)
   0.0000000000000000        0.0000000000000000     
              (0.34175295761952196,0.0000000000000000)
   1.5707963267948966        0.0000000000000000     
        (0.62012033380788367,2.78065415819177089E-017)
   3.1415926535897931        0.0000000000000000     
         (1.8033889327366843,5.54092192986802487E-017)
   1.0000000000000000                1           4
               (0.0000000000000000,0.0000000000000000)
  -1.5707963267948966        0.0000000000000000     
        (0.63707504244377067,8.13798307625008066E-017)
   0.0000000000000000        0.0000000000000000     
              (0.35654261262816628,0.0000000000000000)
   1.5707963267948966        0.0000000000000000     
       (0.63707504244377067,-8.13798307625008066E-017)
   3.1415926535897931        0.0000000000000000     
         (1.7625426666110449,5.17373590624859591E-017)
   1.0000000000000000                1           4
               (0.0000000000000000,0.0000000000000000)
  -1.5707963267948966        0.0000000000000000     
        (0.66227301617162726,2.24366085281973055E-017)
   0.0000000000000000        0.0000000000000000     
              (0.28339651388763953,0.0000000000000000)
   1.5707963267948966        0.0000000000000000     
       (0.66227301617162726,-2.24366085281973055E-017)
   3.1415926535897931        0.0000000000000000     
         (1.7739847667514841,4.48732170563946110E-017)
   1.0000000000000000                1           4
               (0.0000000000000000,0.0000000000000000)
  -1.5707963267948966        0.0000000000000000     
        (0.66495390760249862,7.77365162285453678E-017)
   0.0000000000000000        0.0000000000000000     
              (0.28473536281756429,0.0000000000000000)
   1.5707963267948966        0.0000000000000000     
       (0.66495390760249862,-7.77365162285453678E-017)
   3.1415926535897931        0.0000000000000000     
         (1.7711079633530993,4.44507299945750693E-017)
   1.0000000000000000                1           4
               (0.0000000000000000,0.0000000000000000)
  -1.5707963267948966        0.0000000000000000     
        (0.65245561942306685,1.35040186721755868E-016)
   0.0000000000000000        0.0000000000000000     
              (0.31111152347460247,0.0000000000000000)
   1.5707963267948966        0.0000000000000000     
       (0.65245561942306685,-1.35040186721755868E-016)
   3.1415926535897931        0.0000000000000000     
         (1.7782833485615221,4.80357685184804216E-017)
   1.0000000000000000                1           4
               (0.0000000000000000,0.0000000000000000)
  -1.5707963267948966        0.0000000000000000     
        (0.58370014045624108,3.15354334495050635E-017)
   0.0000000000000000        0.0000000000000000     
              (0.37076425439489336,0.0000000000000000)
   1.5707963267948966        0.0000000000000000     
       (0.58370014045624108,-3.15354334495050635E-017)
   3.1415926535897931        0.0000000000000000     
         (1.8266614500588498,6.30708668990101270E-017)
   1.0000000000000000                1           4
               (0.0000000000000000,0.0000000000000000)
  -1.5707963267948966        0.0000000000000000     
        (0.63529458322063892,2.60545217425134197E-017)
   0.0000000000000000        0.0000000000000000     
              (0.34964817755647859,0.0000000000000000)
   1.5707963267948966        0.0000000000000000     
       (0.63529458322063892,-2.60545217425134197E-017)
   3.1415926535897931        0.0000000000000000     
         (1.7719462505048384,5.21090434850268393E-017)
   1.0000000000000000                1           4
               (0.0000000000000000,0.0000000000000000)
  -1.5707963267948966        0.0000000000000000     
        (0.60972728201916859,8.45912495915569931E-017)
   0.0000000000000000        0.0000000000000000     
              (0.34361841266391913,0.0000000000000000)
   1.5707963267948966        0.0000000000000000     
       (0.60972728201916859,-8.45912495915569931E-017)
   3.1415926535897931        0.0000000000000000     
         (1.8256642448474378,5.81601967205983322E-017)
   1.0000000000000000                1           4
               (0.0000000000000000,0.0000000000000000)
  -1.5707963267948966        0.0000000000000000     
        (0.61855267068764730,8.38961773273579418E-017)
   0.0000000000000000        0.0000000000000000     
              (0.28912517432919899,0.0000000000000000)
   1.5707963267948966        0.0000000000000000     
       (0.61855267068764730,-8.38961773273579418E-017)
   3.1415926535897931        0.0000000000000000     
         (1.8751054774903111,5.67700521922002295E-017)
   1.0000000000000000                1           4
               (0.0000000000000000,0.0000000000000000)
  -1.5707963267948966        0.0000000000000000     
       (0.67593792573342482,-3.40948392983712539E-017)
   0.0000000000000000        0.0000000000000000     
              (0.25623638943933813,0.0000000000000000)
   1.5707963267948966        0.0000000000000000     
        (0.67593792573342482,3.40948392983712539E-017)
   3.1415926535897931        0.0000000000000000     
         (1.7951492945048411,4.28326238657731463E-017)
   1.0000000000000000                1           4
               (0.0000000000000000,0.0000000000000000)
  -1.5707963267948966        0.0000000000000000     
        (0.63576516813518458,2.57641228916316069E-017)
   0.0000000000000000        0.0000000000000000     
              (0.36284489607825837,0.0000000000000000)
   1.5707963267948966        0.0000000000000000     
       (0.63576516813518458,-2.57641228916316069E-017)
   3.1415926535897931        0.0000000000000000     
         (1.7502055555288623,5.15282457832632139E-017)
   1.0000000000000000                1           4
               (0.0000000000000000,0.0000000000000000)
  -1.5707963267948966        0.0000000000000000     
       (0.64424468400817914,-3.08516834403220671E-017)
   0.0000000000000000        0.0000000000000000     
              (0.37103174155034624,0.0000000000000000)
   1.5707963267948966        0.0000000000000000     
        (0.64424468400817914,3.08516834403220671E-017)
   3.1415926535897931        0.0000000000000000     
         (1.7228969680983794,4.93189355818715322E-017)
   1.0000000000000000                1           4
               (0.0000000000000000,0.0000000000000000)
  -1.5707963267948966        0.0000000000000000     
       (0.60419574759506089,-2.58347415589643211E-017)
   0.0000000000000000        0.0000000000000000     
              (0.36874816241654107,0.0000000000000000)
   1.5707963267948966        0.0000000000000000     
        (0.60419574759506089,2.58347415589643211E-017)
   3.1415926535897931        0.0000000000000000     
         (1.8089484317769955,5.93528193445870241E-017)
   1.0000000000000000                1           4
               (0.0000000000000000,0.0000000000000000)
  -1.5707963267948966        0.0000000000000000     
       (0.61327991627425327,-2.69629759847919141E-017)
   0.0000000000000000        0.0000000000000000     
              (0.32065171809915849,0.0000000000000000)
   1.5707963267948966        0.0000000000000000     
        (0.61327991627425327,2.69629759847919141E-017)
   3.1415926535897931        0.0000000000000000     
         (1.8383622805433519,5.70963504929318381E-017)
   1.0000000000000000                1           4
               (0.0000000000000000,0.0000000000000000)
  -1.5707963267948966        0.0000000000000000     
        (0.65129470869390993,7.95559005279223984E-017)
   0.0000000000000000        0.0000000000000000     
              (0.35418011337255351,0.0000000000000000)
   1.5707963267948966        0.0000000000000000     
       (0.65129470869390993,-7.95559005279223984E-017)
   3.1415926535897931        0.0000000000000000     
         (1.7337704159180767,4.80894985933291366E-017)
   1.0000000000000000                1           4
               (0.0000000000000000,0.0000000000000000)
  -1.5707963267948966        0.0000000000000000     
        (0.65263453007504113,1.35365172030369952E-016)
   0.0000000000000000        0.0000000000000000     
              (0.15872148486279913,0.0000000000000000)
   1.5707963267948966        0.0000000000000000     
       (0.65263453007504113,-1.35365172030369952E-016)
   3.1415926535897931        0.0000000000000000     
         (1.9416460341997714,4.86857391357085958E-017)
   1.0000000000000000                1           4
               (0.0000000000000000,0.0000000000000000)
  -1.5707963267948966        0.0000000000000000     
       (0.59465380341447138,-2.46227403393217326E-017)
   0.0000000000000000        0.0000000000000000     
              (0.28073740884190906,0.0000000000000000)
   1.5707963267948966        0.0000000000000000     
        (0.59465380341447138,2.46227403393217326E-017)
   3.1415926535897931        0.0000000000000000     
         (1.9174622610191443,6.17768217838721888E-017)
   1.0000000000000000                1           4
               (0.0000000000000000,0.0000000000000000)
  -1.5707963267948966        0.0000000000000000     
       (0.57606429372290680,-7.75670245575297814E-017)
   0.0000000000000000        0.0000000000000000     
              (0.36699815812556319,0.0000000000000000)
   1.5707963267948966        0.0000000000000000     
        (0.57606429372290680,7.75670245575297814E-017)
   3.1415926535897931        0.0000000000000000     
         (1.8778627315082359,6.69105558099717453E-017)
   1.0000000000000000                1           4
               (0.0000000000000000,0.0000000000000000)
  -1.5707963267948966        0.0000000000000000     
       (0.67159198772156514,-8.91596929196667632E-017)
   0.0000000000000000        0.0000000000000000     
              (0.31813705001378934,0.0000000000000000)
   1.5707963267948966        0.0000000000000000     
        (0.67159198772156514,8.91596929196667632E-017)
   3.1415926535897931        0.0000000000000000     
         (1.7391339440887779,4.37252190856977817E-017)
   1.0000000000000000                1           4
               (0.0000000000000000,0.0000000000000000)
  -1.5707963267948966        0.0000000000000000     
        (0.61084591313484904,2.85371515213016395E-017)
   0.0000000000000000        0.0000000000000000     
              (0.29963573632973672,0.0000000000000000)
   1.5707963267948966        0.0000000000000000     
       (0.61084591313484904,-2.85371515213016395E-017)
   3.1415926535897931        0.0000000000000000     
         (1.8541501938455223,5.70743030426032790E-017)
   1.0000000000000000                1           4
               (0.0000000000000000,0.0000000000000000)
  -1.5707963267948966        0.0000000000000000     
        (0.64813333861261846,2.41447790004817481E-017)
   0.0000000000000000        0.0000000000000000     
              (0.34048250003710179,0.0000000000000000)
   1.5707963267948966        0.0000000000000000     
       (0.64813333861261846,-2.41447790004817481E-017)
   3.1415926535897931        0.0000000000000000     
         (1.7444125071618806,4.82895580009634962E-017)
   1.0000000000000000                1           4
               (0.0000000000000000,0.0000000000000000)
  -1.5707963267948966        0.0000000000000000     
       (0.65222628130262583,-3.18457217937095068E-017)
   0.0000000000000000        0.0000000000000000     
              (0.38332170611115390,0.0000000000000000)
   1.5707963267948966        0.0000000000000000     
        (0.65222628130262583,3.18457217937095068E-017)
   3.1415926535897931        0.0000000000000000     
         (1.6941024415756125,4.73308588750966590E-017)
   1.0000000000000000                1           4
               (0.0000000000000000,0.0000000000000000)
  -1.5707963267948966        0.0000000000000000     
       (0.67913444426489189,-3.45099710093571345E-017)
   0.0000000000000000        0.0000000000000000     
              (0.33849076479055012,0.0000000000000000)
   1.5707963267948966        0.0000000000000000     
        (0.67913444426489189,3.45099710093571345E-017)
   3.1415926535897931        0.0000000000000000     
         (1.7057287255461393,4.20023604438013912E-017)
   1.0000000000000000                1           4
               (0.0000000000000000,0.0000000000000000)
  -1.5707963267948966        0.0000000000000000     
        (0.63879680154165674,2.52598138613069572E-017)
   0.0000000000000000        0.0000000000000000     
              (0.31122412599038651,0.0000000000000000)
   1.5707963267948966        0.0000000000000000     
       (0.63879680154165674,-2.52598138613069572E-017)
   3.1415926535897931        0.0000000000000000     
         (1.7914176094652592,5.05196277226139144E-017)
   1.0000000000000000                1           4
               (0.0000000000000000,0.0000000000000000)
  -1.5707963267948966        0.0000000000000000     
        (0.51479922289802160,9.55081223722832993E-017)
   0.0000000000000000        0.0000000000000000     
              (0.40595195474772461,0.0000000000000000)
   1.5707963267948966        0.0000000000000000     
       (0.51479922289802160,-9.55081223722832993E-017)
   3.1415926535897931        0.0000000000000000     
         (1.9300467092621880,7.99939422820509446E-017)
   1.0000000000000000                1           4
               (0.0000000000000000,0.0000000000000000)
  -1.5707963267948966        0.0000000000000000     
        (0.64065350973641200,2.54268270177019972E-017)
   0.0000000000000000        0.0000000000000000     
              (0.34040066225114174,0.0000000000000000)
   1.5707963267948966        0.0000000000000000     
       (0.64065350973641200,-2.54268270177019972E-017)
   3.1415926535897931        0.0000000000000000     
         (1.7714095532584544,5.08536540354039944E-017)
   1.0000000000000000                1           4
               (0.0000000000000000,0.0000000000000000)
  -1.5707963267948966        0.0000000000000000     
       (0.60825426594726340,-2.61495075070223716E-017)
   0.0000000000000000        0.0000000000000000     
              (0.31462132098639195,0.0000000000000000)
   1.5707963267948966        0.0000000000000000     
        (0.60825426594726340,2.61495075070223716E-017)
   3.1415926535897931        0.0000000000000000     
         (1.8609112738356066,5.87232874484709109E-017)
   1.0000000000000000                1           4
               (0.0000000000000000,0.0000000000000000)
  -1.5707963267948966        0.0000000000000000     
        (0.65396527946629046,2.33615931184636205E-017)
   0.0000000000000000        0.0000000000000000     
              (0.33240434329289203,0.0000000000000000)
   1.5707963267948966        0.0000000000000000     
       (0.65396527946629046,-2.33615931184636205E-017)
   3.1415926535897931        0.0000000000000000     
         (1.7385737534188712,4.67231862369272410E-017)
   1.0000000000000000                1           4
               (0.0000000000000000,0.0000000000000000)
  -1.5707963267948966        0.0000000000000000     
        (0.65026909957955570,2.45315470329474623E-017)
   0.0000000000000000        0.0000000000000000     
              (0.34388202517745747,0.0000000000000000)
   1.5707963267948966        0.0000000000000000     
       (0.65026909957955570,-2.45315470329474623E-017)
   3.1415926535897931        0.0000000000000000     
         (1.7579173065801232,4.90630940658949246E-017)
   1.0000000000000000                1           4
               (0.0000000000000000,0.0000000000000000)
  -1.5707963267948966        0.0000000000000000     
        (0.61051247473617498,2.89381293620418066E-017)
   0.0000000000000000        0.0000000000000000     
              (0.33516331937244703,0.0000000000000000)
   1.5707963267948966        0.0000000000000000     
       (0.61051247473617498,-2.89381293620418066E-017)
   3.1415926535897931        0.0000000000000000     
         (1.8310526641903742,5.78762587240836132E-017)
   1.0000000000000000                1           4
               (0.0000000000000000,0.0000000000000000)
  -1.5707963267948966        0.0000000000000000     
       (0.60866074400025771,-8.21152620746529853E-017)
   0.0000000000000000        0.0000000000000000     
              (0.27673110323359273,0.0000000000000000)
   1.5707963267948966        0.0000000000000000     
        (0.60866074400025771,8.21152620746529853E-017)
   3.1415926535897931        0.0000000000000000     
         (1.8847659759002642,5.78140807757253498E-017)
   1.0000000000000000                1           4
               (0.0000000000000000,0.0000000000000000)
  -1.5707963267948966        0.0000000000000000     
       (0.66344693422329359,-3.25584156574782489E-017)
   0.0000000000000000        0.0000000000000000     
              (0.33303114655853427,0.0000000000000000)
   1.5707963267948966        0.0000000000000000     
        (0.66344693422329359,3.25584156574782489E-017)
   3.1415926535897931        0.0000000000000000     
         (1.7435559588200458,4.59054711475591563E-017)
   1.0000000000000000                1           4
               (0.0000000000000000,0.0000000000000000)
  -1.5707963267948966        0.0000000000000000     
       (0.63515029756192787,-8.53596175320226404E-017)
   0.0000000000000000        0.0000000000000000     
              (0.29561604899730476,0.0000000000000000)
   1.5707963267948966        0.0000000000000000     
        (0.63515029756192787,8.53596175320226404E-017)
   3.1415926535897931        0.0000000000000000     
         (1.8128914462175936,5.13253698609860396E-017)
   1.0000000000000000                1           4
               (0.0000000000000000,0.0000000000000000)
  -1.5707963267948966        0.0000000000000000     
        (0.60144657265421808,3.06408046969650800E-017)
   0.0000000000000000        0.0000000000000000     
              (0.29621123938534810,0.0000000000000000)
   1.5707963267948966        0.0000000000000000     
       (0.60144657265421808,-3.06408046969650800E-017)
   3.1415926535897931        0.0000000000000000     
         (1.9074865368843876,6.12816093939301600E-017)
   1.0000000000000000                1           4
               (0.0000000000000000,0.0000000000000000)
  -1.5707963267948966        0.0000000000000000     
        (0.62125521160490649,2.70126897079115262E-017)
   0.0000000000000000        0.0000000000000000     
              (0.36383497444098722,0.0000000000000000)
   1.5707963267948966        0.0000000000000000     
       (0.62125521160490649,-2.70126897079115262E-017)
   3.1415926535897931        0.0000000000000000     
         (1.7609768511558261,5.40253794158230524E-017)
   1.0000000000000000                1           4
               (0.0000000000000000,0.0000000000000000)
  -1.5707963267948966        0.0000000000000000     
        (0.64388515725255457,2.49359217854330678E-017)
   0.0000000000000000        0.0000000000000000     
              (0.33624259204277290,0.0000000000000000)
   1.5707963267948966        0.0000000000000000     
       (0.64388515725255457,-2.49359217854330678E-017)
   3.1415926535897931        0.0000000000000000     
         (1.7659967368032687,4.98718435708661356E-017)
   1.0000000000000000                1           4
               (0.0000000000000000,0.0000000000000000)
  -1.5707963267948966        0.0000000000000000     
        (0.59660560178655464,8.58838478168214660E-017)
   0.0000000000000000        0.0000000000000000     
              (0.24403145869390774,0.0000000000000000)
   1.5707963267948966        0.0000000000000000     
       (0.59660560178655464,-8.58838478168214660E-017)
   3.1415926535897931        0.0000000000000000     
         (1.9412273003608402,6.07453931711272656E-017)
   1.0000000000000000                1           4
               (0.0000000000000000,0.0000000000000000)
  -1.5707963267948966        0.0000000000000000     
        (0.64791470777869420,2.43653591741744187E-017)
   0.0000000000000000        0.0000000000000000     
              (0.34860300600247862,0.0000000000000000)
   1.5707963267948966        0.0000000000000000     
       (0.64791470777869420,-2.43653591741744187E-017)
   3.1415926535897931        0.0000000000000000     
         (1.7430594347549440,4.87307183483488373E-017)
   1.0000000000000000                1           4
               (0.0000000000000000,0.0000000000000000)
  -1.5707963267948966        0.0000000000000000     
       (0.60439624740181230,-1.37078038516780653E-016)
   0.0000000000000000        0.0000000000000000     
              (0.34563125990094840,0.0000000000000000)
   1.5707963267948966        0.0000000000000000     
        (0.60439624740181230,1.37078038516780653E-016)
   3.1415926535897931        0.0000000000000000     
         (1.8252481059091030,5.89108303539856804E-017)
   1.0000000000000000                1           4
               (0.0000000000000000,0.0000000000000000)
  -1.5707963267948966        0.0000000000000000     
        (0.64973836501777638,2.40433431891489336E-017)
   0.0000000000000000        0.0000000000000000     
              (0.37504872833780656,0.0000000000000000)
   1.5707963267948966        0.0000000000000000     
       (0.64973836501777638,-2.40433431891489336E-017)
   3.1415926535897931        0.0000000000000000     
         (1.7097431866437680,4.80866863782978673E-017)
   1.0000000000000000                1           4
               (0.0000000000000000,0.0000000000000000)
  -1.5707963267948966        0.0000000000000000     
        (0.59552098789280827,3.08910959143467857E-017)
   0.0000000000000000        0.0000000000000000     
              (0.35501118605691007,0.0000000000000000)
   1.5707963267948966        0.0000000000000000     
       (0.59552098789280827,-3.08910959143467857E-017)
   3.1415926535897931        0.0000000000000000     
         (1.8450105522481324,6.17821918286935714E-017)
   1.0000000000000000                1           4
               (0.0000000000000000,0.0000000000000000)
  -1.5707963267948966        0.0000000000000000     
        (0.65671627672940303,2.35632653319314268E-017)
   0.0000000000000000        0.0000000000000000     
              (0.28236003417941702,0.0000000000000000)
   1.5707963267948966        0.0000000000000000     
       (0.65671627672940303,-2.35632653319314268E-017)
   3.1415926535897931        0.0000000000000000     
         (1.8007071714366345,4.71265306638628537E-017)
   1.0000000000000000                1           4
               (0.0000000000000000,0.0000000000000000)
  -1.5707963267948966        0.0000000000000000     
        (0.66018534493987646,2.26856391974682657E-017)
   0.0000000000000000        0.0000000000000000     
              (0.37038519299949302,0.0000000000000000)
   1.5707963267948966        0.0000000000000000     
       (0.66018534493987646,-2.26856391974682657E-017)
   3.1415926535897931        0.0000000000000000     
         (1.6909547041084303,4.53712783949365313E-017)
   1.0000000000000000                1           4
               (0.0000000000000000,0.0000000000000000)
  -1.5707963267948966        0.0000000000000000     
        (0.57378888064556777,8.92395330128658203E-017)
   0.0000000000000000        0.0000000000000000     
              (0.38772827786336794,0.0000000000000000)
   1.5707963267948966        0.0000000000000000     
       (0.57378888064556777,-8.92395330128658203E-017)
   3.1415926535897931        0.0000000000000000     
         (1.8615020351705565,6.74567635632159865E-017)
   1.0000000000000000                1           4
               (0.0000000000000000,0.0000000000000000)
  -1.5707963267948966        0.0000000000000000     
       (0.68894974373306350,-3.61298819138304863E-017)
   0.0000000000000000        0.0000000000000000     
              (0.30546872053739771,0.0000000000000000)
   1.5707963267948966        0.0000000000000000     
        (0.68894974373306350,3.61298819138304863E-017)
   3.1415926535897931        0.0000000000000000     
         (1.7054710633120240,3.87625386348546875E-017)
   1.0000000000000000                1           4
               (0.0000000000000000,0.0000000000000000)
  -1.5707963267948966        0.0000000000000000     
        (0.62719125309291690,2.67113763890616537E-017)
   0.0000000000000000        0.0000000000000000     
              (0.36851057032652196,0.0000000000000000)
   1.5707963267948966        0.0000000000000000     
       (0.62719125309291690,-2.67113763890616537E-017)
   3.1415926535897931        0.0000000000000000     
         (1.7583316983854265,5.34227527781233073E-017)
   1.0000000000000000                1           4
               (0.0000000000000000,0.0000000000000000)
  -1.5707963267948966        0.0000000000000000     
        (0.64733425050086912,2.45726937610576850E-017)
   0.0000000000000000        0.0000000000000000     
              (0.30071275288091759,0.0000000000000000)
   1.5707963267948966        0.0000000000000000     
       (0.64733425050086912,-2.45726937610576850E-017)
   3.1415926535897931        0.0000000000000000     
         (1.7965608348500277,4.91453875221153700E-017)
   1.0000000000000000                1           4
               (0.0000000000000000,0.0000000000000000)
  -1.5707963267948966        0.0000000000000000     
        (0.64153090503640142,2.49371581382880922E-017)
   0.0000000000000000        0.0000000000000000     
              (0.36246427529392322,0.0000000000000000)
   1.5707963267948966        0.0000000000000000     
       (0.64153090503640142,-2.49371581382880922E-017)
   3.1415926535897931        0.0000000000000000     
         (1.7351069314686129,4.98743162765761845E-017)
   1.0000000000000000                1           4
               (0.0000000000000000,0.0000000000000000)
  -1.5707963267948966        0.0000000000000000     
        (0.62925129429252302,2.68082325939257197E-017)
   0.0000000000000000        0.0000000000000000     
              (0.27789388597519388,0.0000000000000000)
   1.5707963267948966        0.0000000000000000     
       (0.62925129429252302,-2.68082325939257197E-017)
   3.1415926535897931        0.0000000000000000     
         (1.8562320288649212,5.36164651878514395E-017)
   1.0000000000000000                1           4
               (0.0000000000000000,0.0000000000000000)
  -1.5707963267948966        0.0000000000000000     
        (0.61811532441954364,2.79151334680065643E-017)
   0.0000000000000000        0.0000000000000000     
              (0.33499097883911494,0.0000000000000000)
   1.5707963267948966        0.0000000000000000     
       (0.61811532441954364,-2.79151334680065643E-017)
   3.1415926535897931        0.0000000000000000     
         (1.8130171224847922,5.58302669360131286E-017)
   1.0000000000000000                1           4
               (0.0000000000000000,0.0000000000000000)
  -1.5707963267948966        0.0000000000000000     
        (0.63982412553344137,2.55261570832722989E-017)
   0.0000000000000000        0.0000000000000000     
              (0.32551013306724158,0.0000000000000000)
   1.5707963267948966        0.0000000000000000     
       (0.63982412553344137,-2.55261570832722989E-017)
   3.1415926535897931        0.0000000000000000     
         (1.7878856801880079,5.10523141665445978E-017)
   1.0000000000000000                1           4
               (0.0000000000000000,0.0000000000000000)
  -1.5707963267948966        0.0000000000000000     
        (0.58653662165549714,8.76804979081265186E-017)
   0.0000000000000000        0.0000000000000000     
              (0.31866562325385001,0.0000000000000000)
   1.5707963267948966        0.0000000000000000     
       (0.58653662165549714,-8.76804979081265186E-017)
   3.1415926535897931        0.0000000000000000     
         (1.9051382208888696,6.43386933537373832E-017)
   1.0000000000000000                1           4
               (0.0000000000000000,0.0000000000000000)
  -1.5707963267948966        0.0000000000000000     
        (0.62233040542911744,8.27434942481350085E-017)
   0.0000000000000000        0.0000000000000000     
              (0.31414509031468624,0.0000000000000000)
   1.5707963267948966        0.0000000000000000     
       (0.62233040542911744,-8.27434942481350085E-017)
   3.1415926535897931        0.0000000000000000     
         (1.8199915444574282,5.44646860337543507E-017)
   1.0000000000000000                1           4
               (0.0000000000000000,0.0000000000000000)
  -1.5707963267948966        0.0000000000000000     
        (0.61904741578575706,8.37230262796275005E-017)
   0.0000000000000000        0.0000000000000000     
              (0.33784334674352001,0.0000000000000000)
   1.5707963267948966        0.0000000000000000     
       (0.61904741578575706,-8.37230262796275005E-017)
   3.1415926535897931        0.0000000000000000     
         (1.8217212528627245,5.64237500967393224E-017)
   1.0000000000000000                1           4
               (0.0000000000000000,0.0000000000000000)
  -1.5707963267948966        0.0000000000000000     
        (0.61832920559274074,2.79304900043814533E-017)
   0.0000000000000000        0.0000000000000000     
              (0.33129944760698538,0.0000000000000000)
   1.5707963267948966        0.0000000000000000     
       (0.61832920559274074,-2.79304900043814533E-017)
   3.1415926535897931        0.0000000000000000     
         (1.8176379986056648,5.58609800087629066E-017)
   1.0000000000000000                1           4
               (0.0000000000000000,0.0000000000000000)
  -1.5707963267948966        0.0000000000000000     
        (0.63199900997484393,2.59326678648796927E-017)
   0.0000000000000000        0.0000000000000000     
              (0.27384000229047534,0.0000000000000000)
   1.5707963267948966        0.0000000000000000     
       (0.63199900997484393,-2.59326678648796927E-017)
   3.1415926535897931        0.0000000000000000     
         (1.8371832295957486,5.18653357297593853E-017)
   1.0000000000000000                1           4
               (0.0000000000000000,0.0000000000000000)
  -1.5707963267948966        0.0000000000000000     
        (0.66001683769430719,2.33812651708069742E-017)
   0.0000000000000000        0.0000000000000000     
              (0.32353535486917884,0.0000000000000000)
   1.5707963267948966        0.0000000000000000     
       (0.66001683769430719,-2.33812651708069742E-017)
   3.1415926535897931        0.0000000000000000     
         (1.7601883962893936,4.67625303416139484E-017)
   1.0000000000000000                1           4
               (0.0000000000000000,0.0000000000000000)
  -1.5707963267948966        0.0000000000000000     
        (0.61739155686621161,2.78278027893355573E-017)
   0.0000000000000000        0.0000000000000000     
              (0.28517430491121337,0.0000000000000000)
   1.5707963267948966        0.0000000000000000     
       (0.61739155686621161,-2.78278027893355573E-017)
   3.1415926535897931        0.0000000000000000     
         (1.8585338248735230,5.56556055786711147E-017)
   1.0000000000000000                1           4
               (0.0000000000000000,0.0000000000000000)
  -1.5707963267948966        0.0000000000000000     
        (0.62219222902429461,2.70300358947340645E-017)
   0.0000000000000000        0.0000000000000000     
              (0.36437887621236908,0.0000000000000000)
   1.5707963267948966        0.0000000000000000     
       (0.62219222902429461,-2.70300358947340645E-017)
   3.1415926535897931        0.0000000000000000     
         (1.7628735536809490,5.40600717894681291E-017)
   1.0000000000000000                1           4
               (0.0000000000000000,0.0000000000000000)
  -1.5707963267948966        0.0000000000000000     
        (0.66998862225209499,7.76042145215582637E-017)
   0.0000000000000000        0.0000000000000000     
              (0.28267273011518690,0.0000000000000000)
   1.5707963267948966        0.0000000000000000     
       (0.66998862225209499,-7.76042145215582637E-017)
   3.1415926535897931        0.0000000000000000     
         (1.7789187236673840,4.41861265806008611E-017)
   1.0000000000000000                1           4
               (0.0000000000000000,0.0000000000000000)
  -1.5707963267948966        0.0000000000000000     
        (0.63059806726076451,2.64322621410865935E-017)
   0.0000000000000000        0.0000000000000000     
              (0.31640561674274542,0.0000000000000000)
   1.5707963267948966        0.0000000000000000     
       (0.63059806726076451,-2.64322621410865935E-017)
   3.1415926535897931        0.0000000000000000     
         (1.8081337171237628,5.28645242821731869E-017)
   1.0000000000000000                1           4
               (0.0000000000000000,0.0000000000000000)
  -1.5707963267948966        0.0000000000000000     
        (0.62562540799657551,2.68093362507167825E-017)
   0.0000000000000000        0.0000000000000000     
              (0.34676384548976541,0.0000000000000000)
   1.5707963267948966        0.0000000000000000     
       (0.62562540799657551,-2.68093362507167825E-017)
   3.1415926535897931        0.0000000000000000     
         (1.7801463449248920,5.36186725014335651E-017)
   1.0000000000000000                1           4
               (0.0000000000000000,0.0000000000000000)
  -1.5707963267948966        0.0000000000000000     
        (0.66182368937924752,7.85154072905021531E-017)
   0.0000000000000000        0.0000000000000000     
              (0.26972993781788207,0.0000000000000000)
   1.5707963267948966        0.0000000000000000     
       (0.66182368937924752,-7.85154072905021531E-017)
   3.1415926535897931        0.0000000000000000     
         (1.8052934646320411,4.60085121184886399E-017)
   1.0000000000000000                1           4
               (0.0000000000000000,0.0000000000000000)
  -1.5707963267948966        0.0000000000000000     
        (0.58901828891956542,3.17047372120021121E-017)
   0.0000000000000000        0.0000000000000000     
              (0.27809022527101818,0.0000000000000000)
   1.5707963267948966        0.0000000000000000     
       (0.58901828891956542,-3.17047372120021121E-017)
   3.1415926535897931        0.0000000000000000     
         (1.9355016566468459,6.34094744240042242E-017)
   1.0000000000000000                1           4
               (0.0000000000000000,0.0000000000000000)
  -1.5707963267948966        0.0000000000000000     
       (0.64083900522694348,-8.56151266672123254E-017)
   0.0000000000000000        0.0000000000000000     
              (0.31189178664591721,0.0000000000000000)
   1.5707963267948966        0.0000000000000000     
        (0.64083900522694348,8.56151266672123254E-017)
   3.1415926535897931        0.0000000000000000     
         (1.7996475622115908,5.08143515906066819E-017)
   1.0000000000000000                1           4
               (0.0000000000000000,0.0000000000000000)
  -1.5707963267948966        0.0000000000000000     
        (0.61990912943462351,2.74863523947181903E-017)
   0.0000000000000000        0.0000000000000000     
              (0.31603114274797112,0.0000000000000000)
   1.5707963267948966        0.0000000000000000     
       (0.61990912943462351,-2.74863523947181903E-017)
   3.1415926535897931        0.0000000000000000     
         (1.8215595159301106,5.49727047894363806E-017)
   1.0000000000000000                1           4
               (0.0000000000000000,0.0000000000000000)
  -1.5707963267948966        0.0000000000000000     
        (0.62309718129186442,8.29420682472460226E-017)
   0.0000000000000000        0.0000000000000000     
              (0.26545622337630259,0.0000000000000000)
   1.5707963267948966        0.0000000000000000     
       (0.62309718129186442,-8.29420682472460226E-017)
   3.1415926535897931        0.0000000000000000     
         (1.8766998821389123,5.48618340319763850E-017)
   1.0000000000000000                1           4
               (0.0000000000000000,0.0000000000000000)
  -1.5707963267948966        0.0000000000000000     
        (0.62948332686840458,2.68779761759896332E-017)
   0.0000000000000000        0.0000000000000000     
              (0.31462891249699559,0.0000000000000000)
   1.5707963267948966        0.0000000000000000     
       (0.62948332686840458,-2.68779761759896332E-017)
   3.1415926535897931        0.0000000000000000     
         (1.8222390657589529,5.37559523519792665E-017)
   1.0000000000000000                1           4
               (0.0000000000000000,0.0000000000000000)
  -1.5707963267948966        0.0000000000000000     
        (0.64361845184351441,2.50918504745599800E-017)
   0.0000000000000000        0.0000000000000000     
              (0.33332840541544184,0.0000000000000000)
   1.5707963267948966        0.0000000000000000     
       (0.64361845184351441,-2.50918504745599800E-017)
   3.1415926535897931        0.0000000000000000     
         (1.7734705301008427,5.01837009491199600E-017)
   1.0000000000000000                1           4
               (0.0000000000000000,0.0000000000000000)
  -1.5707963267948966        0.0000000000000000     
        (0.63694693069915598,8.07386518188730669E-017)
   0.0000000000000000        0.0000000000000000     
              (0.36099069901072189,0.0000000000000000)
   1.5707963267948966        0.0000000000000000     
       (0.63694693069915598,-8.07386518188730669E-017)
   3.1415926535897931        0.0000000000000000     
         (1.7368958631460327,5.04550011752304674E-017)
   1.0000000000000000                1           4
               (0.0000000000000000,0.0000000000000000)
  -1.5707963267948966        0.0000000000000000     
        (0.64091760713992563,2.56729497407689253E-017)
   0.0000000000000000        0.0000000000000000     
              (0.33969620292856628,0.0000000000000000)
   1.5707963267948966        0.0000000000000000     
       (0.64091760713992563,-2.56729497407689253E-017)
   3.1415926535897931        0.0000000000000000     
         (1.7806811855893896,5.13458994815378505E-017)
   1.0000000000000000                1           4
               (0.0000000000000000,0.0000000000000000)
  -1.5707963267948966        0.0000000000000000     
        (0.65838487764737008,7.89627080795508865E-017)
   0.0000000000000000        0.0000000000000000     
              (0.35561608594011107,0.0000000000000000)
   1.5707963267948966        0.0000000000000000     
       (0.65838487764737008,-7.89627080795508865E-017)
   3.1415926535897931        0.0000000000000000     
         (1.7271396455437129,4.69031136965861128E-017)
   1.0000000000000000                1           4
               (0.0000000000000000,0.0000000000000000)
  -1.5707963267948966        0.0000000000000000     
        (0.58010146998749568,3.24748172061933556E-017)
   0.0000000000000000        0.0000000000000000     
              (0.33010937804081164,0.0000000000000000)
   1.5707963267948966        0.0000000000000000     
       (0.58010146998749568,-3.24748172061933556E-017)
   3.1415926535897931        0.0000000000000000     
         (1.8908015874254018,6.49496344123867112E-017)
   1.0000000000000000                1           4
               (0.0000000000000000,0.0000000000000000)
  -1.5707963267948966        0.0000000000000000     
        (0.61316505982151970,2.82049443074235476E-017)
   0.0000000000000000        0.0000000000000000     
              (0.30862288285790207,0.0000000000000000)
   1.5707963267948966        0.0000000000000000     
       (0.61316505982151970,-2.82049443074235476E-017)
   3.1415926535897931        0.0000000000000000     
         (1.8389506296412956,5.64098886148470953E-017)
   1.0000000000000000                1           4
               (0.0000000000000000,0.0000000000000000)
  -1.5707963267948966        0.0000000000000000     
        (0.62875427680423090,8.21538461823672558E-017)
   0.0000000000000000        0.0000000000000000     
              (0.30140055137142596,0.0000000000000000)
   1.5707963267948966        0.0000000000000000     
       (0.62875427680423090,-8.21538461823672558E-017)
   3.1415926535897931        0.0000000000000000     
         (1.8263244587585112,5.32853899022188452E-017)
   1.0000000000000000                1           4
               (0.0000000000000000,0.0000000000000000)
  -1.5707963267948966        0.0000000000000000     
        (0.63424385422209606,8.17808479655152288E-017)
   0.0000000000000000        0.0000000000000000     
              (0.26469273815268635,0.0000000000000000)
   1.5707963267948966        0.0000000000000000     
       (0.63424385422209606,-8.17808479655152288E-017)
   3.1415926535897931        0.0000000000000000     
         (1.8618283804975304,5.25393934685147975E-017)
   1.0000000000000000                1           4
               (0.0000000000000000,0.0000000000000000)
  -1.5707963267948966        0.0000000000000000     
        (0.62368956407775522,2.71662908767775444E-017)
   0.0000000000000000        0.0000000000000000     
              (0.25248737938419252,0.0000000000000000)
   1.5707963267948966        0.0000000000000000     
       (0.62368956407775522,-2.71662908767775444E-017)
   3.1415926535897931        0.0000000000000000     
         (1.8822101460656815,5.43325817535550888E-017)
   1.0000000000000000                1           4
               (0.0000000000000000,0.0000000000000000)
  -1.5707963267948966        0.0000000000000000     
        (0.65206525540462146,2.38614227315212808E-017)
   0.0000000000000000        0.0000000000000000     
              (0.30591409219107057,0.0000000000000000)
   1.5707963267948966        0.0000000000000000     
       (0.65206525540462146,-2.38614227315212808E-017)
   3.1415926535897931        0.0000000000000000     
         (1.7775896304906740,4.77228454630425616E-017)
   1.0000000000000000                1           4
               (0.0000000000000000,0.0000000000000000)
  -1.5707963267948966        0.0000000000000000     
       (0.65017767944838445,-3.14871749909556217E-017)
   0.0000000000000000        0.0000000000000000     
              (0.29631975900903818,0.0000000000000000)
   1.5707963267948966        0.0000000000000000     
        (0.65017767944838445,3.14871749909556217E-017)
   3.1415926535897931        0.0000000000000000     
         (1.7887182122794387,4.80479524806044230E-017)
   1.0000000000000000                1           4
               (0.0000000000000000,0.0000000000000000)
  -1.5707963267948966        0.0000000000000000     
        (0.63546211131698016,2.62243388644212474E-017)
   0.0000000000000000        0.0000000000000000     
              (0.12050063296076363,0.0000000000000000)
   1.5707963267948966        0.0000000000000000     
       (0.63546211131698016,-2.62243388644212474E-017)
   3.1415926535897931        0.0000000000000000     
         (2.0069754994215305,5.24486777288424949E-017)
   1.0000000000000000                1           4
               (0.0000000000000000,0.0000000000000000)
  -1.5707963267948966        0.0000000000000000     
        (0.63573847741649270,2.59293259099793651E-017)
   0.0000000000000000        0.0000000000000000     
              (0.27432016650910335,0.0000000000000000)
   1.5707963267948966        0.0000000000000000     
       (0.63573847741649270,-2.59293259099793651E-017)
   3.1415926535897931        0.0000000000000000     
         (1.8440728437296487,5.18586518199587301E-017)
   1.0000000000000000                1           4
               (0.0000000000000000,0.0000000000000000)
  -1.5707963267948966        0.0000000000000000     
        (0.40014071164883458,1.09898664129814379E-016)
   0.0000000000000000        0.0000000000000000     
              (0.52222203730685690,0.0000000000000000)
   1.5707963267948966        0.0000000000000000     
       (0.40014071164883458,-1.09898664129814379E-016)
   3.1415926535897931        0.0000000000000000     
         (2.0544903679334672,1.08775025797113103E-016)
   1.0000000000000000                1           4
               (0.0000000000000000,0.0000000000000000)
  -1.5707963267948966        0.0000000000000000     
        (0.63313181039272382,2.64736107457948826E-017)
   0.0000000000000000        0.0000000000000000     
              (0.22242813829887051,0.0000000000000000)
   1.5707963267948966        0.0000000000000000     
       (0.63313181039272382,-2.64736107457948826E-017)
   3.1415926535897931        0.0000000000000000     
         (1.9085292297523795,5.29472214915897652E-017)
   1.0000000000000000                1           4
               (0.0000000000000000,0.0000000000000000)
  -1.5707963267948966        0.0000000000000000     
        (0.66295303863883392,7.80294932497408743E-017)
   0.0000000000000000        0.0000000000000000     
              (0.35216004508866294,0.0000000000000000)
   1.5707963267948966        0.0000000000000000     
       (0.66295303863883392,-7.80294932497408743E-017)
   3.1415926535897931        0.0000000000000000     
         (1.7092508988709312,4.50366840369660823E-017)
   1.0000000000000000                1           4
               (0.0000000000000000,0.0000000000000000)
  -1.5707963267948966        0.0000000000000000     
        (0.62423581127596306,2.73050195231046293E-017)
   0.0000000000000000        0.0000000000000000     
              (0.30474585116760422,0.0000000000000000)
   1.5707963267948966        0.0000000000000000     
       (0.62423581127596306,-2.73050195231046293E-017)
   3.1415926535897931        0.0000000000000000     
         (1.8355753901353102,5.46100390462092586E-017)
   1.0000000000000000                1           4
               (0.0000000000000000,0.0000000000000000)
  -1.5707963267948966        0.0000000000000000     
        (0.61169742895262935,2.90146794374796796E-017)
   0.0000000000000000        0.0000000000000000     
              (0.26702848588290551,0.0000000000000000)
   1.5707963267948966        0.0000000000000000     
       (0.61169742895262935,-2.90146794374796796E-017)
   3.1415926535897931        0.0000000000000000     
         (1.9040577213217862,5.80293588749593592E-017)
   1.0000000000000000                1           4
               (0.0000000000000000,0.0000000000000000)
  -1.5707963267948966        0.0000000000000000     
       (0.63312363608687627,-2.92246983729188929E-017)
   0.0000000000000000        0.0000000000000000     
              (0.33987939867384809,0.0000000000000000)
   1.5707963267948966        0.0000000000000000     
        (0.63312363608687627,2.92246983729188929E-017)
   3.1415926535897931        0.0000000000000000     
         (1.7849485802519438,5.25729057166778682E-017)
   1.0000000000000000                1           4
               (0.0000000000000000,0.0000000000000000)
  -1.5707963267948966        0.0000000000000000     
        (0.64417158528221241,2.48940357792149483E-017)
   0.0000000000000000        0.0000000000000000     
              (0.31484206542819626,0.0000000000000000)
   1.5707963267948966        0.0000000000000000     
       (0.64417158528221241,-2.48940357792149483E-017)
   3.1415926535897931        0.0000000000000000     
         (1.7866020186909659,4.97880715584298966E-017)
   1.0000000000000000                1           4
               (0.0000000000000000,0.0000000000000000)
  -1.5707963267948966        0.0000000000000000     
        (0.64351540470008894,2.47788164318460030E-017)
   0.0000000000000000        0.0000000000000000     
              (0.28268267395303548,0.0000000000000000)
   1.5707963267948966        0.0000000000000000     
       (0.64351540470008894,-2.47788164318460030E-017)
   3.1415926535897931        0.0000000000000000     
         (1.8136856995218775,4.95576328636920059E-017)
   1.0000000000000000                1           4
               (0.0000000000000000,0.0000000000000000)
  -1.5707963267948966        0.0000000000000000     
        (0.60958341915879077,2.84896484145197395E-017)
   0.0000000000000000        0.0000000000000000     
              (0.34842297225347202,0.0000000000000000)
   1.5707963267948966        0.0000000000000000     
       (0.60958341915879077,-2.84896484145197395E-017)
   3.1415926535897931        0.0000000000000000     
         (1.8012864007559195,5.69792968290394790E-017)
   1.0000000000000000                1           4
               (0.0000000000000000,0.0000000000000000)
  -1.5707963267948966        0.0000000000000000     
        (0.64586122026170378,2.44202851929889585E-017)
   0.0000000000000000        0.0000000000000000     
              (0.32282462606408563,0.0000000000000000)
   1.5707963267948966        0.0000000000000000     
       (0.64586122026170378,-2.44202851929889585E-017)
   3.1415926535897931        0.0000000000000000     
         (1.7665248595793128,4.88405703859779170E-017)
   1.0000000000000000                1           4
               (0.0000000000000000,0.0000000000000000)
  -1.5707963267948966        0.0000000000000000     
        (0.66307063896986562,2.28549947033150972E-017)
   0.0000000000000000        0.0000000000000000     
              (0.33841597702630710,0.0000000000000000)
   1.5707963267948966        0.0000000000000000     
       (0.66307063896986562,-2.28549947033150972E-017)
   3.1415926535897931        0.0000000000000000     
         (1.7342260787451265,4.57099894066301944E-017)
   1.0000000000000000                1           4
               (0.0000000000000000,0.0000000000000000)
  -1.5707963267948966        0.0000000000000000     
        (0.65542744110228579,2.34397227899774194E-017)
   0.0000000000000000        0.0000000000000000     
              (0.34771384512762510,0.0000000000000000)
   1.5707963267948966        0.0000000000000000     
       (0.65542744110228579,-2.34397227899774194E-017)
   3.1415926535897931        0.0000000000000000     
         (1.7287404835882858,4.68794455799548388E-017)
   1.0000000000000000                1           4
               (0.0000000000000000,0.0000000000000000)
  -1.5707963267948966        0.0000000000000000     
        (0.58845868793542089,8.67459525004771682E-017)
   0.0000000000000000        0.0000000000000000     
              (0.38181940332046721,0.0000000000000000)
   1.5707963267948966        0.0000000000000000     
       (0.58845868793542089,-8.67459525004771682E-017)
   3.1415926535897931        0.0000000000000000     
         (1.8153040039045976,6.24696025384386824E-017)
   1.0000000000000000                1           4
               (0.0000000000000000,0.0000000000000000)
  -1.5707963267948966        0.0000000000000000     
       (0.61737582135409497,-2.75704571258306583E-017)
   0.0000000000000000        0.0000000000000000     
              (0.34966614035790666,0.0000000000000000)
   1.5707963267948966        0.0000000000000000     
        (0.61737582135409497,2.75704571258306583E-017)
   3.1415926535897931        0.0000000000000000     
         (1.7976978286105751,5.58813882108543497E-017)
   1.0000000000000000                1           4
               (0.0000000000000000,0.0000000000000000)
  -1.5707963267948966        0.0000000000000000     
        (0.62879467261954591,2.66101858716495985E-017)
   0.0000000000000000        0.0000000000000000     
              (0.32074278097603537,0.0000000000000000)
   1.5707963267948966        0.0000000000000000     
       (0.62879467261954591,-2.66101858716495985E-017)
   3.1415926535897931        0.0000000000000000     
         (1.8060011936689109,5.32203717432991969E-017)
   1.0000000000000000                1           4
               (0.0000000000000000,0.0000000000000000)
  -1.5707963267948966        0.0000000000000000     
        (0.66957559364663433,7.76045572408565540E-017)
   0.0000000000000000        0.0000000000000000     
              (0.33167951394021183,0.0000000000000000)
   1.5707963267948966        0.0000000000000000     
       (0.66957559364663433,-7.76045572408565540E-017)
   3.1415926535897931        0.0000000000000000     
         (1.7290970766932205,4.41868120191974540E-017)
   1.0000000000000000                1           4
               (0.0000000000000000,0.0000000000000000)
  -1.5707963267948966        0.0000000000000000     
        (0.58525760006016425,3.23144460381530084E-017)
   0.0000000000000000        0.0000000000000000     
              (0.36652169836728188,0.0000000000000000)
   1.5707963267948966        0.0000000000000000     
       (0.58525760006016425,-3.23144460381530084E-017)
   3.1415926535897931        0.0000000000000000     
         (1.8594634073830321,6.46288920763060167E-017)
   1.0000000000000000                1           4
               (0.0000000000000000,0.0000000000000000)
  -1.5707963267948966        0.0000000000000000     
       (0.65252776746416530,-3.18482556370186369E-017)
   0.0000000000000000        0.0000000000000000     
              (0.31893158334977056,0.0000000000000000)
   1.5707963267948966        0.0000000000000000     
        (0.65252776746416530,3.18482556370186369E-017)
   3.1415926535897931        0.0000000000000000     
         (1.7590127750569449,4.73257911884783864E-017)
   1.0000000000000000                1           4
               (0.0000000000000000,0.0000000000000000)
  -1.5707963267948966        0.0000000000000000     
        (0.59214795114934538,1.42539503558373173E-016)
   0.0000000000000000        0.0000000000000000     
              (0.25616898756561957,0.0000000000000000)
   1.5707963267948966        0.0000000000000000     
       (0.59214795114934538,-1.42539503558373173E-016)
   3.1415926535897931        0.0000000000000000     
         (1.9575568244115524,6.30344021917150385E-017)
   1.0000000000000000                1           4
               (0.0000000000000000,0.0000000000000000)
  -1.5707963267948966        0.0000000000000000     
        (0.67167916650584925,7.75461324751151772E-017)
   0.0000000000000000        0.0000000000000000     
              (0.27955513064788512,0.0000000000000000)
   1.5707963267948966        0.0000000000000000     
       (0.67167916650584925,-7.75461324751151772E-017)
   3.1415926535897931        0.0000000000000000     
         (1.7835203080370232,4.40699624877146819E-017)
   1.0000000000000000                1           4
               (0.0000000000000000,0.0000000000000000)
  -1.5707963267948966        0.0000000000000000     
        (0.64456003579288212,2.48001858586076242E-017)
   0.0000000000000000        0.0000000000000000     
              (0.31550022609594464,0.0000000000000000)
   1.5707963267948966        0.0000000000000000     
       (0.64456003579288212,-2.48001858586076242E-017)
   3.1415926535897931        0.0000000000000000     
         (1.7836553880111239,4.96003717172152484E-017)
   1.0000000000000000                1           4
               (0.0000000000000000,0.0000000000000000)
  -1.5707963267948966        0.0000000000000000     
       (0.62012033380788367,-2.78065415819177089E-017)
   0.0000000000000000        0.0000000000000000     
              (0.34175295761952196,0.0000000000000000)
   1.5707963267948966        0.0000000000000000     
        (0.62012033380788367,2.78065415819177089E-017)
   3.1415926535897931        0.0000000000000000     
         (1.8033889327366843,5.54092192986802487E-017)
   1.0000000000000000                1           4
               (0.0000000000000000,0.0000000000000000)
  -1.5707963267948966        0.0000000000000000     
        (0.63707504244377067,8.13798307625008066E-017)
   0.0000000000000000        0.0000000000000000     
              (0.35654261262816628,0.0000000000000000)
   1.5707963267948966        0.0000000000000000     
       (0.63707504244377067,-8.13798307625008066E-017)
   3.1415926535897931        0.0000000000000000     
         (1.7625426666110449,5.17373590624859591E-017)
   1.0000000000000000                1           4
               (0.0000000000000000,0.0000000000000000)
  -1.5707963267948966        0.0000000000000000     
        (0.66227301617162726,2.24366085281973055E-017)
   0.0000000000000000        0.0000000000000000     
              (0.28339651388763953,0.0000000000000000)
   1.5707963267948966        0.0000000000000000     
       (0.66227301617162726,-2.24366085281973055E-017)
   3.1415926535897931        0.0000000000000000     
         (1.7739847667514841,4.48732170563946110E-017)
   1.0000000000000000                1           4
               (0.0000000000000000,0.0000000000000000)
  -1.5707963267948966        0.0000000000000000     
        (0.66495390760249862,7.77365162285453678E-017)
   0.0000000000000000        0.0000000000000000     
              (0.28473536281756429,0.0000000000000000)
   1.5707963267948966        0.0000000000000000     
       (0.66495390760249862,-7.77365162285453678E-017)
   3.1415926535897931        0.0000000000000000     
         (1.7711079633530993,4.44507299945750693E-017)
   1.0000000000000000                1           4
               (0.0000000000000000,0.0000000000000000)
  -1.5707963267948966        0.0000000000000000     
        (0.65245561942306685,1.35040186721755868E-016)
   0.0000000000000000        0.0000000000000000     
              (0.31111152347460247,0.0000000000000000)
   1.5707963267948966        0.0000000000000000     
       (0.65245561942306685,-1.35040186721755868E-016)
   3.1415926535897931        0.0000000000000000     
         (1.7782833485615221,4.80357685184804216E-017)
   1.0000000000000000                1           4
               (0.0000000000000000,0.0000000000000000)
  -1.5707963267948966        0.0000000000000000     
        (0.58370014045624108,3.15354334495050635E-017)
   0.0000000000000000        0.0000000000000000     
              (0.37076425439489336,0.0000000000000000)
   1.5707963267948966        0.0000000000000000     
       (0.58370014045624108,-3.15354334495050635E-017)
   3.1415926535897931        0.0000000000000000     
         (1.8266614500588498,6.30708668990101270E-017)
   1.0000000000000000                1           4
               (0.0000000000000000,0.0000000000000000)
  -1.5707963267948966        0.0000000000000000     
        (0.63529458322063892,2.60545217425134197E-017)
   0.0000000000000000        0.0000000000000000     
              (0.34964817755647859,0.0000000000000000)
   1.5707963267948966        0.0000000000000000     
       (0.63529458322063892,-2.60545217425134197E-017)
   3.1415926535897931        0.0000000000000000     
         (1.7719462505048384,5.21090434850268393E-017)
   1.0000000000000000                1           4
               (0.0000000000000000,0.0000000000000000)
  -1.5707963267948966        0.0000000000000000     
        (0.60972728201916859,8.45912495915569931E-017)
   0.0000000000000000        0.0000000000000000     
              (0.34361841266391913,0.0000000000000000)
   1.5707963267948966        0.0000000000000000     
       (0.60972728201916859,-8.45912495915569931E-017)
   3.1415926535897931        0.0000000000000000     
         (1.8256642448474378,5.81601967205983322E-017)
   1.0000000000000000                1           4
               (0.0000000000000000,0.0000000000000000)
  -1.5707963267948966        0.0000000000000000     
        (0.61855267068764730,8.38961773273579418E-017)
   0.0000000000000000        0.0000000000000000     
              (0.28912517432919899,0.0000000000000000)
   1.5707963267948966        0.0000000000000000     
       (0.61855267068764730,-8.38961773273579418E-017)
   3.1415926535897931        0.0000000000000000     
         (1.8751054774903111,5.67700521922002295E-017)
   1.0000000000000000                1           4
               (0.0000000000000000,0.0000000000000000)
  -1.5707963267948966        0.0000000000000000     
       (0.67593792573342482,-3.40948392983712539E-017)
   0.0000000000000000        0.0000000000000000     
              (0.25623638943933813,0.0000000000000000)
   1.5707963267948966        0.0000000000000000     
        (0.67593792573342482,3.40948392983712539E-017)
   3.1415926535897931        0.0000000000000000     
         (1.7951492945048411,4.28326238657731463E-017)
   1.0000000000000000                1           4
               (0.0000000000000000,0.0000000000000000)
  -1.5707963267948966        0.0000000000000000     
        (0.63576516813518458,2.57641228916316069E-017)
   0.0000000000000000        0.0000000000000000     
              (0.36284489607825837,0.0000000000000000)
   1.5707963267948966        0.0000000000000000     
       (0.63576516813518458,-2.57641228916316069E-017)
   3.1415926535897931        0.0000000000000000     
         (1.7502055555288623,5.15282457832632139E-017)
   1.0000000000000000                1           4
               (0.0000000000000000,0.0000000000000000)
  -1.5707963267948966        0.0000000000000000     
       (0.64424468400817914,-3.08516834403220671E-017)
   0.0000000000000000        0.0000000000000000     
              (0.37103174155034624,0.0000000000000000)
   1.5707963267948966        0.0000000000000000     
        (0.64424468400817914,3.08516834403220671E-017)
   3.1415926535897931        0.0000000000000000     
         (1.7228969680983794,4.93189355818715322E-017)
   1.0000000000000000                1           4
               (0.0000000000000000,0.0000000000000000)
  -1.5707963267948966        0.0000000000000000     
       (0.60419574759506089,-2.58347415589643211E-017)
   0.0000000000000000        0.0000000000000000     
              (0.36874816241654107,0.0000000000000000)
   1.5707963267948966        0.0000000000000000     
        (0.60419574759506089,2.58347415589643211E-017)
   3.1415926535897931        0.0000000000000000     
         (1.8089484317769955,5.93528193445870241E-017)
   1.0000000000000000                1           4
               (0.0000000000000000,0.0000000000000000)
  -1.5707963267948966        0.0000000000000000     
       (0.61327991627425327,-2.69629759847919141E-017)
   0.0000000000000000        0.0000000000000000     
              (0.32065171809915849,0.0000000000000000)
   1.5707963267948966        0.0000000000000000     
        (0.61327991627425327,2.69629759847919141E-017)
   3.1415926535897931        0.0000000000000000     
         (1.8383622805433519,5.70963504929318381E-017)
   1.0000000000000000                1           4
               (0.0000000000000000,0.0000000000000000)
  -1.5707963267948966        0.0000000000000000     
        (0.65129470869390993,7.95559005279223984E-017)
   0.0000000000000000        0.0000000000000000     
              (0.35418011337255351,0.0000000000000000)
   1.5707963267948966        0.0000000000000000     
       (0.65129470869390993,-7.95559005279223984E-017)
   3.1415926535897931        0.0000000000000000     
         (1.7337704159180767,4.80894985933291366E-017)
   1.0000000000000000                1           4
               (0.0000000000000000,0.0000000000000000)
  -1.5707963267948966        0.0000000000000000     
        (0.65263453007504113,1.35365172030369952E-016)
   0.0000000000000000        0.0000000000000000     
              (0.15872148486279913,0.0000000000000000)
   1.5707963267948966        0.0000000000000000     
       (0.65263453007504113,-1.35365172030369952E-016)
   3.1415926535897931        0.0000000000000000     
         (1.9416460341997714,4.86857391357085958E-017)
   1.0000000000000000                1           4
               (0.0000000000000000,0.0000000000000000)
  -1.5707963267948966        0.0000000000000000     
       (0.59465380341447138,-2.46227403393217326E-017)
   0.0000000000000000        0.0000000000000000     
              (0.28073740884190906,0.0000000000000000)
   1.5707963267948966        0.0000000000000000     
        (0.59465380341447138,2.46227403393217326E-017)
   3.1415926535897931        0.0000000000000000     
         (1.9174622610191443,6.17768217838721888E-017)
   1.0000000000000000                1           4
               (0.0000000000000000,0.0000000000000000)
  -1.5707963267948966        0.0000000000000000     
       (0.57606429372290680,-7.75670245575297814E-017)
   0.0000000000000000        0.0000000000000000     
              (0.36699815812556319,0.0000000000000000)
   1.5707963267948966        0.0000000000000000     
        (0.57606429372290680,7.75670245575297814E-017)
   3.1415926535897931        0.0000000000000000     
         (1.8778627315082359,6.69105558099717453E-017)
   1.0000000000000000                1           4
               (0.0000000000000000,0.0000000000000000)
  -1.5707963267948966        0.0000000000000000     
       (0.67159198772156514,-8.91596929196667632E-017)
   0.0000000000000000        0.0000000000000000     
              (0.31813705001378934,0.0000000000000000)
   1.5707963267948966        0.0000000000000000     
        (0.67159198772156514,8.91596929196667632E-017)
   3.1415926535897931        0.0000000000000000     
         (1.7391339440887779,4.37252190856977817E-017)
   1.0000000000000000                1           4
               (0.0000000000000000,0.0000000000000000)
  -1.5707963267948966        0.0000000000000000     
        (0.61084591313484904,2.85371515213016395E-017)
   0.0000000000000000        0.0000000000000000     
              (0.29963573632973672,0.0000000000000000)
   1.5707963267948966        0.0000000000000000     
       (0.61084591313484904,-2.85371515213016395E-017)
   3.1415926535897931        0.0000000000000000     
         (1.8541501938455223,5.70743030426032790E-017)
   1.0000000000000000                1           4
               (0.0000000000000000,0.0000000000000000)
  -1.5707963267948966        0.0000000000000000     
        (0.64813333861261846,2.41447790004817481E-017)
   0.0000000000000000        0.0000000000000000     
              (0.34048250003710179,0.0000000000000000)
   1.5707963267948966        0.0000000000000000     
       (0.64813333861261846,-2.41447790004817481E-017)
   3.1415926535897931        0.0000000000000000     
         (1.7444125071618806,4.82895580009634962E-017)
   1.0000000000000000                1           4
               (0.0000000000000000,0.0000000000000000)
  -1.5707963267948966        0.0000000000000000     
       (0.65222628130262583,-3.18457217937095068E-017)
   0.0000000000000000        0.0000000000000000     
              (0.38332170611115390,0.0000000000000000)
   1.5707963267948966        0.0000000000000000     
        (0.65222628130262583,3.18457217937095068E-017)
   3.1415926535897931        0.0000000000000000     
         (1.6941024415756125,4.73308588750966590E-017)
   1.0000000000000000                1           4
               (0.0000000000000000,0.0000000000000000)
  -1.5707963267948966        0.0000000000000000     
       (0.67913444426489189,-3.45099710093571345E-017)
   0.0000000000000000        0.0000000000000000     
              (0.33849076479055012,0.0000000000000000)
   1.5707963267948966        0.0000000000000000     
        (0.67913444426489189,3.45099710093571345E-017)
   3.1415926535897931        0.0000000000000000     
         (1.7057287255461393,4.20023604438013912E-017)
   1.0000000000000000                1           4
               (0.0000000000000000,0.0000000000000000)
  -1.5707963267948966        0.0000000000000000     
        (0.63879680154165674,2.52598138613069572E-017)
   0.0000000000000000        0.0000000000000000     
              (0.31122412599038651,0.0000000000000000)
   1.5707963267948966        0.0000000000000000     
       (0.63879680154165674,-2.52598138613069572E-017)
   3.1415926535897931        0.0000000000000000     
         (1.7914176094652592,5.05196277226139144E-017)
   1.0000000000000000                1           4
               (0.0000000000000000,0.0000000000000000)
  -1.5707963267948966        0.0000000000000000     
        (0.51479922289802160,9.55081223722832993E-017)
   0.0000000000000000        0.0000000000000000     
              (0.40595195474772461,0.0000000000000000)
   1.5707963267948966        0.0000000000000000     
       (0.51479922289802160,-9.55081223722832993E-017)
   3.1415926535897931        0.0000000000000000     
         (1.9300467092621880,7.99939422820509446E-017)
   1.0000000000000000                1           4
               (0.0000000000000000,0.0000000000000000)
  -1.5707963267948966        0.0000000000000000     
        (0.64065350973641200,2.54268270177019972E-017)
   0.0000000000000000        0.0000000000000000     
              (0.34040066225114174,0.0000000000000000)
   1.5707963267948966        0.0000000000000000     
       (0.64065350973641200,-2.54268270177019972E-017)
   3.1415926535897931        0.0000000000000000     
         (1.7714095532584544,5.08536540354039944E-017)
   1.0000000000000000                1           4
               (0.0000000000000000,0.0000000000000000)
  -1.5707963267948966        0.0000000000000000     
       (0.60825426594726340,-2.61495075070223716E-017)
   0.0000000000000000        0.0000000000000000     
              (0.31462132098639195,0.0000000000000000)
   1.5707963267948966        0.0000000000000000     
        (0.60825426594726340,2.61495075070223716E-017)
   3.1415926535897931        0.0000000000000000     
         (1.8609112738356066,5.87232874484709109E-017)
   1.0000000000000000                1           4
               (0.0000000000000000,0.0000000000000000)
  -1.5707963267948966        0.0000000000000000     
        (0.65396527946629046,2.33615931184636205E-017)
   0.0000000000000000        0.0000000000000000     
              (0.33240434329289203,0.0000000000000000)
   1.5707963267948966        0.0000000000000000     
       (0.65396527946629046,-2.33615931184636205E-017)
   3.1415926535897931        0.0000000000000000     
         (1.7385737534188712,4.67231862369272410E-017)
   1.0000000000000000                1           4
               (0.0000000000000000,0.0000000000000000)
  -1.5707963267948966        0.0000000000000000     
        (0.65026909957955570,2.45315470329474623E-017)
   0.0000000000000000        0.0000000000000000     
              (0.34388202517745747,0.0000000000000000)
   1.5707963267948966        0.0000000000000000     
       (0.65026909957955570,-2.45315470329474623E-017)
   3.1415926535897931        0.0000000000000000     
         (1.7579173065801232,4.90630940658949246E-017)
   1.0000000000000000                1           4
               (0.0000000000000000,0.0000000000000000)
  -1.5707963267948966        0.0000000000000000     
        (0.61051247473617498,2.89381293620418066E-017)
   0.0000000000000000        0.0000000000000000     
              (0.33516331937244703,0.0000000000000000)
   1.5707963267948966        0.0000000000000000     
       (0.61051247473617498,-2.89381293620418066E-017)
   3.1415926535897931        0.0000000000000000     
         (1.8310526641903742,5.78762587240836132E-017)
   1.0000000000000000                1           4
               (0.0000000000000000,0.0000000000000000)
  -1.5707963267948966        0.0000000000000000     
       (0.60866074400025771,-8.21152620746529853E-017)
   0.0000000000000000        0.0000000000000000     
              (0.27673110323359273,0.0000000000000000)
   1.5707963267948966        0.0000000000000000     
        (0.60866074400025771,8.21152620746529853E-017)
   3.1415926535897931        0.0000000000000000     
         (1.8847659759002642,5.78140807757253498E-017)
   1.0000000000000000                1           4
               (0.0000000000000000,0.0000000000000000)
  -1.5707963267948966        0.0000000000000000     
       (0.66344693422329359,-3.25584156574782489E-017)
   0.0000000000000000        0.0000000000000000     
              (0.33303114655853427,0.0000000000000000)
   1.5707963267948966        0.0000000000000000     
        (0.66344693422329359,3.25584156574782489E-017)
   3.1415926535897931        0.0000000000000000     
         (1.7435559588200458,4.59054711475591563E-017)
   1.0000000000000000                1           4
               (0.0000000000000000,0.0000000000000000)
  -1.5707963267948966        0.0000000000000000     
       (0.63515029756192787,-8.53596175320226404E-017)
   0.0000000000000000        0.0000000000000000     
              (0.29561604899730476,0.0000000000000000)
   1.5707963267948966        0.0000000000000000     
        (0.63515029756192787,8.53596175320226404E-017)
   3.1415926535897931        0.0000000000000000     
         (1.8128914462175936,5.13253698609860396E-017)
   1.0000000000000000                1           4
               (0.0000000000000000,0.0000000000000000)
  -1.5707963267948966        0.0000000000000000     
        (0.60144657265421808,3.06408046969650800E-017)
   0.0000000000000000        0.0000000000000000     
              (0.29621123938534810,0.0000000000000000)
   1.5707963267948966        0.0000000000000000     
       (0.60144657265421808,-3.06408046969650800E-017)
   3.1415926535897931        0.0000000000000000     
         (1.9074865368843876,6.12816093939301600E-017)
   1.0000000000000000                1           4
               (0.0000000000000000,0.0000000000000000)
  -1.5707963267948966        0.0000000000000000     
        (0.62125521160490649,2.70126897079115262E-017)
   0.0000000000000000        0.0000000000000000     
              (0.36383497444098722,0.0000000000000000)
   1.5707963267948966        0.0000000000000000     
       (0.62125521160490649,-2.70126897079115262E-017)
   3.1415926535897931        0.0000000000000000     
         (1.7609768511558261,5.40253794158230524E-017)
   1.0000000000000000                1           4
               (0.0000000000000000,0.0000000000000000)
  -1.5707963267948966        0.0000000000000000     
        (0.64388515725255457,2.49359217854330678E-017)
   0.0000000000000000        0.0000000000000000     
              (0.33624259204277290,0.0000000000000000)
   1.5707963267948966        0.0000000000000000     
       (0.64388515725255457,-2.49359217854330678E-017)
   3.1415926535897931        0.0000000000000000     
         (1.7659967368032687,4.98718435708661356E-017)
   1.0000000000000000                1           4
               (0.0000000000000000,0.0000000000000000)
  -1.5707963267948966        0.0000000000000000     
        (0.59660560178655464,8.58838478168214660E-017)
   0.0000000000000000        0.0000000000000000     
              (0.24403145869390774,0.0000000000000000)
   1.5707963267948966        0.0000000000000000     
       (0.59660560178655464,-8.58838478168214660E-017)
   3.1415926535897931        0.0000000000000000     
         (1.9412273003608402,6.07453931711272656E-017)
   1.0000000000000000                1           4
               (0.0000000000000000,0.0000000000000000)
  -1.5707963267948966        0.0000000000000000     
        (0.64791470777869420,2.43653591741744187E-017)
   0.0000000000000000        0.0000000000000000     
              (0.34860300600247862,0.0000000000000000)
   1.5707963267948966        0.0000000000000000     
       (0.64791470777869420,-2.43653591741744187E-017)
   3.1415926535897931        0.0000000000000000     
         (1.7430594347549440,4.87307183483488373E-017)
   1.0000000000000000                1           4
               (0.0000000000000000,0.0000000000000000)
  -1.5707963267948966        0.0000000000000000     
       (0.60439624740181230,-1.37078038516780653E-016)
   0.0000000000000000        0.0000000000000000     
              (0.34563125990094840,0.0000000000000000)
   1.5707963267948966        0.0000000000000000     
        (0.60439624740181230,1.37078038516780653E-016)
   3.1415926535897931        0.0000000000000000     
         (1.8252481059091030,5.89108303539856804E-017)
   1.0000000000000000                1           4
               (0.0000000000000000,0.0000000000000000)
  -1.5707963267948966        0.0000000000000000     
        (0.64973836501777638,2.40433431891489336E-017)
   0.0000000000000000        0.0000000000000000     
              (0.37504872833780656,0.0000000000000000)
   1.5707963267948966        0.0000000000000000     
       (0.64973836501777638,-2.40433431891489336E-017)
   3.1415926535897931        0.0000000000000000     
         (1.7097431866437680,4.80866863782978673E-017)
   1.0000000000000000                1           4
               (0.0000000000000000,0.0000000000000000)
  -1.5707963267948966        0.0000000000000000     
        (0.59552098789280827,3.08910959143467857E-017)
   0.0000000000000000        0.0000000000000000     
              (0.35501118605691007,0.0000000000000000)
   1.5707963267948966        0.0000000000000000     
       (0.59552098789280827,-3.08910959143467857E-017)
   3.1415926535897931        0.0000000000000000     
         (1.8450105522481324,6.17821918286935714E-017)
   1.0000000000000000                1           4
               (0.0000000000000000,0.0000000000000000)
  -1.5707963267948966        0.0000000000000000     
        (0.65671627672940303,2.35632653319314268E-017)
   0.0000000000000000        0.0000000000000000     
              (0.28236003417941702,0.0000000000000000)
   1.5707963267948966        0.0000000000000000     
       (0.65671627672940303,-2.35632653319314268E-017)
   3.1415926535897931        0.0000000000000000     
         (1.8007071714366345,4.71265306638628537E-017)
   1.0000000000000000                1           4
               (0.0000000000000000,0.0000000000000000)
  -1.5707963267948966        0.0000000000000000     
        (0.66018534493987646,2.26856391974682657E-017)
   0.0000000000000000        0.0000000000000000     
              (0.37038519299949302,0.0000000000000000)
   1.5707963267948966        0.0000000000000000     
       (0.66018534493987646,-2.26856391974682657E-017)
   3.1415926535897931        0.0000000000000000     
         (1.6909547041084303,4.53712783949365313E-017)
   1.0000000000000000                1           4
               (0.0000000000000000,0.0000000000000000)
  -1.5707963267948966        0.0000000000000000     
        (0.57378888064556777,8.92395330128658203E-017)
   0.0000000000000000        0.0000000000000000     
              (0.38772827786336794,0.0000000000000000)
   1.5707963267948966        0.0000000000000000     
       (0.57378888064556777,-8.92395330128658203E-017)
   3.1415926535897931        0.0000000000000000     
         (1.8615020351705565,6.74567635632159865E-017)
   1.0000000000000000                1           4
               (0.0000000000000000,0.0000000000000000)
  -1.5707963267948966        0.0000000000000000     
       (0.68894974373306350,-3.61298819138304863E-017)
   0.0000000000000000        0.0000000000000000     
              (0.30546872053739771,0.0000000000000000)
   1.5707963267948966        0.0000000000000000     
        (0.68894974373306350,3.61298819138304863E-017)
   3.1415926535897931        0.0000000000000000     
         (1.7054710633120240,3.87625386348546875E-017)
   1.0000000000000000                1           4
               (0.0000000000000000,0.0000000000000000)
  -1.5707963267948966        0.0000000000000000     
        (0.62719125309291690,2.67113763890616537E-017)
   0.0000000000000000        0.0000000000000000     
              (0.36851057032652196,0.0000000000000000)
   1.5707963267948966        0.0000000000000000     
       (0.62719125309291690,-2.67113763890616537E-017)
   3.1415926535897931        0.0000000000000000     
         (1.7583316983854265,5.34227527781233073E-017)
   1.0000000000000000                1           4
               (0.0000000000000000,0.0000000000000000)
  -1.5707963267948966        0.0000000000000000     
        (0.64733425050086912,2.45726937610576850E-017)
   0.0000000000000000        0.0000000000000000     
              (0.30071275288091759,0.0000000000000000)
   1.5707963267948966        0.0000000000000000     
       (0.64733425050086912,-2.45726937610576850E-017)
   3.1415926535897931        0.0000000000000000     
         (1.7965608348500277,4.91453875221153700E-017)
   1.0000000000000000                1           4
               (0.0000000000000000,0.0000000000000000)
  -1.5707963267948966        0.0000000000000000     
        (0.64153090503640142,2.49371581382880922E-017)
   0.0000000000000000        0.0000000000000000     
              (0.36246427529392322,0.0000000000000000)
   1.5707963267948966        0.0000000000000000     
       (0.64153090503640142,-2.49371581382880922E-017)
   3.1415926535897931        0.0000000000000000     
         (1.7351069314686129,4.98743162765761845E-017)
   1.0000000000000000                1           4
               (0.0000000000000000,0.0000000000000000)
  -1.5707963267948966        0.0000000000000000     
        (0.62925129429252302,2.68082325939257197E-017)
   0.0000000000000000        0.0000000000000000     
              (0.27789388597519388,0.0000000000000000)
   1.5707963267948966        0.0000000000000000     
       (0.62925129429252302,-2.68082325939257197E-017)
   3.1415926535897931        0.0000000000000000     
         (1.8562320288649212,5.36164651878514395E-017)
   1.0000000000000000                1           4
               (0.0000000000000000,0.0000000000000000)
  -1.5707963267948966        0.0000000000000000     
        (0.61811532441954364,2.79151334680065643E-017)
   0.0000000000000000        0.0000000000000000     
              (0.33499097883911494,0.0000000000000000)
   1.5707963267948966        0.0000000000000000     
       (0.61811532441954364,-2.79151334680065643E-017)
   3.1415926535897931        0.0000000000000000     
         (1.8130171224847922,5.58302669360131286E-017)
   1.0000000000000000                1           4
               (0.0000000000000000,0.0000000000000000)
  -1.5707963267948966        0.0000000000000000     
        (0.63982412553344137,2.55261570832722989E-017)
   0.0000000000000000        0.0000000000000000     
              (0.32551013306724158,0.0000000000000000)
   1.5707963267948966        0.0000000000000000     
       (0.63982412553344137,-2.55261570832722989E-017)
   3.1415926535897931        0.0000000000000000     
         (1.7878856801880079,5.10523141665445978E-017)
   1.0000000000000000                1           4
               (0.0000000000000000,0.0000000000000000)
  -1.5707963267948966        0.0000000000000000     
        (0.58653662165549714,8.76804979081265186E-017)
   0.0000000000000000        0.0000000000000000     
              (0.31866562325385001,0.0000000000000000)
   1.5707963267948966        0.0000000000000000     
       (0.58653662165549714,-8.76804979081265186E-017)
   3.1415926535897931        0.0000000000000000     
         (1.9051382208888696,6.43386933537373832E-017)
   1.0000000000000000                1           4
               (0.0000000000000000,0.0000000000000000)
  -1.5707963267948966        0.0000000000000000     
        (0.62233040542911744,8.27434942481350085E-017)
   0.0000000000000000        0.0000000000000000     
              (0.31414509031468624,0.0000000000000000)
   1.5707963267948966        0.0000000000000000     
       (0.62233040542911744,-8.27434942481350085E-017)
   3.1415926535897931        0.0000000000000000     
         (1.8199915444574282,5.44646860337543507E-017)
   1.0000000000000000                1           4
               (0.0000000000000000,0.0000000000000000)
  -1.5707963267948966        0.0000000000000000     
        (0.61904741578575706,8.37230262796275005E-017)
   0.0000000000000000        0.0000000000000000     
              (0.33784334674352001,0.0000000000000000)
   1.5707963267948966        0.0000000000000000     
       (0.61904741578575706,-8.37230262796275005E-017)
   3.1415926535897931        0.0000000000000000     
         (1.8217212528627245,5.64237500967393224E-017)
   1.0000000000000000                1           4
               (0.0000000000000000,0.0000000000000000)
  -1.5707963267948966        0.0000000000000000     
        (0.61832920559274074,2.79304900043814533E-017)
   0.0000000000000000        0.0000000000000000     
              (0.33129944760698538,0.0000000000000000)
   1.5707963267948966        0.0000000000000000     
       (0.61832920559274074,-2.79304900043814533E-017)
   3.1415926535897931        0.0000000000000000     
         (1.8176379986056648,5.58609800087629066E-017)
   1.0000000000000000                1           4
               (0.0000000000000000,0.0000000000000000)
  -1.5707963267948966        0.0000000000000000     
        (0.63199900997484393,2.59326678648796927E-017)
   0.0000000000000000        0.0000000000000000     
              (0.27384000229047534,0.0000000000000000)
   1.5707963267948966        0.0000000000000000     
       (0.63199900997484393,-2.59326678648796927E-017)
   3.1415926535897931        0.0000000000000000     
         (1.8371832295957486,5.18653357297593853E-017)
   1.0000000000000000                1           4
               (0.0000000000000000,0.0000000000000000)
  -1.5707963267948966        0.0000000000000000     
        (0.66001683769430719,2.33812651708069742E-017)
   0.0000000000000000        0.0000000000000000     
              (0.32353535486917884,0.0000000000000000)
   1.5707963267948966        0.0000000000000000     
       (0.66001683769430719,-2.33812651708069742E-017)
   3.1415926535897931        0.0000000000000000     
         (1.7601883962893936,4.67625303416139484E-017)
   1.0000000000000000                1           4
               (0.0000000000000000,0.0000000000000000)
  -1.5707963267948966        0.0000000000000000     
        (0.61739155686621161,2.78278027893355573E-017)
   0.0000000000000000        0.0000000000000000     
              (0.28517430491121337,0.0000000000000000)
   1.5707963267948966        0.0000000000000000     
       (0.61739155686621161,-2.78278027893355573E-017)
   3.1415926535897931        0.0000000000000000     
         (1.8585338248735230,5.56556055786711147E-017)
   1.0000000000000000                1           4
               (0.0000000000000000,0.0000000000000000)
  -1.5707963267948966        0.0000000000000000     
        (0.62219222902429461,2.70300358947340645E-017)
   0.0000000000000000        0.0000000000000000     
              (0.36437887621236908,0.0000000000000000)
   1.5707963267948966        0.0000000000000000     
       (0.62219222902429461,-2.70300358947340645E-017)
   3.1415926535897931        0.0000000000000000     
         (1.7628735536809490,5.40600717894681291E-017)
   1.0000000000000000                1           4
               (0.0000000000000000,0.0000000000000000)
  -1.5707963267948966        0.0000000000000000     
        (0.66998862225209499,7.76042145215582637E-017)
   0.0000000000000000        0.0000000000000000     
              (0.28267273011518690,0.0000000000000000)
   1.5707963267948966        0.0000000000000000     
       (0.66998862225209499,-7.76042145215582637E-017)
   3.1415926535897931        0.0000000000000000     
         (1.7789187236673840,4.41861265806008611E-017)
   1.0000000000000000                1           4
               (0.0000000000000000,0.0000000000000000)
  -1.5707963267948966        0.0000000000000000     
        (0.63059806726076451,2.64322621410865935E-017)
   0.0000000000000000        0.0000000000000000     
              (0.31640561674274542,0.0000000000000000)
   1.5707963267948966        0.0000000000000000     
       (0.63059806726076451,-2.64322621410865935E-017)
   3.1415926535897931        0.0000000000000000     
         (1.8081337171237628,5.28645242821731869E-017)
   1.0000000000000000                1           4
               (0.0000000000000000,0.0000000000000000)
  -1.5707963267948966        0.0000000000000000     
        (0.62562540799657551,2.68093362507167825E-017)
   0.0000000000000000        0.0000000000000000     
              (0.34676384548976541,0.0000000000000000)
   1.5707963267948966        0.0000000000000000     
       (0.62562540799657551,-2.68093362507167825E-017)
   3.1415926535897931        0.0000000000000000     
         (1.7801463449248920,5.36186725014335651E-017)
   1.0000000000000000                1           4
               (0.0000000000000000,0.0000000000000000)
  -1.5707963267948966        0.0000000000000000     
        (0.66182368937924752,7.85154072905021531E-017)
   0.0000000000000000        0.0000000000000000     
              (0.26972993781788207,0.0000000000000000)
   1.5707963267948966        0.0000000000000000     
       (0.66182368937924752,-7.85154072905021531E-017)
   3.1415926535897931        0.0000000000000000     
         (1.8052934646320411,4.60085121184886399E-017)
   1.0000000000000000                1           4
               (0.0000000000000000,0.0000000000000000)
  -1.5707963267948966        0.0000000000000000     
        (0.58901828891956542,3.17047372120021121E-017)
   0.0000000000000000        0.0000000000000000     
              (0.27809022527101818,0.0000000000000000)
   1.5707963267948966        0.0000000000000000     
       (0.58901828891956542,-3.17047372120021121E-017)
   3.1415926535897931        0.0000000000000000     
         (1.9355016566468459,6.34094744240042242E-017)
   1.0000000000000000                1           4
               (0.0000000000000000,0.0000000000000000)
  -1.5707963267948966        0.0000000000000000     
       (0.64083900522694348,-8.56151266672123254E-017)
   0.0000000000000000        0.0000000000000000     
              (0.31189178664591721,0.0000000000000000)
   1.5707963267948966        0.0000000000000000     
        (0.64083900522694348,8.56151266672123254E-017)
   3.1415926535897931        0.0000000000000000     
         (1.7996475622115908,5.08143515906066819E-017)
   1.0000000000000000                1           4
               (0.0000000000000000,0.0000000000000000)
  -1.5707963267948966        0.0000000000000000     
        (0.61990912943462351,2.74863523947181903E-017)
   0.0000000000000000        0.0000000000000000     
              (0.31603114274797112,0.0000000000000000)
   1.5707963267948966        0.0000000000000000     
       (0.61990912943462351,-2.74863523947181903E-017)
   3.1415926535897931        0.0000000000000000     
         (1.8215595159301106,5.49727047894363806E-017)
   1.0000000000000000                1           4
               (0.0000000000000000,0.0000000000000000)
  -1.5707963267948966        0.0000000000000000     
        (0.62309718129186442,8.29420682472460226E-017)
   0.0000000000000000        0.0000000000000000     
              (0.26545622337630259,0.0000000000000000)
   1.5707963267948966        0.0000000000000000     
       (0.62309718129186442,-8.29420682472460226E-017)
   3.1415926535897931        0.0000000000000000     
         (1.8766998821389123,5.48618340319763850E-017)
   1.0000000000000000                1           4
               (0.0000000000000000,0.0000000000000000)
  -1.5707963267948966        0.0000000000000000     
        (0.62948332686840458,2.68779761759896332E-017)
   0.0000000000000000        0.0000000000000000     
              (0.31462891249699559,0.0000000000000000)
   1.5707963267948966        0.0000000000000000     
       (0.62948332686840458,-2.68779761759896332E-017)
   3.1415926535897931        0.0000000000000000     
         (1.8222390657589529,5.37559523519792665E-017)
   1.0000000000000000                1           4
               (0.0000000000000000,0.0000000000000000)
  -1.5707963267948966        0.0000000000000000     
        (0.64361845184351441,2.50918504745599800E-017)
   0.0000000000000000        0.0000000000000000     
              (0.33332840541544184,0.0000000000000000)
   1.5707963267948966        0.0000000000000000     
       (0.64361845184351441,-2.50918504745599800E-017)
   3.1415926535897931        0.0000000000000000     
         (1.7734705301008427,5.01837009491199600E-017)
   1.0000000000000000                1           4
               (0.0000000000000000,0.0000000000000000)
  -1.5707963267948966        0.0000000000000000     
        (0.63694693069915598,8.07386518188730669E-017)
   0.0000000000000000        0.0000000000000000     
              (0.36099069901072189,0.0000000000000000)
   1.5707963267948966        0.0000000000000000     
       (0.63694693069915598,-8.07386518188730669E-017)
   3.1415926535897931        0.0000000000000000     
         (1.7368958631460327,5.04550011752304674E-017)
   1.0000000000000000                1           4
               (0.0000000000000000,0.0000000000000000)
  -1.5707963267948966        0.0000000000000000     
        (0.64091760713992563,2.56729497407689253E-017)
   0.0000000000000000        0.0000000000000000     
              (0.33969620292856628,0.0000000000000000)
   1.5707963267948966        0.0000000000000000     
       (0.64091760713992563,-2.56729497407689253E-017)
   3.1415926535897931        0.0000000000000000     
         (1.7806811855893896,5.13458994815378505E-017)
   1.0000000000000000                1           4
               (0.0000000000000000,0.0000000000000000)
  -1.5707963267948966        0.0000000000000000     
        (0.65838487764737008,7.89627080795508865E-017)
   0.0000000000000000        0.0000000000000000     
              (0.35561608594011107,0.0000000000000000)
   1.5707963267948966        0.0000000000000000     
       (0.65838487764737008,-7.89627080795508865E-017)
   3.1415926535897931        0.0000000000000000     
         (1.7271396455437129,4.69031136965861128E-017)
   1.0000000000000000                1           4
               (0.0000000000000000,0.0000000000000000)
  -1.5707963267948966        0.0000000000000000     
        (0.58010146998749568,3.24748172061933556E-017)
   0.0000000000000000        0.0000000000000000     
              (0.33010937804081164,0.0000000000000000)
   1.5707963267948966        0.0000000000000000     
       (0.58010146998749568,-3.24748172061933556E-017)
   3.1415926535897931        0.0000000000000000     
         (1.8908015874254018,6.49496344123867112E-017)
   1.0000000000000000                1           4
               (0.0000000000000000,0.0000000000000000)
  -1.5707963267948966        0.0000000000000000     
        (0.61316505982151970,2.82049443074235476E-017)
   0.0000000000000000        0.0000000000000000     
              (0.30862288285790207,0.0000000000000000)
   1.5707963267948966        0.0000000000000000     
       (0.61316505982151970,-2.82049443074235476E-017)
   3.1415926535897931        0.0000000000000000     
         (1.8389506296412956,5.64098886148470953E-017)
   1.0000000000000000                1           4
               (0.0000000000000000,0.0000000000000000)
  -1.5707963267948966        0.0000000000000000     
        (0.62875427680423090,8.21538461823672558E-017)
   0.0000000000000000        0.0000000000000000     
              (0.30140055137142596,0.0000000000000000)
   1.5707963267948966        0.0000000000000000     
       (0.62875427680423090,-8.21538461823672558E-017)
   3.1415926535897931        0.0000000000000000     
         (1.8263244587585112,5.32853899022188452E-017)
   1.0000000000000000                1           4
               (0.0000000000000000,0.0000000000000000)
  -1.5707963267948966        0.0000000000000000     
        (0.63424385422209606,8.17808479655152288E-017)
   0.0000000000000000        0.0000000000000000     
              (0.26469273815268635,0.0000000000000000)
   1.5707963267948966        0.0000000000000000     
       (0.63424385422209606,-8.17808479655152288E-017)
   3.1415926535897931        0.0000000000000000     
         (1.8618283804975304,5.25393934685147975E-017)
   1.0000000000000000                1           4
               (0.0000000000000000,0.0000000000000000)
  -1.5707963267948966        0.0000000000000000     
        (0.62368956407775522,2.71662908767775444E-017)
   0.0000000000000000        0.0000000000000000     
              (0.25248737938419252,0.0000000000000000)
   1.5707963267948966        0.0000000000000000     
       (0.62368956407775522,-2.71662908767775444E-017)
   3.1415926535897931        0.0000000000000000     
         (1.8822101460656815,5.43325817535550888E-017)
   1.0000000000000000                1           4
               (0.0000000000000000,0.0000000000000000)
  -1.5707963267948966        0.0000000000000000     
        (0.65206525540462146,2.38614227315212808E-017)
   0.0000000000000000        0.0000000000000000     
              (0.30591409219107057,0.0000000000000000)
   1.5707963267948966        0.0000000000000000     
       (0.65206525540462146,-2.38614227315212808E-017)
   3.1415926535897931        0.0000000000000000     
         (1.7775896304906740,4.77228454630425616E-017)
   1.0000000000000000                1           4
               (0.0000000000000000,0.0000000000000000)
  -1.5707963267948966        0.0000000000000000     
       (0.65017767944838445,-3.14871749909556217E-017)
   0.0000000000000000        0.0000000000000000     
              (0.29631975900903818,0.0000000000000000)
   1.5707963267948966        0.0000000000000000     
        (0.65017767944838445,3.14871749909556217E-017)
   3.1415926535897931        0.0000000000000000     
         (1.7887182122794387,4.80479524806044230E-017)
   1.0000000000000000                1           4
               (0.0000000000000000,0.0000000000000000)
  -1.5707963267948966        0.0000000000000000     
        (0.63546211131698016,2.62243388644212474E-017)
   0.0000000000000000        0.0000000000000000     
              (0.12050063296076363,0.0000000000000000)
   1.5707963267948966        0.0000000000000000     
       (0.63546211131698016,-2.62243388644212474E-017)
   3.1415926535897931        0.0000000000000000     
         (2.0069754994215305,5.24486777288424949E-017)
   1.0000000000000000                1           4
               (0.0000000000000000,0.0000000000000000)
  -1.5707963267948966        0.0000000000000000     
        (0.63573847741649270,2.59293259099793651E-017)
   0.0000000000000000        0.0000000000000000     
              (0.27432016650910335,0.0000000000000000)
   1.5707963267948966        0.0000000000000000     
       (0.63573847741649270,-2.59293259099793651E-017)
   3.1415926535897931        0.0000000000000000     
         (1.8440728437296487,5.18586518199587301E-017)
   1.0000000000000000                1           4
               (0.0000000000000000,0.0000000000000000)
  -1.5707963267948966        0.0000000000000000     
        (0.40014071164883458,1.09898664129814379E-016)
   0.0000000000000000        0.0000000000000000     
              (0.52222203730685690,0.0000000000000000)
   1.5707963267948966        0.0000000000000000     
       (0.40014071164883458,-1.09898664129814379E-016)
   3.1415926535897931        0.0000000000000000     
         (2.0544903679334672,1.08775025797113103E-016)
   1.0000000000000000                1           4
               (0.0000000000000000,0.0000000000000000)
  -1.5707963267948966        0.0000000000000000     
        (0.63313181039272382,2.64736107457948826E-017)
   0.0000000000000000        0.0000000000000000     
              (0.22242813829887051,0.0000000000000000)
   1.5707963267948966        0.0000000000000000     
       (0.63313181039272382,-2.64736107457948826E-017)
   3.1415926535897931        0.0000000000000000     
         (1.9085292297523795,5.29472214915897652E-017)
   1.0000000000000000                1           4
               (0.0000000000000000,0.0000000000000000)
  -1.5707963267948966        0.0000000000000000     
        (0.66295303863883392,7.80294932497408743E-017)
   0.0000000000000000        0.0000000000000000     
              (0.35216004508866294,0.0000000000000000)
   1.5707963267948966        0.0000000000000000     
       (0.66295303863883392,-7.80294932497408743E-017)
   3.1415926535897931        0.0000000000000000     
         (1.7092508988709312,4.50366840369660823E-017)
   1.0000000000000000                1           4
               (0.0000000000000000,0.0000000000000000)
  -1.5707963267948966        0.0000000000000000     
        (0.62423581127596306,2.73050195231046293E-017)
   0.0000000000000000        0.0000000000000000     
              (0.30474585116760422,0.0000000000000000)
   1.5707963267948966        0.0000000000000000     
       (0.62423581127596306,-2.73050195231046293E-017)
   3.1415926535897931        0.0000000000000000     
         (1.8355753901353102,5.46100390462092586E-017)
   1.0000000000000000                1           4
               (0.0000000000000000,0.0000000000000000)
  -1.5707963267948966        0.0000000000000000     
        (0.61169742895262935,2.90146794374796796E-017)
   0.0000000000000000        0.0000000000000000     
              (0.26702848588290551,0.0000000000000000)
   1.5707963267948966        0.0000000000000000     
       (0.61169742895262935,-2.90146794374796796E-017)
   3.1415926535897931        0.0000000000000000     
         (1.9040577213217862,5.80293588749593592E-017)
   1.0000000000000000                1           4
               (0.0000000000000000,0.0000000000000000)
  -1.5707963267948966        0.0000000000000000     
       (0.63312363608687627,-2.92246983729188929E-017)
   0.0000000000000000        0.0000000000000000     
              (0.33987939867384809,0.0000000000000000)
   1.5707963267948966        0.0000000000000000     
        (0.63312363608687627,2.92246983729188929E-017)
   3.1415926535897931        0.0000000000000000     
         (1.7849485802519438,5.25729057166778682E-017)
   1.0000000000000000                1           4
               (0.0000000000000000,0.0000000000000000)
  -1.5707963267948966        0.0000000000000000     
        (0.64417158528221241,2.48940357792149483E-017)
   0.0000000000000000        0.0000000000000000     
              (0.31484206542819626,0.0000000000000000)
   1.5707963267948966        0.0000000000000000     
       (0.64417158528221241,-2.48940357792149483E-017)
   3.1415926535897931        0.0000000000000000     
         (1.7866020186909659,4.97880715584298966E-017)
   1.0000000000000000                1           4
               (0.0000000000000000,0.0000000000000000)
  -1.5707963267948966        0.0000000000000000     
        (0.64351540470008894,2.47788164318460030E-017)
   0.0000000000000000        0.0000000000000000     
              (0.28268267395303548,0.0000000000000000)
   1.5707963267948966        0.0000000000000000     
       (0.64351540470008894,-2.47788164318460030E-017)
   3.1415926535897931        0.0000000000000000     
         (1.8136856995218775,4.95576328636920059E-017)
   1.0000000000000000                1           4
               (0.0000000000000000,0.0000000000000000)
  -1.5707963267948966        0.0000000000000000     
        (0.60958341915879077,2.84896484145197395E-017)
   0.0000000000000000        0.0000000000000000     
              (0.34842297225347202,0.0000000000000000)
   1.5707963267948966        0.0000000000000000     
       (0.60958341915879077,-2.84896484145197395E-017)
   3.1415926535897931        0.0000000000000000     
         (1.8012864007559195,5.69792968290394790E-017)
   1.0000000000000000                1           4
               (0.0000000000000000,0.0000000000000000)
  -1.5707963267948966        0.0000000000000000     
        (0.64586122026170378,2.44202851929889585E-017)
   0.0000000000000000        0.0000000000000000     
              (0.32282462606408563,0.0000000000000000)
   1.5707963267948966        0.0000000000000000     
       (0.64586122026170378,-2.44202851929889585E-017)
   3.1415926535897931        0.0000000000000000     
         (1.7665248595793128,4.88405703859779170E-017)
   1.0000000000000000                1           4
               (0.0000000000000000,0.0000000000000000)
  -1.5707963267948966        0.0000000000000000     
        (0.66307063896986562,2.28549947033150972E-017)
   0.0000000000000000        0.0000000000000000     
              (0.33841597702630710,0.0000000000000000)
   1.5707963267948966        0.0000000000000000     
       (0.66307063896986562,-2.28549947033150972E-017)
   3.1415926535897931        0.0000000000000000     
         (1.7342260787451265,4.57099894066301944E-017)
   1.0000000000000000                1           4
               (0.0000000000000000,0.0000000000000000)
  -1.5707963267948966        0.0000000000000000     
        (0.65542744110228579,2.34397227899774194E-017)
   0.0000000000000000        0.0000000000000000     
              (0.34771384512762510,0.0000000000000000)
   1.5707963267948966        0.0000000000000000     
       (0.65542744110228579,-2.34397227899774194E-017)
   3.1415926535897931        0.0000000000000000     
         (1.7287404835882858,4.68794455799548388E-017)
   1.0000000000000000                1           4
               (0.0000000000000000,0.0000000000000000)
  -1.5707963267948966        0.0000000000000000     
       (0.60869626415772204,-2.64715860835691148E-017)
   0.0000000000000000        0.0000000000000000     
              (0.37148672848872388,0.0000000000000000)
   1.5707963267948966        0.0000000000000000     
        (0.60869626415772204,2.64715860835691148E-017)
   3.1415926535897931        0.0000000000000000     
         (1.7944099781059495,5.80791302953774367E-017)
   1.0000000000000000                1           4
               (0.0000000000000000,0.0000000000000000)
  -1.5707963267948966        0.0000000000000000     
        (0.66613972324896142,2.21325631330620191E-017)
   0.0000000000000000        0.0000000000000000     
              (0.31104404193054508,0.0000000000000000)
   1.5707963267948966        0.0000000000000000     
       (0.66613972324896142,-2.21325631330620191E-017)
   3.1415926535897931        0.0000000000000000     
         (1.7441397766188649,4.42651262661240382E-017)
   1.0000000000000000                1           4
               (0.0000000000000000,0.0000000000000000)
  -1.5707963267948966        0.0000000000000000     
        (0.65092729693648721,7.98253836931877910E-017)
   0.0000000000000000        0.0000000000000000     
              (0.25928315677673852,0.0000000000000000)
   1.5707963267948966        0.0000000000000000     
       (0.65092729693648721,-7.98253836931877910E-017)
   3.1415926535897931        0.0000000000000000     
         (1.8367345371462578,4.86284649238599280E-017)
   1.0000000000000000                1           4
               (0.0000000000000000,0.0000000000000000)
  -1.5707963267948966        0.0000000000000000     
       (0.62055861399252199,-2.78490147643872933E-017)
   0.0000000000000000        0.0000000000000000     
              (0.30481496334015390,0.0000000000000000)
   1.5707963267948966        0.0000000000000000     
        (0.62055861399252199,2.78490147643872933E-017)
   3.1415926535897931        0.0000000000000000     
         (1.8398162079673235,5.53242729337410674E-017)
   1.0000000000000000                1           4
               (0.0000000000000000,0.0000000000000000)
  -1.5707963267948966        0.0000000000000000     
        (0.63551568424154459,2.60031719070233918E-017)
   0.0000000000000000        0.0000000000000000     
              (0.35044718755553789,0.0000000000000000)
   1.5707963267948966        0.0000000000000000     
       (0.63551568424154459,-2.60031719070233918E-017)
   3.1415926535897931        0.0000000000000000     
         (1.7699122296393208,5.20063438140467835E-017)
   1.0000000000000000                1           4
               (0.0000000000000000,0.0000000000000000)
  -1.5707963267948966        0.0000000000000000     
        (0.64699503070569220,2.46834894538421039E-017)
   0.0000000000000000        0.0000000000000000     
              (0.34574970889096396,0.0000000000000000)
   1.5707963267948966        0.0000000000000000     
       (0.64699503070569220,-2.46834894538421039E-017)
   3.1415926535897931        0.0000000000000000     
         (1.7544643012059584,4.93669789076842077E-017)
   1.0000000000000000                1           4
               (0.0000000000000000,0.0000000000000000)
  -1.5707963267948966        0.0000000000000000     
        (0.63947523136326101,2.51399587785603223E-017)
   0.0000000000000000        0.0000000000000000     
              (0.36743353849383420,0.0000000000000000)
   1.5707963267948966        0.0000000000000000     
       (0.63947523136326101,-2.51399587785603223E-017)
   3.1415926535897931        0.0000000000000000     
         (1.7326502925169551,5.02799175571206447E-017)
   1.0000000000000000                1           4
               (0.0000000000000000,0.0000000000000000)
  -1.5707963267948966        0.0000000000000000     
        (0.65043457751450984,2.42796519169974213E-017)
   0.0000000000000000        0.0000000000000000     
              (0.40885700716031953,0.0000000000000000)
   1.5707963267948966        0.0000000000000000     
       (0.65043457751450984,-2.42796519169974213E-017)
   3.1415926535897931        0.0000000000000000     
         (1.6850457616062076,4.85593038339948426E-017)
   1.0000000000000000                1           4
               (0.0000000000000000,0.0000000000000000)
  -1.5707963267948966        0.0000000000000000     
        (0.60437682606321075,2.93623786436817902E-017)
   0.0000000000000000        0.0000000000000000     
              (0.35523424593645858,0.0000000000000000)
   1.5707963267948966        0.0000000000000000     
       (0.60437682606321075,-2.93623786436817902E-017)
   3.1415926535897931        0.0000000000000000     
         (1.8125674734082016,5.87247572873635803E-017)
   1.0000000000000000                1           4
               (0.0000000000000000,0.0000000000000000)
  -1.5707963267948966        0.0000000000000000     
        (0.57321667776099972,8.89249382701101467E-017)
   0.0000000000000000        0.0000000000000000     
              (0.38365211211141470,0.0000000000000000)
   1.5707963267948966        0.0000000000000000     
       (0.57321667776099972,-8.89249382701101467E-017)
   3.1415926535897931        0.0000000000000000     
         (1.8541583510669732,6.68275740777046148E-017)
   1.0000000000000000                1           4
               (0.0000000000000000,0.0000000000000000)
  -1.5707963267948966        0.0000000000000000     
        (0.62349547286604545,2.73852980262581470E-017)
   0.0000000000000000        0.0000000000000000     
              (0.34975566086024479,0.0000000000000000)
   1.5707963267948966        0.0000000000000000     
       (0.62349547286604545,-2.73852980262581470E-017)
   3.1415926535897931        0.0000000000000000     
         (1.7917069985226670,5.47705960525162939E-017)
   1.0000000000000000                1           4
               (0.0000000000000000,0.0000000000000000)
  -1.5707963267948966        0.0000000000000000     
        (0.61013252248104366,2.89893116269564977E-017)
   0.0000000000000000        0.0000000000000000     
              (0.18465958276783417,0.0000000000000000)
   1.5707963267948966        0.0000000000000000     
       (0.61013252248104366,-2.89893116269564977E-017)
   3.1415926535897931        0.0000000000000000     
         (1.9824682359226451,5.79786232539129954E-017)
   1.0000000000000000                1           4
               (0.0000000000000000,0.0000000000000000)
  -1.5707963267948966        0.0000000000000000     
       (0.63640973332275097,-8.49019085465896499E-017)
   0.0000000000000000        0.0000000000000000     
              (0.29981413048132466,0.0000000000000000)
   1.5707963267948966        0.0000000000000000     
        (0.63640973332275097,8.49019085465896499E-017)
   3.1415926535897931        0.0000000000000000     
         (1.8261621462456488,5.22407878318520268E-017)
   1.0000000000000000                1           4
               (0.0000000000000000,0.0000000000000000)
  -1.5707963267948966        0.0000000000000000     
       (0.65226155643371408,-3.15424624216997409E-017)
   0.0000000000000000        0.0000000000000000     
              (0.34296532817411274,0.0000000000000000)
   1.5707963267948966        0.0000000000000000     
        (0.65226155643371408,3.15424624216997409E-017)
   3.1415926535897931        0.0000000000000000     
         (1.7444345725556123,4.79373776191161784E-017)
   1.0000000000000000                1           4
               (0.0000000000000000,0.0000000000000000)
  -1.5707963267948966        0.0000000000000000     
       (0.63079160110610855,-2.88778758765388083E-017)
   0.0000000000000000        0.0000000000000000     
              (0.23053744222384434,0.0000000000000000)
   1.5707963267948966        0.0000000000000000     
        (0.63079160110610855,2.88778758765388083E-017)
   3.1415926535897931        0.0000000000000000     
         (1.9009545491433240,5.32665507094380437E-017)
   1.0000000000000000                1           4
               (0.0000000000000000,0.0000000000000000)
  -1.5707963267948966        0.0000000000000000     
        (0.66019881973215711,2.26777678061291632E-017)
   0.0000000000000000        0.0000000000000000     
              (0.33787676032108854,0.0000000000000000)
   1.5707963267948966        0.0000000000000000     
       (0.66019881973215711,-2.26777678061291632E-017)
   3.1415926535897931        0.0000000000000000     
         (1.7232329872193928,4.53555356122583264E-017)
   1.0000000000000000                1           4
               (0.0000000000000000,0.0000000000000000)
  -1.5707963267948966        0.0000000000000000     
       (0.61996293526596458,-2.84569851608127083E-017)
   0.0000000000000000        0.0000000000000000     
              (0.37452755224076906,0.0000000000000000)
   1.5707963267948966        0.0000000000000000     
        (0.61996293526596458,2.84569851608127083E-017)
   3.1415926535897931        0.0000000000000000     
         (1.7490544414862323,5.41083321408902436E-017)
   1.0000000000000000                1           4
               (0.0000000000000000,0.0000000000000000)
  -1.5707963267948966        0.0000000000000000     
        (0.64112458302466002,2.52898242593784886E-017)
   0.0000000000000000        0.0000000000000000     
              (0.31763756095311779,0.0000000000000000)
   1.5707963267948966        0.0000000000000000     
       (0.64112458302466002,-2.52898242593784886E-017)
   3.1415926535897931        0.0000000000000000     
         (1.7906399514565159,5.05796485187569772E-017)
   1.0000000000000000                1           4
               (0.0000000000000000,0.0000000000000000)
  -1.5707963267948966        0.0000000000000000     
        (0.64628372725149030,2.42455945200303034E-017)
   0.0000000000000000        0.0000000000000000     
              (0.35639346029243257,0.0000000000000000)
   1.5707963267948966        0.0000000000000000     
       (0.64628372725149030,-2.42455945200303034E-017)
   3.1415926535897931        0.0000000000000000     
         (1.7280952089448216,4.84911890400606067E-017)
   1.0000000000000000                1           4
               (0.0000000000000000,0.0000000000000000)
  -1.5707963267948966        0.0000000000000000     
        (0.59631545089520710,3.10974845489264000E-017)
   0.0000000000000000        0.0000000000000000     
              (0.32856462829653138,0.0000000000000000)
   1.5707963267948966        0.0000000000000000     
       (0.59631545089520710,-3.10974845489264000E-017)
   3.1415926535897931        0.0000000000000000     
         (1.8797872003955067,6.21949690978528000E-017)
   1.0000000000000000                1           4
               (0.0000000000000000,0.0000000000000000)
  -1.5707963267948966        0.0000000000000000     
        (0.66599114883326338,2.20826717397083018E-017)
   0.0000000000000000        0.0000000000000000     
              (0.31388353875038566,0.0000000000000000)
   1.5707963267948966        0.0000000000000000     
       (0.66599114883326338,-2.20826717397083018E-017)
   3.1415926535897931        0.0000000000000000     
         (1.7393735543945801,4.41653434794166035E-017)
   1.0000000000000000                1           4
               (0.0000000000000000,0.0000000000000000)
  -1.5707963267948966        0.0000000000000000     
       (0.61719241399294800,-2.75730369338867770E-017)
   0.0000000000000000        0.0000000000000000     
              (0.24870223115462012,0.0000000000000000)
   1.5707963267948966        0.0000000000000000     
        (0.61719241399294800,2.75730369338867770E-017)
   3.1415926535897931        0.0000000000000000     
         (1.8982106601658686,5.58762285947421123E-017)
   1.0000000000000000                1           4
               (0.0000000000000000,0.0000000000000000)
  -1.5707963267948966        0.0000000000000000     
        (0.63290188921188206,8.15938131185730657E-017)
   0.0000000000000000        0.0000000000000000     
              (0.34142182800233356,0.0000000000000000)
   1.5707963267948966        0.0000000000000000     
       (0.63290188921188206,-8.15938131185730657E-017)
   3.1415926535897931        0.0000000000000000     
         (1.7763063389218539,5.21653237746304773E-017)
   1.0000000000000000                1           4
               (0.0000000000000000,0.0000000000000000)
  -1.5707963267948966        0.0000000000000000     
        (0.58793107778926545,3.13374642775961039E-017)
   0.0000000000000000        0.0000000000000000     
              (0.32013800628174083,0.0000000000000000)
   1.5707963267948966        0.0000000000000000     
       (0.58793107778926545,-3.13374642775961039E-017)
   3.1415926535897931        0.0000000000000000     
         (1.8792834089760531,6.26749285551922079E-017)
   1.0000000000000000                1           4
               (0.0000000000000000,0.0000000000000000)
  -1.5707963267948966        0.0000000000000000     
        (0.67849852167063862,2.15091041915493871E-017)
   0.0000000000000000        0.0000000000000000     
              (0.33993280462596520,0.0000000000000000)
   1.5707963267948966        0.0000000000000000     
       (0.67849852167063862,-2.15091041915493871E-017)
   3.1415926535897931        0.0000000000000000     
         (1.7196048963653334,4.30182083830987742E-017)
   1.0000000000000000                1           4
               (0.0000000000000000,0.0000000000000000)
  -1.5707963267948966        0.0000000000000000     
        (0.62666887179597019,2.71487472290353804E-017)
   0.0000000000000000        0.0000000000000000     
              (0.17081937900326413,0.0000000000000000)
   1.5707963267948966        0.0000000000000000     
       (0.62666887179597019,-2.71487472290353804E-017)
   3.1415926535897931        0.0000000000000000     
         (1.9692637428622290,5.42974944580707608E-017)
   1.0000000000000000                1           4
               (0.0000000000000000,0.0000000000000000)
  -1.5707963267948966        0.0000000000000000     
       (0.57858807605638063,-2.27689439436514767E-017)
   0.0000000000000000        0.0000000000000000     
              (0.31160315493173690,0.0000000000000000)
   1.5707963267948966        0.0000000000000000     
        (0.57858807605638063,2.27689439436514767E-017)
   3.1415926535897931        0.0000000000000000     
         (1.9150146455126982,6.54844145752127006E-017)
   1.0000000000000000                1           4
               (0.0000000000000000,0.0000000000000000)
  -1.5707963267948966        0.0000000000000000     
       (0.64250943843637898,-3.02333458136434408E-017)
   0.0000000000000000        0.0000000000000000     
              (0.30424695921783179,0.0000000000000000)
   1.5707963267948966        0.0000000000000000     
        (0.64250943843637898,3.02333458136434408E-017)
   3.1415926535897931        0.0000000000000000     
         (1.8064076988520443,5.05556108352287724E-017)
   1.0000000000000000                1           4
               (0.0000000000000000,0.0000000000000000)
  -1.5707963267948966        0.0000000000000000     
        (0.62603614379102845,2.68436672994661171E-017)
   0.0000000000000000        0.0000000000000000     
              (0.36048590538706238,0.0000000000000000)
   1.5707963267948966        0.0000000000000000     
       (0.62603614379102845,-2.68436672994661171E-017)
   3.1415926535897931        0.0000000000000000     
         (1.7683670937652438,5.36873345989322343E-017)
   1.0000000000000000                1           4
               (0.0000000000000000,0.0000000000000000)
  -1.5707963267948966        0.0000000000000000     
       (0.58079941558360304,-2.37068711880691777E-017)
   0.0000000000000000        0.0000000000000000     
              (0.37150291820108344,0.0000000000000000)
   1.5707963267948966        0.0000000000000000     
        (0.58079941558360304,2.37068711880691777E-017)
   3.1415926535897931        0.0000000000000000     
         (1.8289025326488599,6.36085600863773110E-017)
   1.0000000000000000                1           4
               (0.0000000000000000,0.0000000000000000)
  -1.5707963267948966        0.0000000000000000     
        (0.60768751353635730,1.40328282243625524E-016)
   0.0000000000000000        0.0000000000000000     
              (0.27345964022523322,0.0000000000000000)
   1.5707963267948966        0.0000000000000000     
       (0.60768751353635730,-1.40328282243625524E-016)
   3.1415926535897931        0.0000000000000000     
         (1.8991213274179000,5.86119595622197395E-017)
   1.0000000000000000                1           4
               (0.0000000000000000,0.0000000000000000)
  -1.5707963267948966        0.0000000000000000     
        (0.59114760133704747,1.42512705223910110E-016)
   0.0000000000000000        0.0000000000000000     
              (0.26370981555146955,0.0000000000000000)
   1.5707963267948966        0.0000000000000000     
       (0.59114760133704747,-1.42512705223910110E-016)
   3.1415926535897931        0.0000000000000000     
         (1.9471399967723402,6.29808055227889247E-017)
   1.0000000000000000                1           4
               (0.0000000000000000,0.0000000000000000)
  -1.5707963267948966        0.0000000000000000     
        (0.62620936455462428,2.68225929085170885E-017)
   0.0000000000000000        0.0000000000000000     
              (0.32038072068012746,0.0000000000000000)
   1.5707963267948966        0.0000000000000000     
       (0.62620936455462428,-2.68225929085170885E-017)
   3.1415926535897931        0.0000000000000000     
         (1.8081303781537479,5.36451858170341771E-017)
   1.0000000000000000                1           4
               (0.0000000000000000,0.0000000000000000)
  -1.5707963267948966        0.0000000000000000     
       (0.65455022198395441,-3.16901079592781555E-017)
   0.0000000000000000        0.0000000000000000     
              (0.32838952300560631,0.0000000000000000)
   1.5707963267948966        0.0000000000000000     
        (0.65455022198395441,3.16901079592781555E-017)
   3.1415926535897931        0.0000000000000000     
         (1.7587652395973510,4.76420865439593554E-017)
   1.0000000000000000                1           4
               (0.0000000000000000,0.0000000000000000)
  -1.5707963267948966        0.0000000000000000     
        (0.66533374413308954,2.28403721951717519E-017)
   0.0000000000000000        0.0000000000000000     
              (0.27951712850374438,0.0000000000000000)
   1.5707963267948966        0.0000000000000000     
       (0.66533374413308954,-2.28403721951717519E-017)
   3.1415926535897931        0.0000000000000000     
         (1.7971735302332710,4.56807443903435037E-017)
   1.0000000000000000                1           4
               (0.0000000000000000,0.0000000000000000)
  -1.5707963267948966        0.0000000000000000     
       (0.61361021170335672,-2.70406463347948299E-017)
   0.0000000000000000        0.0000000000000000     
              (0.33949331813896055,0.0000000000000000)
   1.5707963267948966        0.0000000000000000     
        (0.61361021170335672,2.70406463347948299E-017)
   3.1415926535897931        0.0000000000000000     
         (1.8176443652086689,5.69410097929259943E-017)
   1.0000000000000000                1           4
               (0.0000000000000000,0.0000000000000000)
  -1.5707963267948966        0.0000000000000000     
        (0.54140246789927904,3.76615487708697250E-017)
   0.0000000000000000        0.0000000000000000     
              (0.40701141920135991,0.0000000000000000)
   1.5707963267948966        0.0000000000000000     
       (0.54140246789927904,-3.76615487708697250E-017)
   3.1415926535897931        0.0000000000000000     
         (1.9059130513754270,7.53230975417394501E-017)
   1.0000000000000000                1           4
               (0.0000000000000000,0.0000000000000000)
  -1.5707963267948966        0.0000000000000000     
        (0.64618963093761494,7.99748039074956668E-017)
   0.0000000000000000        0.0000000000000000     
              (0.36496277080573220,0.0000000000000000)
   1.5707963267948966        0.0000000000000000     
       (0.64618963093761494,-7.99748039074956668E-017)
   3.1415926535897931        0.0000000000000000     
         (1.7264600256876548,4.89273053524756672E-017)
   1.0000000000000000                1           4
               (0.0000000000000000,0.0000000000000000)
  -1.5707963267948966        0.0000000000000000     
        (0.63950184651418529,2.55944399465921342E-017)
   0.0000000000000000        0.0000000000000000     
              (0.29497815444163195,0.0000000000000000)
   1.5707963267948966        0.0000000000000000     
       (0.63950184651418529,-2.55944399465921342E-017)
   3.1415926535897931        0.0000000000000000     
         (1.8200033883443008,5.11888798931842685E-017)
   1.0000000000000000                1           4
               (0.0000000000000000,0.0000000000000000)
  -1.5707963267948966        0.0000000000000000     
       (0.63187865827273182,-2.92094826237861968E-017)
   0.0000000000000000        0.0000000000000000     
              (0.34107470363832348,0.0000000000000000)
   1.5707963267948966        0.0000000000000000     
        (0.63187865827273182,2.92094826237861968E-017)
   3.1415926535897931        0.0000000000000000     
         (1.7817603037412284,5.26033372149432728E-017)
   1.0000000000000000                1           4
               (0.0000000000000000,0.0000000000000000)
  -1.5707963267948966        0.0000000000000000     
        (0.66993097915643540,2.18683705389124836E-017)
   0.0000000000000000        0.0000000000000000     
              (0.36120455936163554,0.0000000000000000)
   1.5707963267948966        0.0000000000000000     
       (0.66993097915643540,-2.18683705389124836E-017)
   3.1415926535897931        0.0000000000000000     
         (1.6929325860219269,4.37367410778249672E-017)
   1.0000000000000000                1           4
               (0.0000000000000000,0.0000000000000000)
  -1.5707963267948966        0.0000000000000000     
        (0.63562430896274968,2.60231052609849982E-017)
   0.0000000000000000        0.0000000000000000     
              (0.32590346452468721,0.0000000000000000)
   1.5707963267948966        0.0000000000000000     
       (0.63562430896274968,-2.60231052609849982E-017)
   3.1415926535897931        0.0000000000000000     
         (1.7953242748618994,5.20462105219699965E-017)
   1.0000000000000000                1           4
               (0.0000000000000000,0.0000000000000000)
  -1.5707963267948966        0.0000000000000000     
        (0.63607303457894337,8.14462344252351404E-017)
   0.0000000000000000        0.0000000000000000     
              (0.27611007374207963,0.0000000000000000)
   1.5707963267948966        0.0000000000000000     
       (0.63607303457894337,-8.14462344252351404E-017)
   3.1415926535897931        0.0000000000000000     
         (1.8431400979875634,5.18701663879546268E-017)
   1.0000000000000000                1           4
               (0.0000000000000000,0.0000000000000000)
  -1.5707963267948966        0.0000000000000000     
        (0.67177583385783013,2.14896545778466542E-017)
   0.0000000000000000        0.0000000000000000     
              (0.32930121290942616,0.0000000000000000)
   1.5707963267948966        0.0000000000000000     
       (0.67177583385783013,-2.14896545778466542E-017)
   3.1415926535897931        0.0000000000000000     
         (1.7161558398628427,4.29793091556933084E-017)
   1.0000000000000000                1           4
               (0.0000000000000000,0.0000000000000000)
  -1.5707963267948966        0.0000000000000000     
       (0.62535895079148074,-2.87853201331628330E-017)
   0.0000000000000000        0.0000000000000000     
              (0.31302526015663834,0.0000000000000000)
   1.5707963267948966        0.0000000000000000     
        (0.62535895079148074,2.87853201331628330E-017)
   3.1415926535897931        0.0000000000000000     
         (1.8106245305784465,5.34516621961899942E-017)
   1.0000000000000000                1           4
               (0.0000000000000000,0.0000000000000000)
  -1.5707963267948966        0.0000000000000000     
        (0.66978494831939084,2.19279111030271828E-017)
   0.0000000000000000        0.0000000000000000     
              (0.33281899999244946,0.0000000000000000)
   1.5707963267948966        0.0000000000000000     
       (0.66978494831939084,-2.19279111030271828E-017)
   3.1415926535897931        0.0000000000000000     
         (1.7229708261245866,4.38558222060543655E-017)
   1.0000000000000000                1           4
               (0.0000000000000000,0.0000000000000000)
  -1.5707963267948966        0.0000000000000000     
       (0.59453196415947185,-2.46038852502232264E-017)
   0.0000000000000000        0.0000000000000000     
              (0.35885999744576830,0.0000000000000000)
   1.5707963267948966        0.0000000000000000     
        (0.59453196415947185,2.46038852502232264E-017)
   3.1415926535897931        0.0000000000000000     
         (1.8397118478514729,6.18145319620692012E-017)
   1.0000000000000000                1           4
               (0.0000000000000000,0.0000000000000000)
  -1.5707963267948966        0.0000000000000000     
       (0.59589735585759795,-2.50214803858080760E-017)
   0.0000000000000000        0.0000000000000000     
              (0.30401190823301943,0.0000000000000000)
   1.5707963267948966        0.0000000000000000     
        (0.59589735585759795,2.50214803858080760E-017)
   3.1415926535897931        0.0000000000000000     
         (1.8836510282365415,6.09793416908995143E-017)
   1.0000000000000000                1           4
               (0.0000000000000000,0.0000000000000000)
  -1.5707963267948966        0.0000000000000000     
        (0.60604307958185455,2.96502080259479420E-017)
   0.0000000000000000        0.0000000000000000     
              (0.35281718599024309,0.0000000000000000)
   1.5707963267948966        0.0000000000000000     
       (0.60604307958185455,-2.96502080259479420E-017)
   3.1415926535897931        0.0000000000000000     
         (1.8277182614610461,5.93004160518958839E-017)
   1.0000000000000000                1           4
               (0.0000000000000000,0.0000000000000000)
  -1.5707963267948966        0.0000000000000000     
        (0.62677496450425441,2.70004355202351454E-017)
   0.0000000000000000        0.0000000000000000     
              (0.34352147782489290,0.0000000000000000)
   1.5707963267948966        0.0000000000000000     
       (0.62677496450425441,-2.70004355202351454E-017)
   3.1415926535897931        0.0000000000000000     
         (1.7919296014265724,5.40008710404702909E-017)
   1.0000000000000000                1           4
               (0.0000000000000000,0.0000000000000000)
  -1.5707963267948966        0.0000000000000000     
        (0.65710445177306442,7.86948723646645644E-017)
   0.0000000000000000        0.0000000000000000     
              (0.36872030464894945,0.0000000000000000)
   1.5707963267948966        0.0000000000000000     
       (0.65710445177306442,-7.86948723646645644E-017)
   3.1415926535897931        0.0000000000000000     
         (1.7027263967519783,4.63674422668134810E-017)
   1.0000000000000000                1           4
               (0.0000000000000000,0.0000000000000000)
  -1.5707963267948966        0.0000000000000000     
        (0.68406355976184552,1.31450780193756519E-016)
   0.0000000000000000        0.0000000000000000     
              (0.30670445410323433,0.0000000000000000)
   1.5707963267948966        0.0000000000000000     
       (0.68406355976184552,-1.31450780193756519E-016)
   3.1415926535897931        0.0000000000000000     
         (1.7286673843210889,4.08569554624817169E-017)
   1.0000000000000000                1           4
               (0.0000000000000000,0.0000000000000000)
  -1.5707963267948966        0.0000000000000000     
       (0.65450510056879019,-3.17708145212998857E-017)
   0.0000000000000000        0.0000000000000000     
              (0.29598652305136630,0.0000000000000000)
   1.5707963267948966        0.0000000000000000     
        (0.65450510056879019,3.17708145212998857E-017)
   3.1415926535897931        0.0000000000000000     
         (1.7884419203577617,4.74806734199158826E-017)
   1.0000000000000000                1           4
               (0.0000000000000000,0.0000000000000000)
  -1.5707963267948966        0.0000000000000000     
       (0.61112482914753063,-2.67726427158666287E-017)
   0.0000000000000000        0.0000000000000000     
              (0.26379655603753038,0.0000000000000000)
   1.5707963267948966        0.0000000000000000     
        (0.61112482914753063,2.67726427158666287E-017)
   3.1415926535897931        0.0000000000000000     
         (1.8971240246949250,5.74770170307824090E-017)
   1.0000000000000000                1           4
               (0.0000000000000000,0.0000000000000000)
  -1.5707963267948966        0.0000000000000000     
        (0.65789105067508691,2.32099267859192749E-017)
   0.0000000000000000        0.0000000000000000     
              (0.25958193500923066,0.0000000000000000)
   1.5707963267948966        0.0000000000000000     
       (0.65789105067508691,-2.32099267859192749E-017)
   3.1415926535897931        0.0000000000000000     
         (1.8142939057629195,4.64198535718385499E-017)
   1.0000000000000000                1           4
               (0.0000000000000000,0.0000000000000000)
  -1.5707963267948966        0.0000000000000000     
        (0.63672133845788315,8.12414361758727647E-017)
   0.0000000000000000        0.0000000000000000     
              (0.33130947560429552,0.0000000000000000)
   1.5707963267948966        0.0000000000000000     
       (0.63672133845788315,-8.12414361758727647E-017)
   3.1415926535897931        0.0000000000000000     
         (1.7825480854243225,5.14605698892298814E-017)
   1.0000000000000000                1           4
               (0.0000000000000000,0.0000000000000000)
  -1.5707963267948966        0.0000000000000000     
       (0.60576423294141435,-2.60903903884698378E-017)
   0.0000000000000000        0.0000000000000000     
              (0.31679026815187211,0.0000000000000000)
   1.5707963267948966        0.0000000000000000     
        (0.60576423294141435,2.60903903884698378E-017)
   3.1415926535897931        0.0000000000000000     
         (1.8556931722843339,5.88415216855759907E-017)
   1.0000000000000000                1           4
               (0.0000000000000000,0.0000000000000000)
  -1.5707963267948966        0.0000000000000000     
        (0.66788471902020063,2.23614412499594112E-017)
   0.0000000000000000        0.0000000000000000     
              (0.28914057390926040,0.0000000000000000)
   1.5707963267948966        0.0000000000000000     
       (0.66788471902020063,-2.23614412499594112E-017)
   3.1415926535897931        0.0000000000000000     
         (1.7770089628021477,4.47228824999188224E-017)
   1.0000000000000000                1           4
               (0.0000000000000000,0.0000000000000000)
  -1.5707963267948966        0.0000000000000000     
        (0.64784516104619838,8.01327610105303547E-017)
   0.0000000000000000        0.0000000000000000     
              (0.24893738911796653,0.0000000000000000)
   1.5707963267948966        0.0000000000000000     
       (0.64784516104619838,-8.01327610105303547E-017)
   3.1415926535897931        0.0000000000000000     
         (1.8509557381069812,4.92432195585450491E-017)
   1.0000000000000000                1           4
               (0.0000000000000000,0.0000000000000000)
  -1.5707963267948966        0.0000000000000000     
        (0.65482460104965856,2.36460248654277688E-017)
   0.0000000000000000        0.0000000000000000     
              (0.31468172719214166,0.0000000000000000)
   1.5707963267948966        0.0000000000000000     
       (0.65482460104965856,-2.36460248654277688E-017)
   3.1415926535897931        0.0000000000000000     
         (1.7673052585649960,4.72920497308555375E-017)
   1.0000000000000000                1           4
               (0.0000000000000000,0.0000000000000000)
  -1.5707963267948966        0.0000000000000000     
        (0.61948541757180320,2.78499582716122894E-017)
   0.0000000000000000        0.0000000000000000     
              (0.36091828172935730,0.0000000000000000)
   1.5707963267948966        0.0000000000000000     
       (0.61948541757180320,-2.78499582716122894E-017)
   3.1415926535897931        0.0000000000000000     
         (1.7877012224346560,5.56999165432245788E-017)
   1.0000000000000000                1           4
               (0.0000000000000000,0.0000000000000000)
  -1.5707963267948966        0.0000000000000000     
        (0.62542543351124391,2.66858029834995354E-017)
   0.0000000000000000        0.0000000000000000     
              (0.37338939804920029,0.0000000000000000)
   1.5707963267948966        0.0000000000000000     
       (0.62542543351124391,-2.66858029834995354E-017)
   3.1415926535897931        0.0000000000000000     
         (1.7490859406847796,5.33716059669990707E-017)
   1.0000000000000000                1           4
               (0.0000000000000000,0.0000000000000000)
  -1.5707963267948966        0.0000000000000000     
        (0.64260450110323064,2.49420025118471699E-017)
   0.0000000000000000        0.0000000000000000     
              (0.33138322394216024,0.0000000000000000)
   1.5707963267948966        0.0000000000000000     
       (0.64260450110323064,-2.49420025118471699E-017)
   3.1415926535897931        0.0000000000000000     
         (1.7684934042022535,4.98840050236943398E-017)
   1.0000000000000000                1           4
               (0.0000000000000000,0.0000000000000000)
  -1.5707963267948966        0.0000000000000000     
        (0.61305498512802192,2.83898139887095013E-017)
   0.0000000000000000        0.0000000000000000     
              (0.37048749351397281,0.0000000000000000)
   1.5707963267948966        0.0000000000000000     
       (0.61305498512802192,-2.83898139887095013E-017)
   3.1415926535897931        0.0000000000000000     
         (1.7829041716266891,5.67796279774190026E-017)
   1.0000000000000000                1           4
               (0.0000000000000000,0.0000000000000000)
  -1.5707963267948966        0.0000000000000000     
       (0.65268430303015357,-3.13663219113106034E-017)
   0.0000000000000000        0.0000000000000000     
              (0.37928535293505489,0.0000000000000000)
   1.5707963267948966        0.0000000000000000     
        (0.65268430303015357,3.13663219113106034E-017)
   3.1415926535897931        0.0000000000000000     
         (1.7147132266574674,4.82896586398944597E-017)
   1.0000000000000000                1           4
               (0.0000000000000000,0.0000000000000000)
  -1.5707963267948966        0.0000000000000000     
        (0.68183592194842613,2.07557757898496838E-017)
   0.0000000000000000        0.0000000000000000     
              (0.26132179797369881,0.0000000000000000)
   1.5707963267948966        0.0000000000000000     
       (0.68183592194842613,-2.07557757898496838E-017)
   3.1415926535897931        0.0000000000000000     
         (1.7802851306937393,4.15115515796993677E-017)
   1.0000000000000000                1           4
               (0.0000000000000000,0.0000000000000000)
  -1.5707963267948966        0.0000000000000000     
        (0.59747533405880571,3.00434117414214612E-017)
   0.0000000000000000        0.0000000000000000     
              (0.39154295273468409,0.0000000000000000)
   1.5707963267948966        0.0000000000000000     
       (0.59747533405880571,-3.00434117414214612E-017)
   3.1415926535897931        0.0000000000000000     
         (1.7847000116544354,6.00868234828429224E-017)
   1.0000000000000000                1           4
               (0.0000000000000000,0.0000000000000000)
  -1.5707963267948966        0.0000000000000000     
        (0.66600872335768813,2.27961545745378926E-017)
   0.0000000000000000        0.0000000000000000     
              (0.31056751628095192,0.0000000000000000)
   1.5707963267948966        0.0000000000000000     
       (0.66600872335768813,-2.27961545745378926E-017)
   3.1415926535897931        0.0000000000000000     
         (1.7660288438128600,4.55923091490757853E-017)
   1.0000000000000000                1           4
               (0.0000000000000000,0.0000000000000000)
  -1.5707963267948966        0.0000000000000000     
        (0.67183485767317108,7.76259255591525823E-017)
   0.0000000000000000        0.0000000000000000     
              (0.33889761234764282,0.0000000000000000)
   1.5707963267948966        0.0000000000000000     
       (0.67183485767317108,-7.76259255591525823E-017)
   3.1415926535897931        0.0000000000000000     
         (1.7270954485801981,4.42295486557894983E-017)
   1.0000000000000000                1           4
               (0.0000000000000000,0.0000000000000000)
  -1.5707963267948966        0.0000000000000000     
        (0.65176786929450858,2.39184609740885725E-017)
   0.0000000000000000        0.0000000000000000     
              (0.37538091403333174,0.0000000000000000)
   1.5707963267948966        0.0000000000000000     
       (0.65176786929450858,-2.39184609740885725E-017)
   3.1415926535897931        0.0000000000000000     
         (1.7093910468114915,4.78369219481771449E-017)
   1.0000000000000000                1           4
               (0.0000000000000000,0.0000000000000000)
  -1.5707963267948966        0.0000000000000000     
        (0.63965282381836608,2.56900801844125337E-017)
   0.0000000000000000        0.0000000000000000     
              (0.27091494519023773,0.0000000000000000)
   1.5707963267948966        0.0000000000000000     
       (0.63965282381836608,-2.56900801844125337E-017)
   3.1415926535897931        0.0000000000000000     
         (1.8474923994353394,5.13801603688250674E-017)
   1.0000000000000000                1           4
               (0.0000000000000000,0.0000000000000000)
  -1.5707963267948966        0.0000000000000000     
        (0.64290272050490016,1.35948099608639293E-016)
   0.0000000000000000        0.0000000000000000     
              (0.33864454730728877,0.0000000000000000)
   1.5707963267948966        0.0000000000000000     
       (0.64290272050490016,-1.35948099608639293E-016)
   3.1415926535897931        0.0000000000000000     
         (1.7612992122275897,4.98515942922472539E-017)
   1.0000000000000000                1           4
               (0.0000000000000000,0.0000000000000000)
  -1.5707963267948966        0.0000000000000000     
       (0.62005426560765220,-2.79969016407706270E-017)
   0.0000000000000000        0.0000000000000000     
              (0.36118947668871276,0.0000000000000000)
   1.5707963267948966        0.0000000000000000     
        (0.62005426560765220,2.79969016407706270E-017)
   3.1415926535897931        0.0000000000000000     
         (1.7776026458981997,5.50284991809744061E-017)
   1.0000000000000000                1           4
               (0.0000000000000000,0.0000000000000000)
  -1.5707963267948966        0.0000000000000000     
        (0.64696622103225265,2.41624669243509877E-017)
   0.0000000000000000        0.0000000000000000     
              (0.34653745715854833,0.0000000000000000)
   1.5707963267948966        0.0000000000000000     
       (0.64696622103225265,-2.41624669243509877E-017)
   3.1415926535897931        0.0000000000000000     
         (1.7366010463164419,4.83249338487019754E-017)
   1.0000000000000000                1           4
               (0.0000000000000000,0.0000000000000000)
  -1.5707963267948966        0.0000000000000000     
        (0.64291167141374517,2.49473525734966848E-017)
   0.0000000000000000        0.0000000000000000     
              (0.35296908826869688,0.0000000000000000)
   1.5707963267948966        0.0000000000000000     
       (0.64291167141374517,-2.49473525734966848E-017)
   3.1415926535897931        0.0000000000000000     
         (1.7476966267714511,4.98947051469933696E-017)
   1.0000000000000000                1           4
               (0.0000000000000000,0.0000000000000000)
  -1.5707963267948966        0.0000000000000000     
        (0.66034977033989839,2.29477907243172111E-017)
   0.0000000000000000        0.0000000000000000     
              (0.28259099804946580,0.0000000000000000)
   1.5707963267948966        0.0000000000000000     
       (0.66034977033989839,-2.29477907243172111E-017)
   3.1415926535897931        0.0000000000000000     
         (1.7876402685220527,4.58955814486344222E-017)
   1.0000000000000000                1           4
               (0.0000000000000000,0.0000000000000000)
  -1.5707963267948966        0.0000000000000000     
       (0.67309062367786621,-3.40195993909268125E-017)
   0.0000000000000000        0.0000000000000000     
              (0.30408935401909137,0.0000000000000000)
   1.5707963267948966        0.0000000000000000     
        (0.67309062367786621,3.40195993909268125E-017)
   3.1415926535897931        0.0000000000000000     
         (1.7440592476887455,4.29831036806620290E-017)
   1.0000000000000000                1           4
               (0.0000000000000000,0.0000000000000000)
  -1.5707963267948966        0.0000000000000000     
        (0.60755235991841494,2.96265953851821402E-017)
   0.0000000000000000        0.0000000000000000     
              (0.26193830007264995,0.0000000000000000)
   1.5707963267948966        0.0000000000000000     
       (0.60755235991841494,-2.96265953851821402E-017)
   3.1415926535897931        0.0000000000000000     
         (1.9208444606755457,5.92531907703642804E-017)
   1.0000000000000000                1           4
               (0.0000000000000000,0.0000000000000000)
  -1.5707963267948966        0.0000000000000000     
       (0.62606854584459248,-8.39410253791815638E-017)
   0.0000000000000000        0.0000000000000000     
              (0.11461720850779175,0.0000000000000000)
   1.5707963267948966        0.0000000000000000     
        (0.62606854584459248,8.39410253791815638E-017)
   3.1415926535897931        0.0000000000000000     
         (2.0220615192576603,5.41625541666681866E-017)
   1.0000000000000000                1           4
               (0.0000000000000000,0.0000000000000000)
  -1.5707963267948966        0.0000000000000000     
        (0.58039302260810688,3.30228531965430675E-017)
   0.0000000000000000        0.0000000000000000     
              (0.26833728312563987,0.0000000000000000)
   1.5707963267948966        0.0000000000000000     
       (0.58039302260810688,-3.30228531965430675E-017)
   3.1415926535897931        0.0000000000000000     
         (1.9710570014469291,6.60457063930861350E-017)
   1.0000000000000000                1           4
               (0.0000000000000000,0.0000000000000000)
  -1.5707963267948966        0.0000000000000000     
        (0.63068505710871658,2.58166925823711152E-017)
   0.0000000000000000        0.0000000000000000     
              (0.30432314589206155,0.0000000000000000)
   1.5707963267948966        0.0000000000000000     
       (0.63068505710871658,-2.58166925823711152E-017)
   3.1415926535897931        0.0000000000000000     
         (1.8002841400665039,5.16333851647422304E-017)
   1.0000000000000000                1           4
               (0.0000000000000000,0.0000000000000000)
  -1.5707963267948966        0.0000000000000000     
        (0.66973695840095182,2.14460595595912854E-017)
   0.0000000000000000        0.0000000000000000     
              (0.30728783589255027,0.0000000000000000)
   1.5707963267948966        0.0000000000000000     
       (0.66973695840095182,-2.14460595595912854E-017)
   3.1415926535897931        0.0000000000000000     
         (1.7326675446104911,4.28921191191825708E-017)
   1.0000000000000000                1           4
               (0.0000000000000000,0.0000000000000000)
  -1.5707963267948966        0.0000000000000000     
        (0.61210312787339349,2.88051964659912211E-017)
   0.0000000000000000        0.0000000000000000     
              (0.29065992643916494,0.0000000000000000)
   1.5707963267948966        0.0000000000000000     
       (0.61210312787339349,-2.88051964659912211E-017)
   3.1415926535897931        0.0000000000000000     
         (1.8743954455114618,5.76103929319824422E-017)
   1.0000000000000000                1           4
               (0.0000000000000000,0.0000000000000000)
  -1.5707963267948966        0.0000000000000000     
        (0.64145452204092879,2.51020127189805876E-017)
   0.0000000000000000        0.0000000000000000     
              (0.35477379972462375,0.0000000000000000)
   1.5707963267948966        0.0000000000000000     
       (0.64145452204092879,-2.51020127189805876E-017)
   3.1415926535897931        0.0000000000000000     
         (1.7480292002784865,5.02040254379611752E-017)
   1.0000000000000000                1           4
               (0.0000000000000000,0.0000000000000000)
  -1.5707963267948966        0.0000000000000000     
       (0.63375190402504011,-2.95409046965280497E-017)
   0.0000000000000000        0.0000000000000000     
              (0.37226566467646338,0.0000000000000000)
   1.5707963267948966        0.0000000000000000     
        (0.63375190402504011,2.95409046965280497E-017)
   3.1415926535897931        0.0000000000000000     
         (1.7434907678139460,5.19404930694595546E-017)
   1.0000000000000000                1           4
               (0.0000000000000000,0.0000000000000000)
  -1.5707963267948966        0.0000000000000000     
        (0.65070103950428759,2.42523129010496574E-017)
   0.0000000000000000        0.0000000000000000     
              (0.28867038593421740,0.0000000000000000)
   1.5707963267948966        0.0000000000000000     
       (0.65070103950428759,-2.42523129010496574E-017)
   3.1415926535897931        0.0000000000000000     
         (1.8048723467856176,4.85046258020993148E-017)
   1.0000000000000000                1           4
               (0.0000000000000000,0.0000000000000000)
  -1.5707963267948966        0.0000000000000000     
        (0.59858527913522219,2.99344649666688617E-017)
   0.0000000000000000        0.0000000000000000     
              (0.36787610721797986,0.0000000000000000)
   1.5707963267948966        0.0000000000000000     
       (0.59858527913522219,-2.99344649666688617E-017)
   3.1415926535897931        0.0000000000000000     
         (1.8070282756134854,5.98689299333377233E-017)
   1.0000000000000000                1           4
               (0.0000000000000000,0.0000000000000000)
  -1.5707963267948966        0.0000000000000000     
        (0.62210678503180383,8.30349453961002368E-017)
   0.0000000000000000        0.0000000000000000     
              (0.37016405371560990,0.0000000000000000)
   1.5707963267948966        0.0000000000000000     
       (0.62210678503180383,-8.30349453961002368E-017)
   3.1415926535897931        0.0000000000000000     
         (1.7730448571762445,5.50475883296848134E-017)
   1.0000000000000000                1           4
               (0.0000000000000000,0.0000000000000000)
  -1.5707963267948966        0.0000000000000000     
        (0.64720341424685157,8.00027850220092536E-017)
   0.0000000000000000        0.0000000000000000     
              (0.35527145615834077,0.0000000000000000)
   1.5707963267948966        0.0000000000000000     
       (0.64720341424685157,-8.00027850220092536E-017)
   3.1415926535897931        0.0000000000000000     
         (1.7390928395105010,4.89832675815028593E-017)
   1.0000000000000000                1           4
               (0.0000000000000000,0.0000000000000000)
  -1.5707963267948966        0.0000000000000000     
        (0.64282252518036387,8.02389852942046847E-017)
   0.0000000000000000        0.0000000000000000     
              (0.36219725047278473,0.0000000000000000)
   1.5707963267948966        0.0000000000000000     
       (0.64282252518036387,-8.02389852942046847E-017)
   3.1415926535897931        0.0000000000000000     
         (1.7311201534241079,4.94556681258937030E-017)
   1.0000000000000000                1           4
               (0.0000000000000000,0.0000000000000000)
  -1.5707963267948966        0.0000000000000000     
        (0.60567390745403626,8.49263608966668299E-017)
   0.0000000000000000        0.0000000000000000     
              (0.27839901886616136,0.0000000000000000)
   1.5707963267948966        0.0000000000000000     
       (0.60567390745403626,-8.49263608966668299E-017)
   3.1415926535897931        0.0000000000000000     
         (1.8937224553823517,5.88304193308180058E-017)
   1.0000000000000000                1           4
               (0.0000000000000000,0.0000000000000000)
  -1.5707963267948966        0.0000000000000000     
        (0.59890324587553367,8.59113998503331370E-017)
   0.0000000000000000        0.0000000000000000     
              (0.29686080209255938,0.0000000000000000)
   1.5707963267948966        0.0000000000000000     
       (0.59890324587553367,-8.59113998503331370E-017)
   3.1415926535897931        0.0000000000000000     
         (1.8938931628480398,6.08004972381506201E-017)
   1.0000000000000000                1           4
               (0.0000000000000000,0.0000000000000000)
  -1.5707963267948966        0.0000000000000000     
        (0.63429392008067675,2.59497051430504825E-017)
   0.0000000000000000        0.0000000000000000     
              (0.28797395228979694,0.0000000000000000)
   1.5707963267948966        0.0000000000000000     
       (0.63429392008067675,-2.59497051430504825E-017)
   3.1415926535897931        0.0000000000000000     
         (1.8281955795435612,5.18994102861009650E-017)
   1.0000000000000000                1           4
               (0.0000000000000000,0.0000000000000000)
  -1.5707963267948966        0.0000000000000000     
        (0.60883518938134018,8.44686857010883928E-017)
   0.0000000000000000        0.0000000000000000     
              (0.26124425830135334,0.0000000000000000)
   1.5707963267948966        0.0000000000000000     
       (0.60883518938134018,-8.44686857010883928E-017)
   3.1415926535897931        0.0000000000000000     
         (1.9022509734717439,5.79150689396611316E-017)
   1.0000000000000000                1           4
               (0.0000000000000000,0.0000000000000000)
  -1.5707963267948966        0.0000000000000000     
        (0.63897852737664651,2.54326847468744495E-017)
   0.0000000000000000        0.0000000000000000     
              (0.31932165642579480,0.0000000000000000)
   1.5707963267948966        0.0000000000000000     
       (0.63897852737664651,-2.54326847468744495E-017)
   3.1415926535897931        0.0000000000000000     
         (1.7893299223186334,5.08653694937488990E-017)
   1.0000000000000000                1           4
               (0.0000000000000000,0.0000000000000000)
  -1.5707963267948966        0.0000000000000000     
        (0.61831390807529829,8.37411530385114059E-017)
   0.0000000000000000        0.0000000000000000     
              (0.25562386420720162,0.0000000000000000)
   1.5707963267948966        0.0000000000000000     
       (0.61831390807529829,-8.37411530385114059E-017)
   3.1415926535897931        0.0000000000000000     
         (1.9030657848541872,5.64600036145071577E-017)
   1.0000000000000000                1           4
               (0.0000000000000000,0.0000000000000000)
  -1.5707963267948966        0.0000000000000000     
       (0.61964853244093843,-2.80424791508285390E-017)
   0.0000000000000000        0.0000000000000000     
              (0.31766864939229567,0.0000000000000000)
   1.5707963267948966        0.0000000000000000     
        (0.61964853244093843,2.80424791508285390E-017)
   3.1415926535897931        0.0000000000000000     
         (1.8188233324094327,5.49373441608585883E-017)
   1.0000000000000000                1           4
               (0.0000000000000000,0.0000000000000000)
  -1.5707963267948966        0.0000000000000000     
        (0.64477090426494843,2.49885989641333868E-017)
   0.0000000000000000        0.0000000000000000     
              (0.33815971197496941,0.0000000000000000)
   1.5707963267948966        0.0000000000000000     
       (0.64477090426494843,-2.49885989641333868E-017)
   3.1415926535897931        0.0000000000000000     
         (1.7675716781234718,4.99771979282667736E-017)
   1.0000000000000000                1           4
               (0.0000000000000000,0.0000000000000000)
  -1.5707963267948966        0.0000000000000000     
        (0.64109613100228224,2.52169317270308955E-017)
   0.0000000000000000        0.0000000000000000     
              (0.36602404303108371,0.0000000000000000)
   1.5707963267948966        0.0000000000000000     
       (0.64109613100228224,-2.52169317270308955E-017)
   3.1415926535897931        0.0000000000000000     
         (1.7398157145481363,5.04338634540617909E-017)
   1.0000000000000000                1           4
               (0.0000000000000000,0.0000000000000000)
  -1.5707963267948966        0.0000000000000000     
        (0.65710509385227445,2.35629106582509378E-017)
   0.0000000000000000        0.0000000000000000     
              (0.28465902736765925,0.0000000000000000)
   1.5707963267948966        0.0000000000000000     
       (0.65710509385227445,-2.35629106582509378E-017)
   3.1415926535897931        0.0000000000000000     
         (1.7991742279725984,4.71258213165018757E-017)
   1.0000000000000000                1           4
               (0.0000000000000000,0.0000000000000000)
  -1.5707963267948966        0.0000000000000000     
       (0.63263420863208375,-2.95580653077336500E-017)
   0.0000000000000000        0.0000000000000000     
              (0.33609546287860548,0.0000000000000000)
   1.5707963267948966        0.0000000000000000     
        (0.63263420863208375,2.95580653077336500E-017)
   3.1415926535897931        0.0000000000000000     
         (1.7768650707277995,5.19061718470483602E-017)
